label,name,dim,maximize,n_replications,best_opt,algo,time_avg,rMSE,AE50,AE95,AE99,fopt_mean,fopt_sd
table1_Rastrigin_d2_min,Rastrigin,2,False,500,-7.105427357601002e-15,SMCO_EVO,0.02598678636457771,0.12587457462211077,0.0002580370102869267,0.004035857785761358,0.9950234099420474,0.01668643927023443,0.12488869481555759
table1_Rastrigin_d2_min,Rastrigin,2,False,500,-7.105427357601002e-15,SMCO_R_EVO,0.026012841222109274,0.1604835680988773,0.0007390328470950891,0.0025220390916661727,0.9953026061543514,0.026719917183882478,0.15840213653699864
table1_Rastrigin_d2_min,Rastrigin,2,False,500,-7.105427357601002e-15,SMCO_BR_EVO,0.026589120278833433,0.10906625660914025,0.0012324226918511982,0.0029415870286957357,0.9950124013732737,0.013231884369714316,0.10836913543015413
