label,name,dim,maximize,n_replications,best_opt,algo,time_avg,rMSE,AE50,AE95,AE99,fopt_mean,fopt_sd
table1_Griewank_d2_min,Griewank,2,False,500,-0.0019620991123610043,SMCO_EVO,0.030882341704680585,0.015724121588293668,0.010446399121528616,0.030407773363866183,0.04162894543808121,0.012888821102228616,0.009016315177330914
table1_Griewank_d2_min,Griewank,2,False,500,-0.0019620991123610043,SMCO_R_EVO,0.030982843504287302,0.017777842401982078,0.01029978518825947,0.03187949338989653,0.04684181773944269,0.014389018508439481,0.010451408565225074
table1_Griewank_d2_min,Griewank,2,False,500,-0.0019620991123610043,SMCO_BR_EVO,0.0315025634978665,0.030273379894894103,0.023257521470360476,0.05602806394700167,0.0739924453718635,0.02531417148886475,0.01662024842805181
