{
  "config": {
    "repetitions": 20,
    "iter_max": 300,
    "n_starts": 10,
    "base_seed": 20260527,
    "jobs": [
      [
        "SquaredNorm",
        2
      ],
      [
        "NegativeSquaredNorm",
        2
      ],
      [
        "Rastrigin",
        2
      ],
      [
        "Ackley",
        2
      ],
      [
        "Griewank",
        2
      ],
      [
        "Rosenbrock",
        10
      ],
      [
        "DixonPrice",
        10
      ],
      [
        "Zakharov",
        10
      ],
      [
        "Qing",
        10
      ],
      [
        "Michalewicz",
        10
      ],
      [
        "DropWave",
        2
      ],
      [
        "Shubert",
        2
      ],
      [
        "McCormick",
        2
      ],
      [
        "SixHumpCamel",
        2
      ],
      [
        "Eggholder",
        2
      ],
      [
        "Bukin6",
        2
      ],
      [
        "Easom",
        2
      ],
      [
        "Mishra6",
        2
      ]
    ]
  },
  "summary": [
    {
      "function": "Eggholder",
      "dim": 2,
      "sense": "min",
      "known_best_objective": 959.6407,
      "smco_mean": 854.3382365681267,
      "smco_std": 97.50132632145063,
      "smco_best": 959.2433035067977,
      "smco_mean_time": 0.06693427710561081,
      "evo_mean": 903.6501313953756,
      "evo_std": 50.835966383533034,
      "evo_best": 959.2433035067977,
      "evo_mean_time": 0.0677558649535058,
      "mean_diff_evo_minus_smco": 49.31189482724894,
      "median_diff_evo_minus_smco": 0.005512994078628708,
      "evo_win_reps": 10,
      "smco_win_reps": 0,
      "tie_reps": 10,
      "smco_mean_gap": 105.30246343187335,
      "evo_mean_gap": 55.990568604624386,
      "gap_improvement": 49.31189482724896
    },
    {
      "function": "Qing",
      "dim": 10,
      "sense": "min",
      "known_best_objective": -0.0,
      "smco_mean": -79.91476264470806,
      "smco_std": 26.3683295436714,
      "smco_best": -36.06197373170954,
      "smco_mean_time": 0.40805756474728694,
      "evo_mean": -71.71336861975136,
      "evo_std": 22.93615605950391,
      "evo_best": -36.06197373170954,
      "evo_mean_time": 0.41340934599284085,
      "mean_diff_evo_minus_smco": 8.20139402495668,
      "median_diff_evo_minus_smco": 0.0,
      "evo_win_reps": 6,
      "smco_win_reps": 0,
      "tie_reps": 14,
      "smco_mean_gap": 79.91476264470806,
      "evo_mean_gap": 71.71336861975136,
      "gap_improvement": 8.201394024956699
    },
    {
      "function": "Shubert",
      "dim": 2,
      "sense": "min",
      "known_best_objective": 186.7309,
      "smco_mean": 175.65029776499097,
      "smco_std": 27.613873620818463,
      "smco_best": 186.73082929521263,
      "smco_mean_time": 0.22757581855112222,
      "evo_mean": 178.1945044300863,
      "evo_std": 27.192700384901407,
      "evo_best": 186.73090806106052,
      "evo_mean_time": 0.22854207464552018,
      "mean_diff_evo_minus_smco": 2.544206665095352,
      "median_diff_evo_minus_smco": 0.0,
      "evo_win_reps": 5,
      "smco_win_reps": 0,
      "tie_reps": 15,
      "smco_mean_gap": 11.080602235009035,
      "evo_mean_gap": 8.536395569913683,
      "gap_improvement": 2.544206665095352
    },
    {
      "function": "Rosenbrock",
      "dim": 10,
      "sense": "min",
      "known_best_objective": -0.0,
      "smco_mean": -0.7932948861820989,
      "smco_std": 0.1958339752380563,
      "smco_best": -0.2874881190570583,
      "smco_mean_time": 0.546571383200353,
      "evo_mean": -0.7030049150828769,
      "evo_std": 0.19855144758509158,
      "evo_best": -0.2874881190570583,
      "evo_mean_time": 0.5532287509588059,
      "mean_diff_evo_minus_smco": 0.09028997109922193,
      "median_diff_evo_minus_smco": 0.023839476856074737,
      "evo_win_reps": 10,
      "smco_win_reps": 2,
      "tie_reps": 8,
      "smco_mean_gap": 0.7932948861820989,
      "evo_mean_gap": 0.7030049150828769,
      "gap_improvement": 0.09028997109922199
    },
    {
      "function": "Ackley",
      "dim": 2,
      "sense": "min",
      "known_best_objective": -0.0,
      "smco_mean": -0.10897243044335019,
      "smco_std": 0.06581124107766417,
      "smco_best": -0.028523314557251656,
      "smco_mean_time": 0.23916917039314284,
      "evo_mean": -0.0725781991880436,
      "evo_std": 0.05328908794498018,
      "evo_best": -0.008325439375465482,
      "evo_mean_time": 0.23895201009872835,
      "mean_diff_evo_minus_smco": 0.03639423125530659,
      "median_diff_evo_minus_smco": 0.0,
      "evo_win_reps": 9,
      "smco_win_reps": 0,
      "tie_reps": 11,
      "smco_mean_gap": 0.10897243044335019,
      "evo_mean_gap": 0.0725781991880436,
      "gap_improvement": 0.03639423125530658
    },
    {
      "function": "Michalewicz",
      "dim": 10,
      "sense": "min",
      "known_best_objective": null,
      "smco_mean": 8.986431623523437,
      "smco_std": 0.15892321590985964,
      "smco_best": 9.254256812174976,
      "smco_mean_time": 0.7140589420538163,
      "evo_mean": 9.022455539230739,
      "evo_std": 0.14483989199108513,
      "evo_best": 9.254256812174976,
      "evo_mean_time": 0.7115876424417366,
      "mean_diff_evo_minus_smco": 0.03602391570730239,
      "median_diff_evo_minus_smco": 0.0,
      "evo_win_reps": 4,
      "smco_win_reps": 0,
      "tie_reps": 16,
      "smco_mean_gap": null,
      "evo_mean_gap": null,
      "gap_improvement": null
    },
    {
      "function": "DropWave",
      "dim": 2,
      "sense": "min",
      "known_best_objective": 1.0,
      "smco_mean": 0.9517772038633503,
      "smco_std": 0.023350171249133522,
      "smco_best": 0.9992056188201861,
      "smco_mean_time": 0.06147716359992046,
      "evo_mean": 0.9705354432111013,
      "evo_std": 0.029662304411789412,
      "evo_best": 0.9999209913449996,
      "evo_mean_time": 0.06331160709669348,
      "mean_diff_evo_minus_smco": 0.018758239347751133,
      "median_diff_evo_minus_smco": 8.587858757458378e-09,
      "evo_win_reps": 10,
      "smco_win_reps": 1,
      "tie_reps": 9,
      "smco_mean_gap": 0.04822279613664967,
      "evo_mean_gap": 0.02946455678889854,
      "gap_improvement": 0.01875823934775113
    },
    {
      "function": "Rastrigin",
      "dim": 2,
      "sense": "min",
      "known_best_objective": -0.0,
      "smco_mean": -0.012906644846016313,
      "smco_std": 0.011699276032622143,
      "smco_best": -0.000736813465643138,
      "smco_mean_time": 0.1352426712081069,
      "evo_mean": -0.00601624700105301,
      "evo_std": 0.006781540025953614,
      "evo_best": -0.0006435462124798619,
      "evo_mean_time": 0.134263134750654,
      "mean_diff_evo_minus_smco": 0.006890397844963303,
      "median_diff_evo_minus_smco": 0.0,
      "evo_win_reps": 9,
      "smco_win_reps": 0,
      "tie_reps": 11,
      "smco_mean_gap": 0.012906644846016313,
      "evo_mean_gap": 0.00601624700105301,
      "gap_improvement": 0.006890397844963303
    },
    {
      "function": "Mishra6",
      "dim": 2,
      "sense": "min",
      "known_best_objective": null,
      "smco_mean": 3.948108264844889,
      "smco_std": 0.026857679361226974,
      "smco_best": 3.962706189852248,
      "smco_mean_time": 0.09380062739655841,
      "evo_mean": 3.9537931112415508,
      "evo_std": 0.025851058478658928,
      "evo_best": 3.9627075158563465,
      "evo_mean_time": 0.09864913534838707,
      "mean_diff_evo_minus_smco": 0.005684846396661158,
      "median_diff_evo_minus_smco": 6.630020492615074e-07,
      "evo_win_reps": 10,
      "smco_win_reps": 0,
      "tie_reps": 10,
      "smco_mean_gap": null,
      "evo_mean_gap": null,
      "gap_improvement": null
    },
    {
      "function": "DixonPrice",
      "dim": 10,
      "sense": "min",
      "known_best_objective": -0.0,
      "smco_mean": -0.6747377006648205,
      "smco_std": 0.0018982779215769143,
      "smco_best": -0.6696318231662244,
      "smco_mean_time": 0.5453524262557039,
      "evo_mean": -0.6733288913698496,
      "evo_std": 0.0021477170080863015,