label,name,dim,maximize,n_replications,best_opt,algo,time_avg,rMSE,AE50,AE95,AE99,fopt_mean,fopt_sd
table1_Griewank_d2_max,Griewank,2,True,500,-0.0019620991123610043,SMCO,0.027159212328260764,0.016864050052111654,0.011720743121626742,0.028950169888942206,0.03386516591442275,-0.01655008335243225,0.00846937782206851
table1_Griewank_d2_max,Griewank,2,True,500,-0.0019620991123610043,SMCO_R,0.02741556111397222,0.023178106395242756,0.023607149043692155,0.04495016293218297,0.04901954763494128,-0.02200613862759128,0.011650431799005859
table1_Griewank_d2_max,Griewank,2,True,500,-0.0019620991123610043,SMCO_BR,0.054070897978963334,0.023178106395242756,0.023607149043692155,0.04495016293218297,0.04901954763494128,-0.02200613862759128,0.011650431799005859
table1_Griewank_d2_max,Griewank,2,True,500,-0.0019620991123610043,GD,0.0012544668015325442,71.16178023716189,60.9130265700539,123.9927851693309,154.29171115209894,-60.81775870704141,36.98883882823104
table1_Griewank_d2_max,Griewank,2,True,500,-0.0019620991123610043,SignGD,0.0029056478642160073,71.13444098706675,60.86648297594922,123.95500302701855,154.27090527631043,-60.78585824216272,36.988687327259115
table1_Griewank_d2_max,Griewank,2,True,500,-0.0019620991123610043,ADAM,0.02654395303851925,71.19388429938995,60.93701755716195,124.0058883834074,154.29378752035623,-60.8537030798405,36.99150611015847
table1_Griewank_d2_max,Griewank,2,True,500,-0.0019620991123610043,SPSA,0.023036641527316534,71.19697368968404,60.94258417404018,124.00844127198246,154.29605945538063,-60.85737866101618,36.99140529607223
table1_Griewank_d2_max,Griewank,2,True,500,-0.0019620991123610043,optimLBFGS,0.0021274642527569086,66.21001509467352,53.30610291298885,121.62377882387737,152.93770601869318,-55.29288936006871,36.46008965617062
table1_Griewank_d2_max,Griewank,2,True,500,-0.0019620991123610043,BOBYQA,0.040717972554499285,69.9495974103205,59.39749339633917,122.55846008624628,154.15637396276,-59.40095768478778,36.97891807561321
