dim_range,n_methods,n_configs,friedman_stat,friedman_p,significant
all,18,136,809.89,3.56394940885076e-161,1
low,18,60,517.79,3.371969932840355e-99,1
mid,11,40,240.87,4.5026560761791166e-46,1
high,11,36,228.0,2.2553215890296874e-43,1
