strategy,algo,func,dim,rep,fopt,time,iterations,seed
rand1bin,SPSA,Rastrigin,200,0,-2563.0075099405494,0.45657041668891907,6251,647279673
rand1bin,PSO,Rastrigin,200,0,-2110.484125690013,0.45523659512400627,300,647279673
rand1bin,PSO,Rastrigin,200,1,-2349.5930878052186,0.4637446254491806,300,1677437249
rand1bin,SPSA,Rastrigin,200,1,-2591.8397724017545,0.5759603045880795,6844,1677437249
rand1bin,GA,Rastrigin,200,1,-1795.439758803569,1.2125989571213722,300,1677437249
rand1bin,optimNM,Rastrigin,200,0,-3344.639468472361,1.246518949046731,4500,647279673
rand1bin,GA,Rastrigin,200,0,-1874.2642690282407,1.2529279626905918,300,647279673
rand1bin,optimNM,Rastrigin,200,1,-3387.6401658173017,1.570539951324463,4500,1677437249
rand1bin,SPSA,Rastrigin,200,2,-2712.8576147054678,0.4759110249578953,5624,869192137
rand1bin,optimLBFGS,Rastrigin,200,1,-1221.803231940503,2.765079854056239,229,1677437249
rand1bin,optimLBFGS,Rastrigin,200,0,-1326.273085183746,2.978651637211442,237,647279673
rand1bin,optimNM,Rastrigin,200,2,-3378.649502729375,1.3084138799458742,4500,869192137
rand1bin,optimLBFGS,Rastrigin,200,2,-1187.974308182025,3.57736280746758,242,869192137
rand1bin,SignGD,Rastrigin,200,2,-1606.475106459799,11.376646833494306,2513,869192137
rand1bin,SignGD,Rastrigin,200,0,-1719.324189731857,14.666561277583241,2513,647279673
rand1bin,GA,Rastrigin,200,2,-1904.188785252789,1.213608892634511,300,869192137
rand1bin,PSO,Rastrigin,200,2,-2007.4440615203064,0.4505402483046055,300,869192137
rand1bin,SignGD,Rastrigin,200,1,-1632.2675956738728,16.889044631272554,2513,1677437249
rand1bin,GD,Rastrigin,200,1,-2534.1449996814035,21.987936506047845,4599,1677437249
rand1bin,GD,Rastrigin,200,2,-2561.013591122185,21.12615025602281,4621,869192137
rand1bin,GenSA,Rastrigin,200,0,-1.9899181141920508,25.6824517454952,300,647279673
rand1bin,GenSA,Rastrigin,200,1,-1.9899181141925055,26.155963383615017,300,1677437249
rand1bin,GD,Rastrigin,200,0,-2372.9633198907622,28.95895780995488,5005,647279673
rand1bin,GenSA,Rastrigin,200,2,-4.974795285472737,25.289990421384573,300,869192137
rand1bin,SMCO_BR,Rastrigin,200,0,-389.46320714540707,35.74837376922369,90,647279673
rand1bin,SMCO,Rastrigin,200,1,-399.988901507136,36.46566173993051,315,1677437249
rand1bin,SPSA,Rastrigin,200,3,-2682.5091046532357,0.28805615566670895,5568,949772676
rand1bin,SMCO_EVO,Rastrigin,200,2,-380.7037906772348,37.70477249100804,315,869192137
rand1bin,optimLBFGS,Rastrigin,200,3,-1215.833495961103,2.2452763225883245,238,949772676
rand1bin,SMCO_R_EVO,Rastrigin,200,1,-397.35519498102303,39.344062773510814,315,1677437249
rand1bin,optimNM,Rastrigin,200,3,-3436.4706295261576,1.1288450714200735,4500,949772676
rand1bin,ADAM,Rastrigin,200,0,-1649.631883032912,40.21820035390556,7697,647279673
rand1bin,SMCO_BR,Rastrigin,200,1,-403.5942404105658,41.25277344696224,90,1677437249
rand1bin,SMCO,Rastrigin,200,0,-393.6966298909674,41.346519716084,315,647279673
rand1bin,PSO,Rastrigin,200,3,-2167.0629650015,0.3904894534498453,300,949772676
rand1bin,GA,Rastrigin,200,3,-1819.9133767362323,0.7972339186817408,300,949772676
rand1bin,ADAM,Rastrigin,200,1,-1564.066438474212,42.60116279870272,7695,1677437249
rand1bin,SMCO_BR_EVO,Rastrigin,200,2,-378.09369601043295,42.20504733920097,165,869192137
rand1bin,SMCO_R,Rastrigin,200,0,-388.30744654430464,43.8198167681694,165,647279673
rand1bin,SMCO_R,Rastrigin,200,1,-392.53064444704205,43.88698260858655,165,1677437249
rand1bin,SignGD,Rastrigin,200,3,-1500.2453555101538,14.533576503396034,2513,949772676
rand1bin,SMCO_BR_EVO,Rastrigin,200,0,-382.2101375945531,45.00576640293002,165,647279673
rand1bin,SMCO_R_EVO,Rastrigin,200,2,-377.4754184968142,44.75496555119753,315,869192137
rand1bin,SMCO_EVO,Rastrigin,200,1,-402.84242897016975,45.91901239939034,315,1677437249
rand1bin,SPSA,Rastrigin,200,4,-2745.919799664285,0.48613209649920464,5674,1673381394
rand1bin,SMCO_EVO,Rastrigin,200,0,-388.70313259290106,46.541077736765146,315,647279673
rand1bin,SMCO_BR_EVO,Rastrigin,200,1,-403.5250624484836,46.768869223073125,165,1677437249
rand1bin,SMCO,Rastrigin,200,2,-375.86135765283757,47.402652595192194,315,869192137
rand1bin,SMCO_R,Rastrigin,200,2,-379.42737172215834,47.67552301287651,165,869192137
rand1bin,ADAM,Rastrigin,200,2,-1558.097279288144,47.04847208969295,7705,869192137
rand1bin,optimNM,Rastrigin,200,4,-3389.97931441364,1.5526757184416056,4500,1673381394
rand1bin,GA,Rastrigin,200,4,-1818.6953111319192,1.4238899257034063,300,1673381394
rand1bin,optimLBFGS,Rastrigin,200,4,-1274.5356568262596,3.4819071907550097,242,1673381394
rand1bin,PSO,Rastrigin,200,4,-2076.6630809124636,0.5487629733979702,300,1673381394
rand1bin,SMCO_R_EVO,Rastrigin,200,0,-393.3253995633561,50.31839904002845,315,647279673
rand1bin,SMCO_BR,Rastrigin,200,2,-377.0170782776488,50.21210243739188,90,869192137
rand1bin,SMCO,Rastrigin,200,3,-328.0862865429092,39.24794267863035,315,949772676
rand1bin,GD,Rastrigin,200,3,-2524.5537556683503,28.03418927639723,4960,949772676
rand1bin,SA,Rastrigin,200,0,-120.38998545447475,59.65441344678402,300,647279673
rand1bin,SMCO_R,Rastrigin,200,3,-314.67042647080666,42.832817723974586,165,949772676
rand1bin,SMCO_EVO,Rastrigin,200,3,-326.1583047685431,38.473250322043896,315,949772676
rand1bin,SignGD,Rastrigin,200,4,-1599.6580550125868,17.27386418916285,3012,1673381394
rand1bin,SPSA,Rastrigin,200,5,-2809.5659068120917,0.3097430281341076,6249,625018708
rand1bin,GenSA,Rastrigin,200,3,-2.984877171327298,24.8864332921803,300,949772676
rand1bin,SMCO_BR,Rastrigin,200,3,-331.0266973244852,42.88993145339191,90,949772676
rand1bin,optimLBFGS,Rastrigin,200,5,-1310.353774623159,3.0657351724803448,228,625018708
rand1bin,optimNM,Rastrigin,200,5,-3448.4036594284735,1.502794148400426,4500,625018708
rand1bin,SMCO_BR_EVO,Rastrigin,200,3,-323.1268639017512,42.04108082130551,165,949772676
rand1bin,SMCO_R_EVO,Rastrigin,200,3,-320.64687285053014,43.10711275227368,315,949772676
rand1bin,GA,Rastrigin,200,5,-1819.9734562307951,0.7318154722452164,300,625018708
rand1bin,PSO,Rastrigin,200,5,-2213.7234750640087,0.307814110070467,300,625018708
rand1bin,SignGD,Rastrigin,200,5,-1681.0210294097217,14.580904021859169,2513,625018708
rand1bin,BOBYQA,Rastrigin,200,0,-2232.4285736780703,74.48714171163738,4500,647279673
rand1bin,GenSA,Rastrigin,200,4,-0.994959057095457,28.501584170386195,300,1673381394
rand1bin,SA,Rastrigin,200,1,-102.48073250244079,76.01788100227714,300,1677437249
rand1bin,BOBYQA,Rastrigin,200,2,-2137.2995457672214,73.28921763040125,4500,869192137
rand1bin,SA,Rastrigin,200,2,-112.4303079145468,71.91928850486875,300,869192137
rand1bin,ADAM,Rastrigin,200,3,-1493.4250750759122,42.276739532127976,7701,949772676
rand1bin,GD,Rastrigin,200,4,-2673.436502479336,36.4871230032295,5784,1673381394
rand1bin,SMCO_R,Rastrigin,200,4,-397.4183549805639,38.95110781304538,165,1673381394
rand1bin,SPSA,Rastrigin,200,6,-2917.2703222462014,0.2565239481627941,5133,1016789110
rand1bin,GD,Rastrigin,200,5,-2468.4725336107417,23.32452837564051,4579,625018708
rand1bin,SMCO,Rastrigin,200,4,-402.54767752173984,41.6997185703367,315,1673381394
rand1bin,SMCO_BR_EVO,Rastrigin,200,4,-400.37332739441354,39.816112767905,165,1673381394
rand1bin,BOBYQA,Rastrigin,200,1,-2264.6838219561996,83.68159075267613,4500,1677437249
rand1bin,optimLBFGS,Rastrigin,200,6,-1270.5557578757516,3.0654601231217384,249,1016789110
rand1bin,SMCO_BR,Rastrigin,200,4,-393.21791392863315,42.05317136645317,90,1673381394
rand1bin,optimNM,Rastrigin,200,6,-3368.3920841031077,1.5720449723303318,4500,1016789110
rand1bin,GA,Rastrigin,200,6,-1765.7789535595248,0.7278379667550325,300,1016789110
rand1bin,PSO,Rastrigin,200,6,-2146.4154131020605,0.45608451403677464,300,1016789110
rand1bin,SMCO,Rastrigin,200,5,-432.6391043122228,38.53756176121533,315,625018708
rand1bin,GenSA,Rastrigin,200,5,-1.9899181141895497,24.48919040709734,300,625018708
rand1bin,SignGD,Rastrigin,200,6,-1596.377367201321,12.243368107825518,2513,1016789110
rand1bin,ADAM,Rastrigin,200,4,-1591.9256955248295,45.821312291547656,7705,1673381394
rand1bin,SMCO_R_EVO,Rastrigin,200,4,-408.36645047452794,48.78481460735202,315,1673381394
rand1bin,SMCO_EVO,Rastrigin,200,4,-402.0884895614249,50.58971134573221,315,1673381394
rand1bin,SMCO_R_EVO,Rastrigin,200,5,-434.3385410465885,38.9970639180392,315,625018708
rand1bin,SMCO_R,Rastrigin,200,5,-425.1865070004933,45.49387753941119,165,625018708
rand1bin,SPSA,Rastrigin,200,7,-2734.554307158711,0.62700523622334,6237,101710889
rand1bin,SMCO_BR,Rastrigin,200,5,-428.9591065531622,47.44627217948437,90,625018708
rand1bin,SMCO_EVO,Rastrigin,200,5,-434.7172747755626,47.50863970629871,315,625018708
rand1bin,ADAM,Rastrigin,200,5,-1620.7781104985238,37.98952496983111,7711,625018708
rand1bin,optimNM,Rastrigin,200,7,-3368.6930157394695,1.5642340499907732,4500,101710889
rand1bin,optimLBFGS,Rastrigin,200,7,-1131.2623925792905,3.8653407022356987,224,101710889
rand1bin,GD,Rastrigin,200,6,-2558.024898084078,27.55594794638455,4986,1016789110
rand1bin,SMCO_BR_EVO,Rastrigin,200,5,-434.1198681280248,48.51121699810028,165,625018708
rand1bin,BOBYQA,Rastrigin,200,3,-2174.0020417699184,67.52283667773008,4500,949772676
rand1bin,PSO,Rastrigin,200,7,-1993.4738304860903,0.4467353392392397,300,101710889
rand1bin,GA,Rastrigin,200,7,-1844.0682633229274,0.9334621578454971,300,101710889
rand1bin,GenSA,Rastrigin,200,6,-1.9899181141920508,23.315232671797276,300,1016789110
rand1bin,SA,Rastrigin,200,3,-120.3899955310792,69.74345018155873,300,949772676
rand1bin,SignGD,Rastrigin,200,7,-1442.6376714091216,18.184249963611364,3012,101710889
rand1bin,SMCO_BR,Rastrigin,200,6,-452.1560870151668,40.78247646801174,90,1016789110
rand1bin,GD,Rastrigin,200,7,-2445.5952997086197,22.791617043316364,3797,101710889
rand1bin,SMCO_BR_EVO,Rastrigin,200,6,-466.00199225482015,41.61062722094357,165,1016789110
rand1bin,SMCO,Rastrigin,200,6,-456.7137444342975,48.94645628333092,315,1016789110
rand1bin,SA,Rastrigin,200,4,-139.29417726982228,71.43325790017843,300,1673381394
rand1bin,SPSA,Rastrigin,200,8,-2772.165723647416,0.38277725502848625,4336,483844954
rand1bin,SMCO_R,Rastrigin,200,6,-452.17377584972246,45.68397333100438,165,1016789110
rand1bin,ADAM,Rastrigin,200,6,-1589.9343439154445,39.4901879876852,7699,1016789110
rand1bin,SMCO_EVO,Rastrigin,200,6,-457.69993650508104,44.2962905280292,315,1016789110
rand1bin,optimNM,Rastrigin,200,8,-3338.6656372610487,1.5743426140397787,4500,483844954
rand1bin,optimLBFGS,Rastrigin,200,8,-1263.590438443009,2.6674288157373667,233,483844954
rand1bin,GenSA,Rastrigin,200,7,-0.9949590571050067,24.067518951371312,300,101710889
rand1bin,GA,Rastrigin,200,8,-1795.9896711875003,1.2463762015104294,300,483844954
rand1bin,PSO,Rastrigin,200,8,-2015.115095854454,0.26190464943647385,300,483844954
rand1bin,SA,Rastrigin,200,5,-138.29922324796644,58.84808553010225,300,625018708
rand1bin,SignGD,Rastrigin,200,8,-1551.493760477616,12.290228655561805,2513,483844954
rand1bin,SMCO_R_EVO,Rastrigin,200,7,-316.6776637322637,39.52797170728445,315,101710889
rand1bin,BOBYQA,Rastrigin,200,4,-2293.924931247071,83.5135452952236,4500,1673381394
rand1bin,SMCO_R_EVO,Rastrigin,200,6,-457.1794221355069,54.339890133589506,315,1016789110
rand1bin,SMCO,Rastrigin,200,7,-326.08071999882713,45.13334450311959,315,101710889
rand1bin,SMCO_BR,Rastrigin,200,7,-316.5225891541568,42.27479135431349,90,101710889
rand1bin,BOBYQA,Rastrigin,200,5,-2242.394388727763,67.68931163102388,4500,625018708
rand1bin,SPSA,Rastrigin,200,9,-2740.24272063071,0.3832408357411623,6736,1821966834
rand1bin,SMCO_R,Rastrigin,200,7,-320.63858053008653,47.164321616292,165,101710889
rand1bin,ADAM,Rastrigin,200,7,-1434.7223678772334,40.10400362871587,7693,101710889
rand1bin,SMCO_EVO,Rastrigin,200,7,-325.2380635012273,45.47142622992396,315,101710889
rand1bin,optimLBFGS,Rastrigin,200,9,-1280.5047048085294,3.4388587288558483,245,1821966834
rand1bin,optimNM,Rastrigin,200,9,-3367.8810975141805,1.5806863810867071,4500,1821966834
rand1bin,SMCO_BR_EVO,Rastrigin,200,7,-306.3710050633599,48.685917515307665,165,101710889
rand1bin,SMCO,Rastrigin,200,8,-381.2130802493921,34.32159102335572,315,483844954
rand1bin,PSO,Rastrigin,200,9,-2304.113211002046,0.3389040641486645,300,1821966834
rand1bin,GA,Rastrigin,200,9,-1760.5990678391536,1.2181583642959595,300,1821966834
rand1bin,SignGD,Rastrigin,200,9,-1548.9978407997187,11.010447127744555,2513,1821966834
rand1bin,GD,Rastrigin,200,8,-2559.083970990626,26.48890682682395,4573,483844954
rand1bin,GenSA,Rastrigin,200,8,-1.9899181141900044,26.16481233946979,300,483844954
rand1bin,SMCO_BR,Rastrigin,200,8,-374.5048464736806,43.60177016444504,90,483844954
rand1bin,GD,Rastrigin,200,9,-2491.3662558155856,21.51890462078154,3456,1821966834
rand1bin,BOBYQA,Rastrigin,200,6,-2239.9001625528895,69.41340740025043,4500,1016789110
rand1bin,ADAM,Rastrigin,200,8,-1544.1672251788393,35.86132047697902,7689,483844954
rand1bin,SMCO_R,Rastrigin,200,8,-376.5143351074207,48.55504100583494,165,483844954
rand1bin,SMCO_EVO,Rastrigin,200,8,-377.8991825626565,47.50106414221227,315,483844954
rand1bin,SPSA,Ackley,200,0,-21.04193224539705,0.31582168117165565,2767,336993081
rand1bin,SMCO_R_EVO,Rastrigin,200,8,-374.3894314507238,45.465675227344036,315,483844954
rand1bin,optimLBFGS,Ackley,200,0,-19.465962390507123,2.009476015344262,194,336993081
rand1bin,optimNM,Ackley,200,0,-21.076409224950307,2.1195941660553217,4500,336993081
rand1bin,SA,Rastrigin,200,6,-120.39000056799273,74.37714042887092,300,1016789110
rand1bin,SMCO_BR_EVO,Rastrigin,200,8,-380.9948296153109,47.57658219151199,165,483844954
rand1bin,GenSA,Rastrigin,200,9,-0.9949590571072804,24.108047107234597,300,1821966834
rand1bin,PSO,Ackley,200,0,-20.45483686042464,0.7541603613644838,300,336993081
rand1bin,GA,Ackley,200,0,-11.254469279125162,1.5532765500247478,300,336993081
rand1bin,SMCO_BR,Rastrigin,200,9,-361.9137564551154,40.38029733672738,90,1821966834
rand1bin,SMCO_R,Rastrigin,200,9,-359.5020308465246,44.29481905326247,165,1821966834
rand1bin,SMCO_EVO,Rastrigin,200,9,-356.9035991343226,39.85640766099095,315,1821966834
rand1bin,SA,Rastrigin,200,7,-149.2437376109092,72.31073394604027,300,101710889
rand1bin,ADAM,Rastrigin,200,9,-1541.1823337678093,42.34556189738214,7691,1821966834
rand1bin,SignGD,Ackley,200,0,-19.47766606616987,21.176754850894213,2513,336993081
rand1bin,SMCO,Rastrigin,200,9,-355.93067046216015,51.199018793180585,315,1821966834
rand1bin,SMCO_R_EVO,Rastrigin,200,9,-356.5129348050002,44.70383791998029,315,1821966834
rand1bin,SPSA,Ackley,200,1,-21.132916757799276,0.25994034111499786,1979,504935661
rand1bin,optimLBFGS,Ackley,200,1,-19.46407092835813,2.6846774239093065,204,504935661
rand1bin,BOBYQA,Rastrigin,200,7,-2068.8124692450456,81.24753196164966,4500,101710889
rand1bin,optimNM,Ackley,200,1,-21.101336892908048,2.1653815526515245,4500,504935661
rand1bin,DEoptim,Rastrigin,200,0,-2073.368894291504,182.51796101406217,300,647279673
rand1bin,SMCO_BR_EVO,Rastrigin,200,9,-361.7614614035697,52.49793630838394,165,1821966834
rand1bin,GenSA,Ackley,200,0,-1.9977083542954688e-08,31.63928192295134,300,336993081
rand1bin,GA,Ackley,200,1,-11.043156167681879,1.6331727672368288,300,504935661
rand1bin,DEoptim,Rastrigin,200,1,-2146.991978901859,190.4156809169799,300,1677437249
rand1bin,SignGD,Ackley,200,1,-19.542407642497434,16.890899125486612,2014,504935661
rand1bin,PSO,Ackley,200,1,-20.359028987307045,0.7275324277579784,300,504935661
rand1bin,SA,Rastrigin,200,8,-100.49081942606358,70.89874709025025,300,483844954
rand1bin,BOBYQA,Rastrigin,200,9,-2251.2245274359425,68.01180041767657,4500,1821966834
rand1bin,BOBYQA,Rastrigin,200,8,-2231.4386460361693,83.04260390251875,4500,483844954
rand1bin,DEoptim,Rastrigin,200,2,-2237.189951651793,189.70779238082469,300,869192137
rand1bin,SMCO_EVO,Ackley,200,0,-0.3757617340234636,61.68640573322773,315,336993081
rand1bin,SA,Rastrigin,200,9,-109.44543074321427,67.799848806113,300,1821966834
rand1bin,SMCO,Ackley,200,0,-0.3755980829802934,69.98577060550451,315,336993081
rand1bin,SMCO_R,Ackley,200,0,-0.0735372413480353,69.37902878969908,165,336993081
rand1bin,SPSA,Ackley,200,2,-21.0267099665155,0.2580902297049761,2149,844538354
rand1bin,optimLBFGS,Ackley,200,2,-19.452301282112813,2.3795666433870792,206,844538354
rand1bin,optimNM,Ackley,200,2,-21.05664746879688,1.4470045026391745,4500,844538354
rand1bin,SMCO_BR,Ackley,200,0,-0.07948159142644728,75.32753309607506,90,336993081
rand1bin,GenSA,Ackley,200,1,-2.2892458151346773e-08,35.7869518827647,300,504935661
rand1bin,SMCO,Ackley,200,1,-0.377317707299206,59.17222971469164,315,504935661
rand1bin,GA,Ackley,200,2,-11.405846884189621,1.2495691664516926,300,844538354
rand1bin,SignGD,Ackley,200,2,-19.46194297520759,17.718851840123534,2513,844538354
rand1bin,PSO,Ackley,200,2,-20.34722359871716,0.6425461526960135,300,844538354
rand1bin,SMCO_R_EVO,Ackley,200,0,-0.07344925668694602,75.73513804748654,315,336993081
rand1bin,GD,Ackley,200,0,-19.465962059858295,71.44262137636542,7518,336993081
rand1bin,SMCO_BR_EVO,Ackley,200,0,-0.07715955788905449,76.64466612786055,165,336993081
rand1bin,SMCO_R,Ackley,200,1,-0.07363514956898287,65.84635894559324,165,504935661
rand1bin,DEoptim,Rastrigin,200,3,-2109.7349400222283,186.37564946338534,300,949772676
rand1bin,SMCO_R_EVO,Ackley,200,1,-0.07239492477074849,66.40775392018259,315,504935661
rand1bin,ADAM,Ackley,200,0,-19.46596205985374,81.37426564469934,8987,336993081
rand1bin,BOBYQA,Ackley,200,0,-20.277629539269448,80.35178034193814,4500,336993081
rand1bin,SPSA,Ackley,200,3,-21.025006007976994,0.387547068297863,3007,400416125
rand1bin,GD,Ackley,200,1,-19.464070931904878,63.235482931137085,7512,504935661
rand1bin,SMCO_BR,Ackley,200,1,-0.07867231786393392,70.72661594301462,90,504935661
rand1bin,optimNM,Ackley,200,3,-21.134848192429537,2.23412162065506,4500,400416125
rand1bin,optimLBFGS,Ackley,200,3,-19.51280523011169,4.247197454795241,201,400416125
rand1bin,SMCO_EVO,Ackley,200,1,-0.37120698211794734,73.82478086464107,315,504935661
rand1bin,DEoptim,Rastrigin,200,4,-2119.0808450144905,197.18230029568076,300,1673381394
rand1bin,GA,Ackley,200,3,-11.083078924109792,1.4441351238638163,300,400416125
rand1bin,PSO,Ackley,200,3,-20.211487442056963,0.6444107573479414,300,400416125
rand1bin,GenSA,Ackley,200,2,-1.988274123121414e-08,34.480821661651134,300,844538354
rand1bin,SMCO_BR_EVO,Ackley,200,1,-0.08086381177406965,79.2277678437531,165,504935661
rand1bin,BOBYQA,Ackley,200,1,-20.315105879829712,76.11211067996919,4500,504935661
rand1bin,ADAM,Ackley,200,1,-19.464070925549617,81.15031529963017,8938,504935661
rand1bin,SMCO,Ackley,200,2,-0.3805355785370037,66.18542503938079,315,844538354
rand1bin,SignGD,Ackley,200,3,-19.52449316319417,23.650747131556273,2513,400416125
rand1bin,SMCO_R,Ackley,200,2,-0.07315217801878804,67.72952852398157,165,844538354
rand1bin,SMCO_EVO,Ackley,200,2,-0.3759905945180688,67.49959369376302,315,844538354
rand1bin,SA,Ackley,200,0,-19.3892571250578,104.14309358783066,300,336993081
rand1bin,SPSA,Ackley,200,4,-21.102059352794164,0.3171466514468193,2627,1144863697
rand1bin,SMCO_R_EVO,Ackley,200,2,-0.07417589691199966,61.94182974845171,315,844538354
rand1bin,optimLBFGS,Ackley,200,4,-19.43730316617038,2.4702462181448936,203,1144863697
rand1bin,optimNM,Ackley,200,4,-21.127523255805926,1.3404450304806232,4500,1144863697
rand1bin,SMCO_BR,Ackley,200,2,-0.07556173527397947,76.07024250179529,90,844538354
rand1bin,GD,Ackley,200,2,-19.45256482683987,65.1292066257447,7763,844538354
rand1bin,DEoptim,Rastrigin,200,6,-2072.11852596381,183.8980944082141,300,1016789110
rand1bin,DEoptim,Rastrigin,200,5,-2060.9199290282154,201.46053306385875,300,625018708
rand1bin,GA,Ackley,200,4,-11.239124427488212,1.5491137076169252,300,1144863697
rand1bin,PSO,Ackley,200,4,-20.464375265154526,0.6500888559967279,300,1144863697
rand1bin,GenSA,Ackley,200,3,-3.401649526502126e-07,34.60226447507739,300,400416125
rand1bin,SignGD,Ackley,200,4,-19.536566315854312,18.215676430612803,2014,1144863697
rand1bin,SMCO_BR_EVO,Ackley,200,2,-0.07858344865281852,74.79702549800277,165,844538354
rand1bin,ADAM,Ackley,200,2,-19.452300772565557,77.22239379025996,9000,844538354
rand1bin,BOBYQA,Ackley,200,2,-20.214387593382714,76.12206458859146,4500,844538354
rand1bin,SA,Ackley,200,1,-19.404042465531877,106.25468405149877,300,504935661
rand1bin,SMCO,Ackley,200,3,-0.38143905481637974,68.94479208812118,315,400416125
rand1bin,GD,Ackley,200,3,-19.512805219931217,64.50051551498473,7643,400416125
rand1bin,SPSA,Ackley,200,5,-21.039978437217275,0.389104338362813,3275,637001453
rand1bin,optimLBFGS,Ackley,200,5,-19.434858347008717,3.9563395380973816,191,637001453
rand1bin,DEoptim,Rastrigin,200,7,-2066.962272987107,195.75676984712481,300,101710889
rand1bin,SMCO_R,Ackley,200,3,-0.07390418651231245,75.05557588860393,165,400416125
rand1bin,BOBYQA,Ackley,200,3,-20.27962396836904,61.18606907688081,4500,400416125
rand1bin,SMCO_BR,Ackley,200,3,-0.08126711302156453,76.21333231776953,90,400416125
rand1bin,GenSA,Ackley,200,4,-2.4376916929469417e-08,32.6280502397567,300,1144863697
rand1bin,optimNM,Ackley,200,5,-21.094186075151008,2.3288483507931232,4500,637001453
rand1bin,PSO,Ackley,200,5,-20.268994171284888,0.7079140413552523,300,637001453
rand1bin,GA,Ackley,200,5,-11.239587920515591,1.678726952522993,300,637001453
rand1bin,SMCO_R_EVO,Ackley,200,3,-0.07257087785346927,73.82126229070127,315,400416125
rand1bin,SMCO_EVO,Ackley,200,3,-0.3896752208377561,76.80119904503226,315,400416125
rand1bin,SMCO_BR_EVO,Ackley,200,3,-0.07545233852794953,78.38950340077281,165,400416125
rand1bin,SignGD,Ackley,200,5,-19.468020432601318,22.548230608925223,2513,637001453
rand1bin,SMCO_EVO,Ackley,200,4,-0.38738124378330285,59.38988991826773,315,1144863697
rand1bin,SMCO_BR,Ackley,200,4,-0.07958904179078319,63.63701004348695,90,1144863697
rand1bin,ADAM,Ackley,200,3,-19.512805219927678,81.34077937528491,9000,400416125
rand1bin,DEoptim,Rastrigin,200,9,-2110.517885519242,183.84933091327548,300,1821966834
rand1bin,SPSA,Ackley,200,6,-21.115653739600123,0.24961483292281628,3125,675388744
rand1bin,DEoptim,Rastrigin,200,8,-2078.0672348821563,198.77705682627857,300,483844954
rand1bin,SMCO_R,Ackley,200,4,-0.0723560434429058,72.53981251269579,165,1144863697
rand1bin,SMCO_R_EVO,Ackley,200,4,-0.07445029259914948,66.28174455091357,315,1144863697
rand1bin,optimLBFGS,Ackley,200,6,-19.426089173003902,2.135867390781641,200,675388744
rand1bin,optimNM,Ackley,200,6,-21.114959635266757,1.8982602674514055,4500,675388744
rand1bin,GD,Ackley,200,4,-19.437303122988617,66.93846287950873,7595,1144863697
rand1bin,SMCO,Ackley,200,4,-0.38017322074265936,77.27015288732946,315,1144863697
rand1bin,PSO,Ackley,200,6,-20.00699567205182,0.6497049145400524,300,675388744
rand1bin,GenSA,Ackley,200,5,-1.8469638707330205e-08,29.086165871471167,300,637001453
rand1bin,GA,Ackley,200,6,-11.348000314911392,1.6697628572583199,300,675388744
rand1bin,SA,Ackley,200,2,-19.467609822094932,112.45234448090196,300,844538354
rand1bin,SMCO_BR_EVO,Ackley,200,4,-0.07837286172277347,75.18106512539089,165,1144863697
rand1bin,SignGD,Ackley,200,6,-19.43660532922252,18.78948258049786,2014,675388744
rand1bin,SMCO,Ackley,200,5,-0.38074334187226855,65.74034856073558,315,637001453
rand1bin,BOBYQA,Ackley,200,4,-20.33436563781384,76.66566870361567,4500,1144863697
rand1bin,SMCO_R,Ackley,200,5,-0.07052019774475982,70.27857707999647,165,637001453
rand1bin,SMCO_BR,Ackley,200,5,-0.07645505970020539,68.86402608081698,90,637001453
rand1bin,SPSA,Ackley,200,7,-21.022605625280452,0.3783114589750767,3305,290974971
rand1bin,ADAM,Ackley,200,4,-19.437303122986375,85.81861026026309,8949,1144863697
rand1bin,optimLBFGS,Ackley,200,7,-19.436642373619787,2.2093923073261976,204,290974971
rand1bin,optimNM,Ackley,200,7,-21.055893052567388,1.8502156306058168,4500,290974971
rand1bin,SMCO_EVO,Ackley,200,5,-0.3848269154456365,75.95238322019577,315,637001453
rand1bin,GD,Ackley,200,5,-19.43485135963608,66.26799936778843,7593,637001453
rand1bin,SMCO_BR_EVO,Ackley,200,5,-0.07895909238835275,73.49649119563401,165,637001453
rand1bin,SA,Ackley,200,3,-19.392189239136435,115.90991440974176,300,400416125
rand1bin,GA,Ackley,200,7,-10.946309999540542,1.7223324924707413,300,290974971
rand1bin,PSO,Ackley,200,7,-20.344646276521797,0.7657602243125439,300,290974971
rand1bin,SMCO_R_EVO,Ackley,200,5,-0.07079225415582657,80.97829671576619,315,637001453
rand1bin,GenSA,Ackley,200,6,-1.986897091299511e-08,37.42648466490209,300,675388744
rand1bin,SignGD,Ackley,200,7,-19.457882260332866,21.395594192668796,2513,290974971
rand1bin,ADAM,Ackley,200,5,-19.434851359632788,72.73950121551752,8945,637001453
rand1bin,DEoptim,Ackley,200,0,-8.103172729604394,209.38953094743192,300,336993081
rand1bin,SMCO,Ackley,200,6,-0.3673661084757609,72.81056478619576,315,675388744
rand1bin,SMCO_R,Ackley,200,6,-0.07406481656780217,72.64549818076193,165,675388744
rand1bin,SMCO_BR,Ackley,200,6,-0.07982815749190708,72.98457922786474,90,675388744
rand1bin,SPSA,Ackley,200,8,-21.09048790917885,0.2387200202792883,2912,715784702
rand1bin,SMCO_EVO,Ackley,200,6,-0.3680314407741645,73.90062882751226,315,675388744
rand1bin,optimLBFGS,Ackley,200,8,-19.473945927536263,2.179190071299672,203,715784702
rand1bin,BOBYQA,Ackley,200,5,-20.270741996676204,80.18917692452669,4500,637001453
rand1bin,optimNM,Ackley,200,8,-21.124954569453507,2.0376366935670376,4500,715784702
rand1bin,GenSA,Ackley,200,7,-2.041444746581078e-08,32.91882511973381,300,290974971
rand1bin,SMCO_R_EVO,Ackley,200,6,-0.07359654574424868,75.30219685658813,315,675388744
rand1bin,SA,Ackley,200,4,-19.47341304759789,114.40697842463851,300,1144863697
rand1bin,PSO,Ackley,200,8,-20.11699804780952,0.6595832910388708,300,715784702
rand1bin,GA,Ackley,200,8,-10.95370039046275,1.6682873982936144,300,715784702
rand1bin,SMCO_BR_EVO,Ackley,200,6,-0.07927008215745746,72.50754704885185,165,675388744
rand1bin,DEoptim,Ackley,200,1,-7.100456797263432,201.53052455931902,300,504935661
rand1bin,GD,Ackley,200,6,-19.426089453626663,72.19967731460929,7818,675388744
rand1bin,BOBYQA,Ackley,200,6,-20.27853141915571,66.517004635185,4500,675388744
rand1bin,SignGD,Ackley,200,8,-19.48468182539999,17.764563243836164,2513,715784702
rand1bin,ADAM,Ackley,200,6,-19.426089153684735,75.14746785536408,8991,675388744
rand1bin,SMCO,Ackley,200,7,-0.39146669095616504,67.71299768798053,315,290974971
rand1bin,SMCO_R,Ackley,200,7,-0.07320116058354431,69.9532126262784,165,290974971
rand1bin,SPSA,Ackley,200,9,-21.07199014780326,0.16854200139641762,2143,1719555887
rand1bin,optimLBFGS,Ackley,200,9,-19.44277118031858,2.906725348904729,215,1719555887
rand1bin,SA,Ackley,200,5,-19.561580324492315,102.14516430906951,300,637001453
rand1bin,SMCO_EVO,Ackley,200,7,-0.3779914758334937,70.91216285713017,315,290974971
rand1bin,SMCO_R_EVO,Ackley,200,7,-0.07207582259758327,68.70274853333831,315,290974971
rand1bin,optimNM,Ackley,200,9,-21.09722257736471,2.1303370390087366,4500,1719555887
rand1bin,SMCO_BR,Ackley,200,7,-0.07870352317467821,78.62971665896475,90,290974971
rand1bin,GA,Ackley,200,9,-11.35027709949457,0.8916153516620398,300,1719555887
rand1bin,GD,Ackley,200,7,-19.436646624100373,70.22155683487654,8105,290974971
rand1bin,PSO,Ackley,200,9,-20.318429921501455,0.4084772802889347,300,1719555887
rand1bin,GenSA,Ackley,200,8,-4.8768840077428877e-08,31.389406982809305,300,715784702
rand1bin,SMCO_BR_EVO,Ackley,200,7,-0.07932105614800067,74.65099385753274,165,290974971
rand1bin,SignGD,Ackley,200,9,-19.48587442242795,19.266601657494903,2513,1719555887
rand1bin,SMCO_R_EVO,Ackley,200,8,-0.07166991895689678,60.08097839355469,315,715784702
rand1bin,ADAM,Ackley,200,7,-19.43608957689507,81.41905306838453,8963,290974971
rand1bin,BOBYQA,Ackley,200,7,-20.25588743517399,78.84804916381836,4500,290974971
rand1bin,SMCO,Ackley,200,8,-0.38441621619528066,68.72935845702887,315,715784702
rand1bin,DEoptim,Ackley,200,2,-6.548850026657178,210.1997525151819,300,844538354
rand1bin,SPSA,Rosenbrock,200,0,-21778443.876765035,0.5647133439779282,6669,1677332494
rand1bin,SMCO_EVO,Ackley,200,8,-0.3481992713498099,68.90725733153522,315,715784702
rand1bin,SignGD,Rosenbrock,200,0,-641.2507616306534,10.506753476336598,2014,1677332494
rand1bin,SA,Ackley,200,6,-19.446983558831203,111.51807624846697,300,675388744
rand1bin,SMCO_BR,Ackley,200,8,-0.07934071636275819,76.65000241622329,90,715784702
rand1bin,GD,Ackley,200,8,-19.47459268596778,67.78962806984782,6959,715784702
rand1bin,optimNM,Rosenbrock,200,0,-21543875.305129137,1.6114291548728943,4500,1677332494
rand1bin,GenSA,Ackley,200,9,-8.657995254068851e-08,35.42868334800005,300,1719555887
rand1bin,PSO,Rosenbrock,200,0,-4870195.187853869,0.26633379980921745,300,1677332494
rand1bin,SMCO_R,Ackley,200,8,-0.07536048776339799,79.58600910939276,165,715784702
rand1bin,SMCO_BR_EVO,Ackley,200,8,-0.07925984584111889,73.46231439337134,165,715784702
rand1bin,GA,Rosenbrock,200,0,-37380.5619558723,1.3810584545135498,300,1677332494
rand1bin,optimLBFGS,Rosenbrock,200,0,-3.504443682008275,10.899739813059568,974,1677332494
rand1bin,SMCO,Rosenbrock,200,0,-46.8200100405189,41.77419591508806,315,1677332494
rand1bin,BOBYQA,Ackley,200,8,-20.331681152257122,75.77386327832937,4500,715784702
rand1bin,DEoptim,Ackley,200,3,-6.8028702737820055,209.34692985378206,300,400416125
rand1bin,SMCO_BR,Rosenbrock,200,0,-5.11867065272037,43.74329151585698,90,1677332494
rand1bin,SMCO_R,Rosenbrock,200,0,-4.6541514227057,45.231601344421506,165,1677332494
rand1bin,GenSA,Rosenbrock,200,0,-237.64266878935098,18.037811685353518,300,1677332494
rand1bin,SPSA,Rosenbrock,200,1,-20678923.90017409,0.7952416315674782,9000,806770405
rand1bin,SMCO_R_EVO,Rosenbrock,200,0,-4.633699491826894,42.50851808488369,315,1677332494
rand1bin,optimNM,Rosenbrock,200,1,-20409047.797509782,1.5357597563415766,4500,806770405
rand1bin,SMCO_BR,Ackley,200,9,-0.0787988133494335,73.50756616704166,90,1719555887
rand1bin,ADAM,Ackley,200,8,-19.473945923962617,85.1669144090265,8973,715784702
rand1bin,GD,Ackley,200,9,-19.44277063691956,68.32751929201186,7657,1719555887
rand1bin,SMCO_EVO,Rosenbrock,200,0,-49.39982687343358,50.28297577612102,315,1677332494
rand1bin,PSO,Rosenbrock,200,1,-3333995.471603917,0.4392837230116129,300,806770405
rand1bin,SMCO_R_EVO,Ackley,200,9,-0.07310736812071683,74.13640163466334,315,1719555887
rand1bin,GA,Rosenbrock,200,1,-32664.656954274782,1.3112311325967312,300,806770405
rand1bin,SMCO_R,Ackley,200,9,-0.07214502873132433,77.90426506847143,165,1719555887
rand1bin,SMCO_BR_EVO,Ackley,200,9,-0.07935984460754542,72.97984010726213,165,1719555887
rand1bin,SMCO,Ackley,200,9,-0.3851488763242945,78.2908401992172,315,1719555887
rand1bin,SMCO_BR_EVO,Rosenbrock,200,0,-5.6949448896862505,39.67910196445882,165,1677332494
rand1bin,SignGD,Rosenbrock,200,1,-587.1272002770745,10.431132651865482,2014,806770405
rand1bin,optimLBFGS,Rosenbrock,200,1,-112.17900016751213,11.161023676395416,974,806770405
rand1bin,SMCO_EVO,Ackley,200,9,-0.38597676445358475,79.8157221339643,315,1719555887
rand1bin,SPSA,Rosenbrock,200,2,-21489114.3554886,0.7107681389898062,8417,475988212
rand1bin,ADAM,Rosenbrock,200,0,-5023575.212050887,40.48290684632957,9000,1677332494
rand1bin,SA,Ackley,200,7,-19.46939733217122,113.22178361192346,300,290974971
rand1bin,GD,Rosenbrock,200,0,-282.8355861092733,43.60664530657232,9000,1677332494
rand1bin,optimNM,Rosenbrock,200,2,-21214256.160327494,0.9177011698484421,4500,475988212
rand1bin,SignGD,Rosenbrock,200,2,-675.6321753133018,8.13846080005169,2014,475988212
rand1bin,GenSA,Rosenbrock,200,1,-412.2243208952724,15.528074640780687,300,806770405
rand1bin,GA,Rosenbrock,200,2,-25823.210217282962,1.2326658591628075,300,475988212
rand1bin,PSO,Rosenbrock,200,2,-6514987.801705273,0.407948587089777,300,475988212
rand1bin,optimLBFGS,Rosenbrock,200,2,-133.4490903928198,9.769895914942026,994,475988212
rand1bin,SMCO_BR,Rosenbrock,200,1,-5.128800506888977,38.71223918348551,90,806770405
rand1bin,BOBYQA,Ackley,200,9,-20.254334485706448,76.4630980733782,4500,1719555887
rand1bin,ADAM,Ackley,200,9,-19.44277063691749,83.21234426088631,9000,1719555887
rand1bin,SMCO_R,Rosenbrock,200,1,-4.6398527332803665,40.623779168352485,165,806770405
rand1bin,DEoptim,Ackley,200,4,-7.582356477916264,211.3069423455745,300,1144863697
rand1bin,GenSA,Rosenbrock,200,2,-334.2090235787932,14.200408658012748,300,475988212
rand1bin,SMCO_EVO,Rosenbrock,200,1,-51.418717132233986,44.641397435218096,315,806770405
rand1bin,SMCO,Rosenbrock,200,1,-51.985588043731894,45.92909968085587,315,806770405
rand1bin,SPSA,Rosenbrock,200,3,-20597454.846448064,0.5518128275871277,6649,1764094645
rand1bin,SMCO_R_EVO,Rosenbrock,200,1,-4.860268856739129,46.15028231218457,315,806770405
rand1bin,SignGD,Rosenbrock,200,3,-815.4693019638471,11.445681493729353,2014,1764094645
rand1bin,SA,Ackley,200,8,-19.437115590722854,114.26356709562242,300,715784702
rand1bin,SMCO_BR_EVO,Rosenbrock,200,1,-5.539058165623587,45.09654107876122,165,806770405
rand1bin,optimNM,Rosenbrock,200,3,-20297603.380439498,1.5774720255285501,4500,1764094645
rand1bin,optimLBFGS,Rosenbrock,200,3,-55.75688946306789,11.184976739808917,986,1764094645
rand1bin,GA,Rosenbrock,200,3,-37639.266835452916,0.6527504082769156,300,1764094645
rand1bin,PSO,Rosenbrock,200,3,-4486939.66162583,0.2079642005264759,300,1764094645
rand1bin,GD,Rosenbrock,200,1,-368.16280756875034,45.949538711458445,9000,806770405
rand1bin,SMCO_BR,Rosenbrock,200,2,-5.248156741687941,39.401491444557905,90,475988212
rand1bin,SMCO_R,Rosenbrock,200,2,-4.372296201468535,39.444055991247296,165,475988212
rand1bin,GD,Rosenbrock,200,2,-273.453307147151,40.105169055983424,9000,475988212
rand1bin,ADAM,Rosenbrock,200,1,-4937379.603432603,50.139181608334184,9000,806770405
rand1bin,SMCO_R_EVO,Rosenbrock,200,2,-4.430840176027642,41.501582734286785,315,475988212
rand1bin,SMCO,Rosenbrock,200,2,-50.96928414880687,42.95358162000775,315,475988212
rand1bin,SMCO_EVO,Rosenbrock,200,2,-47.831802049374005,47.28069240786135,315,475988212
rand1bin,ADAM,Rosenbrock,200,2,-4976443.8237238275,44.88531346619129,9000,475988212
rand1bin,SMCO_BR_EVO,Rosenbrock,200,2,-4.920397640689209,48.21173716895282,165,475988212
rand1bin,GenSA,Rosenbrock,200,3,-327.5165522019025,16.85026784054935,300,1764094645
rand1bin,SPSA,Rosenbrock,200,4,-19488850.07479725,0.626716872677207,7724,1029249001
rand1bin,optimNM,Rosenbrock,200,4,-19265051.605431117,1.5209198370575905,4500,1029249001
rand1bin,DEoptim,Ackley,200,5,-6.366487167770494,212.10286506265402,300,637001453
rand1bin,SignGD,Rosenbrock,200,4,-524.0084834297572,10.263675142079592,2014,1029249001
rand1bin,SMCO_R_EVO,Rosenbrock,200,3,-4.719694092594091,37.03233032673597,315,1764094645
rand1bin,GA,Rosenbrock,200,4,-39553.60929927585,1.2238151747733355,300,1029249001
rand1bin,PSO,Rosenbrock,200,4,-5525074.573473558,0.41631272435188293,300,1029249001
rand1bin,SMCO_BR,Rosenbrock,200,3,-4.77889256246718,40.49370974674821,90,1764094645
rand1bin,SMCO_EVO,Rosenbrock,200,3,-51.95117648399382,40.78485239110887,315,1764094645
rand1bin,SA,Ackley,200,9,-19.520865179588444,116.2616638224572,300,1719555887
rand1bin,SMCO,Rosenbrock,200,3,-48.54708325946201,45.46817849762738,315,1764094645
rand1bin,optimLBFGS,Rosenbrock,200,4,-46.38502660745907,10.758197475224733,983,1029249001
rand1bin,BOBYQA,Rosenbrock,200,0,-8402125.778222281,91.753885820508,4500,1677332494
rand1bin,SMCO_R,Rosenbrock,200,3,-4.461130682651289,45.93962397240102,165,1764094645
rand1bin,SMCO_BR_EVO,Rosenbrock,200,3,-5.0850646228135155,47.27141921594739,165,1764094645
rand1bin,GD,Rosenbrock,200,3,-313.5385179864423,47.20653169415891,9000,1764094645
rand1bin,SPSA,Rosenbrock,200,5,-21936280.220696025,0.712011281400919,8510,1194665403
rand1bin,GenSA,Rosenbrock,200,4,-369.2191333101206,17.547883795574307,300,1029249001
rand1bin,SignGD,Rosenbrock,200,5,-783.9950796499638,9.234817506745458,2014,1194665403
rand1bin,optimNM,Rosenbrock,200,5,-21644289.949824914,1.2033147308975458,4500,1194665403
rand1bin,DEoptim,Ackley,200,6,-7.1751329195491,209.00249325297773,300,675388744
rand1bin,SMCO,Rosenbrock,200,4,-46.561403474481324,38.41544343158603,315,1029249001
rand1bin,ADAM,Rosenbrock,200,3,-4865393.016256998,52.613404873758554,9000,1764094645
rand1bin,GA,Rosenbrock,200,5,-31465.51955875593,0.725561436265707,300,1194665403
rand1bin,PSO,Rosenbrock,200,5,-5325050.878510626,0.21162191033363342,300,1194665403
rand1bin,SMCO_EVO,Rosenbrock,200,4,-50.52655894997762,37.88609664700925,315,1029249001
rand1bin,optimLBFGS,Rosenbrock,200,5,-85.04268590985473,11.068643189966679,986,1194665403
rand1bin,SMCO_R,Rosenbrock,200,4,-4.628319824300762,46.91357968375087,165,1029249001
rand1bin,ADAM,Rosenbrock,200,4,-4393528.687539961,38.99405413120985,9000,1029249001
rand1bin,SMCO_R_EVO,Rosenbrock,200,4,-4.607568899590308,45.74498715996742,315,1029249001
rand1bin,SMCO_BR,Rosenbrock,200,4,-5.458586970589169,49.273174149915576,90,1029249001
rand1bin,GenSA,Rosenbrock,200,5,-387.6785217525054,17.392678320407867,300,1194665403
rand1bin,GD,Rosenbrock,200,4,-405.9235261133623,48.09049821458757,9000,1029249001
rand1bin,SMCO_BR_EVO,Rosenbrock,200,4,-4.567825321588648,48.752525344491005,165,1029249001
rand1bin,SPSA,Rosenbrock,200,6,-19946954.30888296,0.6013473607599735,7242,382355876
rand1bin,BOBYQA,Rosenbrock,200,1,-9840990.113057677,99.89689172804356,4500,806770405
rand1bin,SMCO_EVO,Rosenbrock,200,5,-49.08179735604198,37.90628115274012,315,1194665403
rand1bin,BOBYQA,Rosenbrock,200,2,-8472304.231951313,90.44007369317114,4500,475988212
rand1bin,optimNM,Rosenbrock,200,6,-19654939.253692806,1.54537508264184,4500,382355876
rand1bin,SMCO_R_EVO,Rosenbrock,200,5,-4.145130597171647,39.07779198884964,315,1194665403
rand1bin,SMCO_R,Rosenbrock,200,5,-4.163562381498364,44.10095158405602,165,1194665403
rand1bin,optimLBFGS,Rosenbrock,200,6,-131.7353728789449,9.441253170371056,999,382355876
rand1bin,PSO,Rosenbrock,200,6,-6500985.168422671,0.22054868005216122,300,382355876
rand1bin,SignGD,Rosenbrock,200,6,-502.3310053419877,11.836608128622174,2014,382355876
rand1bin,SMCO,Rosenbrock,200,5,-52.38138190848521,45.10284917615354,315,1194665403
rand1bin,GA,Rosenbrock,200,6,-33626.965817740725,1.2493680212646723,300,382355876
rand1bin,GD,Rosenbrock,200,5,-539.5030403165301,44.136576956138015,9000,1194665403
rand1bin,DEoptim,Ackley,200,7,-6.2203377737836085,211.78550615347922,300,290974971
rand1bin,BOBYQA,Rosenbrock,200,3,-7625151.728635658,80.96376869082451,4500,1764094645
rand1bin,SMCO_BR,Rosenbrock,200,5,-4.945105586971535,49.88393403403461,90,1194665403
rand1bin,SMCO_BR_EVO,Rosenbrock,200,5,-4.5170431586417426,47.70506735146046,165,1194665403
rand1bin,ADAM,Rosenbrock,200,5,-5202589.833785068,47.81179185397923,9000,1194665403
rand1bin,SPSA,Rosenbrock,200,7,-20888771.495855622,0.7337772473692894,7904,2103805864
rand1bin,SMCO_R,Rosenbrock,200,6,-4.326594281700116,36.9623733907938,165,382355876
rand1bin,SignGD,Rosenbrock,200,7,-621.1036183635894,11.517562072724104,2014,2103805864
rand1bin,SMCO_BR,Rosenbrock,200,6,-5.183686022152115,39.996947372332215,90,382355876
rand1bin,optimNM,Rosenbrock,200,7,-20637188.62122696,1.5185057241469622,4500,2103805864
rand1bin,SMCO,Rosenbrock,200,6,-47.43611858898224,44.10455787554383,315,382355876
rand1bin,GenSA,Rosenbrock,200,6,-37.05490715545122,24.601562350988388,300,382355876
rand1bin,GA,Rosenbrock,200,7,-33828.10979807655,0.7775139827281237,300,2103805864
rand1bin,PSO,Rosenbrock,200,7,-4167211.1391723338,0.406194519251585,300,2103805864
rand1bin,GD,Rosenbrock,200,6,-395.73811805531057,34.155760841444135,9000,382355876
rand1bin,DEoptim,Ackley,200,8,-9.028696903547203,202.81825016066432,300,715784702
rand1bin,optimLBFGS,Rosenbrock,200,7,-9.981641988974769,10.949863413348794,989,2103805864
rand1bin,SMCO_EVO,Rosenbrock,200,6,-47.626673269808364,41.11815454997122,315,382355876
rand1bin,SMCO_R_EVO,Rosenbrock,200,6,-4.423782650897532,40.4589182138443,315,382355876
rand1bin,SMCO_BR_EVO,Rosenbrock,200,6,-5.400519686178517,46.31766985729337,165,382355876
rand1bin,ADAM,Rosenbrock,200,6,-4660071.202275259,50.97630091942847,9000,382355876
rand1bin,GenSA,Rosenbrock,200,7,-2.304433173287423e-10,22.684976803138852,300,2103805864
rand1bin,GD,Rosenbrock,200,7,-286.6001523950821,34.83328903838992,9000,2103805864
rand1bin,SPSA,Rosenbrock,200,8,-21569407.406306617,0.7138884011656046,8227,1341549665
rand1bin,SMCO_R_EVO,Rosenbrock,200,7,-4.911092588065825,37.41501475125551,315,2103805864
rand1bin,SMCO,Rosenbrock,200,7,-51.05301254605044,42.48180654272437,315,2103805864
rand1bin,SMCO_R,Rosenbrock,200,7,-4.314833074925086,43.88641094043851,165,2103805864
rand1bin,optimNM,Rosenbrock,200,8,-21319060.040154744,1.5095198433846235,4500,1341549665
rand1bin,BOBYQA,Rosenbrock,200,4,-7781951.52356712,96.77669824846089,4500,1029249001
rand1bin,SMCO_EVO,Rosenbrock,200,7,-44.47167508120833,45.56772475503385,315,2103805864
rand1bin,SMCO_BR,Rosenbrock,200,7,-4.966988953000248,46.85049448907375,90,2103805864
rand1bin,PSO,Rosenbrock,200,8,-6244666.445992947,0.43650858849287033,300,1341549665
rand1bin,GA,Rosenbrock,200,8,-33037.602121297656,1.3676555808633566,300,1341549665
rand1bin,BOBYQA,Rosenbrock,200,5,-9100695.267137107,83.04313875734806,4500,1194665403
rand1bin,optimLBFGS,Rosenbrock,200,8,-163.60153836290306,9.89491050504148,984,1341549665
rand1bin,SignGD,Rosenbrock,200,8,-890.8330742836929,11.195771109312773,2014,1341549665
rand1bin,SMCO_BR_EVO,Rosenbrock,200,7,-4.991688284446323,47.42922089062631,165,2103805864
rand1bin,DEoptim,Rosenbrock,200,0,-29854.645586118037,177.47640561498702,300,1677332494
rand1bin,ADAM,Rosenbrock,200,7,-4679430.3621850675,48.43860116787255,9000,2103805864
rand1bin,SMCO_R_EVO,Rosenbrock,200,8,-4.519952640486365,35.7035515550524,315,1341549665
rand1bin,SMCO_R,Rosenbrock,200,8,-3.741683005656735,37.84116534516215,165,1341549665
rand1bin,GenSA,Rosenbrock,200,8,-384.8934435481064,16.117437383159995,300,1341549665
rand1bin,SPSA,Rosenbrock,200,9,-22417972.299299292,0.6458749361336231,7619,268772159
rand1bin,SA,Rosenbrock,200,0,-1.494615133082763e-10,186.06873081065714,300,1677332494
rand1bin,DEoptim,Ackley,200,9,-6.08103241992082,219.08212191052735,300,1719555887
rand1bin,optimNM,Rosenbrock,200,9,-22181250.968377374,1.5847018733620644,4500,268772159
rand1bin,SMCO_BR,Rosenbrock,200,8,-4.9630176791556435,41.983549715951085,90,1341549665
rand1bin,SMCO,Rosenbrock,200,8,-48.870991248804685,45.692777913063765,315,1341549665
rand1bin,optimLBFGS,Rosenbrock,200,9,-73.30609305501046,7.574193820357323,982,268772159
rand1bin,PSO,Rosenbrock,200,9,-5264407.260269406,0.2856680601835251,300,268772159
rand1bin,SignGD,Rosenbrock,200,9,-713.504780329672,12.968136083334684,2014,268772159
rand1bin,GA,Rosenbrock,200,9,-30552.685799363113,1.2071370352059603,300,268772159
rand1bin,SMCO_EVO,Rosenbrock,200,8,-48.72027039667271,49.00589797832072,315,1341549665
rand1bin,SMCO_BR_EVO,Rosenbrock,200,8,-4.649786660135215,45.92980988882482,165,1341549665
rand1bin,SA,Rosenbrock,200,1,-1.0521977461886329e-10,177.20977271907032,300,806770405
rand1bin,GD,Rosenbrock,200,8,-390.76427441667136,42.965021684765816,9000,1341549665
rand1bin,BOBYQA,Rosenbrock,200,6,-8949840.834814362,84.64859149977565,4500,382355876
rand1bin,SMCO,Rosenbrock,200,9,-48.733712036970616,30.656845608726144,315,268772159
rand1bin,SA,Rosenbrock,200,2,-1.0760620819517444e-10,173.27883376553655,300,475988212
rand1bin,GenSA,Rosenbrock,200,9,-320.9458526474906,19.295566473156214,300,268772159
rand1bin,SPSA,Griewank,200,0,-5593.686612403065,0.792786817997694,7231,1162190894
rand1bin,ADAM,Rosenbrock,200,8,-5348825.74247376,44.83739339187741,9000,1341549665
rand1bin,optimLBFGS,Griewank,200,0,-7.315233091498285e-07,5.531470559537411,299,1162190894
rand1bin,optimNM,Griewank,200,0,-5578.172617597915,1.2574971821159124,4500,1162190894
rand1bin,DEoptim,Rosenbrock,200,1,-29178.169215308597,188.93251122906804,300,806770405
rand1bin,SMCO_BR,Rosenbrock,200,9,-5.302476488117055,37.109781451523304,90,268772159
rand1bin,GA,Griewank,200,0,-186.4990417191884,0.9107742849737406,300,1162190894
rand1bin,PSO,Griewank,200,0,-1762.699980186607,0.5384988021105528,300,1162190894
rand1bin,SMCO_BR_EVO,Rosenbrock,200,9,-4.896841911369183,38.17481696046889,165,268772159
rand1bin,SMCO_EVO,Rosenbrock,200,9,-45.969682207798755,40.22086855210364,315,268772159
rand1bin,SignGD,Griewank,200,0,-5173.452449902698,17.816854771226645,3012,1162190894
rand1bin,SMCO_R,Rosenbrock,200,9,-4.551841354097138,46.90493609569967,165,268772159
rand1bin,DEoptim,Rosenbrock,200,2,-22046.49553256936,186.9238202739507,300,475988212
rand1bin,ADAM,Rosenbrock,200,9,-5237233.223642451,37.15081947669387,9000,268772159
rand1bin,SMCO_R_EVO,Rosenbrock,200,9,-4.746593474991737,46.50813152268529,315,268772159
rand1bin,GD,Rosenbrock,200,9,-576.5638914078393,47.67530828341842,9000,268772159
rand1bin,GenSA,Griewank,200,0,-4.751612658893123e-09,17.950423911213875,300,1162190894
rand1bin,SPSA,Griewank,200,1,-4991.217716345031,0.635869761928916,8083,141596627
rand1bin,BOBYQA,Rosenbrock,200,7,-8997600.109398395,91.77843382954597,4500,2103805864
rand1bin,SA,Rosenbrock,200,3,-1.3894516751708443e-10,174.3405240122229,300,1764094645
rand1bin,optimNM,Griewank,200,1,-4982.6695688316695,1.6059387158602476,4500,141596627
rand1bin,optimLBFGS,Griewank,200,1,-3.831333805770498e-08,5.447582049295306,339,141596627
rand1bin,DEoptim,Rosenbrock,200,3,-40677.54885487191,181.8705616928637,300,1764094645
rand1bin,SMCO_EVO,Griewank,200,0,-0.9629678854089024,42.69766401872039,315,1162190894
rand1bin,GA,Griewank,200,1,-175.74536049430142,1.5189315304160118,300,141596627
rand1bin,PSO,Griewank,200,1,-2100.648671887154,0.6465729046612978,300,141596627
rand1bin,SMCO,Griewank,200,0,-0.9590370171441165,52.53571463748813,315,1162190894
rand1bin,SMCO_BR,Griewank,200,0,-0.19466660236511135,52.181839630007744,90,1162190894
rand1bin,SignGD,Griewank,200,1,-4592.9546087627,23.0288491807878,3511,141596627
rand1bin,SMCO_R_EVO,Griewank,200,0,-0.18297429762308282,49.80994591116905,315,1162190894
rand1bin,SMCO_R,Griewank,200,0,-0.15404912929213033,57.047432478517294,165,1162190894
rand1bin,SMCO_BR_EVO,Griewank,200,0,-0.18065946874881866,50.94299325533211,165,1162190894
rand1bin,GenSA,Griewank,200,1,-4.052442381663468e-09,19.595183860510588,300,141596627
rand1bin,ADAM,Griewank,200,0,-5517.588496558564,55.354024378582835,9000,1162190894
rand1bin,SA,Rosenbrock,200,4,-1.307243615228021e-10,185.3759643714875,300,1029249001
rand1bin,SPSA,Griewank,200,2,-4919.408487521933,0.36128571070730686,7418,2118233548
rand1bin,SMCO,Griewank,200,1,-0.9539767002380145,46.66717631183565,315,141596627
rand1bin,GD,Griewank,200,0,-4182.207861541307,60.71631360426545,9000,1162190894
rand1bin,optimNM,Griewank,200,2,-4906.968736823141,1.2465234901756048,4500,2118233548
rand1bin,DEoptim,Rosenbrock,200,4,-20480.224291220802,187.24514048732817,300,1029249001
rand1bin,BOBYQA,Rosenbrock,200,8,-8864970.768333942,98.85654157958925,4500,1341549665
rand1bin,optimLBFGS,Griewank,200,2,-3.157525130248473e-09,4.238992815837264,286,2118233548
rand1bin,SMCO_BR,Griewank,200,1,-0.20198104829739827,48.90325323678553,90,141596627
rand1bin,PSO,Griewank,200,2,-2120.562574942452,0.5426436793059111,300,2118233548
rand1bin,BOBYQA,Rosenbrock,200,9,-8641400.302077355,80.88042332790792,4500,268772159
rand1bin,GA,Griewank,200,2,-169.48983138395752,1.3632620684802532,300,2118233548
rand1bin,SignGD,Griewank,200,2,-4706.940894541373,16.019833005964756,2014,2118233548
rand1bin,SMCO_R,Griewank,200,1,-0.16109269740671672,56.18143027089536,165,141596627
rand1bin,SMCO_R_EVO,Griewank,200,1,-0.16599256929799278,52.869391947984695,315,141596627
rand1bin,SMCO_BR_EVO,Griewank,200,1,-0.20669061582844073,52.50849756412208,165,141596627
rand1bin,SMCO_EVO,Griewank,200,1,-0.9400082194137812,54.74731192365289,315,141596627
rand1bin,GD,Griewank,200,1,-3732.0932827476563,54.39541904814541,9000,141596627
rand1bin,GenSA,Griewank,200,2,-9.504415920957854e-09,17.28729172050953,300,2118233548
rand1bin,SPSA,Griewank,200,3,-5157.41297313601,0.5017880760133266,7983,2050805645
rand1bin,DEoptim,Rosenbrock,200,5,-29037.9911393845,182.45713888853788,300,1194665403
rand1bin,SA,Rosenbrock,200,5,-3.986623854557865,186.09346851333976,300,1194665403
rand1bin,optimLBFGS,Griewank,200,3,-2.1345946121797965e-09,3.1978733111172915,296,2050805645
rand1bin,optimNM,Griewank,200,3,-5146.536855396765,1.5202797017991543,4500,2050805645
rand1bin,SMCO_R,Griewank,200,2,-0.17055875270874687,40.32216408289969,165,2118233548
rand1bin,ADAM,Griewank,200,1,-4918.955463849864,64.21356267668307,9000,141596627
rand1bin,GA,Griewank,200,3,-162.21695723618248,1.3041190952062607,300,2050805645
rand1bin,PSO,Griewank,200,3,-1605.6342025572862,0.5490700695663691,300,2050805645
rand1bin,SMCO_BR_EVO,Griewank,200,2,-0.19481201912179902,41.546182315796614,165,2118233548
rand1bin,SignGD,Griewank,200,3,-4745.41816308258,19.644970851019025,3012,2050805645
rand1bin,SMCO_EVO,Griewank,200,2,-0.982220838264798,49.77714344486594,315,2118233548
rand1bin,SMCO,Griewank,200,2,-0.9536008943583626,56.949136931449175,315,2118233548
rand1bin,GenSA,Griewank,200,3,-1.1447009673482e-08,18.069871051236987,300,2050805645
rand1bin,SA,Rosenbrock,200,6,-1.9029616190693215e-10,180.441294869408,300,382355876
rand1bin,BOBYQA,Griewank,200,0,-4602.153638204479,97.33009034581482,4500,1162190894
rand1bin,SMCO_R_EVO,Griewank,200,2,-0.1743780263257222,59.57221765257418,315,2118233548
rand1bin,DEoptim,Rosenbrock,200,6,-41656.31866150147,186.1497337874025,300,382355876
rand1bin,SPSA,Griewank,200,4,-5337.926152031653,0.5707801152020693,8138,1541488759
rand1bin,GD,Griewank,200,2,-3677.8033479071055,58.65603041835129,9000,2118233548
rand1bin,SMCO_BR,Griewank,200,2,-0.16640321011995107,64.45456340536475,90,2118233548
rand1bin,optimNM,Griewank,200,4,-5329.013051071411,1.6213851049542427,4500,1541488759
rand1bin,optimLBFGS,Griewank,200,4,-2.2257222731525417e-09,3.4664720240980387,283,1541488759
rand1bin,DEoptim,Rosenbrock,200,7,-22599.568348135,172.31436507590115,300,2103805864
rand1bin,BOBYQA,Griewank,200,1,-3846.1850997365113,87.79271717183292,4500,141596627
rand1bin,SMCO_R,Griewank,200,3,-0.1603485199410064,52.11519224755466,165,2050805645
rand1bin,PSO,Griewank,200,4,-2180.934866305733,0.5503393802791834,300,1541488759
rand1bin,GA,Griewank,200,4,-172.2124235886467,1.2899419739842415,300,1541488759
rand1bin,ADAM,Griewank,200,2,-4849.62942822738,61.54497427307069,9000,2118233548
rand1bin,SMCO_EVO,Griewank,200,3,-0.9574935010576835,53.028596475720406,315,2050805645
rand1bin,SMCO_R_EVO,Griewank,200,3,-0.16606502450707972,50.91628369502723,315,2050805645
rand1bin,SMCO,Griewank,200,3,-0.9497523059882095,58.0777444858104,315,2050805645
rand1bin,SMCO_BR,Griewank,200,3,-0.17398781707636046,57.38267866522074,90,2050805645
rand1bin,SignGD,Griewank,200,4,-4923.367108503174,22.933386670425534,3012,1541488759
rand1bin,SA,Rosenbrock,200,7,-1.3795636959728248e-10,183.07611961849034,300,2103805864
rand1bin,GenSA,Griewank,200,4,-1.6328852825431284e-08,17.056284161284566,300,1541488759
rand1bin,SPSA,Griewank,200,5,-5382.416298814923,0.6409561689943075,7200,1171333552
rand1bin,SMCO_BR_EVO,Griewank,200,3,-0.17976163097100584,59.223513063043356,165,2050805645
rand1bin,optimLBFGS,Griewank,200,5,-6.550421793871664e-08,4.935914596542716,283,1171333552
rand1bin,ADAM,Griewank,200,3,-5081.4879295869805,58.365750681608915,9000,2050805645
rand1bin,GD,Griewank,200,3,-3855.2094710777133,61.1655936781317,9000,2050805645
rand1bin,SA,Rosenbrock,200,8,-1.4656882183259069e-10,166.50120199471712,300,1341549665
rand1bin,optimNM,Griewank,200,5,-5372.861043963378,1.5428509879857302,4500,1171333552
rand1bin,GA,Griewank,200,5,-183.03989974089072,1.2983613312244415,300,1171333552
rand1bin,SMCO,Griewank,200,4,-0.9335574065812386,46.04797961190343,315,1541488759
rand1bin,PSO,Griewank,200,5,-2095.6354878885227,0.468841377645731,300,1171333552
rand1bin,SignGD,Griewank,200,5,-5192.009904293568,17.59127078577876,2513,1171333552
rand1bin,SMCO_R,Griewank,200,4,-0.1662495726961244,53.52259129844606,165,1541488759
rand1bin,DEoptim,Rosenbrock,200,8,-31748.218079350663,178.85772041231394,300,1341549665
rand1bin,SMCO_R_EVO,Griewank,200,4,-0.16436420052007317,50.16375211253762,315,1541488759
rand1bin,SMCO_BR,Griewank,200,4,-0.16996490311004142,56.22526695020497,90,1541488759
rand1bin,BOBYQA,Griewank,200,2,-3585.5520100908625,90.13421429879963,4500,2118233548
rand1bin,SMCO_EVO,Griewank,200,4,-0.9700761776968189,56.2336958963424,315,1541488759
rand1bin,GenSA,Griewank,200,5,-8.843552223858353e-09,19.010539315640926,300,1171333552
rand1bin,SPSA,Griewank,200,6,-5344.2917802034235,0.7170913591980934,7628,1244943426
rand1bin,GD,Griewank,200,4,-3989.302794309397,57.03865631110966,9000,1541488759
rand1bin,optimLBFGS,Griewank,200,6,-5.201005360833122e-07,5.407383657991886,322,1244943426
rand1bin,optimNM,Griewank,200,6,-5337.095861513635,1.568704579025507,4500,1244943426
rand1bin,SMCO_BR_EVO,Griewank,200,4,-0.18892935440278347,60.326001066714525,165,1541488759
rand1bin,BOBYQA,Griewank,200,3,-4208.79078249471,82.42053110897541,4500,2050805645
rand1bin,ADAM,Griewank,200,4,-5260.772156129625,57.53468161076307,9000,1541488759
rand1bin,SignGD,Griewank,200,6,-5201.038607746039,13.829643012955785,2014,1244943426
rand1bin,SMCO_BR,Griewank,200,5,-0.1871876216641133,45.09568560309708,90,1171333552
rand1bin,SA,Rosenbrock,200,9,-1.1921024076149216e-10,178.074014833197,300,268772159
rand1bin,GA,Griewank,200,6,-185.3885297382689,1.1342178229242563,300,1244943426
rand1bin,PSO,Griewank,200,6,-2009.4866559312095,0.637782845646143,300,1244943426
rand1bin,SMCO,Griewank,200,5,-0.9596915981172017,48.95631589926779,315,1171333552
rand1bin,SMCO_EVO,Griewank,200,5,-0.968760989876125,50.48627024143934,315,1171333552
rand1bin,SMCO_R_EVO,Griewank,200,5,-0.16333834359661203,50.820081405341625,315,1171333552
rand1bin,DEoptim,Rosenbrock,200,9,-25658.462377385862,184.9491878915578,300,268772159
rand1bin,SMCO_R,Griewank,200,5,-0.1558748180281977,58.07504734583199,165,1171333552
rand1bin,GD,Griewank,200,5,-4024.290230869676,54.17498090676963,9000,1171333552
rand1bin,SMCO_BR_EVO,Griewank,200,5,-0.18757962801649974,54.66234344430268,165,1171333552
rand1bin,SPSA,Griewank,200,7,-5498.008698648741,0.9012332279235125,8731,2092912266
rand1bin,GenSA,Griewank,200,6,-1.0672601136185733e-08,18.676955295726657,300,1244943426
rand1bin,optimNM,Griewank,200,7,-5488.4326539906615,1.5571797229349613,4500,2092912266
rand1bin,optimLBFGS,Griewank,200,7,-1.1344668648938239e-08,4.987174425274134,277,2092912266
rand1bin,SignGD,Griewank,200,7,-5335.287534311559,12.567763641476631,2014,2092912266
rand1bin,ADAM,Griewank,200,5,-5306.883568272398,60.37445271387696,9000,1171333552
rand1bin,GA,Griewank,200,7,-175.95536794182576,0.9153933748602867,300,2092912266
rand1bin,PSO,Griewank,200,7,-2176.139784200064,0.30305677093565464,300,2092912266
rand1bin,BOBYQA,Griewank,200,4,-4053.6748963651844,81.84749644063413,4500,1541488759
rand1bin,SMCO,Griewank,200,6,-0.9490042702394405,54.9537323769182,315,1244943426
rand1bin,SMCO_R,Griewank,200,6,-0.16209388668191982,54.983929896727204,165,1244943426
rand1bin,SMCO_EVO,Griewank,200,6,-0.9661175671135233,50.22743630968034,315,1244943426
rand1bin,SMCO_BR,Griewank,200,6,-0.19893642424033142,53.304486280307174,90,1244943426
rand1bin,GenSA,Griewank,200,7,-8.1173401333956e-09,18.59296620823443,300,2092912266
rand1bin,DEoptim,Griewank,200,0,-30.937929161897035,190.5367215424776,300,1162190894
rand1bin,GD,Griewank,200,6,-3996.712793531233,52.593748331069946,9000,1244943426
rand1bin,SMCO_R_EVO,Griewank,200,6,-0.1723229402546681,53.793241852894425,315,1244943426
rand1bin,SPSA,Griewank,200,8,-5088.487849492333,0.7562091592699289,8587,2112258783
rand1bin,ADAM,Griewank,200,6,-5270.701778333469,52.86465020291507,9000,1244943426
rand1bin,optimLBFGS,Griewank,200,8,-7.299844954067325e-07,4.353921409696341,292,2112258783
rand1bin,SMCO_EVO,Griewank,200,7,-0.9310368355464143,43.78053137473762,315,2092912266
rand1bin,optimNM,Griewank,200,8,-5077.584659153899,1.597482005134225,4500,2112258783
rand1bin,SMCO_BR_EVO,Griewank,200,6,-0.1678157734909963,60.82997833006084,165,1244943426
rand1bin,SignGD,Griewank,200,8,-4692.374285743332,11.107958560809493,2014,2112258783
rand1bin,SMCO_BR,Griewank,200,7,-0.16387840379323704,48.05042031034827,90,2092912266
rand1bin,PSO,Griewank,200,8,-2055.7080984197255,0.6424392387270927,300,2112258783
rand1bin,GA,Griewank,200,8,-182.21513114374756,1.3692195545881987,300,2112258783
rand1bin,SMCO,Griewank,200,7,-0.9670968646507401,50.49279838614166,315,2092912266
rand1bin,SMCO_R,Griewank,200,7,-0.17589765727626028,51.32676846347749,165,2092912266
rand1bin,SA,Griewank,200,0,-1.5588783597308975e-09,206.08424087241292,300,1162190894
rand1bin,SMCO_R_EVO,Griewank,200,7,-0.15703292289485726,54.73531433567405,315,2092912266
rand1bin,GenSA,Griewank,200,8,-7.200056550971112e-09,15.462606547400355,300,2112258783
rand1bin,SMCO_BR_EVO,Griewank,200,7,-0.20187448602503666,54.83159005641937,165,2092912266
rand1bin,BOBYQA,Griewank,200,5,-4112.298855190693,98.53170152381063,4500,1171333552
rand1bin,GD,Griewank,200,7,-4111.86238256998,57.62115244008601,9000,2092912266
rand1bin,SPSA,Griewank,200,9,-5675.1431215847015,0.7149379998445511,7219,265617050
rand1bin,DEoptim,Griewank,200,1,-45.994221235102664,194.68257161602378,300,141596627
rand1bin,SMCO,Griewank,200,8,-0.9715434421688645,46.569752195850015,315,2112258783
rand1bin,optimNM,Griewank,200,9,-5665.617801921002,1.017853343859315,4500,265617050
rand1bin,BOBYQA,Griewank,200,6,-3824.0529688725182,78.87830361537635,4500,1244943426
rand1bin,optimLBFGS,Griewank,200,9,-9.508419998027762e-07,6.20104817673564,324,265617050
rand1bin,ADAM,Griewank,200,7,-5422.977541525425,62.71627821959555,9000,2092912266
rand1bin,SignGD,Griewank,200,9,-5311.783277895473,12.909423844888806,2513,265617050
rand1bin,PSO,Griewank,200,9,-1767.425669365013,0.3074233867228031,300,265617050
rand1bin,GA,Griewank,200,9,-181.31755764648045,0.754414014518261,300,265617050
rand1bin,SMCO_R,Griewank,200,8,-0.18384101658831264,51.63543389365077,165,2112258783
rand1bin,SA,Griewank,200,1,-1.7046326572511816e-09,208.69820646755397,300,141596627
rand1bin,SMCO_BR,Griewank,200,8,-0.1809697808817441,51.2181363645941,90,2112258783
rand1bin,SMCO_R_EVO,Griewank,200,8,-0.163416860915652,50.11543208360672,315,2112258783
rand1bin,SMCO_EVO,Griewank,200,8,-0.9673714666428873,54.37250837124884,315,2112258783
rand1bin,GD,Zakharov,200,0,-2.0386711672175123e+17,0.7665928527712822,105,1495214881
rand1bin,SMCO_BR_EVO,Griewank,200,8,-0.18092824092607873,54.749061815440655,165,2112258783
rand1bin,GenSA,Griewank,200,9,-5.292013049995603e-09,15.546200573444366,300,265617050
rand1bin,SPSA,Zakharov,200,0,-189961627099095.3,0.48244546726346016,8171,1495214881
rand1bin,ADAM,Griewank,200,8,-5016.119994337148,54.57019251212478,9000,2112258783
rand1bin,GD,Griewank,200,8,-3804.1820680575734,58.31424471735954,9000,2112258783
rand1bin,SignGD,Zakharov,200,0,-3495.440855451382,11.377093760296702,1701,1495214881
rand1bin,optimNM,Zakharov,200,0,-2.0043050226566102e+17,0.9542052615433931,4500,1495214881
rand1bin,optimLBFGS,Zakharov,200,0,-6.079650572069526e-09,11.257314251735806,991,1495214881
rand1bin,SA,Griewank,200,2,-0.009864674228898807,199.5541096366942,300,2118233548
rand1bin,SMCO_EVO,Griewank,200,9,-0.9725108791392688,47.77087883464992,315,265617050
rand1bin,PSO,Zakharov,200,0,-8779.905092183712,0.44369412027299404,300,1495214881
rand1bin,GA,Zakharov,200,0,-1558.1635473228164,1.339031269773841,300,1495214881
rand1bin,SMCO_BR,Griewank,200,9,-0.1851559266988595,50.64284909144044,90,265617050
rand1bin,SMCO_R_EVO,Griewank,200,9,-0.1861638125633922,49.261500710621476,315,265617050
rand1bin,BOBYQA,Griewank,200,7,-4342.362166236123,89.29112481698394,4500,2092912266
rand1bin,DEoptim,Griewank,200,2,-42.633919093697344,205.48293973505497,300,2118233548
rand1bin,SMCO_R,Griewank,200,9,-0.1648629572233703,56.704747684299946,165,265617050
rand1bin,SMCO,Griewank,200,9,-0.9283996101634918,57.459416626021266,315,265617050
rand1bin,GD,Zakharov,200,1,-1.590428201573839e+17,0.4145002495497465,105,1485425737
rand1bin,GD,Griewank,200,9,-4242.319009103909,50.50199848227203,9000,265617050
rand1bin,SPSA,Zakharov,200,1,-26319213691400.0,0.5102111604064703,8612,1485425737
rand1bin,DEoptim,Griewank,200,3,-37.27126460287867,191.89650131575763,300,2050805645
rand1bin,GenSA,Zakharov,200,0,-4.921146205646413e-09,18.731517013162374,300,1495214881
rand1bin,optimNM,Zakharov,200,1,-1.5602931326130518e+17,1.6268049720674753,4500,1485425737
rand1bin,SMCO_BR_EVO,Griewank,200,9,-0.16911306470717447,58.26736192777753,165,265617050
rand1bin,SignGD,Zakharov,200,1,-3179.7013042588587,9.881647314876318,1915,1485425737
rand1bin,SMCO,Zakharov,200,0,-9.123651584495711,42.30280061252415,315,1495214881
rand1bin,GA,Zakharov,200,1,-1554.186770253145,0.7968440540134907,300,1485425737
rand1bin,PSO,Zakharov,200,1,-8989.178471106206,0.24847757257521152,300,1485425737
rand1bin,SMCO_R,Zakharov,200,0,-24.348382146202173,44.762330144643784,165,1495214881
rand1bin,ADAM,Griewank,200,9,-5594.385913860103,55.966350411996245,9000,265617050
rand1bin,optimLBFGS,Zakharov,200,1,-1.1189148529583772e-08,11.506117444485426,1004,1485425737
rand1bin,SMCO_BR,Zakharov,200,0,-97.6853366184432,45.715142492204905,90,1495214881
rand1bin,BOBYQA,Griewank,200,8,-3530.5993419130546,88.50925295986235,4500,2112258783
rand1bin,SMCO_EVO,Zakharov,200,0,-8.112800917146373,50.390574771910906,315,1495214881
rand1bin,SMCO_BR_EVO,Zakharov,200,0,-110.55436350641227,48.48529021628201,165,1495214881
rand1bin,SMCO_R_EVO,Zakharov,200,0,-33.398128025220835,50.46992409788072,315,1495214881
rand1bin,SA,Griewank,200,3,-1.472849064931836e-09,209.7529020998627,300,2050805645
rand1bin,GD,Zakharov,200,2,-1.542686757345379e+17,0.7707373462617397,105,416878452
rand1bin,SPSA,Zakharov,200,2,-3248309631945.3125,0.7538044974207878,8354,416878452
rand1bin,GenSA,Zakharov,200,1,-5.721706614119511e-09,18.49681130796671,300,1485425737
rand1bin,optimNM,Zakharov,200,2,-1.516877532340344e+17,1.7008570674806833,4500,416878452
rand1bin,optimLBFGS,Zakharov,200,2,-1.491425987670413e-08,7.810735575854778,1024,416878452
rand1bin,ADAM,Zakharov,200,0,-4142642036077496.5,51.46897893957794,9000,1495214881
rand1bin,SignGD,Zakharov,200,2,-2992.7838015927437,10.61838530935347,1797,416878452
rand1bin,GA,Zakharov,200,2,-1470.4489753166279,1.1872049067169428,300,416878452
rand1bin,PSO,Zakharov,200,2,-8791.299692580795,0.4454802591353655,300,416878452
rand1bin,SMCO_R,Zakharov,200,1,-21.32071742237005,45.35913480259478,165,1485425737
rand1bin,SA,Griewank,200,4,-1.6283800974292717e-09,200.0165497288108,300,1541488759
rand1bin,DEoptim,Griewank,200,4,-34.613672980897086,196.01291562989354,300,1541488759
rand1bin,SMCO_BR_EVO,Zakharov,200,1,-87.39410124090315,43.75369166582823,165,1485425737
rand1bin,SMCO_BR,Zakharov,200,1,-89.34089490732681,48.94438910484314,90,1485425737
rand1bin,GenSA,Zakharov,200,2,-8.770232790012143e-09,18.816472742706537,300,416878452
rand1bin,SMCO,Zakharov,200,1,-8.332197658022071,53.6867308486253,315,1485425737
rand1bin,SMCO_EVO,Zakharov,200,1,-7.476699220893259,52.17255391553044,315,1485425737
rand1bin,GD,Zakharov,200,3,-1.4403982855650851e+17,0.8502090200781822,105,2081297402
rand1bin,SPSA,Zakharov,200,3,-175070124595245.3,0.8137541469186544,8892,2081297402
rand1bin,SMCO_R_EVO,Zakharov,200,1,-23.6735093602984,53.986337872222066,315,1485425737
rand1bin,BOBYQA,Griewank,200,9,-4443.258029395437,88.03238388895988,4500,265617050
rand1bin,ADAM,Zakharov,200,1,-2607686884808586.5,51.00986650772393,9000,1485425737
rand1bin,optimNM,Zakharov,200,3,-1.3903376729919499e+17,1.442809198051691,4500,2081297402
rand1bin,SignGD,Zakharov,200,3,-3188.6135900655136,7.819594839587808,1919,2081297402
rand1bin,SMCO_R_EVO,Zakharov,200,2,-20.20482415596131,39.221837013959885,315,416878452
rand1bin,DEoptim,Griewank,200,5,-45.462846197570734,193.12526490539312,300,1171333552
rand1bin,GA,Zakharov,200,3,-1262.4140309629847,1.2656640354543924,300,2081297402
rand1bin,PSO,Zakharov,200,3,-9260.154090543323,0.3080518767237663,300,2081297402
rand1bin,SMCO_EVO,Zakharov,200,2,-7.7152206204876155,41.828473253175616,315,416878452
rand1bin,SMCO,Zakharov,200,2,-7.552344300766187,45.390856659039855,315,416878452
rand1bin,optimLBFGS,Zakharov,200,3,-3.041735936556406e-09,11.549390034750104,1021,2081297402
rand1bin,SMCO_R,Zakharov,200,2,-25.53619070315994,49.65092908218503,165,416878452
rand1bin,SMCO_BR,Zakharov,200,2,-116.14698262563756,50.44011112302542,90,416878452
rand1bin,GD,Zakharov,200,4,-1.1154643245553408e+17,0.6533081475645304,105,851655650
rand1bin,GenSA,Zakharov,200,3,-1.647516999572073e-08,17.54745451360941,300,2081297402
rand1bin,SMCO_BR_EVO,Zakharov,200,2,-160.0772408276983,51.80690546147525,165,416878452
rand1bin,ADAM,Zakharov,200,2,-2776738189978289.0,51.78221010044217,9000,416878452
rand1bin,SPSA,Zakharov,200,4,-10323733688895.312,0.7884066198021173,8258,851655650
rand1bin,SignGD,Zakharov,200,4,-2851.7753991563736,9.821315178647637,1761,851655650
rand1bin,optimNM,Zakharov,200,4,-1.092826218014581e+17,1.1084229592233896,4500,851655650
rand1bin,SA,Griewank,200,5,-1.7564940613112867e-09,214.72979150153697,300,1171333552
rand1bin,SMCO,Zakharov,200,3,-8.562852787174524,48.09238938987255,315,2081297402
rand1bin,optimLBFGS,Zakharov,200,4,-5.00875321359688e-09,9.86311462894082,1009,851655650
rand1bin,SMCO_R,Zakharov,200,3,-21.664802015222357,45.937156300991774,165,2081297402
rand1bin,PSO,Zakharov,200,4,-8577.76737731348,0.45042963698506355,300,851655650
rand1bin,GA,Zakharov,200,4,-1961.3011660429609,1.3656972367316484,300,851655650
rand1bin,DEoptim,Griewank,200,6,-46.18512956417697,196.64917413145304,300,1244943426
rand1bin,SMCO_BR,Zakharov,200,3,-88.51844773385038,49.86701701954007,90,2081297402
rand1bin,GenSA,Zakharov,200,4,-6.0173932437493665e-09,14.447268487885594,300,851655650
rand1bin,SMCO_EVO,Zakharov,200,3,-8.477068265825926,51.77417001128197,315,2081297402
rand1bin,SMCO_R_EVO,Zakharov,200,3,-25.204805552513367,50.03662086836994,315,2081297402
rand1bin,GD,Zakharov,200,5,-1.6251048281758518e+17,0.8719820026308298,105,1070835300
rand1bin,SMCO_BR_EVO,Zakharov,200,3,-82.05834786230979,53.18887097388506,165,2081297402
rand1bin,ADAM,Zakharov,200,3,-2483432887784056.0,51.126638324931264,9000,2081297402
rand1bin,SPSA,Zakharov,200,5,-2402579060675.0,0.5648175086826086,8702,1070835300
rand1bin,DEoptim,Griewank,200,7,-27.68294525259803,185.25450898893178,300,2092912266
rand1bin,SMCO_R,Zakharov,200,4,-23.767799588364923,43.17326353862882,165,851655650
rand1bin,optimNM,Zakharov,200,5,-1.5972820828487968e+17,1.4926020950078964,4500,1070835300
rand1bin,SA,Griewank,200,6,-0.0885069214830635,212.57693059556186,300,1244943426
rand1bin,SignGD,Zakharov,200,5,-3022.8594630292323,9.337949698790908,1567,1070835300
rand1bin,SMCO_EVO,Zakharov,200,4,-8.117292753417868,47.07101553864777,315,851655650
rand1bin,SMCO_R_EVO,Zakharov,200,4,-20.27291539053431,45.16674159280956,315,851655650
rand1bin,PSO,Zakharov,200,5,-8961.332386460588,0.29435605742037296,300,1070835300
rand1bin,GA,Zakharov,200,5,-1264.3294578760783,0.7467745281755924,300,1070835300
rand1bin,SMCO_BR,Zakharov,200,4,-78.75883832353712,48.317763892933726,90,851655650
rand1bin,SMCO,Zakharov,200,4,-8.455151817023003,50.45764357596636,315,851655650
rand1bin,optimLBFGS,Zakharov,200,5,-5.381176715390702e-09,11.565419647842646,1000,1070835300
rand1bin,SMCO_BR_EVO,Zakharov,200,4,-88.89637387661993,49.26751696318388,165,851655650
rand1bin,GenSA,Zakharov,200,5,-6.6350293576694455e-09,16.549848986789584,300,1070835300
rand1bin,SA,Griewank,200,7,-2.013160083080834e-09,206.79567446373403,300,2092912266
rand1bin,GD,Zakharov,200,6,-1.803295477180548e+17,0.6990963723510504,105,1588468405
rand1bin,ADAM,Zakharov,200,4,-1645685520989748.2,54.4812872633338,9000,851655650
rand1bin,SPSA,Zakharov,200,6,-28953330645.3125,0.7308274656534195,7781,1588468405
rand1bin,SignGD,Zakharov,200,6,-3360.3614493309797,11.069177543744445,1735,1588468405
rand1bin,DEoptim,Griewank,200,8,-40.908886981445995,191.4820786099881,300,2112258783
rand1bin,optimNM,Zakharov,200,6,-1.759933067005112e+17,1.6236800570040941,4500,1588468405
rand1bin,SMCO,Zakharov,200,5,-10.542591887362741,47.67067397199571,315,1070835300
rand1bin,SMCO_EVO,Zakharov,200,5,-7.996697582462021,44.47584082558751,315,1070835300
rand1bin,optimLBFGS,Zakharov,200,6,-5.699288613126554e-09,10.976428857073188,1007,1588468405
rand1bin,SMCO_R,Zakharov,200,5,-22.54929071388656,50.758087158203125,165,1070835300
rand1bin,GA,Zakharov,200,6,-1361.3990851795886,1.382520779967308,300,1588468405
rand1bin,PSO,Zakharov,200,6,-8887.766899680186,0.48571037128567696,300,1588468405
rand1bin,SMCO_R_EVO,Zakharov,200,5,-23.85105358610183,45.89930755086243,315,1070835300
rand1bin,SMCO_BR,Zakharov,200,5,-93.00139605858199,53.24327129870653,90,1070835300
rand1bin,ADAM,Zakharov,200,5,-3082376452858085.5,45.975581584498286,9000,1070835300
rand1bin,SMCO_BR_EVO,Zakharov,200,5,-183.1374331690288,52.152134012430906,165,1070835300
rand1bin,SMCO,Zakharov,200,6,-8.384822043261842,42.35003747791052,315,1588468405
rand1bin,SA,Griewank,200,8,-1.6973094041361492e-09,209.67070060037076,300,2112258783
rand1bin,GD,Zakharov,200,7,-1.5479379220080794e+17,0.7239686343818903,105,2128855260
rand1bin,SMCO_R,Zakharov,200,6,-22.727622610670725,43.410843551158905,165,1588468405
rand1bin,SPSA,Zakharov,200,7,-10851921655625.0,0.809701094403863,8907,2128855260
rand1bin,GenSA,Zakharov,200,6,-6.358345582470662e-09,19.382842736318707,300,1588468405
rand1bin,SMCO_R_EVO,Zakharov,200,6,-22.817232321673146,43.63281348720193,315,1588468405
rand1bin,SMCO_BR,Zakharov,200,6,-96.57475902168213,49.300100019201636,90,1588468405
rand1bin,optimNM,Zakharov,200,7,-1.512335110703218e+17,1.305580424144864,4500,2128855260
rand1bin,SMCO_BR_EVO,Zakharov,200,6,-93.72826057556445,44.631353456526995,165,1588468405
rand1bin,SignGD,Zakharov,200,7,-3066.2899396000066,10.410539209842682,1757,2128855260
rand1bin,SMCO_EVO,Zakharov,200,6,-23.82585584168245,51.01956805586815,315,1588468405
rand1bin,optimLBFGS,Zakharov,200,7,-4.804676606777414e-09,8.953171046450734,972,2128855260
rand1bin,PSO,Zakharov,200,7,-8339.374875669573,0.5393342636525631,300,2128855260
rand1bin,GA,Zakharov,200,7,-1354.4423465665227,1.3521677814424038,300,2128855260
rand1bin,DEoptim,Griewank,200,9,-47.490838727121,199.01318676024675,300,265617050
rand1bin,ADAM,Zakharov,200,6,-3714260401539151.5,53.2299471013248,9000,1588468405
rand1bin,GenSA,Zakharov,200,7,-6.448753345196355e-09,17.67196180857718,300,2128855260
rand1bin,SA,Griewank,200,9,-2.1136460359727494e-09,209.53854754380882,300,265617050
rand1bin,GD,Zakharov,200,8,-5.587855230760333e+16,0.7302555926144123,105,671574896
rand1bin,DEoptim,Zakharov,200,0,-1806.014647142313,187.22261631302536,300,1495214881
rand1bin,SMCO,Zakharov,200,7,-7.578959860070499,43.318614119663835,315,2128855260
rand1bin,SMCO_BR,Zakharov,200,7,-98.6324105003461,43.01285734772682,90,2128855260
rand1bin,SMCO_R,Zakharov,200,7,-23.70822500448695,43.577009193599224,165,2128855260
rand1bin,SPSA,Zakharov,200,8,-823114821120.3125,0.7277464959770441,8857,671574896
rand1bin,optimNM,Zakharov,200,8,-5.4461097027553096e+16,1.5118948109447956,4500,671574896
rand1bin,SignGD,Zakharov,200,8,-2767.2878286687137,9.070755995810032,1673,671574896
rand1bin,SMCO_EVO,Zakharov,200,7,-8.616008706907095,47.7118553686887,315,2128855260
rand1bin,SMCO_R_EVO,Zakharov,200,7,-23.18898385687756,47.80306349694729,315,2128855260
rand1bin,optimLBFGS,Zakharov,200,8,-6.172200122809618e-09,10.516336919739842,1028,671574896
rand1bin,PSO,Zakharov,200,8,-8742.330445376545,0.45394400879740715,300,671574896
rand1bin,GA,Zakharov,200,8,-1782.2558182954751,0.7787964046001434,300,671574896
rand1bin,SMCO_BR_EVO,Zakharov,200,7,-96.50036420604948,47.12449672445655,165,2128855260
rand1bin,ADAM,Zakharov,200,7,-2679682262283039.0,49.84664871543646,9000,2128855260
rand1bin,GenSA,Zakharov,200,8,-5.775291573660517e-09,17.13353375531733,300,671574896
rand1bin,SMCO_R,Zakharov,200,8,-25.71989818136129,44.80558178015053,165,671574896
rand1bin,DEoptim,Zakharov,200,1,-1648.1727457444863,194.50561966374516,300,1485425737
rand1bin,SMCO_EVO,Zakharov,200,8,-10.10048300817063,39.98399953916669,315,671574896
rand1bin,GD,Zakharov,200,9,-1.561533997087305e+17,0.8364402465522289,105,1773159981
rand1bin,SMCO,Zakharov,200,8,-14.135286373816218,48.85275426506996,315,671574896
rand1bin,SPSA,Zakharov,200,9,-1922400978420.3125,0.7573758568614721,8247,1773159981
rand1bin,SMCO_BR,Zakharov,200,8,-97.93805564226473,49.911660524085164,90,671574896
rand1bin,SignGD,Zakharov,200,9,-3223.927935038633,10.853165844455361,1805,1773159981
rand1bin,optimNM,Zakharov,200,9,-1.528799995319841e+17,1.6229098048061132,4500,1773159981
rand1bin,optimLBFGS,Zakharov,200,9,-7.794955305628356e-09,9.504004504531622,1010,1773159981
rand1bin,SMCO_BR_EVO,Zakharov,200,8,-98.86728257075904,45.04803619720042,165,671574896
rand1bin,DEoptim,Zakharov,200,2,-1852.01030444786,189.76257100142539,300,416878452
rand1bin,GA,Zakharov,200,9,-1331.9779017844414,1.190390883013606,300,1773159981
rand1bin,PSO,Zakharov,200,9,-9783.208432552754,0.4387478157877922,300,1773159981
rand1bin,SMCO_R_EVO,Zakharov,200,8,-26.074325656907487,52.730348439887166,315,671574896
rand1bin,ADAM,Zakharov,200,8,-497410272659949.3,47.642135825008154,9000,671574896
rand1bin,SMCO,Zakharov,200,9,-7.9097336152054485,41.50241897441447,315,1773159981
rand1bin,GenSA,Zakharov,200,9,-5.01899756037173e-09,15.821225352585316,300,1773159981
rand1bin,SMCO_R,Zakharov,200,9,-24.673128890402023,45.43585471622646,165,1773159981
rand1bin,SMCO_EVO,Zakharov,200,9,-8.09045068648106,39.4592272285372,315,1773159981
rand1bin,SMCO_BR_EVO,Zakharov,200,9,-95.50381933468509,35.986500062048435,165,1773159981
rand1bin,SMCO_BR,Zakharov,200,9,-84.24939990455935,49.62911469489336,90,1773159981
rand1bin,SMCO_R_EVO,Zakharov,200,9,-21.064861861867545,49.534459471702576,315,1773159981
rand1bin,DEoptim,Zakharov,200,3,-1896.3568490567202,198.58612923137844,300,2081297402
rand1bin,ADAM,Zakharov,200,9,-2711009925428888.5,49.32702054269612,9000,1773159981
rand1bin,SA,Zakharov,200,1,-2.9869124887028932e-09,247.45989611186087,300,1485425737
rand1bin,SA,Zakharov,200,0,-2.867164734792802e-09,276.4542045034468,300,1495214881
rand1bin,SA,Zakharov,200,2,-2.7852070077592056e-09,243.25942600890994,300,416878452
rand1bin,DEoptim,Zakharov,200,5,-1551.0492287588283,173.13351955078542,300,1070835300
rand1bin,DEoptim,Zakharov,200,4,-1682.331316357313,205.4310357030481,300,851655650
rand1bin,DEoptim,Zakharov,200,6,-1770.603881920707,157.25371264107525,300,1588468405
rand1bin,SA,Zakharov,200,3,-2.797033682386124e-09,247.9399617742747,300,2081297402
rand1bin,SA,Zakharov,200,4,-3.372882775970758e-09,250.9056085627526,300,851655650
rand1bin,DEoptim,Zakharov,200,7,-1604.8149048294524,171.77738225832582,300,2128855260
rand1bin,BOBYQA,Zakharov,200,0,-1.0662287002633426e+16,348.0904585067183,4500,1495214881
rand1bin,SA,Zakharov,200,5,-2.907471523511713e-09,233.02393135987222,300,1070835300
rand1bin,DEoptim,Zakharov,200,9,-2147.774911935919,127.57538446038961,300,1773159981
rand1bin,DEoptim,Zakharov,200,8,-1692.323188545305,160.70641967467964,300,671574896
rand1bin,SA,Zakharov,200,7,-3.0953064539438307e-09,194.77624119259417,300,2128855260
rand1bin,SA,Zakharov,200,6,-2.850512470596754e-09,223.73998759500682,300,1588468405
rand1bin,BOBYQA,Zakharov,200,1,-1.0376095536785718e+16,365.3576444853097,4500,1485425737
rand1bin,SA,Zakharov,200,9,-2.8408103762880298e-09,164.659460445866,300,1773159981
rand1bin,BOBYQA,Zakharov,200,4,-4470520481780466.0,309.3700090199709,4500,851655650
rand1bin,SA,Zakharov,200,8,-2.8004502616207977e-09,205.5633441209793,300,671574896
rand1bin,BOBYQA,Zakharov,200,5,-4327784578493391.0,314.52877689152956,4500,1070835300
rand1bin,BOBYQA,Zakharov,200,6,-2080715986971427.2,294.23692155070603,4500,1588468405
rand1bin,BOBYQA,Zakharov,200,3,-5448514272941123.0,387.5993689801544,4500,2081297402
rand1bin,BOBYQA,Zakharov,200,2,-5936291854664150.0,421.0387009959668,4500,416878452
rand1bin,BOBYQA,Zakharov,200,9,-1453598898868253.2,257.6625231038779,4500,1773159981
rand1bin,BOBYQA,Zakharov,200,7,-1.5575532518149768e+16,331.8658307287842,4500,2128855260
rand1bin,BOBYQA,Zakharov,200,8,-3619995960971544.5,306.9708641767502,4500,671574896
rand1bin,PSO,Rastrigin,4000,1,-66807.69681633254,3.997588327154517,300,543286753
rand1bin,PSO,Rastrigin,4000,0,-70406.87319843871,4.360843297094107,300,813956088
rand1bin,PSO,Ackley,4000,0,-21.173593472773007,4.174892554059625,300,1158094505
rand1bin,GA,Rastrigin,4000,0,-43948.3726158056,7.576255356892943,300,813956088
rand1bin,GA,Ackley,4000,0,-16.68430230566384,7.528110835701227,300,1158094505
rand1bin,GA,Rastrigin,4000,1,-43409.94548248143,8.235074812546372,300,543286753
rand1bin,PSO,Ackley,4000,1,-21.10042156905669,4.887824298813939,300,398596690
rand1bin,GA,Ackley,4000,1,-17.32683311397895,8.09957580640912,300,398596690
rand1bin,SA,Rastrigin,4000,0,-61155.601075954226,1294.4900355320424,300,813956088
rand1bin,SA,Ackley,4000,0,-21.223141783294846,1423.2346252314746,300,1158094505
rand1bin,SA,Rastrigin,4000,1,-61315.04168008198,1600.5330081433058,300,543286753
rand1bin,SA,Ackley,4000,1,-21.204914105481386,1750.2722198609263,300,398596690
rand1bin,GenSA,Ackley,4000,1,-3.6981301487723433,2223.785768100992,300,398596690
rand1bin,GenSA,Ackley,4000,0,-4.931127025659251,2242.17510651052,300,1158094505
rand1bin,GenSA,Rastrigin,4000,1,-38.80550134222722,2392.5567796118557,300,543286753
rand1bin,GenSA,Rastrigin,4000,0,-40.138120501120284,2442.855677133426,300,813956088
rand1bin,GA,Rosenbrock,4000,0,-43184992.049967244,5.293961890041828,300,203850383
rand1bin,PSO,Rosenbrock,4000,0,-419931017.26976913,2.7879705727100372,300,203850383
rand1bin,SA,Rosenbrock,4000,0,-12123464.204833023,511.2689042314887,300,203850383
rand1bin,GenSA,Rosenbrock,4000,0,-267.37839288066834,1879.6029120236635,300,203850383
rand1bin,SMCO_R,Rosenbrock,4000,0,-1493.8010872697287,5808.077949792147,214,203850383
rand1bin,SMCO,Rosenbrock,4000,0,-1146.425812037492,6574.648439701647,364,203850383
rand1bin,SMCO_BR,Rosenbrock,4000,0,-19842.964901822816,5480.151469800621,139,203850383
rand1bin,SMCO_EVO,Rosenbrock,4000,0,-899.4603306393981,5473.129597712308,364,203850383
rand1bin,SMCO_R_EVO,Rosenbrock,4000,0,-592.2932329520331,5438.997190510854,364,203850383
rand1bin,SA,Rosenbrock,4000,1,-12402917.79217528,410.75899621099234,300,270267170
rand1bin,SMCO_BR_EVO,Rosenbrock,4000,0,-19969.505982957162,6715.496179815382,214,203850383
rand1bin,GA,Rosenbrock,4000,1,-42858605.65546528,5.5709995944052935,300,270267170
rand1bin,PSO,Rosenbrock,4000,1,-424068004.8448019,2.808769389986992,300,270267170
rand1bin,GenSA,Rosenbrock,4000,1,-161.9405664553873,1701.7847296893597,300,270267170
rand1bin,SMCO,Rosenbrock,4000,1,-1241.1399970318334,6588.772735174745,364,270267170
rand1bin,SMCO_R,Rosenbrock,4000,1,-1314.9205537068233,6575.15107585676,214,270267170
rand1bin,SMCO_BR,Rosenbrock,4000,1,-19592.701317413805,6654.052230030298,139,270267170
rand1bin,SMCO_EVO,Rosenbrock,4000,1,-864.2314290659015,5564.535223457962,364,270267170
rand1bin,SMCO_BR_EVO,Rosenbrock,4000,1,-19531.33626468543,5886.26274718903,214,270267170
rand1bin,SMCO_R_EVO,Rosenbrock,4000,1,-364.68288872661844,6370.610964080319,364,270267170
rand1bin,SMCO,Rastrigin,4000,0,-33896.54360174047,16256.32483642362,364,813956088
rand1bin,SMCO_R,Rastrigin,4000,0,-33812.6990905759,17733.37532475777,214,813956088
rand1bin,SMCO_BR_EVO,Rastrigin,4000,0,-33996.490065276914,17962.173195976764,214,813956088
rand1bin,SMCO_BR_EVO,Rastrigin,4000,1,-34065.69632187392,18151.738272326067,214,543286753
rand1bin,SMCO_BR,Rastrigin,4000,1,-34060.6687889275,19862.46707619168,139,543286753
rand1bin,SMCO_EVO,Rastrigin,4000,0,-33898.12214448351,20608.371851861477,364,813956088
rand1bin,SMCO,Rastrigin,4000,1,-33977.75260474973,21014.739088356495,364,543286753
rand1bin,SMCO_R_EVO,Rastrigin,4000,1,-33892.99383257749,21153.715978233144,364,543286753
rand1bin,SMCO_EVO,Rastrigin,4000,1,-33978.140589430295,21155.04461346753,364,543286753
rand1bin,SMCO_BR_EVO,Ackley,4000,1,-2.037116160794494,21175.7251475472,214,398596690
rand1bin,SMCO_R_EVO,Rastrigin,4000,0,-33812.0918449587,21209.722880749032,364,813956088
rand1bin,SMCO_R,Rastrigin,4000,1,-33892.757432425846,21286.513167731464,214,543286753
rand1bin,SMCO_BR,Rastrigin,4000,0,-33994.80251229948,21878.703523052856,139,813956088
rand1bin,SMCO,Ackley,4000,0,-0.33789746363447337,22268.88557553664,364,1158094505
rand1bin,SMCO_R_EVO,Ackley,4000,0,-0.07336524654385501,22643.73572507687,364,1158094505
rand1bin,SMCO_R_EVO,Ackley,4000,1,-0.07332626925887498,22736.612961109728,364,398596690
rand1bin,SMCO_EVO,Ackley,4000,1,-0.3397838575561889,22784.722103342414,364,398596690
rand1bin,SMCO,Ackley,4000,1,-0.33868857389203244,22841.549821536988,364,398596690
rand1bin,SMCO_EVO,Ackley,4000,0,-0.33950035687630775,22861.86568810232,364,1158094505
rand1bin,SMCO_R,Ackley,4000,1,-0.07382205497021177,22953.49358239211,214,398596690
rand1bin,SMCO_R,Ackley,4000,0,-0.07292967772956915,23019.67564930208,214,1158094505
rand1bin,SMCO_BR,Ackley,4000,1,-1.9846412147912642,23773.56960984692,139,398596690
rand1bin,SMCO_BR,Ackley,4000,0,-2.1640103060774263,24423.803988087922,139,1158094505
rand1bin,SMCO_BR_EVO,Ackley,4000,0,-2.060838362445154,24876.40728267096,214,1158094505
rand1bin,DEoptim,Rastrigin,4000,0,-47810.71205964495,27116.826014595106,300,813956088
rand1bin,DEoptim,Rastrigin,4000,1,-47223.28983867143,27124.28263228759,300,543286753
rand1bin,DEoptim,Rosenbrock,4000,0,-56428453.357557856,24752.127643555403,300,203850383
rand1bin,DEoptim,Ackley,4000,0,-18.16725594155195,27587.636766349897,300,1158094505
rand1bin,DEoptim,Ackley,4000,1,-18.172488081956196,27611.12142759934,300,398596690
rand1bin,DEoptim,Rosenbrock,4000,1,-55091600.78293415,23252.375547191128,300,270267170
current-to-best1bin,PSO,Rastrigin,200,0,-2110.484125690013,0.2899763211607933,300,647279673
current-to-best1bin,PSO,Rastrigin,200,1,-2349.5930878052186,0.46476078405976295,300,1677437249
current-to-best1bin,SPSA,Rastrigin,200,0,-2563.0075099405494,0.543139711022377,6251,647279673
current-to-best1bin,SPSA,Rastrigin,200,1,-2591.8397724017545,0.6372086387127638,6844,1677437249
current-to-best1bin,GA,Rastrigin,200,0,-1874.2642690282407,1.2781231198459864,300,647279673
current-to-best1bin,GA,Rastrigin,200,1,-1795.439758803569,1.3136599939316511,300,1677437249
current-to-best1bin,optimNM,Rastrigin,200,1,-3387.6401658173017,1.4485602583736181,4500,1677437249
current-to-best1bin,optimNM,Rastrigin,200,0,-3344.639468472361,1.6323243882507086,4500,647279673
current-to-best1bin,SPSA,Rastrigin,200,2,-2712.8576147054678,0.539188776165247,5624,869192137
current-to-best1bin,optimLBFGS,Rastrigin,200,1,-1221.803231940503,3.514477090910077,229,1677437249
current-to-best1bin,optimLBFGS,Rastrigin,200,0,-1326.273085183746,3.6648812480270863,237,647279673
current-to-best1bin,optimNM,Rastrigin,200,2,-3378.649502729375,1.586623104289174,4500,869192137
current-to-best1bin,optimLBFGS,Rastrigin,200,2,-1187.974308182025,4.041441507637501,242,869192137
current-to-best1bin,SignGD,Rastrigin,200,0,-1719.324189731857,14.189675623551011,2513,647279673
current-to-best1bin,SignGD,Rastrigin,200,1,-1632.2675956738728,14.732260530814528,2513,1677437249
current-to-best1bin,GA,Rastrigin,200,2,-1904.188785252789,1.2303513772785664,300,869192137
current-to-best1bin,SignGD,Rastrigin,200,2,-1606.475106459799,14.838428584858775,2513,869192137
current-to-best1bin,PSO,Rastrigin,200,2,-2007.4440615203064,0.45657567866146564,300,869192137
current-to-best1bin,GenSA,Rastrigin,200,0,-1.9899181141920508,23.33204071596265,300,647279673
current-to-best1bin,GenSA,Rastrigin,200,1,-1.9899181141925055,23.987513659521937,300,1677437249
current-to-best1bin,GD,Rastrigin,200,1,-2534.1449996814035,26.33844724111259,4599,1677437249
current-to-best1bin,GD,Rastrigin,200,2,-2561.013591122185,27.29046300239861,4621,869192137
current-to-best1bin,GD,Rastrigin,200,0,-2372.9633198907622,29.284283757209778,5005,647279673
current-to-best1bin,GenSA,Rastrigin,200,2,-4.974795285472737,26.2447078358382,300,869192137
current-to-best1bin,SMCO_EVO,Rastrigin,200,0,-388.8168071544392,35.64213586784899,315,647279673
current-to-best1bin,SMCO_EVO,Rastrigin,200,1,-402.74739344708723,36.82994348742068,315,1677437249
current-to-best1bin,SMCO_R,Rastrigin,200,0,-388.30744654430464,36.92471182718873,165,647279673
current-to-best1bin,SPSA,Rastrigin,200,3,-2682.5091046532357,0.24449551291763783,5568,949772676
current-to-best1bin,ADAM,Rastrigin,200,1,-1564.066438474212,37.62439967691898,7695,1677437249
current-to-best1bin,ADAM,Rastrigin,200,0,-1649.631883032912,37.92307533696294,7697,647279673
current-to-best1bin,optimNM,Rastrigin,200,3,-3436.4706295261576,1.3731758948415518,4500,949772676
current-to-best1bin,SMCO_BR,Rastrigin,200,2,-377.0170782776488,38.85010836832225,90,869192137
current-to-best1bin,optimLBFGS,Rastrigin,200,3,-1215.833495961103,3.6044967398047447,238,949772676
current-to-best1bin,GA,Rastrigin,200,3,-1819.9133767362323,1.27301131375134,300,949772676
current-to-best1bin,SMCO_BR_EVO,Rastrigin,200,1,-403.9391029965452,42.14110027998686,165,1677437249
current-to-best1bin,PSO,Rastrigin,200,3,-2167.0629650015,0.45438627153635025,300,949772676
current-to-best1bin,SMCO,Rastrigin,200,0,-393.6966298909674,42.81237457320094,315,647279673
current-to-best1bin,SMCO_BR_EVO,Rastrigin,200,0,-380.5837720156658,42.94830759242177,165,647279673
current-to-best1bin,SMCO_EVO,Rastrigin,200,2,-381.0718482634104,42.930935740470886,315,869192137
current-to-best1bin,SignGD,Rastrigin,200,3,-1500.2453555101538,13.107806973159313,2513,949772676
current-to-best1bin,ADAM,Rastrigin,200,2,-1558.097279288144,43.303362319245934,7705,869192137
current-to-best1bin,SMCO_R_EVO,Rastrigin,200,1,-397.31629765162256,46.040597788989544,315,1677437249
current-to-best1bin,SMCO_R,Rastrigin,200,1,-392.53064444704205,47.713444124907255,165,1677437249
current-to-best1bin,SMCO_BR,Rastrigin,200,1,-403.5942404105658,48.55432973243296,90,1677437249
current-to-best1bin,SMCO_R,Rastrigin,200,2,-379.42737172215834,48.567434618249536,165,869192137
current-to-best1bin,SMCO_R_EVO,Rastrigin,200,0,-393.50548380530927,48.74065853469074,315,647279673
current-to-best1bin,SMCO_BR_EVO,Rastrigin,200,2,-380.114982415183,48.310890795663,165,869192137
current-to-best1bin,SMCO,Rastrigin,200,2,-375.86135765283757,48.99239798821509,315,869192137
current-to-best1bin,SPSA,Rastrigin,200,4,-2745.919799664285,0.4799994248896837,5674,1673381394
current-to-best1bin,SMCO_R_EVO,Rastrigin,200,2,-377.3559898249607,48.6257034316659,315,869192137
current-to-best1bin,SMCO_BR,Rastrigin,200,0,-389.46320714540707,49.71491009928286,90,647279673
current-to-best1bin,SMCO,Rastrigin,200,1,-399.988901507136,50.22122993133962,315,1677437249
current-to-best1bin,optimNM,Rastrigin,200,4,-3389.97931441364,1.5763636585325003,4500,1673381394
current-to-best1bin,PSO,Rastrigin,200,4,-2076.6630809124636,0.48271472193300724,300,1673381394
current-to-best1bin,GA,Rastrigin,200,4,-1818.6953111319192,1.4375395439565182,300,1673381394
current-to-best1bin,optimLBFGS,Rastrigin,200,4,-1274.5356568262596,3.8414791245013475,242,1673381394
current-to-best1bin,GD,Rastrigin,200,3,-2524.5537556683503,25.212041549384594,4960,949772676
current-to-best1bin,SMCO_EVO,Rastrigin,200,3,-325.91528308542684,36.279101960361004,315,949772676
current-to-best1bin,SA,Rastrigin,200,0,-120.38998545447475,61.98247260041535,300,647279673
current-to-best1bin,GenSA,Rastrigin,200,3,-2.984877171327298,24.674796372652054,300,949772676
current-to-best1bin,SMCO,Rastrigin,200,3,-328.0862865429092,47.53476429730654,315,949772676
current-to-best1bin,SignGD,Rastrigin,200,4,-1599.6580550125868,17.76485838741064,3012,1673381394
current-to-best1bin,BOBYQA,Rastrigin,200,0,-2232.4285736780703,64.1195228844881,4500,647279673
current-to-best1bin,SPSA,Rastrigin,200,5,-2809.5659068120917,0.5338573977351189,6249,625018708
current-to-best1bin,SMCO_R,Rastrigin,200,3,-314.67042647080666,49.73158407770097,165,949772676
current-to-best1bin,SMCO_BR,Rastrigin,200,3,-331.0266973244852,42.83600221388042,90,949772676
current-to-best1bin,optimLBFGS,Rastrigin,200,5,-1310.353774623159,3.109881753101945,228,625018708
current-to-best1bin,optimNM,Rastrigin,200,5,-3448.4036594284735,1.3126168679445982,4500,625018708
current-to-best1bin,BOBYQA,Rastrigin,200,2,-2137.2995457672214,64.61166126467288,4500,869192137
current-to-best1bin,GA,Rastrigin,200,5,-1819.9734562307951,1.2430847827345133,300,625018708
current-to-best1bin,PSO,Rastrigin,200,5,-2213.7234750640087,0.45791149884462357,300,625018708
current-to-best1bin,ADAM,Rastrigin,200,3,-1493.4250750759122,40.2230735886842,7701,949772676
current-to-best1bin,SMCO_R_EVO,Rastrigin,200,3,-320.80448290742333,49.605711944401264,315,949772676
current-to-best1bin,SignGD,Rastrigin,200,5,-1681.0210294097217,13.449376709759235,2513,625018708
current-to-best1bin,SA,Rastrigin,200,1,-102.48073250244079,76.40395832620561,300,1677437249
current-to-best1bin,GenSA,Rastrigin,200,4,-0.994959057095457,27.590981567278504,300,1673381394
current-to-best1bin,GD,Rastrigin,200,4,-2673.436502479336,32.88129908405244,5784,1673381394
current-to-best1bin,GD,Rastrigin,200,5,-2468.4725336107417,16.48861636593938,4579,625018708
current-to-best1bin,SA,Rastrigin,200,2,-112.4303079145468,72.68349141813815,300,869192137
current-to-best1bin,SMCO_R,Rastrigin,200,4,-397.4183549805639,37.13213683478534,165,1673381394
current-to-best1bin,SPSA,Rastrigin,200,6,-2917.2703222462014,0.28734180331230164,5133,1016789110
current-to-best1bin,SMCO_BR,Rastrigin,200,4,-393.21791392863315,36.98134211823344,90,1673381394
current-to-best1bin,BOBYQA,Rastrigin,200,1,-2264.6838219561996,79.9691944681108,4500,1677437249
current-to-best1bin,SMCO_BR_EVO,Rastrigin,200,3,-322.7049734087118,52.90640311129391,165,949772676
current-to-best1bin,optimNM,Rastrigin,200,6,-3368.3920841031077,1.5273665245622396,4500,1016789110
current-to-best1bin,optimLBFGS,Rastrigin,200,6,-1270.5557578757516,2.423784200102091,249,1016789110
current-to-best1bin,SMCO,Rastrigin,200,4,-402.54767752173984,40.06719155237079,315,1673381394
current-to-best1bin,GA,Rastrigin,200,6,-1765.7789535595248,1.1787611246109009,300,1016789110
current-to-best1bin,PSO,Rastrigin,200,6,-2146.4154131020605,0.4610775113105774,300,1016789110
current-to-best1bin,ADAM,Rastrigin,200,4,-1591.9256955248295,36.9896837733686,7705,1673381394
current-to-best1bin,GenSA,Rastrigin,200,5,-1.9899181141895497,18.74978358671069,300,625018708
current-to-best1bin,SMCO_EVO,Rastrigin,200,4,-401.93604205007523,48.096493512392044,315,1673381394
current-to-best1bin,SignGD,Rastrigin,200,6,-1596.377367201321,13.482374301180243,2513,1016789110
current-to-best1bin,SMCO_R_EVO,Rastrigin,200,4,-408.26549560442777,50.1774683482945,315,1673381394
current-to-best1bin,SMCO_BR_EVO,Rastrigin,200,4,-399.50427789394644,49.56507924385369,165,1673381394
current-to-best1bin,SMCO,Rastrigin,200,5,-432.6391043122228,46.552241541445255,315,625018708
current-to-best1bin,SMCO_EVO,Rastrigin,200,5,-434.6139756454395,45.78654162958264,315,625018708
current-to-best1bin,SMCO_R,Rastrigin,200,5,-425.1865070004933,48.667485332116485,165,625018708
current-to-best1bin,SMCO_R_EVO,Rastrigin,200,5,-434.24667655005237,45.003421450033784,315,625018708
current-to-best1bin,BOBYQA,Rastrigin,200,3,-2174.0020417699184,62.80879382044077,4500,949772676
current-to-best1bin,SPSA,Rastrigin,200,7,-2734.554307158711,0.5334796439856291,6237,101710889
current-to-best1bin,optimNM,Rastrigin,200,7,-3368.6930157394695,1.2748736012727022,4500,101710889
current-to-best1bin,SMCO_BR,Rastrigin,200,5,-428.9591065531622,50.58648576773703,90,625018708
current-to-best1bin,SA,Rastrigin,200,3,-120.3899955310792,62.82725798338652,300,949772676
current-to-best1bin,GD,Rastrigin,200,6,-2558.024898084078,25.13138240016997,4986,1016789110
current-to-best1bin,optimLBFGS,Rastrigin,200,7,-1131.2623925792905,3.39045830629766,224,101710889
current-to-best1bin,PSO,Rastrigin,200,7,-1993.4738304860903,0.45061457715928555,300,101710889
current-to-best1bin,SMCO_BR_EVO,Rastrigin,200,5,-433.49235334168816,43.19233389571309,165,625018708
current-to-best1bin,GA,Rastrigin,200,7,-1844.0682633229274,0.9173268582671881,300,101710889
current-to-best1bin,GenSA,Rastrigin,200,6,-1.9899181141920508,24.322045562788844,300,1016789110
current-to-best1bin,SA,Rastrigin,200,4,-139.29417726982228,61.27964439988136,300,1673381394
current-to-best1bin,ADAM,Rastrigin,200,5,-1620.7781104985238,47.112884974107146,7711,625018708
current-to-best1bin,SMCO,Rastrigin,200,6,-456.7137444342975,45.22085848264396,315,1016789110
current-to-best1bin,SignGD,Rastrigin,200,7,-1442.6376714091216,19.317457979544997,3012,101710889
current-to-best1bin,GD,Rastrigin,200,7,-2445.5952997086197,23.13540500588715,3797,101710889
current-to-best1bin,BOBYQA,Rastrigin,200,4,-2293.924931247071,69.83051330968738,4500,1673381394
current-to-best1bin,SPSA,Rastrigin,200,8,-2772.165723647416,0.3508475571870804,4336,483844954
current-to-best1bin,SMCO_R_EVO,Rastrigin,200,6,-457.67095838672685,43.424943532794714,315,1016789110
current-to-best1bin,optimLBFGS,Rastrigin,200,8,-1263.590438443009,2.0940665137022734,233,483844954
current-to-best1bin,SMCO_R,Rastrigin,200,6,-452.17377584972246,46.369578843936324,165,1016789110
current-to-best1bin,optimNM,Rastrigin,200,8,-3338.6656372610487,1.4254186861217022,4500,483844954
current-to-best1bin,SMCO_R,Rastrigin,200,7,-320.63858053008653,39.30218340083957,165,101710889
current-to-best1bin,ADAM,Rastrigin,200,6,-1589.9343439154445,45.63310285657644,7699,1016789110
current-to-best1bin,SMCO_EVO,Rastrigin,200,6,-457.5619993307607,48.58592174760997,315,1016789110
current-to-best1bin,PSO,Rastrigin,200,8,-2015.115095854454,0.4625241067260504,300,483844954
current-to-best1bin,SMCO_BR,Rastrigin,200,6,-452.1560870151668,49.607488142326474,90,1016789110
current-to-best1bin,GA,Rastrigin,200,8,-1795.9896711875003,1.2759049702435732,300,483844954
current-to-best1bin,SMCO_BR_EVO,Rastrigin,200,6,-464.5090550353109,50.42470295727253,165,1016789110
current-to-best1bin,GenSA,Rastrigin,200,7,-0.9949590571050067,26.301986269652843,300,101710889
current-to-best1bin,SMCO_BR,Rastrigin,200,7,-316.5225891541568,43.17477607727051,90,101710889
current-to-best1bin,SMCO,Rastrigin,200,7,-326.08071999882713,47.02303021028638,315,101710889
current-to-best1bin,SignGD,Rastrigin,200,8,-1551.493760477616,14.844041280448437,2513,483844954
current-to-best1bin,SMCO_R_EVO,Rastrigin,200,7,-316.6775702073553,40.81939346343279,315,101710889
current-to-best1bin,SA,Rastrigin,200,5,-138.29922324796644,68.07095935381949,300,625018708
current-to-best1bin,SPSA,Rastrigin,200,9,-2740.24272063071,0.3646667990833521,6736,1821966834
current-to-best1bin,BOBYQA,Rastrigin,200,5,-2242.394388727763,72.93490283191204,4500,625018708
current-to-best1bin,optimLBFGS,Rastrigin,200,9,-1280.5047048085294,1.9695308115333319,245,1821966834
current-to-best1bin,optimNM,Rastrigin,200,9,-3367.8810975141805,1.0518830623477697,4500,1821966834
current-to-best1bin,SMCO_BR_EVO,Rastrigin,200,7,-305.80665379903803,45.98223589360714,165,101710889
current-to-best1bin,GenSA,Rastrigin,200,8,-1.9899181141900044,17.88190853781998,300,483844954
current-to-best1bin,BOBYQA,Rastrigin,200,6,-2239.9001625528895,61.07165444456041,4500,1016789110
current-to-best1bin,GD,Rastrigin,200,8,-2559.083970990626,25.85247770883143,4573,483844954
current-to-best1bin,PSO,Rastrigin,200,9,-2304.113211002046,0.44861477240920067,300,1821966834
current-to-best1bin,GA,Rastrigin,200,9,-1760.5990678391536,1.1065612137317657,300,1821966834
current-to-best1bin,ADAM,Rastrigin,200,7,-1434.7223678772334,46.20560661517084,7693,101710889
current-to-best1bin,SMCO_EVO,Rastrigin,200,7,-325.05253141524554,53.68106484785676,315,101710889
current-to-best1bin,SMCO_BR,Rastrigin,200,8,-374.5048464736806,41.49493603780866,90,483844954
current-to-best1bin,SignGD,Rastrigin,200,9,-1548.9978407997187,16.14772510714829,2513,1821966834
current-to-best1bin,GD,Rastrigin,200,9,-2491.3662558155856,20.390108924359083,3456,1821966834
current-to-best1bin,SMCO,Rastrigin,200,8,-381.2130802493921,48.22979265078902,315,483844954
current-to-best1bin,SA,Rastrigin,200,6,-120.39000056799273,71.24986075982451,300,1016789110
current-to-best1bin,SMCO_R_EVO,Rastrigin,200,8,-374.397002966497,43.625435907393694,315,483844954
current-to-best1bin,SMCO_R,Rastrigin,200,8,-376.5143351074207,50.50497775897384,165,483844954
current-to-best1bin,SPSA,Ackley,200,0,-21.04193224539705,0.3837768994271755,2767,336993081
current-to-best1bin,optimLBFGS,Ackley,200,0,-19.465962390507123,3.9895790312439203,194,336993081
current-to-best1bin,SMCO_EVO,Rastrigin,200,8,-378.02149376564785,52.86929523944855,315,483844954
current-to-best1bin,optimNM,Ackley,200,0,-21.076409224950307,2.3096555043011904,4500,336993081
current-to-best1bin,SMCO_BR_EVO,Rastrigin,200,8,-382.3704772604183,51.01392886042595,165,483844954
current-to-best1bin,GenSA,Rastrigin,200,9,-0.9949590571072804,24.503982804715633,300,1821966834
current-to-best1bin,GA,Ackley,200,0,-11.254469279125162,1.6907262802124023,300,336993081
current-to-best1bin,BOBYQA,Rastrigin,200,7,-2068.8124692450456,65.6973328217864,4500,101710889
current-to-best1bin,PSO,Ackley,200,0,-20.45483686042464,0.7445801384747028,300,336993081
current-to-best1bin,ADAM,Rastrigin,200,8,-1544.1672251788393,48.4012860301882,7689,483844954
current-to-best1bin,ADAM,Rastrigin,200,9,-1541.1823337678093,36.23764634504914,7691,1821966834
current-to-best1bin,SignGD,Ackley,200,0,-19.47766606616987,22.020943701267242,2513,336993081
current-to-best1bin,SMCO_BR_EVO,Rastrigin,200,9,-362.37419985251154,45.95918024890125,165,1821966834
current-to-best1bin,SMCO_BR,Rastrigin,200,9,-361.9137564551154,49.37190055474639,90,1821966834
current-to-best1bin,SMCO,Rastrigin,200,9,-355.93067046216015,51.77732511982322,315,1821966834
current-to-best1bin,SMCO_R_EVO,Rastrigin,200,9,-356.51955862558725,50.34328331053257,315,1821966834
current-to-best1bin,SA,Rastrigin,200,8,-100.49081942606358,55.414828980341554,300,483844954
current-to-best1bin,SPSA,Ackley,200,1,-21.132916757799276,0.16541401110589504,1979,504935661
current-to-best1bin,SA,Rastrigin,200,7,-149.2437376109092,76.58647224865854,300,101710889
current-to-best1bin,SMCO_EVO,Rastrigin,200,9,-356.8161058349008,51.52251764945686,315,1821966834
current-to-best1bin,SMCO_R,Rastrigin,200,9,-359.5020308465246,53.060664193704724,165,1821966834
current-to-best1bin,optimLBFGS,Ackley,200,1,-19.46407092835813,2.6785778906196356,204,504935661
current-to-best1bin,optimNM,Ackley,200,1,-21.101336892908048,2.3230274580419064,4500,504935661
current-to-best1bin,BOBYQA,Rastrigin,200,8,-2231.4386460361693,64.4476792756468,4500,483844954
current-to-best1bin,GA,Ackley,200,1,-11.043156167681879,1.621503334492445,300,504935661
current-to-best1bin,PSO,Ackley,200,1,-20.359028987307045,0.7714479304850101,300,504935661
current-to-best1bin,DEoptim,Rastrigin,200,1,-2146.991978901859,188.26476228237152,300,1677437249
current-to-best1bin,GenSA,Ackley,200,0,-1.9977083542954688e-08,35.52781759575009,300,336993081
current-to-best1bin,SignGD,Ackley,200,1,-19.542407642497434,19.549593683332205,2014,504935661
current-to-best1bin,DEoptim,Rastrigin,200,2,-2237.189951651793,184.21013944223523,300,869192137
current-to-best1bin,SMCO_R,Ackley,200,0,-0.0735372413480353,57.46372842788696,165,336993081
current-to-best1bin,DEoptim,Rastrigin,200,0,-2073.368894291504,202.90763697773218,300,647279673
current-to-best1bin,SMCO,Ackley,200,0,-0.3755980829802934,63.33344166353345,315,336993081
current-to-best1bin,SA,Rastrigin,200,9,-109.44543074321427,65.92740542814136,300,1821966834
current-to-best1bin,SMCO_R_EVO,Ackley,200,0,-0.06957171549200014,61.61711444333196,315,336993081
current-to-best1bin,SPSA,Ackley,200,2,-21.0267099665155,0.2546273972839117,2149,844538354
current-to-best1bin,optimLBFGS,Ackley,200,2,-19.452301282112813,3.646708747372031,206,844538354
current-to-best1bin,GenSA,Ackley,200,1,-2.2892458151346773e-08,34.5313729736954,300,504935661
current-to-best1bin,BOBYQA,Rastrigin,200,9,-2251.2245274359425,77.6356912907213,4500,1821966834
current-to-best1bin,optimNM,Ackley,200,2,-21.05664746879688,1.8735481407493353,4500,844538354
current-to-best1bin,SMCO_BR,Ackley,200,0,-0.07948159142644728,73.27677307091653,90,336993081
current-to-best1bin,GD,Ackley,200,0,-19.465962059858295,67.43370071984828,7518,336993081
current-to-best1bin,GA,Ackley,200,2,-11.405846884189621,1.6994875650852919,300,844538354
current-to-best1bin,SMCO_EVO,Ackley,200,0,-0.3750854908302874,76.18620440922678,315,336993081
current-to-best1bin,PSO,Ackley,200,2,-20.34722359871716,0.8487270046025515,300,844538354
current-to-best1bin,SMCO_BR_EVO,Ackley,200,0,-0.07665194973533618,74.97483960352838,165,336993081
current-to-best1bin,SignGD,Ackley,200,2,-19.46194297520759,19.90522799640894,2513,844538354
current-to-best1bin,BOBYQA,Ackley,200,0,-20.277629539269448,71.8921904489398,4500,336993081
current-to-best1bin,SMCO,Ackley,200,1,-0.377317707299206,61.34277598373592,315,504935661
current-to-best1bin,SMCO_EVO,Ackley,200,1,-0.3574206051720137,62.044192312285304,315,504935661
current-to-best1bin,SMCO_R,Ackley,200,1,-0.07363514956898287,66.23925457336009,165,504935661
current-to-best1bin,DEoptim,Rastrigin,200,3,-2109.7349400222283,197.95390462502837,300,949772676
current-to-best1bin,SMCO_BR_EVO,Ackley,200,1,-0.0790269579512679,63.74886823631823,165,504935661
current-to-best1bin,SPSA,Ackley,200,3,-21.025006007976994,0.3435167036950588,3007,400416125
current-to-best1bin,ADAM,Ackley,200,0,-19.46596205985374,86.75330651924014,8987,336993081
current-to-best1bin,optimLBFGS,Ackley,200,3,-19.51280523011169,3.8804654236882925,201,400416125
current-to-best1bin,GD,Ackley,200,1,-19.464070931904878,68.43798642605543,7512,504935661
current-to-best1bin,optimNM,Ackley,200,3,-21.134848192429537,2.279674770310521,4500,400416125
current-to-best1bin,SMCO_BR,Ackley,200,1,-0.07867231786393392,79.86211835592985,90,504935661
current-to-best1bin,GenSA,Ackley,200,2,-1.988274123121414e-08,35.163230653852224,300,844538354
current-to-best1bin,SMCO_R_EVO,Ackley,200,1,-0.073908460736956,77.71307815611362,315,504935661
current-to-best1bin,GA,Ackley,200,3,-11.083078924109792,1.3557686507701874,300,400416125
current-to-best1bin,SignGD,Ackley,200,3,-19.52449316319417,19.94901417568326,2513,400416125
current-to-best1bin,PSO,Ackley,200,3,-20.211487442056963,0.6954675167798996,300,400416125
current-to-best1bin,DEoptim,Rastrigin,200,4,-2119.0808450144905,203.7071829792112,300,1673381394
current-to-best1bin,SMCO_R,Ackley,200,2,-0.07315217801878804,64.73218842223287,165,844538354
current-to-best1bin,BOBYQA,Ackley,200,1,-20.315105879829712,74.86970198713243,4500,504935661
current-to-best1bin,SMCO_R_EVO,Ackley,200,2,-0.07402261531441967,57.466358264908195,315,844538354
current-to-best1bin,ADAM,Ackley,200,1,-19.464070925549617,80.89130715839565,8938,504935661
current-to-best1bin,SMCO,Ackley,200,2,-0.3805355785370037,76.98126091435552,315,844538354
current-to-best1bin,SMCO_BR_EVO,Ackley,200,2,-0.08039583510809978,66.70752012357116,165,844538354
current-to-best1bin,SPSA,Ackley,200,4,-21.102059352794164,0.20531321875751019,2627,1144863697
current-to-best1bin,optimLBFGS,Ackley,200,4,-19.43730316617038,2.262657966464758,203,1144863697
current-to-best1bin,DEoptim,Rastrigin,200,5,-2060.9199290282154,202.56955184042454,300,625018708
current-to-best1bin,optimNM,Ackley,200,4,-21.127523255805926,2.2707773987203836,4500,1144863697
current-to-best1bin,SA,Ackley,200,0,-19.3892571250578,112.66712254658341,300,336993081
current-to-best1bin,SMCO_EVO,Ackley,200,2,-0.3839639325415516,77.91549308411777,315,844538354
current-to-best1bin,GD,Ackley,200,2,-19.45256482683987,72.37249343656003,7763,844538354
current-to-best1bin,SMCO_BR,Ackley,200,2,-0.07556173527397947,81.49425286799669,90,844538354
current-to-best1bin,PSO,Ackley,200,4,-20.464375265154526,0.675120085477829,300,1144863697
current-to-best1bin,GA,Ackley,200,4,-11.239124427488212,1.4581061638891697,300,1144863697
current-to-best1bin,SignGD,Ackley,200,4,-19.536566315854312,18.481412146240473,2014,1144863697
current-to-best1bin,DEoptim,Rastrigin,200,6,-2072.11852596381,195.51075752079487,300,1016789110
current-to-best1bin,SA,Ackley,200,1,-19.404042465531877,97.72599510475993,300,504935661
current-to-best1bin,BOBYQA,Ackley,200,2,-20.214387593382714,68.3758752848953,4500,844538354
current-to-best1bin,GenSA,Ackley,200,3,-3.401649526502126e-07,35.82507506944239,300,400416125
current-to-best1bin,SMCO_BR_EVO,Ackley,200,3,-0.0766878794197301,56.88763890787959,165,400416125
current-to-best1bin,SMCO_EVO,Ackley,200,3,-0.3735414316697754,62.238443087786436,315,400416125
current-to-best1bin,SMCO_R,Ackley,200,3,-0.07390418651231245,70.57896713353693,165,400416125
current-to-best1bin,SPSA,Ackley,200,5,-21.039978437217275,0.37420482374727726,3275,637001453
current-to-best1bin,GD,Ackley,200,3,-19.512805219931217,61.636671809479594,7643,400416125
current-to-best1bin,DEoptim,Rastrigin,200,7,-2066.962272987107,191.2680638357997,300,101710889
current-to-best1bin,ADAM,Ackley,200,2,-19.452300772565557,88.8159689437598,9000,844538354
current-to-best1bin,SMCO_R_EVO,Ackley,200,3,-0.07207284872203035,69.04894212447107,315,400416125
current-to-best1bin,optimNM,Ackley,200,5,-21.094186075151008,2.3079934641718864,4500,637001453
current-to-best1bin,optimLBFGS,Ackley,200,5,-19.434858347008717,3.667708858847618,191,637001453
current-to-best1bin,GA,Ackley,200,5,-11.239587920515591,1.6777141317725182,300,637001453
current-to-best1bin,PSO,Ackley,200,5,-20.268994171284888,0.7624545805156231,300,637001453
current-to-best1bin,SMCO,Ackley,200,3,-0.38143905481637974,80.29761914163828,315,400416125
current-to-best1bin,SignGD,Ackley,200,5,-19.468020432601318,18.136057937517762,2513,637001453
current-to-best1bin,SMCO_BR,Ackley,200,3,-0.08126711302156453,84.27215648815036,90,400416125
current-to-best1bin,DEoptim,Rastrigin,200,8,-2078.0672348821563,183.94887772761285,300,483844954
current-to-best1bin,GenSA,Ackley,200,4,-2.4376916929469417e-08,36.993981555104256,300,1144863697
current-to-best1bin,SMCO_R,Ackley,200,4,-0.0723560434429058,64.22436349838972,165,1144863697
current-to-best1bin,SMCO_R_EVO,Ackley,200,4,-0.07365933542564251,65.0949595104903,315,1144863697
current-to-best1bin,GD,Ackley,200,4,-19.437303122988617,62.72464371472597,7595,1144863697
current-to-best1bin,BOBYQA,Ackley,200,3,-20.27962396836904,79.13134235329926,4500,400416125
current-to-best1bin,SPSA,Ackley,200,6,-21.115653739600123,0.3825231809169054,3125,675388744
current-to-best1bin,DEoptim,Rastrigin,200,9,-2110.517885519242,180.8241924457252,300,1821966834
current-to-best1bin,optimLBFGS,Ackley,200,6,-19.426089173003902,4.245686924085021,200,675388744
current-to-best1bin,optimNM,Ackley,200,6,-21.114959635266757,2.2577817011624575,4500,675388744
current-to-best1bin,SMCO_EVO,Ackley,200,4,-0.3744656334028815,73.05972785316408,315,1144863697
current-to-best1bin,ADAM,Ackley,200,3,-19.512805219927678,89.00700964778662,9000,400416125
current-to-best1bin,BOBYQA,Ackley,200,4,-20.33436563781384,62.422950280830264,4500,1144863697
current-to-best1bin,SA,Ackley,200,2,-19.467609822094932,116.49307272396982,300,844538354
current-to-best1bin,GenSA,Ackley,200,5,-1.8469638707330205e-08,37.3013426437974,300,637001453
current-to-best1bin,SignGD,Ackley,200,6,-19.43660532922252,13.64385550096631,2014,675388744
current-to-best1bin,SMCO,Ackley,200,4,-0.38017322074265936,80.8338402658701,315,1144863697
current-to-best1bin,PSO,Ackley,200,6,-20.00699567205182,0.7676053158938885,300,675388744
current-to-best1bin,GA,Ackley,200,6,-11.348000314911392,1.4235602356493473,300,675388744
current-to-best1bin,SMCO_BR,Ackley,200,4,-0.07958904179078319,82.4712079744786,90,1144863697
current-to-best1bin,SMCO_BR_EVO,Ackley,200,4,-0.07949004450488362,83.70301622711122,165,1144863697
current-to-best1bin,SMCO_BR_EVO,Ackley,200,5,-0.0769191166975074,58.58651105128229,165,637001453
current-to-best1bin,SA,Ackley,200,3,-19.392189239136435,101.96863201446831,300,400416125
current-to-best1bin,SMCO_R,Ackley,200,5,-0.07052019774475982,70.08627943322062,165,637001453
current-to-best1bin,SPSA,Ackley,200,7,-21.022605625280452,0.3767087012529373,3305,290974971
current-to-best1bin,GD,Ackley,200,5,-19.43485135963608,67.95862284861505,7593,637001453
current-to-best1bin,SMCO_R_EVO,Ackley,200,5,-0.07113286919939599,70.1976726539433,315,637001453
current-to-best1bin,optimNM,Ackley,200,7,-21.055893052567388,2.080942876636982,4500,290974971
current-to-best1bin,optimLBFGS,Ackley,200,7,-19.436642373619787,3.8371402900666,204,290974971
current-to-best1bin,SMCO,Ackley,200,5,-0.38074334187226855,76.27436411567032,315,637001453
current-to-best1bin,ADAM,Ackley,200,4,-19.437303122986375,90.51804411038756,8949,1144863697
current-to-best1bin,GA,Ackley,200,7,-10.946309999540542,1.6604367960244417,300,290974971
current-to-best1bin,SMCO_EVO,Ackley,200,5,-0.38840471836771373,78.74115087091923,315,637001453
current-to-best1bin,PSO,Ackley,200,7,-20.344646276521797,0.7643903866410255,300,290974971
current-to-best1bin,ADAM,Ackley,200,5,-19.434851359632788,70.04679814912379,8945,637001453
current-to-best1bin,BOBYQA,Ackley,200,5,-20.270741996676204,65.04622870311141,4500,637001453
current-to-best1bin,SMCO_BR,Ackley,200,5,-0.07645505970020539,82.36532722041011,90,637001453
current-to-best1bin,SignGD,Ackley,200,7,-19.457882260332866,24.409107223153114,2513,290974971
current-to-best1bin,GenSA,Ackley,200,6,-1.986897091299511e-08,38.771552385762334,300,675388744
current-to-best1bin,SMCO_BR,Ackley,200,6,-0.07982815749190708,62.920702109113336,90,675388744
current-to-best1bin,SMCO_R_EVO,Ackley,200,6,-0.07474941349099185,62.106960544362664,315,675388744
current-to-best1bin,SMCO,Ackley,200,6,-0.3673661084757609,74.28853990510106,315,675388744
current-to-best1bin,SPSA,Ackley,200,8,-21.09048790917885,0.3319954629987478,2912,715784702
current-to-best1bin,SMCO_R,Ackley,200,6,-0.07406481656780217,71.75845726393163,165,675388744
current-to-best1bin,optimLBFGS,Ackley,200,8,-19.473945927536263,3.9724571127444506,203,715784702
current-to-best1bin,DEoptim,Ackley,200,0,-8.103172729604394,216.8595970645547,300,336993081
current-to-best1bin,optimNM,Ackley,200,8,-21.124954569453507,2.1621310468763113,4500,715784702
current-to-best1bin,BOBYQA,Ackley,200,6,-20.27853141915571,60.50287976115942,4500,675388744
current-to-best1bin,GenSA,Ackley,200,7,-2.041444746581078e-08,35.373475324362516,300,290974971
current-to-best1bin,GA,Ackley,200,8,-10.95370039046275,1.7432487029582262,300,715784702
current-to-best1bin,SA,Ackley,200,4,-19.47341304759789,114.90708168596029,300,1144863697
current-to-best1bin,PSO,Ackley,200,8,-20.11699804780952,0.7902199141681194,300,715784702
current-to-best1bin,SignGD,Ackley,200,8,-19.48468182539999,24.03701032139361,2513,715784702
current-to-best1bin,SMCO_EVO,Ackley,200,6,-0.3764639906613998,82.56772137992084,315,675388744
current-to-best1bin,SA,Ackley,200,5,-19.561580324492315,94.8776224963367,300,637001453
current-to-best1bin,GD,Ackley,200,6,-19.426089453626663,74.34721195138991,7818,675388744
current-to-best1bin,SMCO_BR_EVO,Ackley,200,6,-0.07822214231431746,82.52159854769707,165,675388744
current-to-best1bin,ADAM,Ackley,200,6,-19.426089153684735,77.61345738731325,8991,675388744
current-to-best1bin,SMCO_R_EVO,Ackley,200,7,-0.07142294618251599,65.44204762019217,315,290974971
current-to-best1bin,DEoptim,Ackley,200,1,-7.100456797263432,217.80198381096125,300,504935661
current-to-best1bin,SPSA,Ackley,200,9,-21.07199014780326,0.16043626703321934,2143,1719555887
current-to-best1bin,SMCO_R,Ackley,200,7,-0.07320116058354431,67.1803134623915,165,290974971
current-to-best1bin,optimLBFGS,Ackley,200,9,-19.44277118031858,3.2695956490933895,215,1719555887
current-to-best1bin,optimNM,Ackley,200,9,-21.09722257736471,1.9271465986967087,4500,1719555887
current-to-best1bin,SMCO_BR,Ackley,200,7,-0.07870352317467821,74.049834869802,90,290974971
current-to-best1bin,SMCO,Ackley,200,7,-0.39146669095616504,74.90103579126298,315,290974971
current-to-best1bin,GD,Ackley,200,7,-19.436646624100373,71.56950317509472,8105,290974971
current-to-best1bin,SMCO_EVO,Ackley,200,7,-0.35098826938122984,76.25781080499291,315,290974971
current-to-best1bin,PSO,Ackley,200,9,-20.318429921501455,0.7707669734954834,300,1719555887
current-to-best1bin,GA,Ackley,200,9,-11.35027709949457,1.4730174485594034,300,1719555887
current-to-best1bin,GenSA,Ackley,200,8,-4.8768840077428877e-08,34.380523171275854,300,715784702
current-to-best1bin,SMCO_BR_EVO,Ackley,200,7,-0.07352687043701822,80.82849907130003,165,290974971
current-to-best1bin,BOBYQA,Ackley,200,7,-20.25588743517399,70.11476946249604,4500,290974971
current-to-best1bin,SMCO_BR_EVO,Ackley,200,8,-0.07827467832324375,58.6901828981936,165,715784702
current-to-best1bin,SMCO_BR,Ackley,200,8,-0.07934071636275819,65.65571238100529,90,715784702
current-to-best1bin,SignGD,Ackley,200,9,-19.48587442242795,27.815342385321856,2513,1719555887
current-to-best1bin,SMCO_EVO,Ackley,200,8,-0.3768218849434146,67.8712587505579,315,715784702
current-to-best1bin,DEoptim,Ackley,200,2,-6.548850026657178,209.5732966400683,300,844538354
current-to-best1bin,SPSA,Rosenbrock,200,0,-21778443.876765035,0.541249817237258,6669,1677332494
current-to-best1bin,SMCO,Ackley,200,8,-0.38441621619528066,73.04088091850281,315,715784702
current-to-best1bin,ADAM,Ackley,200,7,-19.43608957689507,85.32435975596309,8963,290974971
current-to-best1bin,GD,Ackley,200,8,-19.47459268596778,68.65017635561526,6959,715784702
current-to-best1bin,optimNM,Rosenbrock,200,0,-21543875.305129137,1.4284327179193497,4500,1677332494
current-to-best1bin,SignGD,Rosenbrock,200,0,-641.2507616306534,10.12131310813129,2014,1677332494
current-to-best1bin,SA,Ackley,200,6,-19.446983558831203,109.44659562781453,300,675388744
current-to-best1bin,GA,Rosenbrock,200,0,-37380.5619558723,0.659888494759798,300,1677332494
current-to-best1bin,PSO,Rosenbrock,200,0,-4870195.187853869,0.2852146066725254,300,1677332494
current-to-best1bin,SMCO_R,Ackley,200,8,-0.07536048776339799,80.31266278959811,165,715784702
current-to-best1bin,optimLBFGS,Rosenbrock,200,0,-3.504443682008275,11.50889041647315,974,1677332494
current-to-best1bin,SMCO_R_EVO,Ackley,200,8,-0.07351547766115063,81.15711226314306,315,715784702
current-to-best1bin,GenSA,Ackley,200,9,-8.657995254068851e-08,38.43583142012358,300,1719555887
current-to-best1bin,ADAM,Ackley,200,8,-19.473945923962617,77.1937066167593,8973,715784702
current-to-best1bin,SMCO_R_EVO,Rosenbrock,200,0,-4.678072469164226,32.35624249279499,315,1677332494
current-to-best1bin,SMCO_R,Rosenbrock,200,0,-4.6541514227057,40.044546999037266,165,1677332494
current-to-best1bin,GenSA,Rosenbrock,200,0,-237.64266878935098,18.500020073726773,300,1677332494
current-to-best1bin,BOBYQA,Ackley,200,8,-20.331681152257122,79.84787962026894,4500,715784702
current-to-best1bin,SMCO_BR,Ackley,200,9,-0.0787988133494335,64.28918077237904,90,1719555887
current-to-best1bin,SPSA,Rosenbrock,200,1,-20678923.90017409,0.7560529727488756,9000,806770405
current-to-best1bin,SMCO_R_EVO,Ackley,200,9,-0.07400763555816114,63.82106136530638,315,1719555887
current-to-best1bin,SMCO_BR_EVO,Rosenbrock,200,0,-4.91917974499259,34.790100833401084,165,1677332494
current-to-best1bin,optimNM,Rosenbrock,200,1,-20409047.797509782,1.6054756753146648,4500,806770405
current-to-best1bin,SMCO_BR_EVO,Ackley,200,9,-0.07852842895700052,65.50841619260609,165,1719555887
current-to-best1bin,BOBYQA,Ackley,200,9,-20.254334485706448,57.68834131769836,4500,1719555887
current-to-best1bin,GA,Rosenbrock,200,1,-32664.656954274782,1.2102869395166636,300,806770405
current-to-best1bin,PSO,Rosenbrock,200,1,-3333995.471603917,0.44644409976899624,300,806770405
current-to-best1bin,SMCO_R,Ackley,200,9,-0.07214502873132433,70.0015682503581,165,1719555887
current-to-best1bin,SMCO,Ackley,200,9,-0.3851488763242945,70.96882093138993,315,1719555887
current-to-best1bin,GD,Rosenbrock,200,0,-282.8355861092733,37.23734452202916,9000,1677332494
current-to-best1bin,SA,Ackley,200,7,-19.46939733217122,109.0825713146478,300,290974971
current-to-best1bin,SignGD,Rosenbrock,200,1,-587.1272002770745,10.2086738999933,2014,806770405
current-to-best1bin,SMCO_BR,Rosenbrock,200,0,-5.11867065272037,47.28458202071488,90,1677332494
current-to-best1bin,SMCO,Rosenbrock,200,0,-46.8200100405189,51.285733725875616,315,1677332494
current-to-best1bin,DEoptim,Ackley,200,3,-6.8028702737820055,215.45478591136634,300,400416125
current-to-best1bin,optimLBFGS,Rosenbrock,200,1,-112.17900016751213,8.049044515937567,974,806770405
current-to-best1bin,SPSA,Rosenbrock,200,2,-21489114.3554886,0.7125550992786884,8417,475988212
current-to-best1bin,SMCO_EVO,Ackley,200,9,-0.3838570314287719,74.42529529333115,315,1719555887
current-to-best1bin,SMCO_EVO,Rosenbrock,200,0,-51.66181197243161,48.415340999141335,315,1677332494
current-to-best1bin,optimNM,Rosenbrock,200,2,-21214256.160327494,1.6148762851953506,4500,475988212
current-to-best1bin,GD,Ackley,200,9,-19.44277063691956,78.55296081490815,7657,1719555887
current-to-best1bin,GenSA,Rosenbrock,200,1,-412.2243208952724,15.022849015891552,300,806770405
current-to-best1bin,optimLBFGS,Rosenbrock,200,2,-133.4490903928198,9.487621437758207,994,475988212
current-to-best1bin,GA,Rosenbrock,200,2,-25823.210217282962,1.1750566475093365,300,475988212
current-to-best1bin,PSO,Rosenbrock,200,2,-6514987.801705273,0.40342770516872406,300,475988212
current-to-best1bin,SignGD,Rosenbrock,200,2,-675.6321753133018,12.547288848087192,2014,475988212
current-to-best1bin,ADAM,Rosenbrock,200,0,-5023575.212050887,47.93920635432005,9000,1677332494
current-to-best1bin,SMCO,Rosenbrock,200,1,-51.985588043731894,41.35575704462826,315,806770405
current-to-best1bin,ADAM,Ackley,200,9,-19.44277063691749,80.71498746424913,9000,1719555887
current-to-best1bin,SMCO_R,Rosenbrock,200,1,-4.6398527332803665,43.918478053063154,165,806770405
current-to-best1bin,SMCO_R_EVO,Rosenbrock,200,1,-4.522580443936678,38.6759820189327,315,806770405
current-to-best1bin,GenSA,Rosenbrock,200,2,-334.2090235787932,19.255651205778122,300,475988212
current-to-best1bin,SMCO_BR,Rosenbrock,200,1,-5.128800506888977,46.08374709263444,90,806770405
current-to-best1bin,SMCO_EVO,Rosenbrock,200,1,-50.06633397646833,46.46272547915578,315,806770405
current-to-best1bin,GD,Rosenbrock,200,1,-368.16280756875034,37.615247482433915,9000,806770405
current-to-best1bin,SPSA,Rosenbrock,200,3,-20597454.846448064,0.5429086573421955,6649,1764094645
current-to-best1bin,SMCO_BR_EVO,Rosenbrock,200,1,-5.364964272897131,42.26881220564246,165,806770405
current-to-best1bin,optimNM,Rosenbrock,200,3,-20297603.380439498,1.0147829186171293,4500,1764094645
current-to-best1bin,SMCO,Rosenbrock,200,2,-50.96928414880687,32.38531335443258,315,475988212
current-to-best1bin,DEoptim,Ackley,200,4,-7.582356477916264,217.89801433682442,300,1144863697
current-to-best1bin,SMCO_EVO,Rosenbrock,200,2,-49.497684948348805,33.568210158497095,315,475988212
current-to-best1bin,GA,Rosenbrock,200,3,-37639.266835452916,0.7347803451120853,300,1764094645
current-to-best1bin,SA,Ackley,200,8,-19.437115590722854,115.24458465911448,300,715784702
current-to-best1bin,PSO,Rosenbrock,200,3,-4486939.66162583,0.24987574107944965,300,1764094645
current-to-best1bin,optimLBFGS,Rosenbrock,200,3,-55.75688946306789,8.110848028212786,986,1764094645
current-to-best1bin,SignGD,Rosenbrock,200,3,-815.4693019638471,11.690157379955053,2014,1764094645
current-to-best1bin,DEoptim,Ackley,200,5,-6.366487167770494,206.58871373720467,300,637001453
current-to-best1bin,SMCO_BR,Rosenbrock,200,2,-5.248156741687941,46.63291219435632,90,475988212
current-to-best1bin,ADAM,Rosenbrock,200,1,-4937379.603432603,55.17776247113943,9000,806770405
current-to-best1bin,SMCO_R_EVO,Rosenbrock,200,2,-4.468027170666899,47.00429381802678,315,475988212
current-to-best1bin,SMCO_R,Rosenbrock,200,2,-4.372296201468535,49.21621959283948,165,475988212
current-to-best1bin,SMCO_BR_EVO,Rosenbrock,200,2,-4.914728650951093,48.14542890898883,165,475988212
current-to-best1bin,GenSA,Rosenbrock,200,3,-327.5165522019025,18.145758731290698,300,1764094645
current-to-best1bin,SPSA,Rosenbrock,200,4,-19488850.07479725,0.6870603822171688,7724,1029249001
current-to-best1bin,GD,Rosenbrock,200,2,-273.453307147151,50.51288499124348,9000,475988212
current-to-best1bin,SMCO_BR,Rosenbrock,200,3,-4.77889256246718,38.10711310245097,90,1764094645
current-to-best1bin,optimNM,Rosenbrock,200,4,-19265051.605431117,1.510106474161148,4500,1029249001
current-to-best1bin,SMCO,Rosenbrock,200,3,-48.54708325946201,39.77577359043062,315,1764094645
current-to-best1bin,ADAM,Rosenbrock,200,2,-4976443.8237238275,51.90693092159927,9000,475988212
current-to-best1bin,GA,Rosenbrock,200,4,-39553.60929927585,1.3698643688112497,300,1029249001
current-to-best1bin,PSO,Rosenbrock,200,4,-5525074.573473558,0.5146703217178583,300,1029249001
current-to-best1bin,SMCO_R_EVO,Rosenbrock,200,3,-4.939196966922124,37.84134737960994,315,1764094645
current-to-best1bin,SignGD,Rosenbrock,200,4,-524.0084834297572,9.896602619439363,2014,1029249001
current-to-best1bin,SMCO_R,Rosenbrock,200,3,-4.461130682651289,45.118550565093756,165,1764094645
current-to-best1bin,optimLBFGS,Rosenbrock,200,4,-46.38502660745907,10.289290579035878,983,1029249001
current-to-best1bin,SMCO_EVO,Rosenbrock,200,3,-48.14533695848655,47.53455474227667,315,1764094645
current-to-best1bin,SMCO_BR_EVO,Rosenbrock,200,3,-5.127784935046968,45.3339113406837,165,1764094645
current-to-best1bin,SMCO_BR,Rosenbrock,200,4,-5.458586970589169,31.549317933619022,90,1029249001
current-to-best1bin,GenSA,Rosenbrock,200,4,-369.2191333101206,15.91230919584632,300,1029249001
current-to-best1bin,BOBYQA,Rosenbrock,200,0,-8402125.778222281,98.37919053062797,4500,1677332494
current-to-best1bin,SA,Ackley,200,9,-19.520865179588444,121.96266133710742,300,1719555887
current-to-best1bin,SPSA,Rosenbrock,200,5,-21936280.220696025,0.6647770777344704,8510,1194665403
current-to-best1bin,ADAM,Rosenbrock,200,3,-4865393.016256998,48.06406312994659,9000,1764094645
current-to-best1bin,GD,Rosenbrock,200,3,-313.5385179864423,53.75480353273451,9000,1764094645
current-to-best1bin,optimNM,Rosenbrock,200,5,-21644289.949824914,1.5044899005442858,4500,1194665403
current-to-best1bin,SMCO_EVO,Rosenbrock,200,4,-49.425674365215976,40.24734697677195,315,1029249001
current-to-best1bin,SMCO_R,Rosenbrock,200,4,-4.628319824300762,42.67718959227204,165,1029249001
current-to-best1bin,GA,Rosenbrock,200,5,-31465.51955875593,1.2416442167013884,300,1194665403
current-to-best1bin,SignGD,Rosenbrock,200,5,-783.9950796499638,11.43792213127017,2014,1194665403
current-to-best1bin,PSO,Rosenbrock,200,5,-5325050.878510626,0.4141127336770296,300,1194665403
current-to-best1bin,optimLBFGS,Rosenbrock,200,5,-85.04268590985473,10.596116738393903,986,1194665403
current-to-best1bin,SMCO,Rosenbrock,200,4,-46.561403474481324,44.95941055007279,315,1029249001
current-to-best1bin,SMCO_R_EVO,Rosenbrock,200,4,-4.367851152759904,39.701971020549536,315,1029249001
current-to-best1bin,DEoptim,Ackley,200,6,-7.1751329195491,219.73965870402753,300,675388744
current-to-best1bin,BOBYQA,Rosenbrock,200,1,-9840990.113057677,94.59205079451203,4500,806770405
current-to-best1bin,SMCO_BR_EVO,Rosenbrock,200,4,-5.193817034135161,44.146862445399165,165,1029249001
current-to-best1bin,BOBYQA,Rosenbrock,200,2,-8472304.231951313,86.71941933967173,4500,475988212
current-to-best1bin,GD,Rosenbrock,200,4,-405.9235261133623,44.57988396845758,9000,1029249001
current-to-best1bin,SPSA,Rosenbrock,200,6,-19946954.30888296,0.608217841014266,7242,382355876
current-to-best1bin,GenSA,Rosenbrock,200,5,-387.6785217525054,18.0536389388144,300,1194665403
current-to-best1bin,SMCO_R,Rosenbrock,200,5,-4.163562381498364,38.65324396826327,165,1194665403
current-to-best1bin,SMCO_R_EVO,Rosenbrock,200,5,-4.609898196331156,37.25715954974294,315,1194665403
current-to-best1bin,ADAM,Rosenbrock,200,4,-4393528.687539961,48.559727404266596,9000,1029249001
current-to-best1bin,optimNM,Rosenbrock,200,6,-19654939.253692806,1.5922770220786333,4500,382355876
current-to-best1bin,SMCO,Rosenbrock,200,5,-52.38138190848521,44.32523689977825,315,1194665403
current-to-best1bin,SignGD,Rosenbrock,200,6,-502.3310053419877,10.598017316311598,2014,382355876
current-to-best1bin,GA,Rosenbrock,200,6,-33626.965817740725,1.1745518129318953,300,382355876
current-to-best1bin,PSO,Rosenbrock,200,6,-6500985.168422671,0.22067737951874733,300,382355876
current-to-best1bin,SMCO_BR,Rosenbrock,200,5,-4.945105586971535,45.72402595356107,90,1194665403
current-to-best1bin,optimLBFGS,Rosenbrock,200,6,-131.7353728789449,11.82219485193491,999,382355876
current-to-best1bin,DEoptim,Ackley,200,7,-6.2203377737836085,215.28633696585894,300,290974971
current-to-best1bin,SMCO_BR_EVO,Rosenbrock,200,5,-4.67661153975124,43.49342802166939,165,1194665403
current-to-best1bin,SMCO_EVO,Rosenbrock,200,5,-52.257402781028134,52.13578733615577,315,1194665403
current-to-best1bin,SMCO_R,Rosenbrock,200,6,-4.326594281700116,36.92415550723672,165,382355876
current-to-best1bin,BOBYQA,Rosenbrock,200,3,-7625151.728635658,88.33975266851485,4500,1764094645
current-to-best1bin,SMCO_R_EVO,Rosenbrock,200,6,-4.436082933094777,34.397691909223795,315,382355876
current-to-best1bin,ADAM,Rosenbrock,200,5,-5202589.833785068,48.654803708195686,9000,1194665403
current-to-best1bin,SPSA,Rosenbrock,200,7,-20888771.495855622,0.3908614534884691,7904,2103805864
current-to-best1bin,GD,Rosenbrock,200,5,-539.5030403165301,53.173145301640034,9000,1194665403
current-to-best1bin,GenSA,Rosenbrock,200,6,-37.05490715545122,23.156122965738177,300,382355876
current-to-best1bin,DEoptim,Ackley,200,8,-9.028696903547203,198.70968403667212,300,715784702
current-to-best1bin,optimNM,Rosenbrock,200,7,-20637188.62122696,0.9965116288512945,4500,2103805864
current-to-best1bin,SignGD,Rosenbrock,200,7,-621.1036183635894,8.58289959281683,2014,2103805864
current-to-best1bin,SMCO,Rosenbrock,200,6,-47.43611858898224,46.224571933969855,315,382355876
current-to-best1bin,SMCO_EVO,Rosenbrock,200,6,-51.73929512223371,45.90308818034828,315,382355876
current-to-best1bin,PSO,Rosenbrock,200,7,-4167211.1391723338,0.44253209233283997,300,2103805864
current-to-best1bin,GA,Rosenbrock,200,7,-33828.10979807655,1.386084858328104,300,2103805864
current-to-best1bin,optimLBFGS,Rosenbrock,200,7,-9.981641988974769,12.97263165935874,989,2103805864
current-to-best1bin,SMCO_BR_EVO,Rosenbrock,200,6,-5.312069375697997,45.030003271996975,165,382355876
current-to-best1bin,SMCO_BR,Rosenbrock,200,6,-5.183686022152115,52.49397709965706,90,382355876
current-to-best1bin,ADAM,Rosenbrock,200,6,-4660071.202275259,47.86404730565846,9000,382355876
current-to-best1bin,GD,Rosenbrock,200,6,-395.73811805531057,51.10391892492771,9000,382355876
current-to-best1bin,GenSA,Rosenbrock,200,7,-2.304433173287423e-10,20.179348027333617,300,2103805864
current-to-best1bin,BOBYQA,Rosenbrock,200,4,-7781951.52356712,91.94810045696795,4500,1029249001
current-to-best1bin,SPSA,Rosenbrock,200,8,-21569407.406306617,0.682258490473032,8227,1341549665
current-to-best1bin,SMCO,Rosenbrock,200,7,-51.05301254605044,46.24105120636523,315,2103805864
current-to-best1bin,SA,Rosenbrock,200,0,-1.494615133082763e-10,174.14466637186706,300,1677332494
current-to-best1bin,SMCO_EVO,Rosenbrock,200,7,-50.03551872410792,43.58798780851066,315,2103805864
current-to-best1bin,SMCO_R,Rosenbrock,200,7,-4.314833074925086,47.328402856364846,165,2103805864
current-to-best1bin,optimNM,Rosenbrock,200,8,-21319060.040154744,1.0330323744565248,4500,1341549665
current-to-best1bin,DEoptim,Rosenbrock,200,0,-29854.645586118037,175.29747419059277,300,1677332494
current-to-best1bin,SignGD,Rosenbrock,200,8,-890.8330742836929,11.0370032787323,2014,1341549665
current-to-best1bin,GA,Rosenbrock,200,8,-33037.602121297656,1.2390752285718918,300,1341549665
current-to-best1bin,PSO,Rosenbrock,200,8,-6244666.445992947,0.5300230979919434,300,1341549665
current-to-best1bin,SMCO_BR,Rosenbrock,200,7,-4.966988953000248,49.639206202700734,90,2103805864
current-to-best1bin,SMCO_R_EVO,Rosenbrock,200,7,-4.596524060819347,44.663967084139585,315,2103805864
current-to-best1bin,optimLBFGS,Rosenbrock,200,8,-163.60153836290306,11.540853019803762,984,1341549665
current-to-best1bin,BOBYQA,Rosenbrock,200,5,-9100695.267137107,86.67843893542886,4500,1194665403
current-to-best1bin,SMCO_BR_EVO,Rosenbrock,200,7,-5.21872591282991,48.430777590721846,165,2103805864
current-to-best1bin,GD,Rosenbrock,200,7,-286.6001523950821,49.23817485757172,9000,2103805864
current-to-best1bin,DEoptim,Ackley,200,9,-6.08103241992082,215.73049455694854,300,1719555887
current-to-best1bin,ADAM,Rosenbrock,200,7,-4679430.3621850675,47.42036891542375,9000,2103805864
current-to-best1bin,SPSA,Rosenbrock,200,9,-22417972.299299292,0.7208848036825657,7619,268772159
current-to-best1bin,GenSA,Rosenbrock,200,8,-384.8934435481064,17.16986251808703,300,1341549665
current-to-best1bin,SA,Rosenbrock,200,1,-1.0521977461886329e-10,170.22421068511903,300,806770405
current-to-best1bin,SMCO_BR,Rosenbrock,200,8,-4.9630176791556435,40.95243635959923,90,1341549665
current-to-best1bin,optimNM,Rosenbrock,200,9,-22181250.968377374,1.400273222476244,4500,268772159
current-to-best1bin,SMCO_BR_EVO,Rosenbrock,200,8,-4.85301533952722,37.119359048083425,165,1341549665
current-to-best1bin,SignGD,Rosenbrock,200,9,-713.504780329672,10.385531866922975,2014,268772159
current-to-best1bin,GA,Rosenbrock,200,9,-30552.685799363113,1.3557209987193346,300,268772159
current-to-best1bin,SMCO_R,Rosenbrock,200,8,-3.741683005656735,46.4641007501632,165,1341549665
current-to-best1bin,PSO,Rosenbrock,200,9,-5264407.260269406,0.518092654645443,300,268772159
current-to-best1bin,SMCO,Rosenbrock,200,8,-48.870991248804685,47.421843180432916,315,1341549665
current-to-best1bin,ADAM,Rosenbrock,200,8,-5348825.74247376,35.31403695046902,9000,1341549665
current-to-best1bin,optimLBFGS,Rosenbrock,200,9,-73.30609305501046,12.071859071031213,982,268772159
current-to-best1bin,SMCO_R_EVO,Rosenbrock,200,8,-4.513133771339026,45.45833460427821,315,1341549665
current-to-best1bin,SMCO_EVO,Rosenbrock,200,8,-49.79574609972916,51.397538064047694,315,1341549665
current-to-best1bin,GenSA,Rosenbrock,200,9,-320.9458526474906,19.226329434663057,300,268772159
current-to-best1bin,DEoptim,Rosenbrock,200,1,-29178.169215308597,190.5423814151436,300,806770405
current-to-best1bin,BOBYQA,Rosenbrock,200,7,-8997600.109398395,70.25445465743542,4500,2103805864
current-to-best1bin,SPSA,Griewank,200,0,-5593.686612403065,0.5326415095478296,7231,1162190894
current-to-best1bin,BOBYQA,Rosenbrock,200,6,-8949840.834814362,94.45912075228989,4500,382355876
current-to-best1bin,GD,Rosenbrock,200,8,-390.76427441667136,50.088589238002896,9000,1341549665
current-to-best1bin,optimNM,Griewank,200,0,-5578.172617597915,1.6673716772347689,4500,1162190894
current-to-best1bin,optimLBFGS,Griewank,200,0,-7.315233091498285e-07,2.928918780758977,299,1162190894
current-to-best1bin,SMCO,Rosenbrock,200,9,-48.733712036970616,40.326860724017024,315,268772159
current-to-best1bin,SMCO_BR_EVO,Rosenbrock,200,9,-4.981920731440676,37.28535537235439,165,268772159
current-to-best1bin,GA,Griewank,200,0,-186.4990417191884,1.3763408828526735,300,1162190894
current-to-best1bin,PSO,Griewank,200,0,-1762.699980186607,0.5485576372593641,300,1162190894
current-to-best1bin,SMCO_BR,Rosenbrock,200,9,-5.302476488117055,43.72584426775575,90,268772159
current-to-best1bin,DEoptim,Rosenbrock,200,2,-22046.49553256936,185.85500491596758,300,475988212
current-to-best1bin,SA,Rosenbrock,200,3,-1.3894516751708443e-10,165.88747790455818,300,1764094645
current-to-best1bin,SMCO_R_EVO,Rosenbrock,200,9,-4.570291928376235,44.496111599728465,315,268772159
current-to-best1bin,SMCO_R,Rosenbrock,200,9,-4.551841354097138,46.88611889258027,165,268772159
current-to-best1bin,SMCO_EVO,Rosenbrock,200,9,-50.28967486219434,49.042679380625486,315,268772159
current-to-best1bin,SA,Rosenbrock,200,2,-1.0760620819517444e-10,193.90521744452417,300,475988212
current-to-best1bin,ADAM,Rosenbrock,200,9,-5237233.223642451,45.07556752488017,9000,268772159
current-to-best1bin,GD,Rosenbrock,200,9,-576.5638914078393,50.74188801459968,9000,268772159
current-to-best1bin,SPSA,Griewank,200,1,-4991.217716345031,0.6047218907624483,8083,141596627
current-to-best1bin,GenSA,Griewank,200,0,-4.751612658893123e-09,18.549989292398095,300,1162190894
current-to-best1bin,SignGD,Griewank,200,0,-5173.452449902698,22.934496477246284,3012,1162190894
current-to-best1bin,optimNM,Griewank,200,1,-4982.6695688316695,1.531438123434782,4500,141596627
current-to-best1bin,optimLBFGS,Griewank,200,1,-3.831333805770498e-08,5.11002841591835,339,141596627
current-to-best1bin,SMCO,Griewank,200,0,-0.9590370171441165,43.156653044745326,315,1162190894
current-to-best1bin,DEoptim,Rosenbrock,200,3,-40677.54885487191,186.0792579781264,300,1764094645
current-to-best1bin,GA,Griewank,200,1,-175.74536049430142,1.3921451661735773,300,141596627
current-to-best1bin,PSO,Griewank,200,1,-2100.648671887154,0.5595243033021688,300,141596627
current-to-best1bin,SMCO_EVO,Griewank,200,0,-0.9388010687067629,52.59981116838753,315,1162190894
current-to-best1bin,SMCO_BR,Griewank,200,0,-0.19466660236511135,55.167859783396125,90,1162190894
current-to-best1bin,DEoptim,Rosenbrock,200,4,-20480.224291220802,175.36710899695754,300,1029249001
current-to-best1bin,GenSA,Griewank,200,1,-4.052442381663468e-09,18.81578711234033,300,141596627
current-to-best1bin,SignGD,Griewank,200,1,-4592.9546087627,25.753396175801754,3511,141596627
current-to-best1bin,SMCO_R,Griewank,200,0,-0.15404912929213033,60.86381474509835,165,1162190894
current-to-best1bin,SMCO_BR_EVO,Griewank,200,0,-0.17262673386280625,60.28380160778761,165,1162190894
current-to-best1bin,SMCO_R_EVO,Griewank,200,0,-0.15879968569556369,61.56092943996191,315,1162190894
current-to-best1bin,GD,Griewank,200,0,-4182.207861541307,58.675989309325814,9000,1162190894
current-to-best1bin,SPSA,Griewank,200,2,-4919.408487521933,0.6890513766556978,7418,2118233548
current-to-best1bin,SMCO_EVO,Griewank,200,1,-0.9768826528891342,43.889029832556844,315,141596627
current-to-best1bin,BOBYQA,Rosenbrock,200,8,-8864970.768333942,94.8511563334614,4500,1341549665
current-to-best1bin,optimNM,Griewank,200,2,-4906.968736823141,1.4423788227140903,4500,2118233548
current-to-best1bin,optimLBFGS,Griewank,200,2,-3.157525130248473e-09,4.5092095993459225,286,2118233548
current-to-best1bin,SA,Rosenbrock,200,4,-1.307243615228021e-10,192.66446862369776,300,1029249001
current-to-best1bin,SMCO,Griewank,200,1,-0.9539767002380145,51.54026413522661,315,141596627
current-to-best1bin,GA,Griewank,200,2,-169.48983138395752,1.2241062503308058,300,2118233548
current-to-best1bin,SMCO_BR,Griewank,200,1,-0.20198104829739827,50.9442066475749,90,141596627
current-to-best1bin,PSO,Griewank,200,2,-2120.562574942452,0.5493145119398832,300,2118233548
current-to-best1bin,SignGD,Griewank,200,2,-4706.940894541373,13.417155154049397,2014,2118233548
current-to-best1bin,SMCO_R,Griewank,200,1,-0.16109269740671672,55.07974661141634,165,141596627
current-to-best1bin,ADAM,Griewank,200,0,-5517.588496558564,66.24104387685657,9000,1162190894
current-to-best1bin,SMCO_BR_EVO,Griewank,200,1,-0.20543983936468335,57.77310932613909,165,141596627
current-to-best1bin,BOBYQA,Rosenbrock,200,9,-8641400.302077355,92.9364508241415,4500,268772159
current-to-best1bin,SA,Rosenbrock,200,5,-3.986623854557865,183.49695677310228,300,1194665403
current-to-best1bin,GenSA,Griewank,200,2,-9.504415920957854e-09,17.07381466962397,300,2118233548
current-to-best1bin,SMCO_R_EVO,Griewank,200,1,-0.14584310373155995,63.4470569640398,315,141596627
current-to-best1bin,SPSA,Griewank,200,3,-5157.41297313601,0.7471449766308069,7983,2050805645
current-to-best1bin,DEoptim,Rosenbrock,200,5,-29037.9911393845,186.95776721648872,300,1194665403
current-to-best1bin,SA,Rosenbrock,200,6,-1.9029616190693215e-10,169.51541481539607,300,382355876
current-to-best1bin,GD,Griewank,200,1,-3732.0932827476563,65.24948335438967,9000,141596627
current-to-best1bin,optimLBFGS,Griewank,200,3,-2.1345946121797965e-09,5.0596549194306135,296,2050805645
current-to-best1bin,optimNM,Griewank,200,3,-5146.536855396765,1.2975667044520378,4500,2050805645
current-to-best1bin,SMCO_R_EVO,Griewank,200,2,-0.17740430204393387,41.578752940520644,315,2118233548
current-to-best1bin,GA,Griewank,200,3,-162.21695723618248,1.3791291285306215,300,2050805645
current-to-best1bin,PSO,Griewank,200,3,-1605.6342025572862,0.553348682820797,300,2050805645
current-to-best1bin,SMCO_EVO,Griewank,200,2,-0.9883298113186882,45.42120101861656,315,2118233548
current-to-best1bin,DEoptim,Rosenbrock,200,6,-41656.31866150147,178.41325283795595,300,382355876
current-to-best1bin,ADAM,Griewank,200,1,-4918.955463849864,68.63478786684573,9000,141596627
current-to-best1bin,SMCO_R,Griewank,200,2,-0.17055875270874687,49.82131479866803,165,2118233548
current-to-best1bin,SMCO,Griewank,200,2,-0.9536008943583626,58.78413425385952,315,2118233548
current-to-best1bin,SignGD,Griewank,200,3,-4745.41816308258,21.72977346368134,3012,2050805645
current-to-best1bin,SMCO_BR,Griewank,200,2,-0.16640321011995107,55.08745987340808,90,2118233548
current-to-best1bin,BOBYQA,Griewank,200,0,-4602.153638204479,95.66914551705122,4500,1162190894
current-to-best1bin,GenSA,Griewank,200,3,-1.1447009673482e-08,18.02046289294958,300,2050805645
current-to-best1bin,SPSA,Griewank,200,4,-5337.926152031653,0.7454946245998144,8138,1541488759
current-to-best1bin,SMCO_BR_EVO,Griewank,200,2,-0.14642932156500488,55.82479630410671,165,2118233548
current-to-best1bin,SMCO_R,Griewank,200,3,-0.1603485199410064,41.143046014010906,165,2050805645
current-to-best1bin,optimNM,Griewank,200,4,-5329.013051071411,1.714592196047306,4500,1541488759
current-to-best1bin,optimLBFGS,Griewank,200,4,-2.2257222731525417e-09,4.99363818205893,283,1541488759
current-to-best1bin,SMCO,Griewank,200,3,-0.9497523059882095,46.12157119438052,315,2050805645
current-to-best1bin,BOBYQA,Griewank,200,1,-3846.1850997365113,86.46411114372313,4500,141596627
current-to-best1bin,GA,Griewank,200,4,-172.2124235886467,1.5761126596480608,300,1541488759
current-to-best1bin,SA,Rosenbrock,200,7,-1.3795636959728248e-10,176.50386998057365,300,2103805864
current-to-best1bin,PSO,Griewank,200,4,-2180.934866305733,0.6018224451690912,300,1541488759
current-to-best1bin,ADAM,Griewank,200,2,-4849.62942822738,60.84617321006954,9000,2118233548
current-to-best1bin,GD,Griewank,200,2,-3677.8033479071055,67.36509738117456,9000,2118233548
current-to-best1bin,SignGD,Griewank,200,4,-4923.367108503174,19.19898710772395,3012,1541488759
current-to-best1bin,SMCO_R_EVO,Griewank,200,3,-0.1656788631296945,49.77964995987713,315,2050805645
current-to-best1bin,SMCO_EVO,Griewank,200,3,-0.9621699023654646,54.98086504638195,315,2050805645
current-to-best1bin,DEoptim,Rosenbrock,200,7,-22599.568348135,188.4067785665393,300,2103805864
current-to-best1bin,GenSA,Griewank,200,4,-1.6328852825431284e-08,20.138867534697056,300,1541488759
current-to-best1bin,SMCO_BR,Griewank,200,3,-0.17398781707636046,60.68942939862609,90,2050805645
current-to-best1bin,SPSA,Griewank,200,5,-5382.416298814923,0.7324371486902237,7200,1171333552
current-to-best1bin,SMCO_BR_EVO,Griewank,200,3,-0.1962885333828599,57.12193571962416,165,2050805645
current-to-best1bin,optimLBFGS,Griewank,200,5,-6.550421793871664e-08,5.298947939649224,283,1171333552
current-to-best1bin,optimNM,Griewank,200,5,-5372.861043963378,1.3034546989947557,4500,1171333552
current-to-best1bin,SMCO_R_EVO,Griewank,200,4,-0.18737029070081757,42.98689847625792,315,1541488759
current-to-best1bin,ADAM,Griewank,200,3,-5081.4879295869805,61.72655262798071,9000,2050805645
current-to-best1bin,GD,Griewank,200,3,-3855.2094710777133,64.49607011303306,9000,2050805645
current-to-best1bin,GA,Griewank,200,5,-183.03989974089072,1.3730191197246313,300,1171333552
current-to-best1bin,PSO,Griewank,200,5,-2095.6354878885227,0.5535743609070778,300,1171333552
current-to-best1bin,DEoptim,Rosenbrock,200,8,-31748.218079350663,175.8252887185663,300,1341549665
current-to-best1bin,BOBYQA,Griewank,200,2,-3585.5520100908625,84.72206138260663,4500,2118233548
current-to-best1bin,SMCO,Griewank,200,4,-0.9335574065812386,54.385310515761375,315,1541488759
current-to-best1bin,SignGD,Griewank,200,5,-5192.009904293568,18.430300993844867,2513,1171333552
current-to-best1bin,SMCO_R,Griewank,200,4,-0.1662495726961244,53.63873351179063,165,1541488759
current-to-best1bin,SA,Rosenbrock,200,8,-1.4656882183259069e-10,182.1090359147638,300,1341549665
current-to-best1bin,SMCO_BR,Griewank,200,4,-0.16996490311004142,57.11396397277713,90,1541488759
current-to-best1bin,SMCO_EVO,Griewank,200,4,-0.9378839687055415,56.7199060767889,315,1541488759
current-to-best1bin,SA,Rosenbrock,200,9,-1.1921024076149216e-10,168.1728297714144,300,268772159
current-to-best1bin,SPSA,Griewank,200,6,-5344.2917802034235,0.6501370910555124,7628,1244943426
current-to-best1bin,GenSA,Griewank,200,5,-8.843552223858353e-09,19.774729585275054,300,1171333552
current-to-best1bin,SMCO_BR_EVO,Griewank,200,4,-0.17935516274363172,60.709960443899035,165,1541488759
current-to-best1bin,optimNM,Griewank,200,6,-5337.095861513635,1.6603964678943157,4500,1244943426
current-to-best1bin,GD,Griewank,200,4,-3989.302794309397,61.23056077770889,9000,1541488759
current-to-best1bin,optimLBFGS,Griewank,200,6,-5.201005360833122e-07,6.023003160953522,322,1244943426
current-to-best1bin,DEoptim,Rosenbrock,200,9,-25658.462377385862,174.9475087337196,300,268772159
current-to-best1bin,GA,Griewank,200,6,-185.3885297382689,1.3936284128576517,300,1244943426
current-to-best1bin,PSO,Griewank,200,6,-2009.4866559312095,0.558866711333394,300,1244943426
current-to-best1bin,ADAM,Griewank,200,4,-5260.772156129625,63.59190982580185,9000,1541488759
current-to-best1bin,SignGD,Griewank,200,6,-5201.038607746039,15.236722875386477,2014,1244943426
current-to-best1bin,SMCO_R,Griewank,200,5,-0.1558748180281977,52.10967462323606,165,1171333552
current-to-best1bin,SMCO,Griewank,200,5,-0.9596915981172017,53.29373179376125,315,1171333552
current-to-best1bin,SMCO_BR_EVO,Griewank,200,5,-0.2045005860062984,50.00118144415319,165,1171333552
current-to-best1bin,BOBYQA,Griewank,200,3,-4208.79078249471,91.09880239702761,4500,2050805645
current-to-best1bin,SMCO_R_EVO,Griewank,200,5,-0.16347399380056415,55.87966728024185,315,1171333552
current-to-best1bin,SMCO_EVO,Griewank,200,5,-0.9463296004422783,58.62911192327738,315,1171333552
current-to-best1bin,GenSA,Griewank,200,6,-1.0672601136185733e-08,19.343915885314345,300,1244943426
current-to-best1bin,SPSA,Griewank,200,7,-5498.008698648741,0.9266505837440491,8731,2092912266
current-to-best1bin,SMCO_BR,Griewank,200,5,-0.1871876216641133,65.01661307364702,90,1171333552
current-to-best1bin,ADAM,Griewank,200,5,-5306.883568272398,53.993293184787035,9000,1171333552
current-to-best1bin,optimNM,Griewank,200,7,-5488.4326539906615,1.0862976983189583,4500,2092912266
current-to-best1bin,optimLBFGS,Griewank,200,7,-1.1344668648938239e-08,4.998993435874581,277,2092912266
current-to-best1bin,SMCO_R,Griewank,200,6,-0.16209388668191982,44.005245856940746,165,1244943426
current-to-best1bin,GD,Griewank,200,5,-4024.290230869676,63.99169180355966,9000,1171333552
current-to-best1bin,SMCO_EVO,Griewank,200,6,-0.9409930452011567,43.90607958845794,315,1244943426
current-to-best1bin,PSO,Griewank,200,7,-2176.139784200064,0.47697135992348194,300,2092912266
current-to-best1bin,DEoptim,Griewank,200,0,-30.937929161897035,180.3871105015278,300,1162190894
current-to-best1bin,GA,Griewank,200,7,-175.95536794182576,1.3745221477001905,300,2092912266
current-to-best1bin,SignGD,Griewank,200,7,-5335.287534311559,14.214554384350777,2014,2092912266
current-to-best1bin,BOBYQA,Griewank,200,4,-4053.6748963651844,87.8258050903678,4500,1541488759
current-to-best1bin,SMCO_BR_EVO,Griewank,200,6,-0.18721896532061444,47.522762605920434,165,1244943426
current-to-best1bin,SMCO_BR,Griewank,200,6,-0.19893642424033142,51.178288739174604,90,1244943426
current-to-best1bin,SMCO,Griewank,200,6,-0.9490042702394405,57.036053931340575,315,1244943426
current-to-best1bin,SMCO_R_EVO,Griewank,200,6,-0.16776753655221566,56.23806491680443,315,1244943426
current-to-best1bin,GenSA,Griewank,200,7,-8.1173401333956e-09,18.137048883363605,300,2092912266
current-to-best1bin,SPSA,Griewank,200,8,-5088.487849492333,0.8592013195157051,8587,2112258783
current-to-best1bin,SA,Griewank,200,0,-1.5588783597308975e-09,196.8149104230106,300,1162190894
current-to-best1bin,optimLBFGS,Griewank,200,8,-7.299844954067325e-07,5.187936380505562,292,2112258783
current-to-best1bin,optimNM,Griewank,200,8,-5077.584659153899,1.6265207938849926,4500,2112258783
current-to-best1bin,ADAM,Griewank,200,6,-5270.701778333469,59.70021572895348,9000,1244943426
current-to-best1bin,SMCO,Griewank,200,7,-0.9670968646507401,47.52720598317683,315,2092912266
current-to-best1bin,SMCO_BR_EVO,Griewank,200,7,-0.1776845024575977,40.79863863252103,165,2092912266
current-to-best1bin,GA,Griewank,200,8,-182.21513114374756,1.3858215305954218,300,2112258783
current-to-best1bin,PSO,Griewank,200,8,-2055.7080984197255,0.5616820137947798,300,2112258783
current-to-best1bin,SignGD,Griewank,200,8,-4692.374285743332,14.476119002327323,2014,2112258783
current-to-best1bin,GD,Griewank,200,6,-3996.712793531233,67.0975709669292,9000,1244943426
current-to-best1bin,SMCO_BR,Griewank,200,7,-0.16387840379323704,55.37496752478182,90,2092912266
current-to-best1bin,SMCO_EVO,Griewank,200,7,-0.9591373300008511,53.931082401424646,315,2092912266
current-to-best1bin,SMCO_R,Griewank,200,7,-0.17589765727626028,56.781608544290066,165,2092912266
current-to-best1bin,SMCO_R_EVO,Griewank,200,7,-0.17483549471525883,54.82075862027705,315,2092912266
current-to-best1bin,BOBYQA,Griewank,200,5,-4112.298855190693,93.0933197978884,4500,1171333552
current-to-best1bin,DEoptim,Griewank,200,1,-45.994221235102664,192.53402823396027,300,141596627
current-to-best1bin,GenSA,Griewank,200,8,-7.200056550971112e-09,18.084458827972412,300,2112258783
current-to-best1bin,SPSA,Griewank,200,9,-5675.1431215847015,0.4342272039502859,7219,265617050
current-to-best1bin,SMCO_BR_EVO,Griewank,200,8,-0.17580395146323347,37.543422255665064,165,2112258783
current-to-best1bin,optimLBFGS,Griewank,200,9,-9.508419998027762e-07,4.027442768216133,324,265617050
current-to-best1bin,optimNM,Griewank,200,9,-5665.617801921002,1.0965351574122906,4500,265617050
current-to-best1bin,SMCO_EVO,Griewank,200,8,-0.8854295342220033,46.834326753392816,315,2112258783
current-to-best1bin,GD,Griewank,200,7,-4111.86238256998,66.89093566685915,9000,2092912266
current-to-best1bin,SMCO,Griewank,200,8,-0.9715434421688645,50.910652754828334,315,2112258783
current-to-best1bin,GA,Griewank,200,9,-181.31755764648045,0.759196799248457,300,265617050
current-to-best1bin,PSO,Griewank,200,9,-1767.425669365013,0.3084558788686991,300,265617050
current-to-best1bin,SignGD,Griewank,200,9,-5311.783277895473,18.020167095586658,2513,265617050
current-to-best1bin,SMCO_R,Griewank,200,8,-0.18384101658831264,54.901489259675145,165,2112258783
current-to-best1bin,SA,Griewank,200,1,-1.7046326572511816e-09,213.3983324021101,300,141596627
current-to-best1bin,ADAM,Griewank,200,7,-5422.977541525425,68.94284417293966,9000,2092912266
current-to-best1bin,BOBYQA,Griewank,200,6,-3824.0529688725182,90.85254428163171,4500,1244943426
current-to-best1bin,SMCO_R_EVO,Griewank,200,8,-0.16365602491382192,55.44289489276707,315,2112258783
current-to-best1bin,GD,Zakharov,200,0,-2.0386711672175123e+17,0.6637946963310242,105,1495214881
current-to-best1bin,GenSA,Griewank,200,9,-5.292013049995603e-09,16.086194010451436,300,265617050
current-to-best1bin,SMCO_BR,Griewank,200,8,-0.1809697808817441,60.56075439788401,90,2112258783
current-to-best1bin,SPSA,Zakharov,200,0,-189961627099095.3,0.6969304755330086,8171,1495214881
current-to-best1bin,SA,Griewank,200,2,-0.009864674228898807,188.5131545625627,300,2118233548
current-to-best1bin,GD,Griewank,200,8,-3804.1820680575734,61.329277792945504,9000,2112258783
current-to-best1bin,optimNM,Zakharov,200,0,-2.0043050226566102e+17,1.208315758034587,4500,1495214881
current-to-best1bin,SignGD,Zakharov,200,0,-3495.440855451382,9.987780015915632,1701,1495214881
current-to-best1bin,SMCO,Griewank,200,9,-0.9283996101634918,45.216872587800026,315,265617050
current-to-best1bin,DEoptim,Griewank,200,2,-42.633919093697344,199.4879498090595,300,2118233548
current-to-best1bin,optimLBFGS,Zakharov,200,0,-6.079650572069526e-09,11.879388440400362,991,1495214881
current-to-best1bin,PSO,Zakharov,200,0,-8779.905092183712,0.4273275285959244,300,1495214881
current-to-best1bin,GA,Zakharov,200,0,-1558.1635473228164,1.0929625313729048,300,1495214881
current-to-best1bin,ADAM,Griewank,200,8,-5016.119994337148,65.0756968986243,9000,2112258783
current-to-best1bin,DEoptim,Griewank,200,3,-37.27126460287867,184.40034942142665,300,2050805645
current-to-best1bin,SMCO_BR,Griewank,200,9,-0.1851559266988595,56.852103520184755,90,265617050
current-to-best1bin,SMCO_R,Griewank,200,9,-0.1648629572233703,59.130155304446816,165,265617050
current-to-best1bin,GenSA,Zakharov,200,0,-4.921146205646413e-09,16.683690156787634,300,1495214881
current-to-best1bin,BOBYQA,Griewank,200,7,-4342.362166236123,92.06882914341986,4500,2092912266
current-to-best1bin,GD,Zakharov,200,1,-1.590428201573839e+17,0.7747833877801895,105,1485425737
current-to-best1bin,SMCO_EVO,Griewank,200,9,-0.9842999166338879,54.60261074081063,315,265617050
current-to-best1bin,SPSA,Zakharov,200,1,-26319213691400.0,0.4827210158109665,8612,1485425737
current-to-best1bin,SMCO_R_EVO,Griewank,200,9,-0.18477696246265862,56.8314393479377,315,265617050
current-to-best1bin,BOBYQA,Griewank,200,8,-3530.5993419130546,73.31944782845676,4500,2112258783
current-to-best1bin,optimNM,Zakharov,200,1,-1.5602931326130518e+17,1.4992675743997097,4500,1485425737
current-to-best1bin,SMCO_BR_EVO,Griewank,200,9,-0.1894589676572529,59.48029567860067,165,265617050
current-to-best1bin,ADAM,Griewank,200,9,-5594.385913860103,58.14683520235121,9000,265617050
current-to-best1bin,optimLBFGS,Zakharov,200,1,-1.1189148529583772e-08,7.933874851092696,1004,1485425737
current-to-best1bin,GA,Zakharov,200,1,-1554.186770253145,1.1703494768589735,300,1485425737
current-to-best1bin,SignGD,Zakharov,200,1,-3179.7013042588587,11.46688662469387,1915,1485425737
current-to-best1bin,PSO,Zakharov,200,1,-8989.178471106206,0.3115013539791107,300,1485425737
current-to-best1bin,SMCO,Zakharov,200,0,-9.123651584495711,47.414786452427506,315,1495214881
current-to-best1bin,GD,Griewank,200,9,-4242.319009103909,66.33662949688733,9000,265617050
current-to-best1bin,SMCO_BR,Zakharov,200,0,-97.6853366184432,46.20069204457104,90,1495214881
current-to-best1bin,GenSA,Zakharov,200,1,-5.721706614119511e-09,13.373860174790025,300,1485425737
current-to-best1bin,SMCO_R,Zakharov,200,0,-24.348382146202173,54.095001650974154,165,1495214881
current-to-best1bin,GD,Zakharov,200,2,-1.542686757345379e+17,0.7646100297570229,105,416878452
current-to-best1bin,DEoptim,Griewank,200,4,-34.613672980897086,186.59541798755527,300,1541488759
current-to-best1bin,SMCO_EVO,Zakharov,200,0,-8.153946424705108,53.17927755601704,315,1495214881
current-to-best1bin,SPSA,Zakharov,200,2,-3248309631945.3125,0.7753840107470751,8354,416878452
current-to-best1bin,SMCO_R_EVO,Zakharov,200,0,-32.133325013146695,53.470144582912326,315,1495214881
current-to-best1bin,SMCO_BR_EVO,Zakharov,200,0,-201.33275264657019,53.08069795370102,165,1495214881
current-to-best1bin,optimNM,Zakharov,200,2,-1.516877532340344e+17,1.4192634634673595,4500,416878452
current-to-best1bin,ADAM,Zakharov,200,0,-4142642036077496.5,54.14262975752354,9000,1495214881
current-to-best1bin,SignGD,Zakharov,200,2,-2992.7838015927437,8.222426475957036,1797,416878452
current-to-best1bin,SMCO_R,Zakharov,200,1,-21.32071742237005,45.60382114164531,165,1485425737
current-to-best1bin,BOBYQA,Griewank,200,9,-4443.258029395437,79.44483865611255,4500,265617050
current-to-best1bin,PSO,Zakharov,200,2,-8791.299692580795,0.4478978365659714,300,416878452
current-to-best1bin,GA,Zakharov,200,2,-1470.4489753166279,1.2935984153300524,300,416878452
current-to-best1bin,optimLBFGS,Zakharov,200,2,-1.491425987670413e-08,13.799098581075668,1024,416878452
current-to-best1bin,SMCO_EVO,Zakharov,200,1,-7.791987831629707,43.78549442999065,315,1485425737
current-to-best1bin,SA,Griewank,200,3,-1.472849064931836e-09,230.5910211391747,300,2050805645
current-to-best1bin,SMCO_BR,Zakharov,200,1,-89.34089490732681,49.83617511577904,90,1485425737
current-to-best1bin,SMCO,Zakharov,200,1,-8.332197658022071,54.08390463516116,315,1485425737
current-to-best1bin,ADAM,Zakharov,200,1,-2607686884808586.5,42.947677444666624,9000,1485425737
current-to-best1bin,GD,Zakharov,200,3,-1.4403982855650851e+17,0.8447814434766769,105,2081297402
current-to-best1bin,GenSA,Zakharov,200,2,-8.770232790012143e-09,17.67903495207429,300,416878452
current-to-best1bin,SPSA,Zakharov,200,3,-175070124595245.3,0.8033776823431253,8892,2081297402
current-to-best1bin,SMCO_R_EVO,Zakharov,200,1,-22.93504038906897,52.2534565590322,315,1485425737
current-to-best1bin,SA,Griewank,200,4,-1.6283800974292717e-09,216.50764535926282,300,1541488759
current-to-best1bin,SignGD,Zakharov,200,3,-3188.6135900655136,9.213634878396988,1919,2081297402
current-to-best1bin,optimNM,Zakharov,200,3,-1.3903376729919499e+17,1.6637108772993088,4500,2081297402
current-to-best1bin,SMCO_BR_EVO,Zakharov,200,1,-88.70535620794632,54.496091205626726,165,1485425737
current-to-best1bin,SMCO_BR,Zakharov,200,2,-116.14698262563756,39.54483079537749,90,416878452
current-to-best1bin,GA,Zakharov,200,3,-1262.4140309629847,1.3625479582697153,300,2081297402
current-to-best1bin,PSO,Zakharov,200,3,-9260.154090543323,0.4976360984146595,300,2081297402
current-to-best1bin,SMCO_BR_EVO,Zakharov,200,2,-78.59891018333987,38.415837068110704,165,416878452
current-to-best1bin,SMCO_R,Zakharov,200,2,-25.53619070315994,46.98253742977977,165,416878452
current-to-best1bin,optimLBFGS,Zakharov,200,3,-3.041735936556406e-09,13.568129763007164,1021,2081297402
current-to-best1bin,SMCO,Zakharov,200,2,-7.552344300766187,49.26788427866995,315,416878452
current-to-best1bin,SMCO_R_EVO,Zakharov,200,2,-20.778326882943443,44.49037498049438,315,416878452
current-to-best1bin,DEoptim,Griewank,200,6,-46.18512956417697,175.35919972881675,300,1244943426
current-to-best1bin,SMCO_EVO,Zakharov,200,2,-7.8135578528372935,46.82218543253839,315,416878452
current-to-best1bin,GD,Zakharov,200,4,-1.1154643245553408e+17,0.6313259974122047,105,851655650
current-to-best1bin,DEoptim,Griewank,200,5,-45.462846197570734,198.42735543474555,300,1171333552
current-to-best1bin,SPSA,Zakharov,200,4,-10323733688895.312,0.5035324394702911,8258,851655650
current-to-best1bin,ADAM,Zakharov,200,2,-2776738189978289.0,44.42044297978282,9000,416878452
current-to-best1bin,GenSA,Zakharov,200,3,-1.647516999572073e-08,16.789635298773646,300,2081297402
current-to-best1bin,optimNM,Zakharov,200,4,-1.092826218014581e+17,1.5005621183663607,4500,851655650
current-to-best1bin,SignGD,Zakharov,200,4,-2851.7753991563736,11.826389353722334,1761,851655650
current-to-best1bin,optimLBFGS,Zakharov,200,4,-5.00875321359688e-09,10.856609532609582,1009,851655650
current-to-best1bin,SA,Griewank,200,5,-1.7564940613112867e-09,214.5906201247126,300,1171333552
current-to-best1bin,GA,Zakharov,200,4,-1961.3011660429609,0.711538827046752,300,851655650
current-to-best1bin,PSO,Zakharov,200,4,-8577.76737731348,0.23566813208162785,300,851655650
current-to-best1bin,SMCO,Zakharov,200,3,-8.562852787174524,46.84657173976302,315,2081297402
current-to-best1bin,SMCO_EVO,Zakharov,200,3,-8.28028000150676,48.80539445579052,315,2081297402
current-to-best1bin,GenSA,Zakharov,200,4,-6.0173932437493665e-09,18.41901098564267,300,851655650
current-to-best1bin,SMCO_R,Zakharov,200,3,-21.664802015222357,57.04922761954367,165,2081297402
current-to-best1bin,SMCO_BR_EVO,Zakharov,200,3,-81.35148065516762,52.4082780405879,165,2081297402
current-to-best1bin,SMCO_BR,Zakharov,200,3,-88.51844773385038,56.12207966670394,90,2081297402
current-to-best1bin,GD,Zakharov,200,5,-1.6251048281758518e+17,0.7775063998997211,105,1070835300
current-to-best1bin,SMCO_R_EVO,Zakharov,200,3,-24.699810022026213,54.353014044463634,315,2081297402
current-to-best1bin,SMCO,Zakharov,200,4,-8.455151817023003,40.03387714549899,315,851655650
current-to-best1bin,SPSA,Zakharov,200,5,-2402579060675.0,0.7289768736809492,8702,1070835300
current-to-best1bin,SMCO_R,Zakharov,200,4,-23.767799588364923,44.0419398881495,165,851655650
current-to-best1bin,ADAM,Zakharov,200,3,-2483432887784056.0,58.98529411293566,9000,2081297402
current-to-best1bin,DEoptim,Griewank,200,7,-27.68294525259803,191.5174479149282,300,2092912266
current-to-best1bin,SignGD,Zakharov,200,5,-3022.8594630292323,8.890736931934953,1567,1070835300
current-to-best1bin,optimNM,Zakharov,200,5,-1.5972820828487968e+17,1.6469030659645796,4500,1070835300
current-to-best1bin,optimLBFGS,Zakharov,200,5,-5.381176715390702e-09,10.718049308285117,1000,1070835300
current-to-best1bin,SMCO_BR,Zakharov,200,4,-78.75883832353712,49.59654786065221,90,851655650
current-to-best1bin,GA,Zakharov,200,5,-1264.3294578760783,0.8213398568332195,300,1070835300
current-to-best1bin,PSO,Zakharov,200,5,-8961.332386460588,0.5393340867012739,300,1070835300
current-to-best1bin,SMCO_R_EVO,Zakharov,200,4,-23.443197699227966,48.18146941624582,315,851655650
current-to-best1bin,SA,Griewank,200,6,-0.0885069214830635,224.02916705608368,300,1244943426
current-to-best1bin,ADAM,Zakharov,200,4,-1645685520989748.2,47.505044711753726,9000,851655650
current-to-best1bin,SMCO_EVO,Zakharov,200,4,-8.434397213284003,50.65177224949002,315,851655650
current-to-best1bin,SMCO_BR_EVO,Zakharov,200,4,-87.62534965007218,53.67283163778484,165,851655650
current-to-best1bin,GD,Zakharov,200,6,-1.803295477180548e+17,0.46555645018815994,105,1588468405
current-to-best1bin,SMCO,Zakharov,200,5,-10.542591887362741,37.53965691290796,315,1070835300
current-to-best1bin,GenSA,Zakharov,200,5,-6.6350293576694455e-09,15.241109475493431,300,1070835300
current-to-best1bin,SPSA,Zakharov,200,6,-28953330645.3125,0.46807574667036533,7781,1588468405
current-to-best1bin,DEoptim,Griewank,200,8,-40.908886981445995,182.37009505182505,300,2112258783
current-to-best1bin,SignGD,Zakharov,200,6,-3360.3614493309797,9.916384456679225,1735,1588468405
current-to-best1bin,optimNM,Zakharov,200,6,-1.759933067005112e+17,1.636157039552927,4500,1588468405
current-to-best1bin,SA,Griewank,200,7,-2.013160083080834e-09,217.16297449171543,300,2092912266
current-to-best1bin,SMCO_R,Zakharov,200,5,-22.54929071388656,45.31657920219004,165,1070835300
current-to-best1bin,SMCO_BR,Zakharov,200,5,-93.00139605858199,42.71952658332884,90,1070835300
current-to-best1bin,optimLBFGS,Zakharov,200,6,-5.699288613126554e-09,12.47274500504136,1007,1588468405
current-to-best1bin,GA,Zakharov,200,6,-1361.3990851795886,1.1883957367390394,300,1588468405
current-to-best1bin,PSO,Zakharov,200,6,-8887.766899680186,0.45077597349882126,300,1588468405
current-to-best1bin,SMCO_EVO,Zakharov,200,5,-8.008015743798861,50.670853247866035,315,1070835300
current-to-best1bin,GenSA,Zakharov,200,6,-6.358345582470662e-09,18.326761942356825,300,1588468405
current-to-best1bin,SMCO_R_EVO,Zakharov,200,5,-24.465123771494717,51.88930172100663,315,1070835300
current-to-best1bin,SMCO_R_EVO,Zakharov,200,6,-22.785364211706565,35.920045144855976,315,1588468405
current-to-best1bin,SA,Griewank,200,8,-1.6973094041361492e-09,211.6203926950693,300,2112258783
current-to-best1bin,GD,Zakharov,200,7,-1.5479379220080794e+17,0.7216116189956665,105,2128855260
current-to-best1bin,SMCO_BR_EVO,Zakharov,200,5,-83.67741120727166,56.108912685886025,165,1070835300
current-to-best1bin,SMCO,Zakharov,200,6,-8.384822043261842,43.6526031922549,315,1588468405
current-to-best1bin,ADAM,Zakharov,200,5,-3082376452858085.5,56.44831807538867,9000,1070835300
current-to-best1bin,SPSA,Zakharov,200,7,-10851921655625.0,0.8449687790125608,8907,2128855260
current-to-best1bin,SMCO_EVO,Zakharov,200,6,-8.649028415302826,48.671636590734124,315,1588468405
current-to-best1bin,SignGD,Zakharov,200,7,-3066.2899396000066,9.513052517548203,1757,2128855260
current-to-best1bin,SMCO_BR,Zakharov,200,6,-96.57475902168213,49.620578963309526,90,1588468405
current-to-best1bin,ADAM,Zakharov,200,6,-3714260401539151.5,41.20869808830321,9000,1588468405
current-to-best1bin,optimNM,Zakharov,200,7,-1.512335110703218e+17,1.4680582508444786,4500,2128855260
current-to-best1bin,SMCO_BR_EVO,Zakharov,200,6,-119.5453209191861,49.69893047399819,165,1588468405
current-to-best1bin,PSO,Zakharov,200,7,-8339.374875669573,0.5495304316282272,300,2128855260
current-to-best1bin,SMCO_R,Zakharov,200,6,-22.727622610670725,51.88355519808829,165,1588468405
current-to-best1bin,GA,Zakharov,200,7,-1354.4423465665227,1.180193204432726,300,2128855260
current-to-best1bin,optimLBFGS,Zakharov,200,7,-4.804676606777414e-09,11.652747170999646,972,2128855260
current-to-best1bin,DEoptim,Griewank,200,9,-47.490838727121,202.42331815324724,300,265617050
current-to-best1bin,SMCO,Zakharov,200,7,-7.578959860070499,40.18598470278084,315,2128855260
current-to-best1bin,DEoptim,Zakharov,200,0,-1806.014647142313,190.8923797532916,300,1495214881
current-to-best1bin,GenSA,Zakharov,200,7,-6.448753345196355e-09,17.256131019443274,300,2128855260
current-to-best1bin,GD,Zakharov,200,8,-5.587855230760333e+16,0.8190564904361963,105,671574896
current-to-best1bin,SMCO_R,Zakharov,200,7,-23.70822500448695,44.65450658835471,165,2128855260
current-to-best1bin,SPSA,Zakharov,200,8,-823114821120.3125,0.8241496123373508,8857,671574896
current-to-best1bin,SMCO_EVO,Zakharov,200,7,-8.538629543138603,37.92515862733126,315,2128855260
current-to-best1bin,SMCO_BR,Zakharov,200,7,-98.6324105003461,44.03288431093097,90,2128855260
current-to-best1bin,SignGD,Zakharov,200,8,-2767.2878286687137,8.898031743243337,1673,671574896
current-to-best1bin,SA,Griewank,200,9,-2.1136460359727494e-09,221.9914091192186,300,265617050
current-to-best1bin,optimNM,Zakharov,200,8,-5.4461097027553096e+16,1.5200916398316622,4500,671574896
current-to-best1bin,optimLBFGS,Zakharov,200,8,-6.172200122809618e-09,11.87561546638608,1028,671574896
current-to-best1bin,GA,Zakharov,200,8,-1782.2558182954751,1.25175048597157,300,671574896
current-to-best1bin,SMCO_BR_EVO,Zakharov,200,7,-91.39917481013369,45.505952754989266,165,2128855260
current-to-best1bin,PSO,Zakharov,200,8,-8742.330445376545,0.49444514885544777,300,671574896
current-to-best1bin,SMCO_R_EVO,Zakharov,200,7,-23.35712024071037,49.59544552862644,315,2128855260
current-to-best1bin,ADAM,Zakharov,200,7,-2679682262283039.0,51.584283754229546,9000,2128855260
current-to-best1bin,GenSA,Zakharov,200,8,-5.775291573660517e-09,18.116984758526087,300,671574896
current-to-best1bin,SMCO_R,Zakharov,200,8,-25.71989818136129,44.41489063203335,165,671574896
current-to-best1bin,DEoptim,Zakharov,200,1,-1648.1727457444863,199.68963410519063,300,1485425737
current-to-best1bin,GD,Zakharov,200,9,-1.561533997087305e+17,0.5560351051390171,105,1773159981
current-to-best1bin,SMCO_BR,Zakharov,200,8,-97.93805564226473,49.8112528976053,90,671574896
current-to-best1bin,SMCO,Zakharov,200,8,-14.135286373816218,53.04175886698067,315,671574896
current-to-best1bin,SPSA,Zakharov,200,9,-1922400978420.3125,0.9399626236408949,8247,1773159981
current-to-best1bin,SignGD,Zakharov,200,9,-3223.927935038633,7.8349579609930515,1805,1773159981
current-to-best1bin,SMCO_R_EVO,Zakharov,200,8,-30.82848027025411,50.244591580703855,315,671574896
current-to-best1bin,optimNM,Zakharov,200,9,-1.528799995319841e+17,1.4191604275256395,4500,1773159981
current-to-best1bin,SMCO_BR_EVO,Zakharov,200,8,-100.54740719672878,50.1237134989351,165,671574896
current-to-best1bin,DEoptim,Zakharov,200,2,-1852.01030444786,191.7077804915607,300,416878452
current-to-best1bin,ADAM,Zakharov,200,8,-497410272659949.3,47.980686228722334,9000,671574896
current-to-best1bin,SMCO_EVO,Zakharov,200,8,-9.570302850582133,60.70513816922903,315,671574896
current-to-best1bin,PSO,Zakharov,200,9,-9783.208432552754,0.49496700800955296,300,1773159981
current-to-best1bin,GA,Zakharov,200,9,-1331.9779017844414,1.2847986966371536,300,1773159981
current-to-best1bin,optimLBFGS,Zakharov,200,9,-7.794955305628356e-09,13.323003051802516,1010,1773159981
current-to-best1bin,SMCO_R,Zakharov,200,9,-24.673128890402023,40.71037043631077,165,1773159981
current-to-best1bin,GenSA,Zakharov,200,9,-5.01899756037173e-09,17.835316697135568,300,1773159981
current-to-best1bin,SMCO_R_EVO,Zakharov,200,9,-21.270212505862037,38.5207226742059,315,1773159981
current-to-best1bin,SMCO_BR,Zakharov,200,9,-84.24939990455935,47.21350614540279,90,1773159981
current-to-best1bin,SMCO,Zakharov,200,9,-7.9097336152054485,52.912377731874585,315,1773159981
current-to-best1bin,DEoptim,Zakharov,200,3,-1896.3568490567202,193.9780522789806,300,2081297402
current-to-best1bin,SMCO_EVO,Zakharov,200,9,-13.552505690527063,48.605729315429926,315,1773159981
current-to-best1bin,SMCO_BR_EVO,Zakharov,200,9,-92.86141228815379,47.48744101263583,165,1773159981
current-to-best1bin,ADAM,Zakharov,200,9,-2711009925428888.5,51.238349728286266,9000,1773159981
current-to-best1bin,DEoptim,Zakharov,200,4,-1682.331316357313,187.5881287585944,300,851655650
current-to-best1bin,SA,Zakharov,200,0,-2.867164734792802e-09,283.9208466671407,300,1495214881
current-to-best1bin,SA,Zakharov,200,1,-2.9869124887028932e-09,270.643687851727,300,1485425737
current-to-best1bin,SA,Zakharov,200,2,-2.7852070077592056e-09,249.4331776201725,300,416878452
current-to-best1bin,DEoptim,Zakharov,200,5,-1551.0492287588283,182.7558537274599,300,1070835300
current-to-best1bin,SA,Zakharov,200,3,-2.797033682386124e-09,248.97330503724515,300,2081297402
current-to-best1bin,DEoptim,Zakharov,200,6,-1770.603881920707,176.21011106297374,300,1588468405
current-to-best1bin,SA,Zakharov,200,4,-3.372882775970758e-09,234.33810940943658,300,851655650
current-to-best1bin,DEoptim,Zakharov,200,7,-1604.8149048294524,160.5536568481475,300,2128855260
current-to-best1bin,SA,Zakharov,200,5,-2.907471523511713e-09,221.0471511799842,300,1070835300
current-to-best1bin,BOBYQA,Zakharov,200,0,-1.0662287002633426e+16,358.6216569431126,4500,1495214881
current-to-best1bin,SA,Zakharov,200,6,-2.850512470596754e-09,217.99938393570483,300,1588468405
current-to-best1bin,DEoptim,Zakharov,200,8,-1692.323188545305,160.712646657601,300,671574896
current-to-best1bin,DEoptim,Zakharov,200,9,-2147.774911935919,132.50038428604603,300,1773159981
current-to-best1bin,BOBYQA,Zakharov,200,1,-1.0376095536785718e+16,353.64854148216546,4500,1485425737
current-to-best1bin,SA,Zakharov,200,7,-3.0953064539438307e-09,207.90794159285724,300,2128855260
current-to-best1bin,BOBYQA,Zakharov,200,4,-4470520481780466.0,299.3182013165206,4500,851655650
current-to-best1bin,SA,Zakharov,200,8,-2.8004502616207977e-09,195.91361740604043,300,671574896
current-to-best1bin,SA,Zakharov,200,9,-2.8408103762880298e-09,176.211235223338,300,1773159981
current-to-best1bin,BOBYQA,Zakharov,200,5,-4327784578493391.0,317.200321925804,4500,1070835300
current-to-best1bin,BOBYQA,Zakharov,200,3,-5448514272941123.0,369.9072780366987,4500,2081297402
current-to-best1bin,BOBYQA,Zakharov,200,2,-5936291854664150.0,401.61540050432086,4500,416878452
current-to-best1bin,BOBYQA,Zakharov,200,6,-2080715986971427.2,318.8706083446741,4500,1588468405
current-to-best1bin,BOBYQA,Zakharov,200,7,-1.5575532518149768e+16,318.49706422165036,4500,2128855260
current-to-best1bin,BOBYQA,Zakharov,200,8,-3619995960971544.5,290.18470056541264,4500,671574896
current-to-best1bin,BOBYQA,Zakharov,200,9,-1453598898868253.2,264.3090796712786,4500,1773159981
current-to-best1bin,PSO,Rastrigin,4000,0,-70406.87319843871,4.084399037063122,300,813956088
current-to-best1bin,PSO,Rastrigin,4000,1,-66807.69681633254,4.3021265882998705,300,543286753
current-to-best1bin,PSO,Ackley,4000,0,-21.173593472773007,4.84913232550025,300,1158094505
current-to-best1bin,GA,Rastrigin,4000,1,-43409.94548248143,7.571572240442038,300,543286753
current-to-best1bin,GA,Rastrigin,4000,0,-43948.3726158056,7.742064714431763,300,813956088
current-to-best1bin,GA,Ackley,4000,0,-16.68430230566384,8.861207153648138,300,1158094505
current-to-best1bin,PSO,Ackley,4000,1,-21.10042156905669,4.9740653000772,300,398596690
current-to-best1bin,GA,Ackley,4000,1,-17.32683311397895,8.571138676255941,300,398596690
current-to-best1bin,SA,Ackley,4000,0,-21.223141783294846,1459.3749743923545,300,1158094505
current-to-best1bin,SA,Rastrigin,4000,1,-61315.04168008198,1529.908161945641,300,543286753
current-to-best1bin,SA,Rastrigin,4000,0,-61155.601075954226,1534.1335030943155,300,813956088
current-to-best1bin,SA,Ackley,4000,1,-21.204914105481386,1719.563987756148,300,398596690
current-to-best1bin,GenSA,Ackley,4000,0,-4.931127025659251,2231.210483595729,300,1158094505
current-to-best1bin,GenSA,Ackley,4000,1,-3.6981301487723433,2231.138438399881,300,398596690
current-to-best1bin,GenSA,Rastrigin,4000,0,-40.138120501120284,2464.9555784650147,300,813956088
current-to-best1bin,GenSA,Rastrigin,4000,1,-38.80550134222722,2674.5952258333564,300,543286753
current-to-best1bin,GA,Rosenbrock,4000,0,-43184992.049967244,4.884119579568505,300,203850383
current-to-best1bin,PSO,Rosenbrock,4000,0,-419931017.26976913,2.8655501399189234,300,203850383
current-to-best1bin,SA,Rosenbrock,4000,0,-12123464.204833023,529.2624233961105,300,203850383
current-to-best1bin,GenSA,Rosenbrock,4000,0,-267.37839288066834,1827.0325625948608,300,203850383
current-to-best1bin,SMCO,Rosenbrock,4000,0,-1146.425812037492,6294.143725194037,364,203850383
current-to-best1bin,SMCO_R,Rosenbrock,4000,0,-1493.8010872697287,6423.018963005394,214,203850383
current-to-best1bin,SMCO_BR,Rosenbrock,4000,0,-19842.964901822816,5917.213833283633,139,203850383
current-to-best1bin,SMCO_R_EVO,Rosenbrock,4000,0,-224.30137419973295,6287.790088973939,364,203850383
current-to-best1bin,SMCO_EVO,Rosenbrock,4000,0,-865.7489559316144,6338.121462350711,364,203850383
current-to-best1bin,SMCO_BR_EVO,Rosenbrock,4000,0,-19793.48868574321,6222.342230234295,214,203850383
current-to-best1bin,SA,Rosenbrock,4000,1,-12402917.79217528,462.28059994615614,300,270267170
current-to-best1bin,GA,Rosenbrock,4000,1,-42858605.65546528,4.980248620733619,300,270267170
current-to-best1bin,PSO,Rosenbrock,4000,1,-424068004.8448019,2.250031255185604,300,270267170
current-to-best1bin,SMCO,Rosenbrock,4000,1,-1241.1399970318334,6135.107076460496,364,270267170
current-to-best1bin,SMCO_R,Rosenbrock,4000,1,-1314.9205537068233,6141.073196154088,214,270267170
current-to-best1bin,GenSA,Rosenbrock,4000,1,-161.9405664553873,1725.5340929422528,300,270267170
current-to-best1bin,SMCO_BR,Rosenbrock,4000,1,-19592.701317413805,6170.1449503246695,139,270267170
current-to-best1bin,SMCO_EVO,Rosenbrock,4000,1,-891.0184760377084,5499.540311515331,364,270267170
current-to-best1bin,SMCO_R_EVO,Rosenbrock,4000,1,-303.81330088312444,5453.621103491634,364,270267170
current-to-best1bin,SMCO_BR_EVO,Rosenbrock,4000,1,-19676.31964704169,6029.397571258247,214,270267170
current-to-best1bin,SMCO_R,Rastrigin,4000,1,-33892.757432425846,17523.11165530421,214,543286753
current-to-best1bin,SMCO_R,Rastrigin,4000,0,-33812.6990905759,17540.336117427796,214,813956088
current-to-best1bin,SMCO_R_EVO,Rastrigin,4000,1,-33892.78433007124,18380.055501492694,364,543286753
current-to-best1bin,SMCO_EVO,Rastrigin,4000,1,-33975.2130685326,18511.751280531287,364,543286753
current-to-best1bin,SMCO,Rastrigin,4000,1,-33977.75260474973,18609.28429855965,364,543286753
current-to-best1bin,SMCO_EVO,Rastrigin,4000,0,-33898.32614623291,18904.552072256804,364,813956088
current-to-best1bin,SMCO_BR_EVO,Rastrigin,4000,0,-34001.737856951804,18922.17262406461,214,813956088
current-to-best1bin,SMCO,Rastrigin,4000,0,-33896.54360174047,19264.902532646433,364,813956088
current-to-best1bin,SMCO_R_EVO,Rastrigin,4000,0,-33812.93332959413,19295.88433964923,364,813956088
current-to-best1bin,SMCO_EVO,Ackley,4000,1,-0.3382783516721628,19789.92845273018,364,398596690
current-to-best1bin,SMCO_R_EVO,Ackley,4000,1,-0.07276960054014525,19901.1575369332,364,398596690
current-to-best1bin,SMCO,Ackley,4000,0,-0.33789746363447337,19905.47059709765,364,1158094505
current-to-best1bin,SMCO_R_EVO,Ackley,4000,0,-0.07318294956974158,19912.940367313102,364,1158094505
current-to-best1bin,SMCO_R,Ackley,4000,0,-0.07292967772956915,19957.93290632777,214,1158094505
current-to-best1bin,SMCO_EVO,Ackley,4000,0,-0.3382867214406642,20147.86351310648,364,1158094505
current-to-best1bin,SMCO_BR,Rastrigin,4000,0,-33994.80251229948,20150.94142997265,139,813956088
current-to-best1bin,SMCO_BR,Rastrigin,4000,1,-34060.6687889275,20357.680727422237,139,543286753
current-to-best1bin,SMCO_BR_EVO,Rastrigin,4000,1,-34052.49520053197,20452.876589795575,214,543286753
current-to-best1bin,SMCO,Ackley,4000,1,-0.33868857389203244,21186.27134519443,364,398596690
current-to-best1bin,SMCO_R,Ackley,4000,1,-0.07382205497021177,21309.52786776796,214,398596690
current-to-best1bin,SMCO_BR,Ackley,4000,0,-2.1640103060774263,22707.98988984339,139,1158094505
current-to-best1bin,SMCO_BR_EVO,Ackley,4000,0,-2.0295281755226537,22817.92194276862,214,1158094505
current-to-best1bin,SMCO_BR,Ackley,4000,1,-1.9846412147912642,22987.219669064507,139,398596690
current-to-best1bin,SMCO_BR_EVO,Ackley,4000,1,-2.057696747909976,23149.338742312044,214,398596690
current-to-best1bin,DEoptim,Rastrigin,4000,1,-47223.28983867143,28950.52823807113,300,543286753
current-to-best1bin,DEoptim,Rosenbrock,4000,0,-56428453.357557856,26489.766406355426,300,203850383
current-to-best1bin,DEoptim,Rastrigin,4000,0,-47810.71205964495,29029.488313619047,300,813956088
current-to-best1bin,DEoptim,Ackley,4000,0,-18.16725594155195,29460.37097316608,300,1158094505
current-to-best1bin,DEoptim,Ackley,4000,1,-18.172488081956196,29466.195104047656,300,398596690
current-to-best1bin,DEoptim,Rosenbrock,4000,1,-55091600.78293415,23213.209190793335,300,270267170
best1bin,PSO,Rastrigin,200,1,-2349.5930878052186,0.27500965632498264,300,1677437249
best1bin,SPSA,Rastrigin,200,1,-2591.8397724017545,0.4237855300307274,6844,1677437249
best1bin,SPSA,Rastrigin,200,0,-2563.0075099405494,0.5421975068747997,6251,647279673
best1bin,PSO,Rastrigin,200,0,-2110.484125690013,0.5691141523420811,300,647279673
best1bin,GA,Rastrigin,200,1,-1795.439758803569,0.7476622145622969,300,1677437249
best1bin,GA,Rastrigin,200,0,-1874.2642690282407,1.2582104448229074,300,647279673
best1bin,optimNM,Rastrigin,200,0,-3344.639468472361,1.2820372693240643,4500,647279673
best1bin,optimNM,Rastrigin,200,1,-3387.6401658173017,1.3893406335264444,4500,1677437249
best1bin,SPSA,Rastrigin,200,2,-2712.8576147054678,0.29044594429433346,5624,869192137
best1bin,optimLBFGS,Rastrigin,200,1,-1221.803231940503,3.283301390707493,229,1677437249
best1bin,optimLBFGS,Rastrigin,200,0,-1326.273085183746,3.6343419179320335,237,647279673
best1bin,optimLBFGS,Rastrigin,200,2,-1187.974308182025,3.2372161261737347,242,869192137
best1bin,optimNM,Rastrigin,200,2,-3378.649502729375,1.5578300822526217,4500,869192137
best1bin,SignGD,Rastrigin,200,1,-1632.2675956738728,13.295038292184472,2513,1677437249
best1bin,SignGD,Rastrigin,200,2,-1606.475106459799,13.508741647005081,2513,869192137
best1bin,SignGD,Rastrigin,200,0,-1719.324189731857,14.867974048480392,2513,647279673
best1bin,PSO,Rastrigin,200,2,-2007.4440615203064,0.480952724814415,300,869192137
best1bin,GA,Rastrigin,200,2,-1904.188785252789,1.2475811336189508,300,869192137
best1bin,GenSA,Rastrigin,200,1,-1.9899181141925055,20.18788604438305,300,1677437249
best1bin,GenSA,Rastrigin,200,0,-1.9899181141920508,21.49895229935646,300,647279673
best1bin,GenSA,Rastrigin,200,2,-4.974795285472737,20.21566734276712,300,869192137
best1bin,GD,Rastrigin,200,1,-2534.1449996814035,26.241719488054514,4599,1677437249
best1bin,GD,Rastrigin,200,2,-2561.013591122185,27.054509742185473,4621,869192137
best1bin,GD,Rastrigin,200,0,-2372.9633198907622,29.367573358118534,5005,647279673
best1bin,SMCO_BR_EVO,Rastrigin,200,1,-403.9391029965452,35.82421393878758,165,1677437249
best1bin,SMCO_BR_EVO,Rastrigin,200,0,-380.5837720156658,37.82235865667462,165,647279673
best1bin,SPSA,Rastrigin,200,3,-2682.5091046532357,0.3599836714565754,5568,949772676
best1bin,ADAM,Rastrigin,200,2,-1558.097279288144,39.37557793594897,7705,869192137
best1bin,ADAM,Rastrigin,200,1,-1564.066438474212,40.69674190506339,7695,1677437249
best1bin,optimLBFGS,Rastrigin,200,3,-1215.833495961103,3.551701618358493,238,949772676
best1bin,ADAM,Rastrigin,200,0,-1649.631883032912,42.149120949208736,7697,647279673
best1bin,SMCO_R,Rastrigin,200,0,-388.30744654430464,42.219744147732854,165,647279673
best1bin,optimNM,Rastrigin,200,3,-3436.4706295261576,1.5273789875209332,4500,949772676
best1bin,SMCO,Rastrigin,200,0,-393.6966298909674,42.26715265028179,315,647279673
best1bin,PSO,Rastrigin,200,3,-2167.0629650015,0.45774232782423496,300,949772676
best1bin,SignGD,Rastrigin,200,3,-1500.2453555101538,13.453614393249154,2513,949772676
best1bin,SMCO_R,Rastrigin,200,2,-379.42737172215834,42.94567248597741,165,869192137
best1bin,GA,Rastrigin,200,3,-1819.9133767362323,1.241881312802434,300,949772676
best1bin,SMCO_R_EVO,Rastrigin,200,1,-397.31629765162256,44.686761137098074,315,1677437249
best1bin,SMCO_BR,Rastrigin,200,2,-377.0170782776488,45.48499194718897,90,869192137
best1bin,SMCO_R,Rastrigin,200,1,-392.53064444704205,46.10606051236391,165,1677437249
best1bin,SMCO_BR,Rastrigin,200,1,-403.5942404105658,46.3267765827477,90,1677437249
best1bin,SMCO_R_EVO,Rastrigin,200,2,-377.3559898249607,46.16783612035215,315,869192137
best1bin,SMCO,Rastrigin,200,2,-375.86135765283757,47.06667760387063,315,869192137
best1bin,SMCO_R_EVO,Rastrigin,200,0,-393.50548380530927,47.17501086182892,315,647279673
best1bin,SMCO,Rastrigin,200,1,-399.988901507136,47.32705789990723,315,1677437249
best1bin,SMCO_EVO,Rastrigin,200,1,-402.74739344708723,47.41599859856069,315,1677437249
best1bin,SPSA,Rastrigin,200,4,-2745.919799664285,0.3250829130411148,5674,1673381394
best1bin,SMCO_BR,Rastrigin,200,0,-389.46320714540707,48.07751418277621,90,647279673
best1bin,SMCO_EVO,Rastrigin,200,2,-381.0718482634104,47.841098776087165,315,869192137
best1bin,optimNM,Rastrigin,200,4,-3389.97931441364,1.5688536148518324,4500,1673381394
best1bin,GA,Rastrigin,200,4,-1818.6953111319192,1.2701226491481066,300,1673381394
best1bin,SMCO_BR_EVO,Rastrigin,200,2,-380.114982415183,49.881211280822754,165,869192137
best1bin,PSO,Rastrigin,200,4,-2076.6630809124636,0.45222918689250946,300,1673381394
best1bin,SMCO_R,Rastrigin,200,3,-314.67042647080666,34.696943163871765,165,949772676
best1bin,optimLBFGS,Rastrigin,200,4,-1274.5356568262596,3.7395838648080826,242,1673381394
best1bin,GD,Rastrigin,200,3,-2524.5537556683503,23.22465667128563,4960,949772676
best1bin,SMCO_EVO,Rastrigin,200,0,-388.8168071544392,51.69929131679237,315,647279673
best1bin,SMCO_EVO,Rastrigin,200,3,-325.91528308542684,35.02362518757582,315,949772676
best1bin,SA,Rastrigin,200,1,-102.48073250244079,61.377092307433486,300,1677437249
best1bin,SMCO,Rastrigin,200,3,-328.0862865429092,48.08856559544802,315,949772676
best1bin,SMCO_BR,Rastrigin,200,3,-331.0266973244852,43.403972720727324,90,949772676
best1bin,SPSA,Rastrigin,200,5,-2809.5659068120917,0.545406436547637,6249,625018708
best1bin,GenSA,Rastrigin,200,3,-2.984877171327298,23.27246840670705,300,949772676
best1bin,SignGD,Rastrigin,200,4,-1599.6580550125868,20.541927978396416,3012,1673381394
best1bin,SA,Rastrigin,200,2,-112.4303079145468,62.19762786105275,300,869192137
best1bin,SA,Rastrigin,200,0,-120.38998545447475,67.53858517482877,300,647279673
best1bin,optimLBFGS,Rastrigin,200,5,-1310.353774623159,3.4287004079669714,228,625018708
best1bin,optimNM,Rastrigin,200,5,-3448.4036594284735,1.55044861510396,4500,625018708
best1bin,BOBYQA,Rastrigin,200,0,-2232.4285736780703,68.92426432482898,4500,647279673
best1bin,PSO,Rastrigin,200,5,-2213.7234750640087,0.24749916046857834,300,625018708
best1bin,GA,Rastrigin,200,5,-1819.9734562307951,1.284577189013362,300,625018708
best1bin,SMCO_R_EVO,Rastrigin,200,3,-320.80448290742333,44.70628097653389,315,949772676
best1bin,GenSA,Rastrigin,200,4,-0.994959057095457,23.06125470623374,300,1673381394
best1bin,BOBYQA,Rastrigin,200,1,-2264.6838219561996,71.45347888581455,4500,1677437249
best1bin,BOBYQA,Rastrigin,200,2,-2137.2995457672214,69.23214537836611,4500,869192137
best1bin,SignGD,Rastrigin,200,5,-1681.0210294097217,13.033749101683497,2513,625018708
best1bin,SMCO_BR_EVO,Rastrigin,200,3,-322.7049734087118,49.067869728431106,165,949772676
best1bin,ADAM,Rastrigin,200,3,-1493.4250750759122,41.487411107867956,7701,949772676
best1bin,GD,Rastrigin,200,4,-2673.436502479336,32.979141257703304,5784,1673381394
best1bin,GD,Rastrigin,200,5,-2468.4725336107417,22.733156679198146,4579,625018708
best1bin,SPSA,Rastrigin,200,6,-2917.2703222462014,0.4494409542530775,5133,1016789110
best1bin,SMCO,Rastrigin,200,4,-402.54767752173984,37.24402342364192,315,1673381394
best1bin,optimNM,Rastrigin,200,6,-3368.3920841031077,1.009341485798359,4500,1016789110
best1bin,optimLBFGS,Rastrigin,200,6,-1270.5557578757516,2.3612390123307705,249,1016789110
best1bin,SMCO,Rastrigin,200,5,-432.6391043122228,37.8129097558558,315,625018708
best1bin,SMCO_R_EVO,Rastrigin,200,4,-408.26549560442777,44.7347008548677,315,1673381394
best1bin,ADAM,Rastrigin,200,4,-1591.9256955248295,42.84847198612988,7705,1673381394
best1bin,PSO,Rastrigin,200,6,-2146.4154131020605,0.4742408972233534,300,1016789110
best1bin,SMCO_BR,Rastrigin,200,4,-393.21791392863315,47.62367258220911,90,1673381394
best1bin,GA,Rastrigin,200,6,-1765.7789535595248,1.275692006573081,300,1016789110
best1bin,SMCO_R,Rastrigin,200,4,-397.4183549805639,48.322896268218756,165,1673381394
best1bin,SignGD,Rastrigin,200,6,-1596.377367201321,16.090214535593987,2513,1016789110
best1bin,SMCO_BR_EVO,Rastrigin,200,4,-399.50427789394644,46.70878009311855,165,1673381394
best1bin,GenSA,Rastrigin,200,5,-1.9899181141895497,25.497679380699992,300,625018708
best1bin,SMCO_EVO,Rastrigin,200,4,-401.93604205007523,49.722908798605204,315,1673381394
best1bin,SMCO_R,Rastrigin,200,5,-425.1865070004933,44.891614120453596,165,625018708
best1bin,SMCO_EVO,Rastrigin,200,5,-434.6139756454395,45.65401704609394,315,625018708
best1bin,SMCO_R_EVO,Rastrigin,200,5,-434.24667655005237,45.956287464126945,315,625018708
best1bin,SPSA,Rastrigin,200,7,-2734.554307158711,0.536565113812685,6237,101710889
best1bin,SMCO_BR_EVO,Rastrigin,200,5,-433.49235334168816,47.01250663399696,165,625018708
best1bin,SMCO_BR,Rastrigin,200,5,-428.9591065531622,48.0030263364315,90,625018708
best1bin,optimNM,Rastrigin,200,7,-3368.6930157394695,1.5442999340593815,4500,101710889
best1bin,GD,Rastrigin,200,6,-2558.024898084078,26.16968127153814,4986,1016789110
best1bin,SA,Rastrigin,200,3,-120.3899955310792,58.622849779203534,300,949772676
best1bin,optimLBFGS,Rastrigin,200,7,-1131.2623925792905,3.888974329456687,224,101710889
best1bin,PSO,Rastrigin,200,7,-1993.4738304860903,0.5111124366521835,300,101710889
best1bin,GA,Rastrigin,200,7,-1844.0682633229274,0.7896811794489622,300,101710889
best1bin,GenSA,Rastrigin,200,6,-1.9899181141920508,24.06694046780467,300,1016789110
best1bin,SignGD,Rastrigin,200,7,-1442.6376714091216,14.226605471223593,3012,101710889
best1bin,SMCO_BR,Rastrigin,200,6,-452.1560870151668,39.60127001255751,90,1016789110
best1bin,ADAM,Rastrigin,200,5,-1620.7781104985238,46.71707094274461,7711,625018708
best1bin,SA,Rastrigin,200,4,-139.29417726982228,62.58549551293254,300,1673381394
best1bin,SMCO,Rastrigin,200,6,-456.7137444342975,42.417596170678735,315,1016789110
best1bin,BOBYQA,Rastrigin,200,3,-2174.0020417699184,73.23054465465248,4500,949772676
best1bin,SMCO_BR_EVO,Rastrigin,200,6,-464.5090550353109,42.25638693571091,165,1016789110
best1bin,SPSA,Rastrigin,200,8,-2772.165723647416,0.23369006253778934,4336,483844954
best1bin,SMCO_R,Rastrigin,200,6,-452.17377584972246,45.90959206037223,165,1016789110
best1bin,optimLBFGS,Rastrigin,200,8,-1263.590438443009,2.6333538107573986,233,483844954
best1bin,SMCO_R_EVO,Rastrigin,200,6,-457.67095838672685,46.81888406164944,315,1016789110
best1bin,SMCO_EVO,Rastrigin,200,6,-457.5619993307607,48.067536160349846,315,1016789110
best1bin,BOBYQA,Rastrigin,200,4,-2293.924931247071,71.84997566603124,4500,1673381394
best1bin,optimNM,Rastrigin,200,8,-3338.6656372610487,1.526302095502615,4500,483844954
best1bin,GD,Rastrigin,200,7,-2445.5952997086197,26.851912150159478,3797,101710889
best1bin,PSO,Rastrigin,200,8,-2015.115095854454,0.45848099514842033,300,483844954
best1bin,GA,Rastrigin,200,8,-1795.9896711875003,1.2342381365597248,300,483844954
best1bin,ADAM,Rastrigin,200,6,-1589.9343439154445,44.788042575120926,7699,1016789110
best1bin,SignGD,Rastrigin,200,8,-1551.493760477616,12.122927580028772,2513,483844954
best1bin,GenSA,Rastrigin,200,7,-0.9949590571050067,25.181947650387883,300,101710889
best1bin,ADAM,Rastrigin,200,7,-1434.7223678772334,33.82133995369077,7693,101710889
best1bin,SMCO,Rastrigin,200,7,-326.08071999882713,40.380378518253565,315,101710889
best1bin,BOBYQA,Rastrigin,200,5,-2242.394388727763,66.64348967932165,4500,625018708
best1bin,SMCO_R,Rastrigin,200,7,-320.63858053008653,45.6159189529717,165,101710889
best1bin,SMCO_EVO,Rastrigin,200,7,-325.05253141524554,45.38282905332744,315,101710889
best1bin,SMCO_R_EVO,Rastrigin,200,7,-316.6775702073553,45.49908364750445,315,101710889
best1bin,SPSA,Rastrigin,200,9,-2740.24272063071,0.5809707008302212,6736,1821966834
best1bin,GD,Rastrigin,200,8,-2559.083970990626,26.77454386278987,4573,483844954
best1bin,SA,Rastrigin,200,5,-138.29922324796644,70.04498243890703,300,625018708
best1bin,SMCO_BR_EVO,Rastrigin,200,7,-305.80665379903803,45.191601518541574,165,101710889
best1bin,SMCO_BR,Rastrigin,200,7,-316.5225891541568,47.51573397964239,90,101710889
best1bin,optimNM,Rastrigin,200,9,-3367.8810975141805,1.5629131570458412,4500,1821966834
best1bin,optimLBFGS,Rastrigin,200,9,-1280.5047048085294,2.426348177716136,245,1821966834
best1bin,PSO,Rastrigin,200,9,-2304.113211002046,0.44697638414800167,300,1821966834
best1bin,GA,Rastrigin,200,9,-1760.5990678391536,1.2764993235468864,300,1821966834
best1bin,BOBYQA,Rastrigin,200,6,-2239.9001625528895,63.00445457175374,4500,1016789110
best1bin,GenSA,Rastrigin,200,8,-1.9899181141900044,24.33780355192721,300,483844954
best1bin,SMCO_R,Rastrigin,200,8,-376.5143351074207,41.84331290051341,165,483844954
best1bin,SignGD,Rastrigin,200,9,-1548.9978407997187,12.7438422460109,2513,1821966834
best1bin,SMCO_EVO,Rastrigin,200,8,-378.02149376564785,42.45955229923129,315,483844954
best1bin,SA,Rastrigin,200,6,-120.39000056799273,68.3956442233175,300,1016789110
best1bin,SMCO,Rastrigin,200,8,-381.2130802493921,49.344306675717235,315,483844954
best1bin,SMCO_BR_EVO,Rastrigin,200,8,-382.3704772604183,41.28775322623551,165,483844954
best1bin,SPSA,Ackley,200,0,-21.04193224539705,0.21469476260244846,2767,336993081
best1bin,GD,Rastrigin,200,9,-2491.3662558155856,21.93653737567365,3456,1821966834
best1bin,optimLBFGS,Ackley,200,0,-19.465962390507123,2.2354101836681366,194,336993081
best1bin,SMCO_BR,Rastrigin,200,8,-374.5048464736806,49.69686370715499,90,483844954
best1bin,optimNM,Ackley,200,0,-21.076409224950307,1.7538561504334211,4500,336993081
best1bin,SMCO_R_EVO,Rastrigin,200,8,-374.397002966497,46.198242550715804,315,483844954
best1bin,SMCO,Rastrigin,200,9,-355.93067046216015,37.166725646704435,315,1821966834
best1bin,ADAM,Rastrigin,200,8,-1544.1672251788393,43.82525937259197,7689,483844954
best1bin,PSO,Ackley,200,0,-20.45483686042464,0.7892155535519123,300,336993081
best1bin,GA,Ackley,200,0,-11.254469279125162,1.5174293462187052,300,336993081
best1bin,GenSA,Rastrigin,200,9,-0.9949590571072804,21.983589151874185,300,1821966834
best1bin,SMCO_R,Rastrigin,200,9,-359.5020308465246,43.85879869200289,165,1821966834
best1bin,SMCO_EVO,Rastrigin,200,9,-356.8161058349008,42.31789258867502,315,1821966834
best1bin,BOBYQA,Rastrigin,200,7,-2068.8124692450456,69.31306136772037,4500,101710889
best1bin,SMCO_R_EVO,Rastrigin,200,9,-356.51955862558725,45.22556112334132,315,1821966834
best1bin,SignGD,Ackley,200,0,-19.47766606616987,20.592195061966777,2513,336993081
best1bin,SA,Rastrigin,200,7,-149.2437376109092,70.99784187786281,300,101710889
best1bin,SMCO_BR,Rastrigin,200,9,-361.9137564551154,51.89482453651726,90,1821966834
best1bin,SPSA,Ackley,200,1,-21.132916757799276,0.23335451632738113,1979,504935661
best1bin,SMCO_BR_EVO,Rastrigin,200,9,-362.37419985251154,47.682191509753466,165,1821966834
best1bin,optimLBFGS,Ackley,200,1,-19.46407092835813,4.390351640060544,204,504935661
best1bin,optimNM,Ackley,200,1,-21.101336892908048,2.2742481976747513,4500,504935661
best1bin,SA,Rastrigin,200,8,-100.49081942606358,62.7430169750005,300,483844954
best1bin,ADAM,Rastrigin,200,9,-1541.1823337678093,45.43361584842205,7691,1821966834
best1bin,BOBYQA,Rastrigin,200,8,-2231.4386460361693,72.3574544582516,4500,483844954
best1bin,DEoptim,Rastrigin,200,0,-2073.368894291504,188.92292488738894,300,647279673
best1bin,SignGD,Ackley,200,1,-19.542407642497434,18.46566106751561,2014,504935661
best1bin,GA,Ackley,200,1,-11.043156167681879,1.373820511624217,300,504935661
best1bin,PSO,Ackley,200,1,-20.359028987307045,0.7186073288321495,300,504935661
best1bin,GenSA,Ackley,200,0,-1.9977083542954688e-08,37.1846438664943,300,336993081
best1bin,DEoptim,Rastrigin,200,1,-2146.991978901859,196.70276428572834,300,1677437249
best1bin,DEoptim,Rastrigin,200,2,-2237.189951651793,189.8273893482983,300,869192137
best1bin,BOBYQA,Rastrigin,200,9,-2251.2245274359425,70.87138182856143,4500,1821966834
best1bin,SMCO_BR,Ackley,200,0,-0.07948159142644728,65.89541178941727,90,336993081
best1bin,SMCO,Ackley,200,0,-0.3755980829802934,70.17734752781689,315,336993081
best1bin,SA,Rastrigin,200,9,-109.44543074321427,72.7842370197177,300,1821966834
best1bin,SPSA,Ackley,200,2,-21.0267099665155,0.2536807917058468,2149,844538354
best1bin,SMCO_R_EVO,Ackley,200,0,-0.07061435442832265,67.84589540958405,315,336993081
best1bin,SMCO_EVO,Ackley,200,0,-0.3796480716149948,69.21932503581047,315,336993081
best1bin,GD,Ackley,200,0,-19.465962059858295,62.679798156023026,7518,336993081
best1bin,SMCO_BR_EVO,Ackley,200,0,-0.07977780490865571,68.9172607474029,165,336993081
best1bin,optimNM,Ackley,200,2,-21.05664746879688,2.2163027208298445,4500,844538354
best1bin,optimLBFGS,Ackley,200,2,-19.452301282112813,4.21826128475368,206,844538354
best1bin,GA,Ackley,200,2,-11.405846884189621,1.8360255248844624,300,844538354
best1bin,PSO,Ackley,200,2,-20.34722359871716,0.8072369638830423,300,844538354
best1bin,GenSA,Ackley,200,1,-2.2892458151346773e-08,37.52436675131321,300,504935661
best1bin,SMCO_R,Ackley,200,0,-0.0735372413480353,79.95566991344094,165,336993081
best1bin,SMCO_EVO,Ackley,200,1,-0.36468704299874277,60.160317823290825,315,504935661
best1bin,SMCO_R,Ackley,200,1,-0.07363514956898287,68.56455206498504,165,504935661
best1bin,SMCO_R_EVO,Ackley,200,1,-0.07442465104860974,61.86958956159651,315,504935661
best1bin,DEoptim,Rastrigin,200,3,-2109.7349400222283,188.01097733154893,300,949772676
best1bin,ADAM,Ackley,200,0,-19.46596205985374,80.8214560598135,8987,336993081
best1bin,SignGD,Ackley,200,2,-19.46194297520759,23.451594781130552,2513,844538354
best1bin,DEoptim,Rastrigin,200,4,-2119.0808450144905,184.52620974555612,300,1673381394
best1bin,SPSA,Ackley,200,3,-21.025006007976994,0.34207109920680523,3007,400416125
best1bin,BOBYQA,Ackley,200,0,-20.277629539269448,81.69346798956394,4500,336993081
best1bin,SMCO,Ackley,200,1,-0.377317707299206,77.08775401115417,315,504935661
best1bin,optimLBFGS,Ackley,200,3,-19.51280523011169,3.7715401686728,201,400416125
best1bin,optimNM,Ackley,200,3,-21.134848192429537,2.2922731023281813,4500,400416125
best1bin,SMCO_BR_EVO,Ackley,200,1,-0.07859888805581194,71.7822343762964,165,504935661
best1bin,SMCO_BR,Ackley,200,1,-0.07867231786393392,79.41889862902462,90,504935661
best1bin,GA,Ackley,200,3,-11.083078924109792,1.682671681046486,300,400416125
best1bin,GenSA,Ackley,200,2,-1.988274123121414e-08,28.56933475472033,300,844538354
best1bin,PSO,Ackley,200,3,-20.211487442056963,0.7647420279681683,300,400416125
best1bin,GD,Ackley,200,1,-19.464070931904878,76.31647103279829,7512,504935661
best1bin,ADAM,Ackley,200,1,-19.464070925549617,78.96679640747607,8938,504935661
best1bin,BOBYQA,Ackley,200,1,-20.315105879829712,73.46812708303332,4500,504935661
best1bin,SignGD,Ackley,200,3,-19.52449316319417,23.66626370511949,2513,400416125
best1bin,DEoptim,Rastrigin,200,5,-2060.9199290282154,188.46143528446555,300,625018708
best1bin,SMCO,Ackley,200,2,-0.3805355785370037,72.22148109599948,315,844538354
best1bin,SMCO_BR,Ackley,200,2,-0.07556173527397947,73.4411866273731,90,844538354
best1bin,SMCO_EVO,Ackley,200,2,-0.3784252516092619,71.61122438125312,315,844538354
best1bin,SPSA,Ackley,200,4,-21.102059352794164,0.31997512094676495,2627,1144863697
best1bin,GenSA,Ackley,200,3,-3.401649526502126e-07,27.192691903561354,300,400416125
best1bin,SMCO_R_EVO,Ackley,200,2,-0.07396322684201495,68.3633622545749,315,844538354
best1bin,SA,Ackley,200,0,-19.3892571250578,110.3697401303798,300,336993081
best1bin,optimNM,Ackley,200,4,-21.127523255805926,2.2373511772602797,4500,1144863697
best1bin,SMCO_R,Ackley,200,2,-0.07315217801878804,78.48083852790296,165,844538354
best1bin,optimLBFGS,Ackley,200,4,-19.43730316617038,4.346923723816872,203,1144863697
best1bin,GA,Ackley,200,4,-11.239124427488212,1.6585367396473885,300,1144863697
best1bin,PSO,Ackley,200,4,-20.464375265154526,0.757325666025281,300,1144863697
best1bin,BOBYQA,Ackley,200,2,-20.214387593382714,67.92351599037647,4500,844538354
best1bin,GD,Ackley,200,2,-19.45256482683987,72.14215968549252,7763,844538354
best1bin,SignGD,Ackley,200,4,-19.536566315854312,19.09865915775299,2014,1144863697
best1bin,SA,Ackley,200,1,-19.404042465531877,99.62817819789052,300,504935661
best1bin,DEoptim,Rastrigin,200,6,-2072.11852596381,193.3284211475402,300,1016789110
best1bin,SMCO_BR_EVO,Ackley,200,2,-0.07909818363299026,82.57863351330161,165,844538354
best1bin,SMCO_R,Ackley,200,3,-0.07390418651231245,72.86106955446303,165,400416125
best1bin,DEoptim,Rastrigin,200,7,-2066.962272987107,191.12827040441334,300,101710889
best1bin,ADAM,Ackley,200,2,-19.452300772565557,83.57703097723424,9000,844538354
best1bin,SPSA,Ackley,200,5,-21.039978437217275,0.2547797691076994,3275,637001453
best1bin,GD,Ackley,200,3,-19.512805219931217,63.8699464648962,7643,400416125
best1bin,SMCO_EVO,Ackley,200,3,-0.3735414316697754,71.83219222724438,315,400416125
best1bin,optimLBFGS,Ackley,200,5,-19.434858347008717,3.402478827163577,191,637001453
best1bin,SMCO,Ackley,200,3,-0.38143905481637974,79.62720338068902,315,400416125
best1bin,optimNM,Ackley,200,5,-21.094186075151008,2.2259686905890703,4500,637001453
best1bin,SMCO_BR,Ackley,200,3,-0.08126711302156453,79.76781877502799,90,400416125
best1bin,SMCO_BR_EVO,Ackley,200,3,-0.07889112489262518,73.45102591626346,165,400416125
best1bin,GenSA,Ackley,200,4,-2.4376916929469417e-08,35.37742947973311,300,1144863697
best1bin,GA,Ackley,200,5,-11.239587920515591,1.4680415522307158,300,637001453
best1bin,PSO,Ackley,200,5,-20.268994171284888,0.6866608634591103,300,637001453
best1bin,DEoptim,Rastrigin,200,8,-2078.0672348821563,185.43195205926895,300,483844954
best1bin,BOBYQA,Ackley,200,3,-20.27962396836904,73.40757535398006,4500,400416125
best1bin,SMCO_R_EVO,Ackley,200,3,-0.07412090243298453,80.12298963963985,315,400416125
best1bin,SMCO_R,Ackley,200,4,-0.0723560434429058,67.73546060733497,165,1144863697
best1bin,ADAM,Ackley,200,3,-19.512805219927678,77.74407605081797,9000,400416125
best1bin,SMCO,Ackley,200,4,-0.38017322074265936,68.73976278677583,315,1144863697
best1bin,SignGD,Ackley,200,5,-19.468020432601318,25.554130470380187,2513,637001453
best1bin,SPSA,Ackley,200,6,-21.115653739600123,0.3872972596436739,3125,675388744
best1bin,GD,Ackley,200,4,-19.437303122988617,62.30819377489388,7595,1144863697
best1bin,SMCO_EVO,Ackley,200,4,-0.3794986533984077,68.96480224840343,315,1144863697
best1bin,SMCO_BR,Ackley,200,4,-0.07958904179078319,74.21851530857384,90,1144863697
best1bin,optimNM,Ackley,200,6,-21.114959635266757,1.653298007324338,4500,675388744
best1bin,optimLBFGS,Ackley,200,6,-19.426089173003902,4.3138342797756195,200,675388744
best1bin,SignGD,Ackley,200,6,-19.43660532922252,14.051009275019169,2014,675388744
best1bin,GA,Ackley,200,6,-11.348000314911392,1.06769160926342,300,675388744
best1bin,PSO,Ackley,200,6,-20.00699567205182,0.4313867259770632,300,675388744
best1bin,SMCO_BR_EVO,Ackley,200,4,-0.07905833914693661,73.33152483776212,165,1144863697
best1bin,BOBYQA,Ackley,200,4,-20.33436563781384,65.68900175206363,4500,1144863697
best1bin,SMCO_R_EVO,Ackley,200,4,-0.07400932385434844,79.86938545107841,315,1144863697
best1bin,DEoptim,Rastrigin,200,9,-2110.517885519242,192.6952380295843,300,1821966834
best1bin,SA,Ackley,200,2,-19.467609822094932,118.02446460351348,300,844538354
best1bin,GenSA,Ackley,200,5,-1.8469638707330205e-08,35.721037516370416,300,637001453
best1bin,SMCO_R,Ackley,200,5,-0.07052019774475982,69.05870023928583,165,637001453
best1bin,SMCO,Ackley,200,5,-0.38074334187226855,80.09835891611874,315,637001453
best1bin,SMCO_EVO,Ackley,200,5,-0.38840471836771373,71.68867349252105,315,637001453
best1bin,SPSA,Ackley,200,7,-21.022605625280452,0.37577622570097446,3305,290974971
best1bin,ADAM,Ackley,200,4,-19.437303122986375,89.49264063127339,8949,1144863697
best1bin,SA,Ackley,200,3,-19.392189239136435,115.78424990363419,300,400416125
best1bin,SMCO_R_EVO,Ackley,200,5,-0.07113286919939599,73.16891962103546,315,637001453
best1bin,optimLBFGS,Ackley,200,7,-19.436642373619787,2.818263152614236,204,290974971
best1bin,optimNM,Ackley,200,7,-21.055893052567388,2.3032226767390966,4500,290974971
best1bin,GenSA,Ackley,200,6,-1.986897091299511e-08,36.65970073454082,300,675388744
best1bin,GA,Ackley,200,7,-10.946309999540542,0.9052027519792318,300,290974971
best1bin,PSO,Ackley,200,7,-20.344646276521797,0.4388770293444395,300,290974971
best1bin,GD,Ackley,200,5,-19.43485135963608,72.73741311579943,7593,637001453
best1bin,SMCO_BR,Ackley,200,5,-0.07645505970020539,80.30763487331569,90,637001453
best1bin,SMCO_BR_EVO,Ackley,200,5,-0.0790721858879917,81.56999667361379,165,637001453
best1bin,BOBYQA,Ackley,200,5,-20.270741996676204,73.55192321911454,4500,637001453
best1bin,SMCO,Ackley,200,6,-0.3673661084757609,69.12524035945535,315,675388744
best1bin,SA,Ackley,200,4,-19.47341304759789,103.20477921888232,300,1144863697
best1bin,DEoptim,Ackley,200,0,-8.103172729604394,215.23878327198327,300,336993081
best1bin,GD,Ackley,200,6,-19.426089453626663,62.8890741802752,7818,675388744
best1bin,SMCO_R,Ackley,200,6,-0.07406481656780217,71.07223952002823,165,675388744
best1bin,ADAM,Ackley,200,5,-19.434851359632788,81.05161976255476,8945,637001453
best1bin,SPSA,Ackley,200,8,-21.09048790917885,0.3373903427273035,2912,715784702
best1bin,SMCO_BR,Ackley,200,6,-0.07982815749190708,72.11082689836621,90,675388744
best1bin,SMCO_EVO,Ackley,200,6,-0.38153253073146276,71.07845020666718,315,675388744
best1bin,optimNM,Ackley,200,8,-21.124954569453507,1.912814723327756,4500,715784702
best1bin,optimLBFGS,Ackley,200,8,-19.473945927536263,3.76090095192194,203,715784702
best1bin,SignGD,Ackley,200,7,-19.457882260332866,28.99632578715682,2513,290974971
best1bin,GA,Ackley,200,8,-10.95370039046275,1.7193884495645761,300,715784702
best1bin,BOBYQA,Ackley,200,6,-20.27853141915571,61.11660452000797,4500,675388744
best1bin,PSO,Ackley,200,8,-20.11699804780952,0.5306706484407187,300,715784702
best1bin,GenSA,Ackley,200,7,-2.041444746581078e-08,29.179935486987233,300,290974971
best1bin,SMCO_R_EVO,Ackley,200,6,-0.0710338177277845,82.21599154733121,315,675388744
best1bin,ADAM,Ackley,200,6,-19.426089153684735,79.95859040878713,8991,675388744
best1bin,DEoptim,Ackley,200,1,-7.100456797263432,208.5187442675233,300,504935661
best1bin,SMCO_BR_EVO,Ackley,200,6,-0.07822214231431746,83.52971700392663,165,675388744
best1bin,SignGD,Ackley,200,8,-19.48468182539999,23.55581990815699,2513,715784702
best1bin,SMCO,Ackley,200,7,-0.39146669095616504,69.61958577111363,315,290974971
best1bin,GenSA,Ackley,200,8,-4.8768840077428877e-08,24.836260434240103,300,715784702
best1bin,SPSA,Ackley,200,9,-21.07199014780326,0.16592718660831451,2143,1719555887
best1bin,SMCO_BR,Ackley,200,7,-0.07870352317467821,72.44067986868322,90,290974971
best1bin,optimLBFGS,Ackley,200,9,-19.44277118031858,4.0991685558110476,215,1719555887
best1bin,SMCO_EVO,Ackley,200,7,-0.3671711241599458,74.75133161246777,315,290974971
best1bin,SA,Ackley,200,5,-19.561580324492315,109.38864146173,300,637001453
best1bin,optimNM,Ackley,200,9,-21.09722257736471,2.1694852728396654,4500,1719555887
best1bin,SMCO_R,Ackley,200,7,-0.07320116058354431,78.91827293857932,165,290974971
best1bin,GA,Ackley,200,9,-11.35027709949457,1.8580652512609959,300,1719555887
best1bin,SMCO_R_EVO,Ackley,200,7,-0.07456479549134487,78.6091645155102,315,290974971
best1bin,PSO,Ackley,200,9,-20.318429921501455,0.8155146632343531,300,1719555887
best1bin,GD,Ackley,200,7,-19.436646624100373,77.53945586830378,8105,290974971
best1bin,SMCO_BR_EVO,Ackley,200,7,-0.07352687043701822,80.35808271169662,165,290974971
best1bin,DEoptim,Ackley,200,2,-6.548850026657178,203.80460261180997,300,844538354
best1bin,SignGD,Ackley,200,9,-19.48587442242795,26.406329648569226,2513,1719555887
best1bin,SMCO_R,Ackley,200,8,-0.07536048776339799,64.97095344401896,165,715784702
best1bin,SA,Ackley,200,6,-19.446983558831203,106.88973368145525,300,675388744
best1bin,SMCO,Ackley,200,8,-0.38441621619528066,70.1702704615891,315,715784702
best1bin,BOBYQA,Ackley,200,7,-20.25588743517399,80.21969920955598,4500,290974971
best1bin,SPSA,Rosenbrock,200,0,-21778443.876765035,0.627963362261653,6669,1677332494
best1bin,GD,Ackley,200,8,-19.47459268596778,64.66304848901927,6959,715784702
best1bin,SMCO_R_EVO,Ackley,200,8,-0.06980608343101524,69.26727515645325,315,715784702
best1bin,ADAM,Ackley,200,7,-19.43608957689507,86.82969788275659,8963,290974971
best1bin,GenSA,Ackley,200,9,-8.657995254068851e-08,32.86404489353299,300,1719555887
best1bin,SignGD,Rosenbrock,200,0,-641.2507616306534,10.448399046435952,2014,1677332494
best1bin,optimNM,Rosenbrock,200,0,-21543875.305129137,1.4545143526047468,4500,1677332494
best1bin,GA,Rosenbrock,200,0,-37380.5619558723,1.2535691559314728,300,1677332494
best1bin,SMCO,Ackley,200,9,-0.3851488763242945,60.26210113428533,315,1719555887
best1bin,PSO,Rosenbrock,200,0,-4870195.187853869,0.4374142047017813,300,1677332494
best1bin,SMCO_EVO,Ackley,200,8,-0.3768218849434146,78.25183646380901,315,715784702
best1bin,DEoptim,Ackley,200,3,-6.8028702737820055,203.654599417001,300,400416125
best1bin,optimLBFGS,Rosenbrock,200,0,-3.504443682008275,11.81402987986803,974,1677332494
best1bin,SMCO_R,Rosenbrock,200,0,-4.6541514227057,36.16363658569753,165,1677332494
best1bin,SMCO_BR_EVO,Ackley,200,8,-0.07822474621602682,76.65776307880878,165,715784702
best1bin,SMCO_BR,Ackley,200,8,-0.07934071636275819,87.8904985357076,90,715784702
best1bin,SMCO_BR,Ackley,200,9,-0.0787988133494335,67.03584790788591,90,1719555887
best1bin,ADAM,Ackley,200,8,-19.473945923962617,78.34835528768599,8973,715784702
best1bin,SPSA,Rosenbrock,200,1,-20678923.90017409,0.39583623968064785,9000,806770405
best1bin,SMCO_R,Ackley,200,9,-0.07214502873132433,72.42547862231731,165,1719555887
best1bin,GenSA,Rosenbrock,200,0,-237.64266878935098,14.955003833398223,300,1677332494
best1bin,BOBYQA,Ackley,200,8,-20.331681152257122,80.44984469749033,4500,715784702
best1bin,SMCO_EVO,Rosenbrock,200,0,-53.127453476178076,42.21211785264313,315,1677332494
best1bin,optimNM,Rosenbrock,200,1,-20409047.797509782,1.530584555119276,4500,806770405
best1bin,SMCO,Rosenbrock,200,0,-46.8200100405189,48.51693180203438,315,1677332494
best1bin,optimLBFGS,Rosenbrock,200,1,-112.17900016751213,8.373397855088115,974,806770405
best1bin,GA,Rosenbrock,200,1,-32664.656954274782,1.2440916877239943,300,806770405
best1bin,PSO,Rosenbrock,200,1,-3333995.471603917,0.2896542977541685,300,806770405
best1bin,SMCO_BR,Rosenbrock,200,0,-5.11867065272037,49.59501942805946,90,1677332494
best1bin,SignGD,Rosenbrock,200,1,-587.1272002770745,12.04084981046617,2014,806770405
best1bin,SA,Ackley,200,7,-19.46939733217122,105.46172353625298,300,290974971
best1bin,SMCO_R_EVO,Rosenbrock,200,0,-4.775824187704117,44.408207634463906,315,1677332494
best1bin,SMCO_BR_EVO,Ackley,200,9,-0.08146803699453686,75.95254949852824,165,1719555887
best1bin,SMCO_BR_EVO,Rosenbrock,200,0,-5.1520082395269355,46.654741106554866,165,1677332494
best1bin,GD,Ackley,200,9,-19.44277063691956,79.78252178058028,7657,1719555887
best1bin,GenSA,Rosenbrock,200,1,-412.2243208952724,18.512733416631818,300,806770405
best1bin,SMCO_EVO,Ackley,200,9,-0.38849533658807234,82.84373163990676,315,1719555887
best1bin,SPSA,Rosenbrock,200,2,-21489114.3554886,0.6970175355672836,8417,475988212
best1bin,SMCO_R_EVO,Ackley,200,9,-0.07285873340751126,83.14671538956463,315,1719555887
best1bin,BOBYQA,Ackley,200,9,-20.254334485706448,71.03413659334183,4500,1719555887
best1bin,optimNM,Rosenbrock,200,2,-21214256.160327494,1.5462011881172657,4500,475988212
best1bin,ADAM,Ackley,200,9,-19.44277063691749,80.26501753740013,9000,1719555887
best1bin,GD,Rosenbrock,200,0,-282.8355861092733,52.601579340174794,9000,1677332494
best1bin,ADAM,Rosenbrock,200,0,-5023575.212050887,48.549524458125234,9000,1677332494
best1bin,PSO,Rosenbrock,200,2,-6514987.801705273,0.43447544798254967,300,475988212
best1bin,GA,Rosenbrock,200,2,-25823.210217282962,1.2465680800378323,300,475988212
best1bin,SignGD,Rosenbrock,200,2,-675.6321753133018,10.354037975892425,2014,475988212
best1bin,SMCO_R,Rosenbrock,200,1,-4.6398527332803665,38.462053287774324,165,806770405
best1bin,DEoptim,Ackley,200,4,-7.582356477916264,211.95495086349547,300,1144863697
best1bin,SMCO,Rosenbrock,200,1,-51.985588043731894,41.89859907887876,315,806770405
best1bin,SMCO_BR_EVO,Rosenbrock,200,1,-4.822376658896696,37.36801706627011,165,806770405
best1bin,optimLBFGS,Rosenbrock,200,2,-133.4490903928198,11.548167619854212,994,475988212
best1bin,SMCO_EVO,Rosenbrock,200,1,-49.960553982993005,43.84820187650621,315,806770405
best1bin,SA,Ackley,200,8,-19.437115590722854,112.14169497974217,300,715784702
best1bin,SPSA,Rosenbrock,200,3,-20597454.846448064,0.6999036855995655,6649,1764094645
best1bin,ADAM,Rosenbrock,200,1,-4937379.603432603,38.94079622812569,9000,806770405
best1bin,SMCO_BR,Rosenbrock,200,1,-5.128800506888977,48.43531804904342,90,806770405
best1bin,optimNM,Rosenbrock,200,3,-20297603.380439498,1.1531214714050293,4500,1764094645
best1bin,GenSA,Rosenbrock,200,2,-334.2090235787932,18.81865275464952,300,475988212
best1bin,GD,Rosenbrock,200,1,-368.16280756875034,45.91197275556624,9000,806770405
best1bin,SMCO_R_EVO,Rosenbrock,200,1,-4.522580443936678,48.55316644534469,315,806770405
best1bin,GA,Rosenbrock,200,3,-37639.266835452916,1.3380750436335802,300,1764094645
best1bin,PSO,Rosenbrock,200,3,-4486939.66162583,0.528483035042882,300,1764094645
best1bin,SignGD,Rosenbrock,200,3,-815.4693019638471,12.479969680309296,2014,1764094645
best1bin,SMCO_R,Rosenbrock,200,2,-4.372296201468535,38.4345820825547,165,475988212
best1bin,optimLBFGS,Rosenbrock,200,3,-55.75688946306789,10.113316288217902,986,1764094645
best1bin,SMCO,Rosenbrock,200,2,-50.96928414880687,39.90448656305671,315,475988212
best1bin,SMCO_BR_EVO,Rosenbrock,200,2,-4.72012140360936,37.87552235275507,165,475988212
best1bin,SMCO_R_EVO,Rosenbrock,200,2,-4.330301737705986,43.64697034470737,315,475988212
best1bin,DEoptim,Ackley,200,5,-6.366487167770494,206.09627109579742,300,637001453
best1bin,SMCO_EVO,Rosenbrock,200,2,-45.188366272948926,48.16264669038355,315,475988212
best1bin,GenSA,Rosenbrock,200,3,-327.5165522019025,18.21080900542438,300,1764094645
best1bin,SMCO_BR,Rosenbrock,200,2,-5.248156741687941,49.170622915029526,90,475988212
best1bin,SPSA,Rosenbrock,200,4,-19488850.07479725,0.6918448209762573,7724,1029249001
best1bin,GD,Rosenbrock,200,2,-273.453307147151,47.18410571478307,9000,475988212
best1bin,BOBYQA,Rosenbrock,200,0,-8402125.778222281,78.61595176532865,4500,1677332494
best1bin,optimNM,Rosenbrock,200,4,-19265051.605431117,1.4838405158370733,4500,1029249001
best1bin,SMCO_EVO,Rosenbrock,200,3,-49.73657225991634,37.562296083197,315,1764094645
best1bin,SignGD,Rosenbrock,200,4,-524.0084834297572,11.941581515595317,2014,1029249001
best1bin,SA,Ackley,200,9,-19.520865179588444,110.47358710877597,300,1719555887
best1bin,PSO,Rosenbrock,200,4,-5525074.573473558,0.218832703307271,300,1029249001
best1bin,GA,Rosenbrock,200,4,-39553.60929927585,1.2610237132757902,300,1029249001
best1bin,SMCO,Rosenbrock,200,3,-48.54708325946201,44.89561737328768,315,1764094645
best1bin,optimLBFGS,Rosenbrock,200,4,-46.38502660745907,12.895056560635567,983,1029249001
best1bin,SMCO_R_EVO,Rosenbrock,200,3,-4.446079442932018,43.59196512773633,315,1764094645
best1bin,SMCO_BR_EVO,Rosenbrock,200,3,-5.053995707882471,41.92265950143337,165,1764094645
best1bin,ADAM,Rosenbrock,200,2,-4976443.8237238275,53.1548434086144,9000,475988212
best1bin,SMCO_R,Rosenbrock,200,3,-4.461130682651289,48.49133247509599,165,1764094645
best1bin,GenSA,Rosenbrock,200,4,-369.2191333101206,14.813412746414542,300,1029249001
best1bin,SMCO_BR,Rosenbrock,200,3,-4.77889256246718,51.950138663873076,90,1764094645
best1bin,SPSA,Rosenbrock,200,5,-21936280.220696025,0.6925595309585333,8510,1194665403
best1bin,ADAM,Rosenbrock,200,3,-4865393.016256998,45.86754555627704,9000,1764094645
best1bin,GD,Rosenbrock,200,3,-313.5385179864423,51.08690547756851,9000,1764094645
best1bin,SMCO_R_EVO,Rosenbrock,200,4,-4.831737947663785,36.12567679770291,315,1029249001
best1bin,DEoptim,Ackley,200,6,-7.1751329195491,214.29483497142792,300,675388744
best1bin,optimNM,Rosenbrock,200,5,-21644289.949824914,1.5565293952822685,4500,1194665403
best1bin,SMCO_BR,Rosenbrock,200,4,-5.458586970589169,39.02820768021047,90,1029249001
best1bin,SMCO_EVO,Rosenbrock,200,4,-45.41461402280942,38.00543802045286,315,1029249001
best1bin,SignGD,Rosenbrock,200,5,-783.9950796499638,11.576501078903675,2014,1194665403
best1bin,PSO,Rosenbrock,200,5,-5325050.878510626,0.4609889518469572,300,1194665403
best1bin,GA,Rosenbrock,200,5,-31465.51955875593,1.1695942115038633,300,1194665403
best1bin,SMCO_R,Rosenbrock,200,4,-4.628319824300762,43.17631595209241,165,1029249001
best1bin,optimLBFGS,Rosenbrock,200,5,-85.04268590985473,12.612135846167803,986,1194665403
best1bin,SMCO,Rosenbrock,200,4,-46.561403474481324,49.74872641451657,315,1029249001
best1bin,BOBYQA,Rosenbrock,200,1,-9840990.113057677,96.08779989182949,4500,806770405
best1bin,SMCO_BR_EVO,Rosenbrock,200,4,-4.82877329110619,51.763841442763805,165,1029249001
best1bin,GenSA,Rosenbrock,200,5,-387.6785217525054,17.066898183897138,300,1194665403
best1bin,GD,Rosenbrock,200,4,-405.9235261133623,49.68541395291686,9000,1029249001
best1bin,SPSA,Rosenbrock,200,6,-19946954.30888296,0.6003053802996874,7242,382355876
best1bin,ADAM,Rosenbrock,200,4,-4393528.687539961,51.16367122158408,9000,1029249001
best1bin,SMCO_R,Rosenbrock,200,5,-4.163562381498364,42.21520094200969,165,1194665403
best1bin,SMCO_BR,Rosenbrock,200,5,-4.945105586971535,38.78896762803197,90,1194665403
best1bin,SignGD,Rosenbrock,200,6,-502.3310053419877,8.850986257195473,2014,382355876
best1bin,SMCO,Rosenbrock,200,5,-52.38138190848521,43.573581425473094,315,1194665403
best1bin,optimNM,Rosenbrock,200,6,-19654939.253692806,0.9127808921039104,4500,382355876
best1bin,GA,Rosenbrock,200,6,-33626.965817740725,0.6984421741217375,300,382355876
best1bin,PSO,Rosenbrock,200,6,-6500985.168422671,0.23077771067619324,300,382355876
best1bin,SMCO_R_EVO,Rosenbrock,200,5,-4.354450672100502,39.33247686177492,315,1194665403
best1bin,SMCO_EVO,Rosenbrock,200,5,-47.07786642940157,40.70110526308417,315,1194665403
best1bin,optimLBFGS,Rosenbrock,200,6,-131.7353728789449,8.887397354468703,999,382355876
best1bin,SMCO_BR_EVO,Rosenbrock,200,5,-5.843707618239004,40.330985736101866,165,1194665403
best1bin,BOBYQA,Rosenbrock,200,2,-8472304.231951313,96.4658860489726,4500,475988212
best1bin,DEoptim,Ackley,200,7,-6.2203377737836085,214.1909318063408,300,290974971
best1bin,BOBYQA,Rosenbrock,200,3,-7625151.728635658,86.49372550286353,4500,1764094645
best1bin,GD,Rosenbrock,200,5,-539.5030403165301,52.45068686269224,9000,1194665403
best1bin,DEoptim,Ackley,200,8,-9.028696903547203,201.21812038496137,300,715784702
best1bin,ADAM,Rosenbrock,200,5,-5202589.833785068,49.50124907121062,9000,1194665403
best1bin,SPSA,Rosenbrock,200,7,-20888771.495855622,0.6326467227190733,7904,2103805864
best1bin,SMCO_EVO,Rosenbrock,200,6,-51.7583620871133,39.58535802178085,315,382355876
best1bin,SMCO_R,Rosenbrock,200,6,-4.326594281700116,43.281555538997054,165,382355876
best1bin,optimNM,Rosenbrock,200,7,-20637188.62122696,1.5905330311506987,4500,2103805864
best1bin,SMCO_BR,Rosenbrock,200,6,-5.183686022152115,44.15800407715142,90,382355876
best1bin,GenSA,Rosenbrock,200,6,-37.05490715545122,22.52929512783885,300,382355876
best1bin,SignGD,Rosenbrock,200,7,-621.1036183635894,8.080942157655954,2014,2103805864
best1bin,PSO,Rosenbrock,200,7,-4167211.1391723338,0.27556992694735527,300,2103805864
best1bin,GA,Rosenbrock,200,7,-33828.10979807655,1.164481010288,300,2103805864
best1bin,SMCO,Rosenbrock,200,6,-47.43611858898224,47.57617502100766,315,382355876
best1bin,optimLBFGS,Rosenbrock,200,7,-9.981641988974769,7.916368329897523,989,2103805864
best1bin,GD,Rosenbrock,200,6,-395.73811805531057,39.06362873874605,9000,382355876
best1bin,SMCO_R_EVO,Rosenbrock,200,6,-3.9836794310289454,46.03894814662635,315,382355876
best1bin,ADAM,Rosenbrock,200,6,-4660071.202275259,46.03064935654402,9000,382355876
best1bin,SMCO_BR_EVO,Rosenbrock,200,6,-5.6438908274372235,53.45863826945424,165,382355876
best1bin,SMCO,Rosenbrock,200,7,-51.05301254605044,37.35343523696065,315,2103805864
best1bin,GenSA,Rosenbrock,200,7,-2.304433173287423e-10,19.28253056295216,300,2103805864
best1bin,SPSA,Rosenbrock,200,8,-21569407.406306617,0.532804137095809,8227,1341549665
best1bin,BOBYQA,Rosenbrock,200,4,-7781951.52356712,91.21038104221225,4500,1029249001
best1bin,SMCO_R_EVO,Rosenbrock,200,7,-4.6466688992644,43.62123374454677,315,2103805864
best1bin,optimNM,Rosenbrock,200,8,-21319060.040154744,0.940837562084198,4500,1341549665
best1bin,SMCO_R,Rosenbrock,200,7,-4.314833074925086,46.038543263450265,165,2103805864
best1bin,SMCO_BR,Rosenbrock,200,7,-4.966988953000248,46.9413791205734,90,2103805864
best1bin,SignGD,Rosenbrock,200,8,-890.8330742836929,11.628292256966233,2014,1341549665
best1bin,SMCO_EVO,Rosenbrock,200,7,-51.9264374816092,47.385071063414216,315,2103805864
best1bin,PSO,Rosenbrock,200,8,-6244666.445992947,0.4338636174798012,300,1341549665
best1bin,GA,Rosenbrock,200,8,-33037.602121297656,1.180066404864192,300,1341549665
best1bin,optimLBFGS,Rosenbrock,200,8,-163.60153836290306,11.331598406657577,984,1341549665
best1bin,BOBYQA,Rosenbrock,200,5,-9100695.267137107,83.35874877125025,4500,1194665403
best1bin,SMCO_BR_EVO,Rosenbrock,200,7,-5.637460593259483,47.74087592214346,165,2103805864
best1bin,DEoptim,Rosenbrock,200,0,-29854.645586118037,178.58232252672315,300,1677332494
best1bin,DEoptim,Ackley,200,9,-6.08103241992082,211.80172397196293,300,1719555887
best1bin,GD,Rosenbrock,200,7,-286.6001523950821,50.58773104287684,9000,2103805864
best1bin,SMCO,Rosenbrock,200,8,-48.870991248804685,37.83919585309923,315,1341549665
best1bin,GenSA,Rosenbrock,200,8,-384.8934435481064,16.508527701720595,300,1341549665
best1bin,SPSA,Rosenbrock,200,9,-22417972.299299292,0.638756949454546,7619,268772159
best1bin,SMCO_R_EVO,Rosenbrock,200,8,-4.2142490238658175,39.78189189918339,315,1341549665
best1bin,ADAM,Rosenbrock,200,7,-4679430.3621850675,51.178019812330604,9000,2103805864
best1bin,optimNM,Rosenbrock,200,9,-22181250.968377374,1.5644667893648148,4500,268772159
best1bin,SMCO_EVO,Rosenbrock,200,8,-50.049912571118206,43.34515045583248,315,1341549665
best1bin,SignGD,Rosenbrock,200,9,-713.504780329672,11.571416269987822,2014,268772159
best1bin,SMCO_BR,Rosenbrock,200,8,-4.9630176791556435,47.5137577150017,90,1341549665
best1bin,GA,Rosenbrock,200,9,-30552.685799363113,1.2395085152238607,300,268772159
best1bin,optimLBFGS,Rosenbrock,200,9,-73.30609305501046,8.17788209207356,982,268772159
best1bin,PSO,Rosenbrock,200,9,-5264407.260269406,0.41034821048378944,300,268772159
best1bin,SMCO_BR_EVO,Rosenbrock,200,8,-4.483641691172247,47.87386551313102,165,1341549665
best1bin,GD,Rosenbrock,200,8,-390.76427441667136,39.8479650747031,9000,1341549665
best1bin,SA,Rosenbrock,200,0,-1.494615133082763e-10,200.43862171284854,300,1677332494
best1bin,SMCO_R,Rosenbrock,200,8,-3.741683005656735,54.64872067607939,165,1341549665
best1bin,SA,Rosenbrock,200,1,-1.0521977461886329e-10,188.94969120062888,300,806770405
best1bin,ADAM,Rosenbrock,200,8,-5348825.74247376,46.323003243654966,9000,1341549665
best1bin,DEoptim,Rosenbrock,200,1,-29178.169215308597,193.76627377793193,300,806770405
best1bin,BOBYQA,Rosenbrock,200,6,-8949840.834814362,88.43177443370223,4500,382355876
best1bin,GenSA,Rosenbrock,200,9,-320.9458526474906,19.2192513756454,300,268772159
best1bin,DEoptim,Rosenbrock,200,2,-22046.49553256936,173.47818858735263,300,475988212
best1bin,SPSA,Griewank,200,0,-5593.686612403065,0.7555885966867208,7231,1162190894
best1bin,optimNM,Griewank,200,0,-5578.172617597915,1.5946382880210876,4500,1162190894
best1bin,SMCO_BR,Rosenbrock,200,9,-5.302476488117055,39.47403979487717,90,268772159
best1bin,SMCO_EVO,Rosenbrock,200,9,-47.520378676115556,36.92841023206711,315,268772159
best1bin,optimLBFGS,Griewank,200,0,-7.315233091498285e-07,5.46314212679863,299,1162190894
best1bin,GA,Griewank,200,0,-186.4990417191884,0.8646551910787821,300,1162190894
best1bin,PSO,Griewank,200,0,-1762.699980186607,0.29198460280895233,300,1162190894
best1bin,BOBYQA,Rosenbrock,200,7,-8997600.109398395,77.59031309559941,4500,2103805864
best1bin,SMCO,Rosenbrock,200,9,-48.733712036970616,45.61144329421222,315,268772159
best1bin,SignGD,Griewank,200,0,-5173.452449902698,14.772052163258195,3012,1162190894
best1bin,SMCO_R_EVO,Rosenbrock,200,9,-4.29026532167617,43.83026554621756,315,268772159
best1bin,SMCO_BR_EVO,Rosenbrock,200,9,-5.196323228244838,43.84777745604515,165,268772159
best1bin,SMCO_R,Rosenbrock,200,9,-4.551841354097138,51.51101761311293,165,268772159
best1bin,ADAM,Rosenbrock,200,9,-5237233.223642451,42.091300973668694,9000,268772159
best1bin,GD,Rosenbrock,200,9,-576.5638914078393,46.307670164853334,9000,268772159
best1bin,SA,Rosenbrock,200,3,-1.3894516751708443e-10,175.1165110208094,300,1764094645
best1bin,SPSA,Griewank,200,1,-4991.217716345031,0.40667875297367573,8083,141596627
best1bin,DEoptim,Rosenbrock,200,3,-40677.54885487191,174.7909255269915,300,1764094645
best1bin,GenSA,Griewank,200,0,-4.751612658893123e-09,18.136639134958386,300,1162190894
best1bin,optimNM,Griewank,200,1,-4982.6695688316695,1.6869424935430288,4500,141596627
best1bin,optimLBFGS,Griewank,200,1,-3.831333805770498e-08,4.853375216946006,339,141596627
best1bin,SA,Rosenbrock,200,2,-1.0760620819517444e-10,198.23314699158072,300,475988212
best1bin,SMCO,Griewank,200,0,-0.9590370171441165,50.264274490997195,315,1162190894
best1bin,SMCO_EVO,Griewank,200,0,-0.9464668266569813,46.69032255187631,315,1162190894
best1bin,GA,Griewank,200,1,-175.74536049430142,1.3764963205903769,300,141596627
best1bin,PSO,Griewank,200,1,-2100.648671887154,0.538067365065217,300,141596627
best1bin,SignGD,Griewank,200,1,-4592.9546087627,23.430135756731033,3511,141596627
best1bin,BOBYQA,Rosenbrock,200,8,-8864970.768333942,87.5408076364547,4500,1341549665
best1bin,GenSA,Griewank,200,1,-4.052442381663468e-09,20.080839293077588,300,141596627
best1bin,SMCO_R,Griewank,200,0,-0.15404912929213033,57.79110992513597,165,1162190894
best1bin,SMCO_R_EVO,Griewank,200,0,-0.15879968569556369,55.76782915368676,315,1162190894
best1bin,SMCO_BR,Griewank,200,0,-0.19466660236511135,60.41799175366759,90,1162190894
best1bin,DEoptim,Rosenbrock,200,4,-20480.224291220802,184.53954340703785,300,1029249001
best1bin,SMCO_BR_EVO,Griewank,200,0,-0.1675930113717583,63.5195372607559,165,1162190894
best1bin,GD,Griewank,200,0,-4182.207861541307,60.09673541598022,9000,1162190894
best1bin,SPSA,Griewank,200,2,-4919.408487521933,0.7648445200175047,7418,2118233548
best1bin,optimLBFGS,Griewank,200,2,-3.157525130248473e-09,4.672464849427342,286,2118233548
best1bin,BOBYQA,Rosenbrock,200,9,-8641400.302077355,81.22520201280713,4500,268772159
best1bin,optimNM,Griewank,200,2,-4906.968736823141,1.5264886375516653,4500,2118233548
best1bin,SMCO_R_EVO,Griewank,200,1,-0.17954285973577233,48.6619792599231,315,141596627
best1bin,SMCO_R,Griewank,200,1,-0.16109269740671672,53.34770059026778,165,141596627
best1bin,GA,Griewank,200,2,-169.48983138395752,1.375952923670411,300,2118233548
best1bin,ADAM,Griewank,200,0,-5517.588496558564,62.94950115866959,9000,1162190894
best1bin,PSO,Griewank,200,2,-2120.562574942452,0.5526989717036486,300,2118233548
best1bin,SignGD,Griewank,200,2,-4706.940894541373,14.176166374236345,2014,2118233548
best1bin,SA,Rosenbrock,200,4,-1.307243615228021e-10,197.4055828601122,300,1029249001
best1bin,SMCO,Griewank,200,1,-0.9539767002380145,57.52427978813648,315,141596627
best1bin,SMCO_BR_EVO,Griewank,200,1,-0.18907263949459296,52.86152500472963,165,141596627
best1bin,SMCO_EVO,Griewank,200,1,-0.9680266443816267,53.46712568961084,315,141596627
best1bin,SMCO_BR,Griewank,200,1,-0.20198104829739827,59.51730149425566,90,141596627
best1bin,DEoptim,Rosenbrock,200,5,-29037.9911393845,182.51556420326233,300,1194665403
best1bin,GD,Griewank,200,1,-3732.0932827476563,56.48690703883767,9000,141596627
best1bin,SPSA,Griewank,200,3,-5157.41297313601,0.7722501251846552,7983,2050805645
best1bin,ADAM,Griewank,200,1,-4918.955463849864,59.37936099618673,9000,141596627
best1bin,BOBYQA,Griewank,200,0,-4602.153638204479,76.64568867906928,4500,1162190894
best1bin,SMCO_BR,Griewank,200,2,-0.16640321011995107,38.20984020456672,90,2118233548
best1bin,optimLBFGS,Griewank,200,3,-2.1345946121797965e-09,5.250368878245354,296,2050805645
best1bin,SA,Rosenbrock,200,6,-1.9029616190693215e-10,165.239694846794,300,382355876
best1bin,GenSA,Griewank,200,2,-9.504415920957854e-09,18.673097036778927,300,2118233548
best1bin,optimNM,Griewank,200,3,-5146.536855396765,1.5966341085731983,4500,2050805645
best1bin,PSO,Griewank,200,3,-1605.6342025572862,0.5617399346083403,300,2050805645
best1bin,GA,Griewank,200,3,-162.21695723618248,1.3079049587249756,300,2050805645
best1bin,SMCO_R,Griewank,200,2,-0.17055875270874687,47.365701051428914,165,2118233548
best1bin,SA,Rosenbrock,200,5,-3.986623854557865,197.92979756742716,300,1194665403
best1bin,SMCO_EVO,Griewank,200,2,-0.9467671481243056,45.21557556837797,315,2118233548
best1bin,SignGD,Griewank,200,3,-4745.41816308258,21.12365833669901,3012,2050805645
best1bin,SMCO,Griewank,200,2,-0.9536008943583626,53.12975661084056,315,2118233548
best1bin,SMCO_R_EVO,Griewank,200,2,-0.1584753506747013,54.46873188763857,315,2118233548
best1bin,GenSA,Griewank,200,3,-1.1447009673482e-08,19.608481934294105,300,2050805645
best1bin,SMCO_BR_EVO,Griewank,200,2,-0.19683154086173782,53.69461420364678,165,2118233548
best1bin,SPSA,Griewank,200,4,-5337.926152031653,0.5923699960112572,8138,1541488759
best1bin,optimLBFGS,Griewank,200,4,-2.2257222731525417e-09,5.371187565848231,283,1541488759
best1bin,DEoptim,Rosenbrock,200,6,-41656.31866150147,193.17259823158383,300,382355876
best1bin,optimNM,Griewank,200,4,-5329.013051071411,1.5810144320130348,4500,1541488759
best1bin,GD,Griewank,200,2,-3677.8033479071055,61.99019674398005,9000,2118233548
best1bin,SMCO_R_EVO,Griewank,200,3,-0.17010063517446783,43.74852825328708,315,2050805645
best1bin,BOBYQA,Griewank,200,1,-3846.1850997365113,92.43095475621521,4500,141596627
best1bin,GA,Griewank,200,4,-172.2124235886467,0.8730074390769005,300,1541488759
best1bin,PSO,Griewank,200,4,-2180.934866305733,0.5510529279708862,300,1541488759
best1bin,SMCO_EVO,Griewank,200,3,-0.9595412735577609,50.188035229220986,315,2050805645
best1bin,SMCO_R,Griewank,200,3,-0.1603485199410064,53.074062157422304,165,2050805645
best1bin,DEoptim,Rosenbrock,200,7,-22599.568348135,183.26175218634307,300,2103805864
best1bin,SignGD,Griewank,200,4,-4923.367108503174,20.857448637485504,3012,1541488759
best1bin,ADAM,Griewank,200,2,-4849.62942822738,65.22295366041362,9000,2118233548
best1bin,SMCO_BR,Griewank,200,3,-0.17398781707636046,57.263910641893744,90,2050805645
best1bin,SMCO,Griewank,200,3,-0.9497523059882095,59.66296741552651,315,2050805645
best1bin,SMCO_BR_EVO,Griewank,200,3,-0.1962885333828599,57.512894583866,165,2050805645
best1bin,SA,Rosenbrock,200,7,-1.3795636959728248e-10,191.30308076925576,300,2103805864
best1bin,SPSA,Griewank,200,5,-5382.416298814923,0.7349375877529383,7200,1171333552
best1bin,GenSA,Griewank,200,4,-1.6328852825431284e-08,18.444718496873975,300,1541488759
best1bin,GD,Griewank,200,3,-3855.2094710777133,62.13170406036079,9000,2050805645
best1bin,optimNM,Griewank,200,5,-5372.861043963378,1.516621183604002,4500,1171333552
best1bin,ADAM,Griewank,200,3,-5081.4879295869805,58.62863066419959,9000,2050805645
best1bin,SMCO,Griewank,200,4,-0.9335574065812386,50.39845575578511,315,1541488759
best1bin,optimLBFGS,Griewank,200,5,-6.550421793871664e-08,5.509126700460911,283,1171333552
best1bin,SMCO_BR,Griewank,200,4,-0.16996490311004142,46.52651881612837,90,1541488759
best1bin,GA,Griewank,200,5,-183.03989974089072,1.4778113774955273,300,1171333552
best1bin,PSO,Griewank,200,5,-2095.6354878885227,0.667325722053647,300,1171333552
best1bin,SMCO_R,Griewank,200,4,-0.1662495726961244,55.63046297989786,165,1541488759
best1bin,SA,Rosenbrock,200,8,-1.4656882183259069e-10,176.36689631827176,300,1341549665
best1bin,SMCO_EVO,Griewank,200,4,-0.9861566048058701,51.89530085027218,315,1541488759
best1bin,SignGD,Griewank,200,5,-5192.009904293568,16.19527497701347,2513,1171333552
best1bin,SMCO_R_EVO,Griewank,200,4,-0.15726211780040755,52.91135888360441,315,1541488759
best1bin,BOBYQA,Griewank,200,2,-3585.5520100908625,86.36723722144961,4500,2118233548
best1bin,GD,Griewank,200,4,-3989.302794309397,54.69262916781008,9000,1541488759
best1bin,SMCO_BR_EVO,Griewank,200,4,-0.19379783654992533,55.7330559194088,165,1541488759
best1bin,SPSA,Griewank,200,6,-5344.2917802034235,0.7764540240168571,7628,1244943426
best1bin,GenSA,Griewank,200,5,-8.843552223858353e-09,17.608264846727252,300,1171333552
best1bin,DEoptim,Rosenbrock,200,8,-31748.218079350663,188.79095788672566,300,1341549665
best1bin,optimLBFGS,Griewank,200,6,-5.201005360833122e-07,5.035353258252144,322,1244943426
best1bin,optimNM,Griewank,200,6,-5337.095861513635,1.583643952384591,4500,1244943426
best1bin,SignGD,Griewank,200,6,-5201.038607746039,14.718848617747426,2014,1244943426
best1bin,ADAM,Griewank,200,4,-5260.772156129625,61.30279447697103,9000,1541488759
best1bin,GA,Griewank,200,6,-185.3885297382689,1.3966627325862646,300,1244943426
best1bin,PSO,Griewank,200,6,-2009.4866559312095,0.5556960850954056,300,1244943426
best1bin,BOBYQA,Griewank,200,3,-4208.79078249471,84.13576097600162,4500,2050805645
best1bin,SMCO_BR,Griewank,200,5,-0.1871876216641133,47.410573814064264,90,1171333552
best1bin,SMCO,Griewank,200,5,-0.9596915981172017,50.36564057506621,315,1171333552
best1bin,SMCO_R,Griewank,200,5,-0.1558748180281977,50.88424922339618,165,1171333552
best1bin,SA,Rosenbrock,200,9,-1.1921024076149216e-10,184.37448428943753,300,268772159
best1bin,SMCO_BR_EVO,Griewank,200,5,-0.2045005860062984,49.5440171752125,165,1171333552
best1bin,SMCO_EVO,Griewank,200,5,-0.9517154047106013,51.42635391652584,315,1171333552
best1bin,GenSA,Griewank,200,6,-1.0672601136185733e-08,19.115141313523054,300,1244943426
best1bin,DEoptim,Rosenbrock,200,9,-25658.462377385862,186.74137166142464,300,268772159
best1bin,SPSA,Griewank,200,7,-5498.008698648741,0.8450584970414639,8731,2092912266
best1bin,SMCO_R_EVO,Griewank,200,5,-0.16704692789038988,54.73572950437665,315,1171333552
best1bin,ADAM,Griewank,200,5,-5306.883568272398,53.36908555217087,9000,1171333552
best1bin,optimLBFGS,Griewank,200,7,-1.1344668648938239e-08,4.96918903850019,277,2092912266
best1bin,optimNM,Griewank,200,7,-5488.4326539906615,1.497739726677537,4500,2092912266
best1bin,SA,Griewank,200,0,-1.5588783597308975e-09,177.26597518473864,300,1162190894
best1bin,SMCO_R,Griewank,200,6,-0.16209388668191982,49.56060482002795,165,1244943426
best1bin,GA,Griewank,200,7,-175.95536794182576,1.0422525443136692,300,2092912266
best1bin,SMCO_BR_EVO,Griewank,200,6,-0.19057986734411736,44.17505957558751,165,1244943426
best1bin,PSO,Griewank,200,7,-2176.139784200064,0.31534515507519245,300,2092912266
best1bin,SignGD,Griewank,200,7,-5335.287534311559,14.23216101154685,2014,2092912266
best1bin,SMCO,Griewank,200,6,-0.9490042702394405,52.559528736397624,315,1244943426
best1bin,GD,Griewank,200,5,-4024.290230869676,67.55601985007524,9000,1171333552
best1bin,DEoptim,Griewank,200,0,-30.937929161897035,186.7759352233261,300,1162190894
best1bin,SMCO_BR,Griewank,200,6,-0.19893642424033142,56.10824773646891,90,1244943426
best1bin,BOBYQA,Griewank,200,4,-4053.6748963651844,89.99527373351157,4500,1541488759
best1bin,SMCO_EVO,Griewank,200,6,-0.9409930452011567,57.211785577237606,315,1244943426
best1bin,GenSA,Griewank,200,7,-8.1173401333956e-09,18.738752953708172,300,2092912266
best1bin,SPSA,Griewank,200,8,-5088.487849492333,0.8976060934364796,8587,2112258783
best1bin,GD,Griewank,200,6,-3996.712793531233,60.3439706787467,9000,1244943426
best1bin,ADAM,Griewank,200,6,-5270.701778333469,55.71665668487549,9000,1244943426
best1bin,optimLBFGS,Griewank,200,8,-7.299844954067325e-07,5.117366962134838,292,2112258783
best1bin,SMCO_R_EVO,Griewank,200,6,-0.16097569663698907,64.57975146360695,315,1244943426
best1bin,optimNM,Griewank,200,8,-5077.584659153899,1.545647831633687,4500,2112258783
best1bin,SignGD,Griewank,200,8,-4692.374285743332,10.910144111141562,2014,2112258783
best1bin,GA,Griewank,200,8,-182.21513114374756,1.1033507995307446,300,2112258783
best1bin,SMCO,Griewank,200,7,-0.9670968646507401,45.01135783083737,315,2092912266
best1bin,PSO,Griewank,200,8,-2055.7080984197255,0.510236756876111,300,2112258783
best1bin,SMCO_BR,Griewank,200,7,-0.16387840379323704,45.8809449672699,90,2092912266
best1bin,SMCO_EVO,Griewank,200,7,-0.9305032221031155,46.54100321419537,315,2092912266
best1bin,BOBYQA,Griewank,200,5,-4112.298855190693,86.32756439223886,4500,1171333552
best1bin,SMCO_R,Griewank,200,7,-0.17589765727626028,54.99715287797153,165,2092912266
best1bin,SMCO_R_EVO,Griewank,200,7,-0.16789442314718295,54.854423655197024,315,2092912266
best1bin,SA,Griewank,200,1,-1.7046326572511816e-09,195.83594734221697,300,141596627
best1bin,GenSA,Griewank,200,8,-7.200056550971112e-09,18.943234518170357,300,2112258783
best1bin,SMCO_BR_EVO,Griewank,200,7,-0.1834854149302685,55.349002899602056,165,2092912266
best1bin,SPSA,Griewank,200,9,-5675.1431215847015,0.7552663050591946,7219,265617050
best1bin,GD,Griewank,200,7,-4111.86238256998,59.561981709674,9000,2092912266
best1bin,optimLBFGS,Griewank,200,9,-9.508419998027762e-07,5.797712728381157,324,265617050
best1bin,DEoptim,Griewank,200,1,-45.994221235102664,204.3303855136037,300,141596627
best1bin,optimNM,Griewank,200,9,-5665.617801921002,1.6060018576681614,4500,265617050
best1bin,BOBYQA,Griewank,200,6,-3824.0529688725182,82.4575257524848,4500,1244943426
best1bin,SMCO_EVO,Griewank,200,8,-0.9514347676549813,46.82859384082258,315,2112258783
best1bin,ADAM,Griewank,200,7,-5422.977541525425,61.09857575967908,9000,2092912266
best1bin,PSO,Griewank,200,9,-1767.425669365013,0.5512446388602257,300,265617050
best1bin,GA,Griewank,200,9,-181.31755764648045,1.3245088011026382,300,265617050
best1bin,SMCO_BR,Griewank,200,8,-0.1809697808817441,50.73455602116883,90,2112258783
best1bin,SignGD,Griewank,200,9,-5311.783277895473,14.820554170757532,2513,265617050
best1bin,SMCO_R,Griewank,200,8,-0.18384101658831264,52.96328886970878,165,2112258783
best1bin,SMCO_BR_EVO,Griewank,200,8,-0.2062882201632117,48.331905741244555,165,2112258783
best1bin,SMCO,Griewank,200,8,-0.9715434421688645,56.46774346195161,315,2112258783
best1bin,GD,Zakharov,200,0,-2.0386711672175123e+17,0.40708753652870655,105,1495214881
best1bin,SMCO_R_EVO,Griewank,200,8,-0.1787063121784026,58.28554876148701,315,2112258783
best1bin,GenSA,Griewank,200,9,-5.292013049995603e-09,19.099773896858096,300,265617050
best1bin,SignGD,Zakharov,200,0,-3495.440855451382,9.091082949191332,1701,1495214881
best1bin,SPSA,Zakharov,200,0,-189961627099095.3,0.7567033972591162,8171,1495214881
best1bin,GD,Griewank,200,8,-3804.1820680575734,63.791763458400965,9000,2112258783
best1bin,optimNM,Zakharov,200,0,-2.0043050226566102e+17,1.6256709396839142,4500,1495214881
best1bin,SMCO_EVO,Griewank,200,9,-0.8964891599171421,47.16180337779224,315,265617050
best1bin,SMCO_R,Griewank,200,9,-0.1648629572233703,51.869666485115886,165,265617050
best1bin,BOBYQA,Griewank,200,7,-4342.362166236123,86.90153339505196,4500,2092912266
best1bin,SMCO_BR,Griewank,200,9,-0.1851559266988595,49.950934551656246,90,265617050
best1bin,PSO,Zakharov,200,0,-8779.905092183712,0.2841794081032276,300,1495214881
best1bin,GA,Zakharov,200,0,-1558.1635473228164,0.8415887895971537,300,1495214881
best1bin,optimLBFGS,Zakharov,200,0,-6.079650572069526e-09,12.216157021000981,991,1495214881
best1bin,SMCO_R_EVO,Griewank,200,9,-0.1863560338317105,49.541826236993074,315,265617050
best1bin,DEoptim,Griewank,200,3,-37.27126460287867,184.03819748014212,300,2050805645
best1bin,DEoptim,Griewank,200,2,-42.633919093697344,202.6363712400198,300,2118233548
best1bin,ADAM,Griewank,200,8,-5016.119994337148,69.87085403129458,9000,2112258783
best1bin,GD,Zakharov,200,1,-1.590428201573839e+17,0.5313844177871943,105,1485425737
best1bin,SMCO_BR_EVO,Griewank,200,9,-0.17884207844711542,49.66541232727468,165,265617050
best1bin,SMCO,Griewank,200,9,-0.9283996101634918,60.6841259393841,315,265617050
best1bin,SPSA,Zakharov,200,1,-26319213691400.0,0.7821743804961443,8612,1485425737
best1bin,GenSA,Zakharov,200,0,-4.921146205646413e-09,14.193900186568499,300,1495214881
best1bin,BOBYQA,Griewank,200,8,-3530.5993419130546,73.04957498796284,4500,2112258783
best1bin,optimNM,Zakharov,200,1,-1.5602931326130518e+17,1.4447082877159119,4500,1485425737
best1bin,GD,Griewank,200,9,-4242.319009103909,53.694338446483016,9000,265617050
best1bin,SignGD,Zakharov,200,1,-3179.7013042588587,11.665730513632298,1915,1485425737
best1bin,SA,Griewank,200,2,-0.009864674228898807,215.73684949614108,300,2118233548
best1bin,SMCO_BR,Zakharov,200,0,-97.6853366184432,43.35136041045189,90,1495214881
best1bin,PSO,Zakharov,200,1,-8989.178471106206,0.4446424711495638,300,1485425737
best1bin,GA,Zakharov,200,1,-1554.186770253145,1.2945058681070805,300,1485425737
best1bin,optimLBFGS,Zakharov,200,1,-1.1189148529583772e-08,11.4241828545928,1004,1485425737
best1bin,SMCO,Zakharov,200,0,-9.123651584495711,48.609864976257086,315,1495214881
best1bin,SMCO_R,Zakharov,200,0,-24.348382146202173,50.89423610456288,165,1495214881
best1bin,ADAM,Griewank,200,9,-5594.385913860103,63.257274171337485,9000,265617050
best1bin,SMCO_EVO,Zakharov,200,0,-34.28990200014609,50.74471984244883,315,1495214881
best1bin,SMCO_R_EVO,Zakharov,200,0,-32.133325013146695,50.09346496872604,315,1495214881
best1bin,GD,Zakharov,200,2,-1.542686757345379e+17,0.7771474849432707,105,416878452
best1bin,SMCO_BR_EVO,Zakharov,200,0,-212.27111634155025,48.00211746431887,165,1495214881
best1bin,SPSA,Zakharov,200,2,-3248309631945.3125,0.4076357036828995,8354,416878452
best1bin,GenSA,Zakharov,200,1,-5.721706614119511e-09,14.232588175684214,300,1485425737
best1bin,SignGD,Zakharov,200,2,-2992.7838015927437,9.793298555538058,1797,416878452
best1bin,optimLBFGS,Zakharov,200,2,-1.491425987670413e-08,9.893189955502748,1024,416878452
best1bin,optimNM,Zakharov,200,2,-1.516877532340344e+17,1.6205147672444582,4500,416878452
best1bin,ADAM,Zakharov,200,0,-4142642036077496.5,51.770413937047124,9000,1495214881
best1bin,SA,Griewank,200,3,-1.472849064931836e-09,224.60852504521608,300,2050805645
best1bin,SMCO,Zakharov,200,1,-8.332197658022071,43.025502275675535,315,1485425737
best1bin,PSO,Zakharov,200,2,-8791.299692580795,0.2602976243942976,300,416878452
best1bin,GA,Zakharov,200,2,-1470.4489753166279,0.9655134156346321,300,416878452
best1bin,SMCO_EVO,Zakharov,200,1,-7.791987831629707,42.14221984706819,315,1485425737
best1bin,SMCO_R,Zakharov,200,1,-21.32071742237005,45.89768803678453,165,1485425737
best1bin,SMCO_BR,Zakharov,200,1,-89.34089490732681,46.009363578632474,90,1485425737
best1bin,ADAM,Zakharov,200,1,-2607686884808586.5,41.83176455833018,9000,1485425737
best1bin,SMCO_R_EVO,Zakharov,200,1,-22.93504038906897,46.016226056963205,315,1485425737
best1bin,BOBYQA,Griewank,200,9,-4443.258029395437,81.11395693011582,4500,265617050
best1bin,GD,Zakharov,200,3,-1.4403982855650851e+17,0.7175405193120241,105,2081297402
best1bin,DEoptim,Griewank,200,4,-34.613672980897086,201.45619605109096,300,1541488759
best1bin,SPSA,Zakharov,200,3,-175070124595245.3,0.8464976958930492,8892,2081297402
best1bin,GenSA,Zakharov,200,2,-8.770232790012143e-09,17.3275838047266,300,416878452
best1bin,SMCO_BR_EVO,Zakharov,200,1,-88.70535620794632,51.14520216546953,165,1485425737
best1bin,optimNM,Zakharov,200,3,-1.3903376729919499e+17,1.599535720422864,4500,2081297402
best1bin,DEoptim,Griewank,200,5,-45.462846197570734,188.93748734146357,300,1171333552
best1bin,SignGD,Zakharov,200,3,-3188.6135900655136,10.857354057952762,1919,2081297402
best1bin,SA,Griewank,200,4,-1.6283800974292717e-09,212.33866670913994,300,1541488759
best1bin,SMCO,Zakharov,200,2,-7.552344300766187,43.2904165238142,315,416878452
best1bin,GA,Zakharov,200,3,-1262.4140309629847,0.7394047733396292,300,2081297402
best1bin,PSO,Zakharov,200,3,-9260.154090543323,0.4642480369657278,300,2081297402
best1bin,SMCO_EVO,Zakharov,200,2,-7.8135578528372935,43.16128458082676,315,416878452
best1bin,optimLBFGS,Zakharov,200,3,-3.041735936556406e-09,13.136445516720414,1021,2081297402
best1bin,SMCO_R,Zakharov,200,2,-25.53619070315994,51.41788978688419,165,416878452
best1bin,SMCO_BR_EVO,Zakharov,200,2,-82.22451060373066,47.76574343815446,165,416878452
best1bin,SMCO_BR,Zakharov,200,2,-116.14698262563756,53.49486418068409,90,416878452
best1bin,GD,Zakharov,200,4,-1.1154643245553408e+17,0.3671300634741783,105,851655650
best1bin,GenSA,Zakharov,200,3,-1.647516999572073e-08,19.428063616156578,300,2081297402
best1bin,SignGD,Zakharov,200,4,-2851.7753991563736,6.712780745700002,1761,851655650
best1bin,SA,Griewank,200,5,-1.7564940613112867e-09,209.97937789186835,300,1171333552
best1bin,SPSA,Zakharov,200,4,-10323733688895.312,0.5649207234382629,8258,851655650
best1bin,ADAM,Zakharov,200,2,-2776738189978289.0,53.07004224322736,9000,416878452
best1bin,SMCO_R_EVO,Zakharov,200,2,-20.778326882943443,57.347524762153625,315,416878452
best1bin,optimNM,Zakharov,200,4,-1.092826218014581e+17,1.5949909966439009,4500,851655650
best1bin,SMCO_R,Zakharov,200,3,-21.664802015222357,40.42097649537027,165,2081297402
best1bin,DEoptim,Griewank,200,6,-46.18512956417697,189.60643090493977,300,1244943426
best1bin,GA,Zakharov,200,4,-1961.3011660429609,1.2730016019195318,300,851655650
best1bin,PSO,Zakharov,200,4,-8577.76737731348,0.45078898407518864,300,851655650
best1bin,optimLBFGS,Zakharov,200,4,-5.00875321359688e-09,9.835772454738617,1009,851655650
best1bin,SMCO_R_EVO,Zakharov,200,3,-24.699810022026213,43.67847244814038,315,2081297402
best1bin,SMCO_BR,Zakharov,200,3,-88.51844773385038,51.37755588442087,90,2081297402
best1bin,ADAM,Zakharov,200,3,-2483432887784056.0,50.01144807226956,9000,2081297402
best1bin,SMCO_BR_EVO,Zakharov,200,3,-81.63583628954645,51.85304574854672,165,2081297402
best1bin,SMCO,Zakharov,200,3,-8.562852787174524,56.5323871280998,315,2081297402
best1bin,GenSA,Zakharov,200,4,-6.0173932437493665e-09,19.5281960144639,300,851655650
best1bin,GD,Zakharov,200,5,-1.6251048281758518e+17,0.7723180167376995,105,1070835300
best1bin,SMCO_R,Zakharov,200,4,-23.767799588364923,42.72215583175421,165,851655650
best1bin,SMCO_EVO,Zakharov,200,3,-8.28028000150676,58.735882341861725,315,2081297402
best1bin,SPSA,Zakharov,200,5,-2402579060675.0,0.8287531044334173,8702,1070835300
best1bin,DEoptim,Griewank,200,7,-27.68294525259803,185.7677867822349,300,2092912266
best1bin,optimNM,Zakharov,200,5,-1.5972820828487968e+17,1.0866463761776686,4500,1070835300
best1bin,SMCO,Zakharov,200,4,-8.455151817023003,46.24512791261077,315,851655650
best1bin,SignGD,Zakharov,200,5,-3022.8594630292323,9.581195928156376,1567,1070835300
best1bin,SMCO_BR,Zakharov,200,4,-78.75883832353712,46.925915364176035,90,851655650
best1bin,GA,Zakharov,200,5,-1264.3294578760783,1.355750896036625,300,1070835300
best1bin,PSO,Zakharov,200,5,-8961.332386460588,0.4444146640598774,300,1070835300
best1bin,SA,Griewank,200,6,-0.0885069214830635,220.44539192132652,300,1244943426
best1bin,optimLBFGS,Zakharov,200,5,-5.381176715390702e-09,11.424351939931512,1000,1070835300
best1bin,SMCO_EVO,Zakharov,200,4,-8.434397213284003,52.66441578604281,315,851655650
best1bin,SMCO_BR_EVO,Zakharov,200,4,-87.62534965007218,46.54033117368817,165,851655650
best1bin,SMCO_R_EVO,Zakharov,200,4,-38.707034282018164,49.16168196871877,315,851655650
best1bin,GenSA,Zakharov,200,5,-6.6350293576694455e-09,17.469886196777225,300,1070835300
best1bin,GD,Zakharov,200,6,-1.803295477180548e+17,0.5395418107509613,105,1588468405
best1bin,SMCO,Zakharov,200,5,-10.542591887362741,45.312022583559155,315,1070835300
best1bin,SA,Griewank,200,7,-2.013160083080834e-09,216.84251789562404,300,2092912266
best1bin,SPSA,Zakharov,200,6,-28953330645.3125,0.7281331066042185,7781,1588468405
best1bin,ADAM,Zakharov,200,4,-1645685520989748.2,60.05007892102003,9000,851655650
best1bin,SMCO_R,Zakharov,200,5,-22.54929071388656,49.103099539875984,165,1070835300
best1bin,SignGD,Zakharov,200,6,-3360.3614493309797,13.362178456038237,1735,1588468405
best1bin,optimNM,Zakharov,200,6,-1.759933067005112e+17,1.590771408751607,4500,1588468405
best1bin,DEoptim,Griewank,200,8,-40.908886981445995,198.04316264390945,300,2112258783
best1bin,SMCO_EVO,Zakharov,200,5,-8.008015743798861,45.40561746247113,315,1070835300
best1bin,GA,Zakharov,200,6,-1361.3990851795886,0.7978363484144211,300,1588468405
best1bin,PSO,Zakharov,200,6,-8887.766899680186,0.23171581886708736,300,1588468405
best1bin,SMCO_BR_EVO,Zakharov,200,5,-83.67741120727166,43.90919957309961,165,1070835300
best1bin,SMCO_BR,Zakharov,200,5,-93.00139605858199,52.421201180666685,90,1070835300
best1bin,optimLBFGS,Zakharov,200,6,-5.699288613126554e-09,9.404209395870566,1007,1588468405
best1bin,SA,Griewank,200,8,-1.6973094041361492e-09,204.95457255095243,300,2112258783
best1bin,ADAM,Zakharov,200,5,-3082376452858085.5,49.62105838395655,9000,1070835300
best1bin,SMCO_R_EVO,Zakharov,200,5,-24.465123771494717,51.457225885242224,315,1070835300
best1bin,GD,Zakharov,200,7,-1.5479379220080794e+17,0.3657434731721878,105,2128855260
best1bin,GenSA,Zakharov,200,6,-6.358345582470662e-09,14.308211019262671,300,1588468405
best1bin,DEoptim,Griewank,200,9,-47.490838727121,183.9403555393219,300,265617050
best1bin,SPSA,Zakharov,200,7,-10851921655625.0,0.7145579922944307,8907,2128855260
best1bin,SignGD,Zakharov,200,7,-3066.2899396000066,10.232323985546827,1757,2128855260
best1bin,SMCO,Zakharov,200,6,-8.384822043261842,49.51528876833618,315,1588468405
best1bin,optimNM,Zakharov,200,7,-1.512335110703218e+17,1.039921136572957,4500,2128855260
best1bin,SMCO_R_EVO,Zakharov,200,6,-22.785364211706565,46.30828274786472,315,1588468405
best1bin,optimLBFGS,Zakharov,200,7,-4.804676606777414e-09,10.368663283064961,972,2128855260
best1bin,SMCO_EVO,Zakharov,200,6,-8.649028415302826,49.299410812556744,315,1588468405
best1bin,SMCO_R,Zakharov,200,6,-22.727622610670725,53.204239055514336,165,1588468405
best1bin,PSO,Zakharov,200,7,-8339.374875669573,0.23636393062770367,300,2128855260
best1bin,GA,Zakharov,200,7,-1354.4423465665227,1.1816239692270756,300,2128855260
best1bin,SMCO_BR,Zakharov,200,6,-96.57475902168213,53.1717747207731,90,1588468405
best1bin,SMCO_BR_EVO,Zakharov,200,6,-92.20971811306043,51.41086972504854,165,1588468405
best1bin,GenSA,Zakharov,200,7,-6.448753345196355e-09,18.160350976511836,300,2128855260
best1bin,SMCO_EVO,Zakharov,200,7,-8.538629543138603,36.94810449518263,315,2128855260
best1bin,ADAM,Zakharov,200,6,-3714260401539151.5,51.16823849640787,9000,1588468405
best1bin,GD,Zakharov,200,8,-5.587855230760333e+16,0.7669362481683493,105,671574896
best1bin,SA,Griewank,200,9,-2.1136460359727494e-09,215.7346046399325,300,265617050
best1bin,SMCO_R,Zakharov,200,7,-23.70822500448695,44.21456525474787,165,2128855260
best1bin,SPSA,Zakharov,200,8,-823114821120.3125,0.48670199513435364,8857,671574896
best1bin,SMCO,Zakharov,200,7,-7.578959860070499,46.430371126160026,315,2128855260
best1bin,ADAM,Zakharov,200,7,-2679682262283039.0,41.4915571436286,9000,2128855260
best1bin,SignGD,Zakharov,200,8,-2767.2878286687137,10.88551476970315,1673,671574896
best1bin,optimNM,Zakharov,200,8,-5.4461097027553096e+16,1.0840496476739645,4500,671574896
best1bin,SMCO_BR_EVO,Zakharov,200,7,-92.48574504952333,48.11720074340701,165,2128855260
best1bin,SMCO_BR,Zakharov,200,7,-98.6324105003461,55.49582895077765,90,2128855260
best1bin,optimLBFGS,Zakharov,200,8,-6.172200122809618e-09,11.207477491348982,1028,671574896
best1bin,PSO,Zakharov,200,8,-8742.330445376545,0.49665900133550167,300,671574896
best1bin,GA,Zakharov,200,8,-1782.2558182954751,1.4076647236943245,300,671574896
best1bin,SMCO_R_EVO,Zakharov,200,7,-23.35712024071037,55.62565108388662,315,2128855260
best1bin,DEoptim,Zakharov,200,0,-1806.014647142313,205.49192749895155,300,1495214881
best1bin,SMCO_R,Zakharov,200,8,-25.71989818136129,41.165554536506534,165,671574896
best1bin,DEoptim,Zakharov,200,1,-1648.1727457444863,193.55233434215188,300,1485425737
best1bin,GenSA,Zakharov,200,8,-5.775291573660517e-09,17.72210700251162,300,671574896
best1bin,GD,Zakharov,200,9,-1.561533997087305e+17,0.5828980058431625,105,1773159981
best1bin,SMCO,Zakharov,200,8,-14.135286373816218,50.340989684686065,315,671574896
best1bin,SMCO_EVO,Zakharov,200,8,-9.570302850582133,47.796595769003034,315,671574896
best1bin,SPSA,Zakharov,200,9,-1922400978420.3125,0.7802077308297157,8247,1773159981
best1bin,DEoptim,Zakharov,200,2,-1852.01030444786,184.970355194062,300,416878452
best1bin,SMCO_BR,Zakharov,200,8,-97.93805564226473,55.655881537124515,90,671574896
best1bin,SignGD,Zakharov,200,9,-3223.927935038633,11.393398623913527,1805,1773159981
best1bin,optimNM,Zakharov,200,9,-1.528799995319841e+17,1.6211075149476528,4500,1773159981
best1bin,SMCO_BR_EVO,Zakharov,200,8,-100.54740719672878,45.638327553868294,165,671574896
best1bin,SMCO_R_EVO,Zakharov,200,8,-30.82848027025411,47.088584354147315,315,671574896
best1bin,GA,Zakharov,200,9,-1331.9779017844414,1.2169246766716242,300,1773159981
best1bin,PSO,Zakharov,200,9,-9783.208432552754,0.44885462895035744,300,1773159981
best1bin,optimLBFGS,Zakharov,200,9,-7.794955305628356e-09,13.030800072476268,1010,1773159981
best1bin,ADAM,Zakharov,200,8,-497410272659949.3,50.24006320908666,9000,671574896
best1bin,GenSA,Zakharov,200,9,-5.01899756037173e-09,14.994504230096936,300,1773159981
best1bin,SMCO,Zakharov,200,9,-7.9097336152054485,48.4759054929018,315,1773159981
best1bin,SMCO_BR,Zakharov,200,9,-84.24939990455935,46.842103864997625,90,1773159981
best1bin,SMCO_R,Zakharov,200,9,-24.673128890402023,51.53460460528731,165,1773159981
best1bin,SMCO_R_EVO,Zakharov,200,9,-24.59241614498911,44.23216354474425,315,1773159981
best1bin,SMCO_BR_EVO,Zakharov,200,9,-73.85237508519897,45.39964958280325,165,1773159981
best1bin,DEoptim,Zakharov,200,3,-1896.3568490567202,196.50920457579195,300,2081297402
best1bin,SMCO_EVO,Zakharov,200,9,-13.552505690527063,52.2542585209012,315,1773159981
best1bin,ADAM,Zakharov,200,9,-2711009925428888.5,43.015454234555364,9000,1773159981
best1bin,SA,Zakharov,200,0,-2.867164734792802e-09,272.1240987908095,300,1495214881
best1bin,DEoptim,Zakharov,200,4,-1682.331316357313,187.68593310192227,300,851655650
best1bin,SA,Zakharov,200,1,-2.9869124887028932e-09,271.613093027845,300,1485425737
best1bin,DEoptim,Zakharov,200,5,-1551.0492287588283,177.49256276339293,300,1070835300
best1bin,SA,Zakharov,200,2,-2.7852070077592056e-09,256.3925291765481,300,416878452
best1bin,SA,Zakharov,200,3,-2.797033682386124e-09,242.41442053578794,300,2081297402
best1bin,SA,Zakharov,200,4,-3.372882775970758e-09,228.58860425837338,300,851655650
best1bin,DEoptim,Zakharov,200,6,-1770.603881920707,179.5095883794129,300,1588468405
best1bin,SA,Zakharov,200,5,-2.907471523511713e-09,219.40730222687125,300,1070835300
best1bin,DEoptim,Zakharov,200,7,-1604.8149048294524,163.87473947182298,300,2128855260
best1bin,DEoptim,Zakharov,200,8,-1692.323188545305,152.8754206392914,300,671574896
best1bin,SA,Zakharov,200,6,-2.850512470596754e-09,213.6642807740718,300,1588468405
best1bin,BOBYQA,Zakharov,200,0,-1.0662287002633426e+16,367.5517596192658,4500,1495214881
best1bin,BOBYQA,Zakharov,200,1,-1.0376095536785718e+16,353.460319429636,4500,1485425737
best1bin,DEoptim,Zakharov,200,9,-2147.774911935919,140.39435833506286,300,1773159981
best1bin,SA,Zakharov,200,7,-3.0953064539438307e-09,204.91682629287243,300,2128855260
best1bin,BOBYQA,Zakharov,200,4,-4470520481780466.0,299.7683449778706,4500,851655650
best1bin,SA,Zakharov,200,8,-2.8004502616207977e-09,190.9142422210425,300,671574896
best1bin,SA,Zakharov,200,9,-2.8408103762880298e-09,170.89570855163038,300,1773159981
best1bin,BOBYQA,Zakharov,200,2,-5936291854664150.0,386.4822380375117,4500,416878452
best1bin,BOBYQA,Zakharov,200,3,-5448514272941123.0,368.7288598213345,4500,2081297402
best1bin,BOBYQA,Zakharov,200,5,-4327784578493391.0,324.4472435992211,4500,1070835300
best1bin,BOBYQA,Zakharov,200,6,-2080715986971427.2,304.5064288135618,4500,1588468405
best1bin,BOBYQA,Zakharov,200,8,-3619995960971544.5,288.0894097164273,4500,671574896
best1bin,BOBYQA,Zakharov,200,7,-1.5575532518149768e+16,321.3610270153731,4500,2128855260
best1bin,BOBYQA,Zakharov,200,9,-1453598898868253.2,265.5677149146795,4500,1773159981
best1bin,PSO,Rastrigin,4000,1,-66807.69681633254,3.7362695038318634,300,543286753
best1bin,PSO,Rastrigin,4000,0,-70406.87319843871,4.645556503906846,300,813956088
best1bin,PSO,Ackley,4000,0,-21.173593472773007,4.674561586230993,300,1158094505
best1bin,GA,Ackley,4000,0,-16.68430230566384,6.779166758060455,300,1158094505
best1bin,GA,Rastrigin,4000,0,-43948.3726158056,7.804434202611446,300,813956088
best1bin,GA,Rastrigin,4000,1,-43409.94548248143,8.227403651922941,300,543286753
best1bin,PSO,Ackley,4000,1,-21.10042156905669,3.375176090747118,300,398596690
best1bin,GA,Ackley,4000,1,-17.32683311397895,8.019596660509706,300,398596690
best1bin,SA,Rastrigin,4000,0,-61155.601075954226,1498.012064151466,300,813956088
best1bin,SA,Rastrigin,4000,1,-61315.04168008198,1499.035751990974,300,543286753
best1bin,SA,Ackley,4000,0,-21.223141783294846,1636.3861790355295,300,1158094505
best1bin,SA,Ackley,4000,1,-21.204914105481386,1664.3608044236898,300,398596690
best1bin,GenSA,Ackley,4000,1,-3.6981301487723433,2081.507192391902,300,398596690
best1bin,GenSA,Ackley,4000,0,-4.931127025659251,2087.6930811796337,300,1158094505
best1bin,SA,Rosenbrock,4000,0,-12123464.204833023,451.00982398353517,300,203850383
best1bin,GenSA,Rastrigin,4000,1,-38.80550134222722,2541.7246297430247,300,543286753
best1bin,GA,Rosenbrock,4000,0,-43184992.049967244,4.153099201619625,300,203850383
best1bin,PSO,Rosenbrock,4000,0,-419931017.26976913,2.2638154923915863,300,203850383
best1bin,GenSA,Rastrigin,4000,0,-40.138120501120284,2608.01576426439,300,813956088
best1bin,GenSA,Rosenbrock,4000,0,-267.37839288066834,1746.8360286150128,300,203850383
best1bin,SMCO,Rosenbrock,4000,0,-1146.425812037492,5897.687716597691,364,203850383
best1bin,SMCO_R,Rosenbrock,4000,0,-1493.8010872697287,6043.120191941038,214,203850383
best1bin,SMCO_EVO,Rosenbrock,4000,0,-869.4078680012891,6070.305685820058,364,203850383
best1bin,SMCO_BR,Rosenbrock,4000,0,-19842.964901822816,6145.617363143712,139,203850383
best1bin,SMCO_R_EVO,Rosenbrock,4000,0,-609.2816771459535,6138.513172701001,364,203850383
best1bin,SMCO_BR_EVO,Rosenbrock,4000,0,-19793.48868574321,6172.082271430641,214,203850383
best1bin,SA,Rosenbrock,4000,1,-12402917.79217528,478.2866248264909,300,270267170
best1bin,GA,Rosenbrock,4000,1,-42858605.65546528,4.955897917971015,300,270267170
best1bin,PSO,Rosenbrock,4000,1,-424068004.8448019,2.263803217560053,300,270267170
best1bin,SMCO,Rosenbrock,4000,1,-1241.1399970318334,6041.426901426166,364,270267170
best1bin,SMCO_R,Rosenbrock,4000,1,-1314.9205537068233,6043.749680928886,214,270267170
best1bin,GenSA,Rosenbrock,4000,1,-161.9405664553873,1816.3688687365502,300,270267170
best1bin,SMCO_BR,Rosenbrock,4000,1,-19592.701317413805,5923.47222712636,139,270267170
best1bin,SMCO_EVO,Rosenbrock,4000,1,-872.5799212524112,5495.469548245892,364,270267170
best1bin,SMCO_R_EVO,Rosenbrock,4000,1,-526.7492464788874,5513.284429209307,364,270267170
best1bin,SMCO_BR_EVO,Rosenbrock,4000,1,-19676.31964704169,5851.0875526648015,214,270267170
best1bin,SMCO_R,Rastrigin,4000,1,-33892.757432425846,17281.057605605572,214,543286753
best1bin,SMCO_R_EVO,Rastrigin,4000,1,-33892.78433007124,17335.796838419512,364,543286753
best1bin,SMCO_BR,Rastrigin,4000,1,-34060.6687889275,18214.053426258266,139,543286753
best1bin,SMCO_R,Rastrigin,4000,0,-33812.6990905759,18397.53982836008,214,813956088
best1bin,SMCO_EVO,Rastrigin,4000,1,-33975.2130685326,18443.05110849254,364,543286753
best1bin,SMCO,Rastrigin,4000,1,-33977.75260474973,18901.279561072588,364,543286753
best1bin,SMCO,Rastrigin,4000,0,-33896.54360174047,19067.80773211457,364,813956088
best1bin,SMCO_EVO,Rastrigin,4000,0,-33898.32614623291,19441.748002240434,364,813956088
best1bin,SMCO_EVO,Ackley,4000,0,-0.3382867214406642,19490.953582737595,364,1158094505
best1bin,SMCO_R_EVO,Ackley,4000,0,-0.07340608435764695,19545.530330726877,364,1158094505
best1bin,SMCO_R_EVO,Rastrigin,4000,0,-33812.93332959413,19545.834873456508,364,813956088
best1bin,SMCO,Ackley,4000,0,-0.33789746363447337,20118.562753891572,364,1158094505
best1bin,SMCO_BR,Rastrigin,4000,0,-33994.80251229948,20192.207000313327,139,813956088
best1bin,SMCO_R,Ackley,4000,0,-0.07292967772956915,20360.58070174046,214,1158094505
best1bin,SMCO_BR_EVO,Rastrigin,4000,1,-34052.49520053197,20428.526013027877,214,543286753
best1bin,SMCO_BR_EVO,Rastrigin,4000,0,-34001.737856951804,20753.796562019736,214,813956088
best1bin,SMCO_R,Ackley,4000,1,-0.07382205497021177,20789.547188781202,214,398596690
best1bin,SMCO_R_EVO,Ackley,4000,1,-0.07323783673648565,21092.75845664367,364,398596690
best1bin,SMCO_BR,Ackley,4000,0,-2.1640103060774263,21323.24236928299,139,1158094505
best1bin,SMCO_EVO,Ackley,4000,1,-0.33965411633528264,21339.045369520783,364,398596690
best1bin,SMCO,Ackley,4000,1,-0.33868857389203244,21482.298836797476,364,398596690
best1bin,SMCO_BR_EVO,Ackley,4000,1,-2.057696747909976,21990.873846413568,214,398596690
best1bin,SMCO_BR,Ackley,4000,1,-1.9846412147912642,22166.857911484316,139,398596690
best1bin,SMCO_BR_EVO,Ackley,4000,0,-2.0295281755226537,23323.144568882883,214,1158094505
best1bin,DEoptim,Ackley,4000,1,-18.172488081956196,27888.845660828054,300,398596690
best1bin,DEoptim,Rosenbrock,4000,0,-56428453.357557856,26688.56865338795,300,203850383
best1bin,DEoptim,Rastrigin,4000,1,-47223.28983867143,29256.687641631812,300,543286753
best1bin,DEoptim,Rastrigin,4000,0,-47810.71205964495,29272.255729347467,300,813956088
best1bin,DEoptim,Ackley,4000,0,-18.16725594155195,29821.364103695378,300,1158094505
best1bin,DEoptim,Rosenbrock,4000,1,-55091600.78293415,24835.280949151143,300,270267170
sobol,SPSA,Rastrigin,200,1,-2591.8397724017545,0.3897084388881922,6844,1677437249
sobol,PSO,Rastrigin,200,0,-2110.484125690013,0.46775393933057785,300,647279673
sobol,PSO,Rastrigin,200,1,-2349.5930878052186,0.4578595347702503,300,1677437249
sobol,SPSA,Rastrigin,200,0,-2563.0075099405494,0.5368246864527464,6251,647279673
sobol,GA,Rastrigin,200,1,-1795.439758803569,1.2770067118108273,300,1677437249
sobol,GA,Rastrigin,200,0,-1874.2642690282407,1.3122308142483234,300,647279673
sobol,optimNM,Rastrigin,200,1,-3387.6401658173017,1.4630064237862825,4500,1677437249
sobol,optimNM,Rastrigin,200,0,-3344.639468472361,1.5497262720018625,4500,647279673
sobol,SPSA,Rastrigin,200,2,-2712.8576147054678,0.48040836304426193,5624,869192137
sobol,optimLBFGS,Rastrigin,200,1,-1221.803231940503,3.495642276480794,229,1677437249
sobol,optimLBFGS,Rastrigin,200,0,-1326.273085183746,3.9547373969107866,237,647279673
sobol,optimNM,Rastrigin,200,2,-3378.649502729375,1.5285323206335306,4500,869192137
sobol,optimLBFGS,Rastrigin,200,2,-1187.974308182025,4.030000610277057,242,869192137
sobol,SignGD,Rastrigin,200,0,-1719.324189731857,13.637037422508001,2513,647279673
sobol,SignGD,Rastrigin,200,1,-1632.2675956738728,15.424712935462594,2513,1677437249
sobol,SignGD,Rastrigin,200,2,-1606.475106459799,14.656205229461193,2513,869192137
sobol,PSO,Rastrigin,200,2,-2007.4440615203064,0.26084149442613125,300,869192137
sobol,GA,Rastrigin,200,2,-1904.188785252789,1.4215831961482763,300,869192137
sobol,GenSA,Rastrigin,200,0,-1.9899181141920508,23.565998101606965,300,647279673
sobol,GenSA,Rastrigin,200,1,-1.9899181141925055,24.647070886567235,300,1677437249
sobol,GD,Rastrigin,200,1,-2534.1449996814035,25.57616250216961,4599,1677437249
sobol,GD,Rastrigin,200,2,-2561.013591122185,25.5635509416461,4621,869192137
sobol,GD,Rastrigin,200,0,-2372.9633198907622,28.45641937851906,5005,647279673
sobol,GenSA,Rastrigin,200,2,-4.974795285472737,24.534433465451002,300,869192137
sobol,SMCO,Rastrigin,200,2,-375.86135765283757,36.45689367316663,315,869192137
sobol,SMCO_EVO,Rastrigin,200,0,-388.3857881155518,36.826648864895105,315,647279673
sobol,SMCO_EVO,Rastrigin,200,1,-403.1073000618976,37.09199507161975,315,1677437249
sobol,SPSA,Rastrigin,200,3,-2682.5091046532357,0.4126054123044014,5568,949772676
sobol,SMCO_R_EVO,Rastrigin,200,0,-393.2771469251627,37.49936940148473,315,647279673
sobol,ADAM,Rastrigin,200,0,-1649.631883032912,38.055318012833595,7697,647279673
sobol,SMCO_R,Rastrigin,200,0,-388.30744654430464,38.88593120127916,165,647279673
sobol,optimNM,Rastrigin,200,3,-3436.4706295261576,1.5458339434117079,4500,949772676
sobol,optimLBFGS,Rastrigin,200,3,-1215.833495961103,2.090728173032403,238,949772676
sobol,GA,Rastrigin,200,3,-1819.9133767362323,0.873199138790369,300,949772676
sobol,ADAM,Rastrigin,200,1,-1564.066438474212,40.110634066164494,7695,1677437249
sobol,PSO,Rastrigin,200,3,-2167.0629650015,0.4611861500889063,300,949772676
sobol,SMCO_R,Rastrigin,200,1,-392.53064444704205,42.82426603324711,165,1677437249
sobol,SMCO_R,Rastrigin,200,2,-379.42737172215834,44.229220086708665,165,869192137
sobol,SMCO_BR_EVO,Rastrigin,200,2,-375.9628884298995,43.732866333797574,165,869192137
sobol,SignGD,Rastrigin,200,3,-1500.2453555101538,14.256327332928777,2513,949772676
sobol,SMCO,Rastrigin,200,1,-399.988901507136,45.782789548859,315,1677437249
sobol,SMCO_R_EVO,Rastrigin,200,1,-397.32897264537496,46.32309255935252,315,1677437249
sobol,SMCO_BR,Rastrigin,200,2,-377.0170782776488,47.02412307448685,90,869192137
sobol,ADAM,Rastrigin,200,2,-1558.097279288144,46.12390490807593,7705,869192137
sobol,SMCO,Rastrigin,200,0,-393.6966298909674,47.822633638978004,315,647279673
sobol,SPSA,Rastrigin,200,4,-2745.919799664285,0.5459115505218506,5674,1673381394
sobol,SMCO_BR_EVO,Rastrigin,200,1,-404.80273331842045,48.643880631774664,165,1677437249
sobol,SMCO_BR,Rastrigin,200,1,-403.5942404105658,49.00955465435982,90,1677437249
sobol,SMCO_EVO,Rastrigin,200,2,-380.9959319426425,48.70600411854684,315,869192137
sobol,SMCO_R_EVO,Rastrigin,200,2,-377.85166610602255,49.51790021173656,315,869192137
sobol,optimNM,Rastrigin,200,4,-3389.97931441364,1.3648950420320034,4500,1673381394
sobol,GA,Rastrigin,200,4,-1818.6953111319192,1.1638773288577795,300,1673381394
sobol,optimLBFGS,Rastrigin,200,4,-1274.5356568262596,3.7906113006174564,242,1673381394
sobol,PSO,Rastrigin,200,4,-2076.6630809124636,0.4455987252295017,300,1673381394
sobol,SMCO_BR,Rastrigin,200,0,-389.46320714540707,53.47935374267399,90,647279673
sobol,SMCO_BR_EVO,Rastrigin,200,0,-380.55413286984185,55.08512574993074,165,647279673
sobol,GD,Rastrigin,200,3,-2524.5537556683503,26.968934750184417,4960,949772676
sobol,GenSA,Rastrigin,200,3,-2.984877171327298,22.136082980781794,300,949772676
sobol,BOBYQA,Rastrigin,200,1,-2264.6838219561996,60.63366751745343,4500,1677437249
sobol,SMCO_BR,Rastrigin,200,3,-331.0266973244852,37.145396668463945,90,949772676
sobol,SMCO,Rastrigin,200,3,-328.0862865429092,46.583785723894835,315,949772676
sobol,SMCO_R,Rastrigin,200,3,-314.67042647080666,46.31032334268093,165,949772676
sobol,SPSA,Rastrigin,200,5,-2809.5659068120917,0.5990851540118456,6249,625018708
sobol,SignGD,Rastrigin,200,4,-1599.6580550125868,18.201326379552484,3012,1673381394
sobol,BOBYQA,Rastrigin,200,2,-2137.2995457672214,63.228097861632705,4500,869192137
sobol,optimLBFGS,Rastrigin,200,5,-1310.353774623159,3.7876737639307976,228,625018708
sobol,optimNM,Rastrigin,200,5,-3448.4036594284735,1.5011568702757359,4500,625018708
sobol,SMCO_BR_EVO,Rastrigin,200,3,-323.014274067923,43.92630548402667,165,949772676
sobol,ADAM,Rastrigin,200,3,-1493.4250750759122,34.758809220045805,7701,949772676
sobol,SignGD,Rastrigin,200,5,-1681.0210294097217,10.842121567577124,2513,625018708
sobol,SA,Rastrigin,200,0,-120.38998545447475,71.75962218642235,300,647279673
sobol,PSO,Rastrigin,200,5,-2213.7234750640087,0.45392381586134434,300,625018708
sobol,SMCO_EVO,Rastrigin,200,3,-326.09118107822724,47.54314287751913,315,949772676
sobol,GA,Rastrigin,200,5,-1819.9734562307951,1.2872445695102215,300,625018708
sobol,GD,Rastrigin,200,4,-2673.436502479336,26.874206917360425,5784,1673381394
sobol,SMCO_R,Rastrigin,200,4,-397.4183549805639,33.07145034708083,165,1673381394
sobol,SA,Rastrigin,200,1,-102.48073250244079,76.44711323827505,300,1677437249
sobol,GenSA,Rastrigin,200,4,-0.994959057095457,27.631835397332907,300,1673381394
sobol,BOBYQA,Rastrigin,200,0,-2232.4285736780703,77.55049708299339,4500,647279673
sobol,SMCO_R_EVO,Rastrigin,200,3,-320.6153744360188,52.52359059639275,315,949772676
sobol,SPSA,Rastrigin,200,6,-2917.2703222462014,0.44118137285113335,5133,1016789110
sobol,optimLBFGS,Rastrigin,200,6,-1270.5557578757516,3.6285636201500893,249,1016789110
sobol,SA,Rastrigin,200,2,-112.4303079145468,76.54849106259644,300,869192137
sobol,SMCO_EVO,Rastrigin,200,4,-402.05926806615525,39.29775825329125,315,1673381394
sobol,optimNM,Rastrigin,200,6,-3368.3920841031077,1.5331739336252213,4500,1016789110
sobol,GD,Rastrigin,200,5,-2468.4725336107417,25.34568267315626,4579,625018708
sobol,SMCO_BR,Rastrigin,200,4,-393.21791392863315,45.19731414876878,90,1673381394
sobol,GA,Rastrigin,200,6,-1765.7789535595248,0.8098060991615057,300,1016789110
sobol,PSO,Rastrigin,200,6,-2146.4154131020605,0.2884589023888111,300,1016789110
sobol,SMCO,Rastrigin,200,4,-402.54767752173984,49.167754815891385,315,1673381394
sobol,SignGD,Rastrigin,200,6,-1596.377367201321,13.856286197900772,2513,1016789110
sobol,SMCO_R_EVO,Rastrigin,200,4,-408.30266465400246,48.055646523833275,315,1673381394
sobol,GenSA,Rastrigin,200,5,-1.9899181141895497,24.839488165453076,300,625018708
sobol,ADAM,Rastrigin,200,4,-1591.9256955248295,45.844106547534466,7705,1673381394
sobol,SMCO_BR_EVO,Rastrigin,200,4,-397.3581682808315,49.54182640835643,165,1673381394
sobol,SMCO,Rastrigin,200,5,-432.6391043122228,44.32285653427243,315,625018708
sobol,SMCO_EVO,Rastrigin,200,5,-434.37251826594525,41.53410856984556,315,625018708
sobol,SMCO_R,Rastrigin,200,5,-425.1865070004933,45.50835566781461,165,625018708
sobol,SPSA,Rastrigin,200,7,-2734.554307158711,0.43459540233016014,6237,101710889
sobol,SMCO_BR,Rastrigin,200,5,-428.9591065531622,45.87477760016918,90,625018708
sobol,SMCO_R_EVO,Rastrigin,200,5,-434.21944183303344,44.810103541240096,315,625018708
sobol,BOBYQA,Rastrigin,200,3,-2174.0020417699184,63.05586581863463,4500,949772676
sobol,optimLBFGS,Rastrigin,200,7,-1131.2623925792905,3.2609557304531336,224,101710889
sobol,optimNM,Rastrigin,200,7,-3368.6930157394695,1.4086091723293066,4500,101710889
sobol,GD,Rastrigin,200,6,-2558.024898084078,26.70677264779806,4986,1016789110
sobol,SA,Rastrigin,200,3,-120.3899955310792,64.50136347487569,300,949772676
sobol,PSO,Rastrigin,200,7,-1993.4738304860903,0.2975807059556246,300,101710889
sobol,GA,Rastrigin,200,7,-1844.0682633229274,1.305969476699829,300,101710889
sobol,SMCO_EVO,Rastrigin,200,6,-457.7341750177625,32.89161396026611,315,1016789110
sobol,ADAM,Rastrigin,200,5,-1620.7781104985238,44.10480834543705,7711,625018708
sobol,GenSA,Rastrigin,200,6,-1.9899181141920508,24.331202872097492,300,1016789110
sobol,SignGD,Rastrigin,200,7,-1442.6376714091216,13.15601840429008,3012,101710889
sobol,SMCO_BR_EVO,Rastrigin,200,5,-436.5522014153353,50.47799308784306,165,625018708
sobol,SMCO_R,Rastrigin,200,6,-452.17377584972246,42.16658035479486,165,1016789110
sobol,GD,Rastrigin,200,7,-2445.5952997086197,22.88015109114349,3797,101710889
sobol,BOBYQA,Rastrigin,200,4,-2293.924931247071,70.07361849956214,4500,1673381394
sobol,SPSA,Rastrigin,200,8,-2772.165723647416,0.4595263358205557,4336,483844954
sobol,SMCO,Rastrigin,200,6,-456.7137444342975,48.14209411479533,315,1016789110
sobol,SA,Rastrigin,200,4,-139.29417726982228,71.30934495665133,300,1673381394
sobol,SMCO_R_EVO,Rastrigin,200,6,-457.1875608503808,48.31387743353844,315,1016789110
sobol,optimNM,Rastrigin,200,8,-3338.6656372610487,1.2828702796250582,4500,483844954
sobol,SMCO_BR_EVO,Rastrigin,200,6,-464.18005596832404,48.414664233103395,165,1016789110
sobol,ADAM,Rastrigin,200,6,-1589.9343439154445,44.50299286656082,7699,1016789110
sobol,optimLBFGS,Rastrigin,200,8,-1263.590438443009,4.476292101666331,233,483844954
sobol,GA,Rastrigin,200,8,-1795.9896711875003,1.2368570640683174,300,483844954
sobol,PSO,Rastrigin,200,8,-2015.115095854454,0.6209986358880997,300,483844954
sobol,GenSA,Rastrigin,200,7,-0.9949590571050067,24.323364363983274,300,101710889
sobol,SMCO_BR,Rastrigin,200,6,-452.1560870151668,52.67165006138384,90,1016789110
sobol,SignGD,Rastrigin,200,8,-1551.493760477616,14.35594004765153,2513,483844954
sobol,SA,Rastrigin,200,5,-138.29922324796644,63.02613218873739,300,625018708
sobol,SMCO_R_EVO,Rastrigin,200,7,-316.6920539513376,39.4579809512943,315,101710889
sobol,GD,Rastrigin,200,8,-2559.083970990626,24.522330390289426,4573,483844954
sobol,BOBYQA,Rastrigin,200,5,-2242.394388727763,72.22608415596187,4500,625018708
sobol,SMCO,Rastrigin,200,7,-326.08071999882713,47.77266511134803,315,101710889
sobol,SMCO,Rastrigin,200,8,-381.2130802493921,33.391835464164615,315,483844954
sobol,ADAM,Rastrigin,200,7,-1434.7223678772334,40.65711651183665,7693,101710889
sobol,SMCO_R,Rastrigin,200,7,-320.63858053008653,48.11767119541764,165,101710889
sobol,SPSA,Rastrigin,200,9,-2740.24272063071,0.5802732519805431,6736,1821966834
sobol,optimNM,Rastrigin,200,9,-3367.8810975141805,1.5815967917442322,4500,1821966834
sobol,SMCO_BR,Rastrigin,200,7,-316.5225891541568,49.13000598363578,90,101710889
sobol,optimLBFGS,Rastrigin,200,9,-1280.5047048085294,3.6136563662439585,245,1821966834
sobol,GA,Rastrigin,200,9,-1760.5990678391536,1.0892929006367922,300,1821966834
sobol,PSO,Rastrigin,200,9,-2304.113211002046,0.2863349560648203,300,1821966834
sobol,SMCO_BR_EVO,Rastrigin,200,7,-305.42766540130833,49.55785663984716,165,101710889
sobol,SMCO_EVO,Rastrigin,200,7,-324.8533951338934,50.57294581271708,315,101710889
sobol,SMCO_R_EVO,Rastrigin,200,8,-374.41152979003755,36.80509935319424,315,483844954
sobol,SMCO_BR,Rastrigin,200,8,-374.5048464736806,39.917996702715755,90,483844954
sobol,GenSA,Rastrigin,200,8,-1.9899181141900044,25.927432304248214,300,483844954
sobol,SignGD,Rastrigin,200,9,-1548.9978407997187,11.86674034036696,2513,1821966834
sobol,GD,Rastrigin,200,9,-2491.3662558155856,18.857404101639986,3456,1821966834
sobol,SMCO_EVO,Rastrigin,200,8,-378.08459067990384,46.24103644862771,315,483844954
sobol,SMCO_R,Rastrigin,200,8,-376.5143351074207,49.92217602953315,165,483844954
sobol,SPSA,Ackley,200,0,-21.04193224539705,0.331613402813673,2767,336993081
sobol,SMCO_BR_EVO,Rastrigin,200,8,-380.5959257275299,46.41454106196761,165,483844954
sobol,SA,Rastrigin,200,6,-120.39000056799273,72.23623124696314,300,1016789110
sobol,optimLBFGS,Ackley,200,0,-19.465962390507123,2.890634309500456,194,336993081
sobol,optimNM,Ackley,200,0,-21.076409224950307,2.1177792605012655,4500,336993081
sobol,BOBYQA,Rastrigin,200,6,-2239.9001625528895,78.449921047315,4500,1016789110
sobol,SMCO_R,Rastrigin,200,9,-359.5020308465246,37.26287113502622,165,1821966834
sobol,GA,Ackley,200,0,-11.254469279125162,0.9850792419165373,300,336993081
sobol,PSO,Ackley,200,0,-20.45483686042464,0.34776075556874275,300,336993081
sobol,SA,Rastrigin,200,7,-149.2437376109092,62.10768065601587,300,101710889
sobol,GenSA,Rastrigin,200,9,-0.9949590571072804,25.74196157604456,300,1821966834
sobol,ADAM,Rastrigin,200,8,-1544.1672251788393,47.075540371239185,7689,483844954
sobol,SMCO_EVO,Rastrigin,200,9,-356.73333476166704,41.17320317775011,315,1821966834
sobol,SMCO_BR,Rastrigin,200,9,-361.9137564551154,45.38629959896207,90,1821966834
sobol,SMCO,Rastrigin,200,9,-355.93067046216015,47.33521563746035,315,1821966834
sobol,ADAM,Rastrigin,200,9,-1541.1823337678093,36.01216057874262,7691,1821966834
sobol,SignGD,Ackley,200,0,-19.47766606616987,22.25082660652697,2513,336993081
sobol,BOBYQA,Rastrigin,200,7,-2068.8124692450456,73.93846407532692,4500,101710889
sobol,SPSA,Ackley,200,1,-21.132916757799276,0.22456557303667068,1979,504935661
sobol,SMCO_BR_EVO,Rastrigin,200,9,-362.01193740788744,44.74566622637212,165,1821966834
sobol,optimLBFGS,Ackley,200,1,-19.46407092835813,3.9169907812029123,204,504935661
sobol,optimNM,Ackley,200,1,-21.101336892908048,2.1129091642796993,4500,504935661
sobol,SMCO_R_EVO,Rastrigin,200,9,-356.50126932737817,53.34648841060698,315,1821966834
sobol,BOBYQA,Rastrigin,200,8,-2231.4386460361693,67.13806548714638,4500,483844954
sobol,GenSA,Ackley,200,0,-1.9977083542954688e-08,30.84741153009236,300,336993081
sobol,GA,Ackley,200,1,-11.043156167681879,1.507716042920947,300,504935661
sobol,PSO,Ackley,200,1,-20.359028987307045,0.5412809532135725,300,504935661
sobol,SignGD,Ackley,200,1,-19.542407642497434,18.190189123153687,2014,504935661
sobol,SA,Rastrigin,200,8,-100.49081942606358,70.77459713071585,300,483844954
sobol,DEoptim,Rastrigin,200,2,-2237.189951651793,184.40554859675467,300,869192137
sobol,BOBYQA,Rastrigin,200,9,-2251.2245274359425,65.67080137878656,4500,1821966834
sobol,DEoptim,Rastrigin,200,0,-2073.368894291504,204.84066830947995,300,647279673
sobol,GD,Ackley,200,0,-19.465962059858295,57.97922023199499,7518,336993081
sobol,DEoptim,Rastrigin,200,1,-2146.991978901859,205.66027021594346,300,1677437249
sobol,SA,Rastrigin,200,9,-109.44543074321427,69.01709345541894,300,1821966834
sobol,SMCO_EVO,Ackley,200,0,-0.40640186290252744,68.65938960388303,315,336993081
sobol,SPSA,Ackley,200,2,-21.0267099665155,0.16858611069619656,2149,844538354
sobol,GenSA,Ackley,200,1,-2.2892458151346773e-08,35.77865761704743,300,504935661
sobol,SMCO_R,Ackley,200,0,-0.0735372413480353,73.3791794963181,165,336993081
sobol,optimLBFGS,Ackley,200,2,-19.452301282112813,2.853611906990409,206,844538354
sobol,SMCO,Ackley,200,0,-0.3755980829802934,74.81976309232414,315,336993081
sobol,optimNM,Ackley,200,2,-21.05664746879688,2.236223826184869,4500,844538354
sobol,SMCO_BR_EVO,Ackley,200,0,-0.08222785038101721,71.82596990466118,165,336993081
sobol,GA,Ackley,200,2,-11.405846884189621,1.7582955826073885,300,844538354
sobol,PSO,Ackley,200,2,-20.34722359871716,0.526732824742794,300,844538354
sobol,SMCO_BR,Ackley,200,0,-0.07948159142644728,78.11819774098694,90,336993081
sobol,SMCO_R_EVO,Ackley,200,0,-0.06999049284860392,75.86753378249705,315,336993081
sobol,ADAM,Ackley,200,0,-19.46596205985374,69.75167786888778,8987,336993081
sobol,DEoptim,Rastrigin,200,3,-2109.7349400222283,185.80807946436107,300,949772676
sobol,SMCO,Ackley,200,1,-0.377317707299206,64.23288996517658,315,504935661
sobol,SignGD,Ackley,200,2,-19.46194297520759,22.96470003016293,2513,844538354
sobol,SMCO_EVO,Ackley,200,1,-0.3952950466522087,69.53344249166548,315,504935661
sobol,SMCO_BR,Ackley,200,1,-0.07867231786393392,72.58078908920288,90,504935661
sobol,SMCO_R,Ackley,200,1,-0.07363514956898287,72.9406594466418,165,504935661
sobol,SPSA,Ackley,200,3,-21.025006007976994,0.3479507975280285,3007,400416125
sobol,BOBYQA,Ackley,200,0,-20.277629539269448,81.25710345432162,4500,336993081
sobol,SMCO_BR_EVO,Ackley,200,1,-0.08019393884086101,67.90679842978716,165,504935661
sobol,optimLBFGS,Ackley,200,3,-19.51280523011169,3.723682576790452,201,400416125
sobol,optimNM,Ackley,200,3,-21.134848192429537,2.2305608615279198,4500,400416125
sobol,SMCO_R_EVO,Ackley,200,1,-0.0755606428763298,76.4905757587403,315,504935661
sobol,GD,Ackley,200,1,-19.464070931904878,74.27794909104705,7512,504935661
sobol,GA,Ackley,200,3,-11.083078924109792,1.679330263286829,300,400416125
sobol,PSO,Ackley,200,3,-20.211487442056963,0.7658894471824169,300,400416125
sobol,GenSA,Ackley,200,2,-1.988274123121414e-08,31.00489409081638,300,844538354
sobol,BOBYQA,Ackley,200,1,-20.315105879829712,71.45938652008772,4500,504935661
sobol,DEoptim,Rastrigin,200,4,-2119.0808450144905,198.0390668157488,300,1673381394
sobol,ADAM,Ackley,200,1,-19.464070925549617,77.0325615722686,8938,504935661
sobol,SignGD,Ackley,200,3,-19.52449316319417,19.438935462385416,2513,400416125
sobol,SMCO_EVO,Ackley,200,2,-0.3820425238027707,56.142300985753536,315,844538354
sobol,SMCO,Ackley,200,2,-0.3805355785370037,70.14953647367656,315,844538354
sobol,SMCO_BR,Ackley,200,2,-0.07556173527397947,74.89115759544075,90,844538354
sobol,GD,Ackley,200,2,-19.45256482683987,65.06765812449157,7763,844538354
sobol,SPSA,Ackley,200,4,-21.102059352794164,0.3144053965806961,2627,1144863697
sobol,SA,Ackley,200,0,-19.3892571250578,111.94408572465181,300,336993081
sobol,SMCO_R,Ackley,200,2,-0.07315217801878804,80.1481315586716,165,844538354
sobol,DEoptim,Rastrigin,200,5,-2060.9199290282154,200.95282107777894,300,625018708
sobol,optimNM,Ackley,200,4,-21.127523255805926,1.8866574726998806,4500,1144863697
sobol,SMCO_R_EVO,Ackley,200,2,-0.07351999843747992,70.10793244093657,315,844538354
sobol,optimLBFGS,Ackley,200,4,-19.43730316617038,3.057573325932026,203,1144863697
sobol,GA,Ackley,200,4,-11.239124427488212,0.8517641238868237,300,1144863697
sobol,PSO,Ackley,200,4,-20.464375265154526,0.3268485087901354,300,1144863697
sobol,GenSA,Ackley,200,3,-3.401649526502126e-07,35.02349632233381,300,400416125
sobol,DEoptim,Rastrigin,200,6,-2072.11852596381,190.55200251750648,300,1016789110
sobol,SignGD,Ackley,200,4,-19.536566315854312,17.346854247152805,2014,1144863697
sobol,SMCO_BR_EVO,Ackley,200,2,-0.08236440056828487,79.91175304166973,165,844538354
sobol,BOBYQA,Ackley,200,2,-20.214387593382714,69.93289692699909,4500,844538354
sobol,ADAM,Ackley,200,2,-19.452300772565557,79.65207148529589,9000,844538354
sobol,SMCO_R_EVO,Ackley,200,3,-0.07569354389160354,62.980853671208024,315,400416125
sobol,GD,Ackley,200,3,-19.512805219931217,61.16251262836158,7643,400416125
sobol,SMCO_R,Ackley,200,3,-0.07390418651231245,70.55975815095007,165,400416125
sobol,SA,Ackley,200,1,-19.404042465531877,109.73240896128118,300,504935661
sobol,SPSA,Ackley,200,5,-21.039978437217275,0.40420077182352543,3275,637001453
sobol,optimLBFGS,Ackley,200,5,-19.434858347008717,3.350997680798173,191,637001453
sobol,SMCO_BR_EVO,Ackley,200,3,-0.07686722507174482,69.0579853784293,165,400416125
sobol,optimNM,Ackley,200,5,-21.094186075151008,2.2037865836173296,4500,637001453
sobol,SMCO,Ackley,200,3,-0.38143905481637974,76.8292266651988,315,400416125
sobol,SMCO_BR,Ackley,200,3,-0.08126711302156453,78.12735950946808,90,400416125
sobol,SMCO_EVO,Ackley,200,3,-0.40055986968126733,76.94236099533737,315,400416125
sobol,PSO,Ackley,200,5,-20.268994171284888,0.7570592854171991,300,637001453
sobol,GA,Ackley,200,5,-11.239587920515591,1.6715681571513414,300,637001453
sobol,DEoptim,Rastrigin,200,8,-2078.0672348821563,182.44427859969437,300,483844954
sobol,SignGD,Ackley,200,5,-19.468020432601318,18.14581384882331,2513,637001453
sobol,GenSA,Ackley,200,4,-2.4376916929469417e-08,38.102993408218026,300,1144863697
sobol,DEoptim,Rastrigin,200,7,-2066.962272987107,209.09403074719012,300,101710889
sobol,BOBYQA,Ackley,200,3,-20.27962396836904,74.42094838805497,4500,400416125
sobol,ADAM,Ackley,200,3,-19.512805219927678,78.7550861351192,9000,400416125
sobol,SMCO_BR,Ackley,200,4,-0.07958904179078319,67.49352608434856,90,1144863697
sobol,GD,Ackley,200,4,-19.437303122988617,65.16453974880278,7595,1144863697
sobol,SPSA,Ackley,200,6,-21.115653739600123,0.37209283746778965,3125,675388744
sobol,SMCO_R,Ackley,200,4,-0.0723560434429058,74.4991057086736,165,1144863697
sobol,SMCO,Ackley,200,4,-0.38017322074265936,74.62307103723288,315,1144863697
sobol,optimLBFGS,Ackley,200,6,-19.426089173003902,4.194262059405446,200,675388744
sobol,optimNM,Ackley,200,6,-21.114959635266757,2.2359648421406746,4500,675388744
sobol,SMCO_R_EVO,Ackley,200,4,-0.07444924428362087,75.5390477143228,315,1144863697
sobol,SMCO_EVO,Ackley,200,4,-0.36052007843455813,77.76412383280694,315,1144863697
sobol,SMCO_BR_EVO,Ackley,200,4,-0.0785716174890152,73.51941397227347,165,1144863697
sobol,PSO,Ackley,200,6,-20.00699567205182,0.3527336325496435,300,675388744
sobol,SA,Ackley,200,2,-19.467609822094932,110.08915674127638,300,844538354
sobol,GA,Ackley,200,6,-11.348000314911392,1.5518721491098404,300,675388744
sobol,GenSA,Ackley,200,5,-1.8469638707330205e-08,36.832768907770514,300,637001453
sobol,SignGD,Ackley,200,6,-19.43660532922252,19.825370779260993,2014,675388744
sobol,SMCO,Ackley,200,5,-0.38074334187226855,66.55191112495959,315,637001453
sobol,DEoptim,Rastrigin,200,9,-2110.517885519242,201.64145296253264,300,1821966834
sobol,SA,Ackley,200,3,-19.392189239136435,101.87284664437175,300,400416125
sobol,ADAM,Ackley,200,4,-19.437303122986375,75.06988294608891,8949,1144863697
sobol,BOBYQA,Ackley,200,4,-20.33436563781384,74.18511434458196,4500,1144863697
sobol,SPSA,Ackley,200,7,-21.022605625280452,0.398072125390172,3305,290974971
sobol,SMCO_R,Ackley,200,5,-0.07052019774475982,71.76565148495138,165,637001453
sobol,optimLBFGS,Ackley,200,7,-19.436642373619787,4.275811390951276,204,290974971
sobol,SMCO_EVO,Ackley,200,5,-0.3903653367468505,72.49447520636022,315,637001453
sobol,SMCO_BR,Ackley,200,5,-0.07645505970020539,74.10359021276236,90,637001453
sobol,optimNM,Ackley,200,7,-21.055893052567388,2.2559466138482094,4500,290974971
sobol,GenSA,Ackley,200,6,-1.986897091299511e-08,31.903791779652238,300,675388744
sobol,GA,Ackley,200,7,-10.946309999540542,1.661322159692645,300,290974971
sobol,PSO,Ackley,200,7,-20.344646276521797,0.7641822136938572,300,290974971
sobol,SMCO_R_EVO,Ackley,200,5,-0.07477388018088549,74.10885753110051,315,637001453
sobol,SMCO_BR_EVO,Ackley,200,5,-0.08100769397650298,73.7053772546351,165,637001453
sobol,SignGD,Ackley,200,7,-19.457882260332866,16.99336749315262,2513,290974971
sobol,GD,Ackley,200,5,-19.43485135963608,71.8924503698945,7593,637001453
sobol,SMCO_BR,Ackley,200,6,-0.07982815749190708,65.97673366218805,90,675388744
sobol,BOBYQA,Ackley,200,5,-20.270741996676204,79.06004628352821,4500,637001453
sobol,SMCO_R,Ackley,200,6,-0.07406481656780217,71.36775235272944,165,675388744
sobol,ADAM,Ackley,200,5,-19.434851359632788,84.31107564270496,8945,637001453
sobol,SMCO_EVO,Ackley,200,6,-0.38173915006564174,69.75892861001194,315,675388744
sobol,SPSA,Ackley,200,8,-21.09048790917885,0.3535857666283846,2912,715784702
sobol,SMCO,Ackley,200,6,-0.3673661084757609,75.63030334189534,315,675388744
sobol,DEoptim,Ackley,200,0,-8.103172729604394,219.14706972427666,300,336993081
sobol,optimLBFGS,Ackley,200,8,-19.473945927536263,4.212144559249282,203,715784702
sobol,SA,Ackley,200,4,-19.47341304759789,108.85639473982155,300,1144863697
sobol,optimNM,Ackley,200,8,-21.124954569453507,2.2405017223209143,4500,715784702
sobol,GenSA,Ackley,200,7,-2.041444746581078e-08,31.55801031552255,300,290974971
sobol,GA,Ackley,200,8,-10.95370039046275,0.9271130543202162,300,715784702
sobol,GD,Ackley,200,6,-19.426089453626663,72.13197291828692,7818,675388744
sobol,PSO,Ackley,200,8,-20.11699804780952,0.46650595776736736,300,715784702
sobol,SMCO_BR_EVO,Ackley,200,6,-0.07825693242833553,73.1179499141872,165,675388744
sobol,BOBYQA,Ackley,200,6,-20.27853141915571,65.42515683919191,4500,675388744
sobol,SMCO_R_EVO,Ackley,200,6,-0.07210169276449152,84.31568546965718,315,675388744
sobol,ADAM,Ackley,200,6,-19.426089153684735,80.86848464049399,8991,675388744
sobol,SMCO_R,Ackley,200,7,-0.07320116058354431,70.3521788045764,165,290974971
sobol,SignGD,Ackley,200,8,-19.48468182539999,25.79522618278861,2513,715784702
sobol,SA,Ackley,200,5,-19.561580324492315,103.72681117616594,300,637001453
sobol,SMCO_EVO,Ackley,200,7,-0.39534505299892375,69.15332203172147,315,290974971
sobol,SPSA,Ackley,200,9,-21.07199014780326,0.2632846347987652,2143,1719555887
sobol,SMCO,Ackley,200,7,-0.39146669095616504,76.26737361215055,315,290974971
sobol,DEoptim,Ackley,200,1,-7.100456797263432,216.70870795287192,300,504935661
sobol,optimNM,Ackley,200,9,-21.09722257736471,2.2205737493932247,4500,1719555887
sobol,optimLBFGS,Ackley,200,9,-19.44277118031858,4.099165761843324,215,1719555887
sobol,SMCO_BR,Ackley,200,7,-0.07870352317467821,78.98548330925405,90,290974971
sobol,GenSA,Ackley,200,8,-4.8768840077428877e-08,30.773172480985522,300,715784702
sobol,GA,Ackley,200,9,-11.35027709949457,1.2977003455162048,300,1719555887
sobol,SMCO_R_EVO,Ackley,200,7,-0.07157273917992457,78.11256235465407,315,290974971
sobol,PSO,Ackley,200,9,-20.318429921501455,0.5857071429491043,300,1719555887
sobol,SMCO_BR_EVO,Ackley,200,7,-0.07992312994411366,75.31662610918283,165,290974971
sobol,SignGD,Ackley,200,9,-19.48587442242795,23.906513649970293,2513,1719555887
sobol,GD,Ackley,200,7,-19.436646624100373,81.63687951676548,8105,290974971
sobol,ADAM,Ackley,200,7,-19.43608957689507,80.84774196147919,8963,290974971
sobol,BOBYQA,Ackley,200,7,-20.25588743517399,79.88713485188782,4500,290974971
sobol,SMCO,Ackley,200,8,-0.38441621619528066,72.25813754089177,315,715784702
sobol,DEoptim,Ackley,200,2,-6.548850026657178,212.24020740389824,300,844538354
sobol,SMCO_BR,Ackley,200,8,-0.07934071636275819,73.22886566445231,90,715784702
sobol,SMCO_EVO,Ackley,200,8,-0.3909386759594118,73.77056819945574,315,715784702
sobol,SPSA,Rosenbrock,200,0,-21778443.876765035,0.5831859204918146,6669,1677332494
sobol,SMCO_R_EVO,Ackley,200,8,-0.07296922157577557,76.40527970157564,315,715784702
sobol,SA,Ackley,200,6,-19.446983558831203,112.12899036705494,300,675388744
sobol,SMCO_R,Ackley,200,8,-0.07536048776339799,78.06858556717634,165,715784702
sobol,optimNM,Rosenbrock,200,0,-21543875.305129137,1.3634525928646326,4500,1677332494
sobol,optimLBFGS,Rosenbrock,200,0,-3.504443682008275,6.9597068931907415,974,1677332494
sobol,GD,Ackley,200,8,-19.47459268596778,68.70101361908019,6959,715784702
sobol,PSO,Rosenbrock,200,0,-4870195.187853869,0.43669793754816055,300,1677332494
sobol,GA,Rosenbrock,200,0,-37380.5619558723,1.1989126689732075,300,1677332494
sobol,GenSA,Ackley,200,9,-8.657995254068851e-08,35.73460160754621,300,1719555887
sobol,SignGD,Rosenbrock,200,0,-641.2507616306534,13.586791155859828,2014,1677332494
sobol,SMCO_BR_EVO,Ackley,200,8,-0.07699261347953668,74.59083938412368,165,715784702
sobol,SMCO_R,Ackley,200,9,-0.07214502873132433,69.34362425096333,165,1719555887
sobol,BOBYQA,Ackley,200,8,-20.331681152257122,77.58802361413836,4500,715784702
sobol,GenSA,Rosenbrock,200,0,-237.64266878935098,17.850191727280617,300,1677332494
sobol,DEoptim,Ackley,200,3,-6.8028702737820055,212.8591336440295,300,400416125
sobol,SMCO,Rosenbrock,200,0,-46.8200100405189,44.332278145477176,315,1677332494
sobol,SA,Ackley,200,7,-19.46939733217122,106.57551388442516,300,290974971
sobol,SPSA,Rosenbrock,200,1,-20678923.90017409,0.4158147554844618,9000,806770405
sobol,ADAM,Ackley,200,8,-19.473945923962617,83.23351748473942,8973,715784702
sobol,SMCO_BR,Rosenbrock,200,0,-5.11867065272037,41.240209789946675,90,1677332494
sobol,SMCO_EVO,Ackley,200,9,-0.38400066361444063,70.8438649494201,315,1719555887
sobol,optimNM,Rosenbrock,200,1,-20409047.797509782,1.5201480370014906,4500,806770405
sobol,SMCO,Ackley,200,9,-0.3851488763242945,78.10718505829573,315,1719555887
sobol,SMCO_R,Rosenbrock,200,0,-4.6541514227057,48.51126129180193,165,1677332494
sobol,PSO,Rosenbrock,200,1,-3333995.471603917,0.23207572102546692,300,806770405
sobol,SMCO_R_EVO,Ackley,200,9,-0.07392372195323604,68.31469775550067,315,1719555887
sobol,GA,Rosenbrock,200,1,-32664.656954274782,1.2579478211700916,300,806770405
sobol,SMCO_BR_EVO,Ackley,200,9,-0.08219967972159425,67.39818177558482,165,1719555887
sobol,SMCO_EVO,Rosenbrock,200,0,-54.68852353713437,42.91845120303333,315,1677332494
sobol,GD,Ackley,200,9,-19.44277063691956,68.47587622888386,7657,1719555887
sobol,SignGD,Rosenbrock,200,1,-587.1272002770745,11.689689576625824,2014,806770405
sobol,GD,Rosenbrock,200,0,-282.8355861092733,41.497498789802194,9000,1677332494
sobol,optimLBFGS,Rosenbrock,200,1,-112.17900016751213,11.5196518804878,974,806770405
sobol,SMCO_R_EVO,Rosenbrock,200,0,-5.052348863619503,47.10726865939796,315,1677332494
sobol,SMCO_BR,Ackley,200,9,-0.0787988133494335,86.58483172766864,90,1719555887
sobol,SPSA,Rosenbrock,200,2,-21489114.3554886,0.730743208900094,8417,475988212
sobol,SMCO_BR_EVO,Rosenbrock,200,0,-6.01669342252978,48.34212658368051,165,1677332494
sobol,GenSA,Rosenbrock,200,1,-412.2243208952724,14.124354528263211,300,806770405
sobol,optimNM,Rosenbrock,200,2,-21214256.160327494,1.5364557839930058,4500,475988212
sobol,SignGD,Rosenbrock,200,2,-675.6321753133018,7.029340671375394,2014,475988212
sobol,ADAM,Ackley,200,9,-19.44277063691749,74.29941400140524,9000,1719555887
sobol,GA,Rosenbrock,200,2,-25823.210217282962,0.8545969892293215,300,475988212
sobol,PSO,Rosenbrock,200,2,-6514987.801705273,0.4222119711339474,300,475988212
sobol,optimLBFGS,Rosenbrock,200,2,-133.4490903928198,7.649120820686221,994,475988212
sobol,DEoptim,Ackley,200,4,-7.582356477916264,206.79978863336146,300,1144863697
sobol,BOBYQA,Ackley,200,9,-20.254334485706448,77.93664684891701,4500,1719555887
sobol,ADAM,Rosenbrock,200,0,-5023575.212050887,50.901838928461075,9000,1677332494
sobol,SMCO,Rosenbrock,200,1,-51.985588043731894,43.083308240398765,315,806770405
sobol,SMCO_R,Rosenbrock,200,1,-4.6398527332803665,44.03521146439016,165,806770405
sobol,GenSA,Rosenbrock,200,2,-334.2090235787932,14.566242618486285,300,475988212
sobol,SMCO_R_EVO,Rosenbrock,200,1,-4.601157370327655,41.75713489949703,315,806770405
sobol,SMCO_EVO,Rosenbrock,200,1,-53.518602410833715,42.97961832769215,315,806770405
sobol,SPSA,Rosenbrock,200,3,-20597454.846448064,0.5487567558884621,6649,1764094645
sobol,SA,Ackley,200,8,-19.437115590722854,110.87013813480735,300,715784702
sobol,SMCO_BR,Rosenbrock,200,1,-5.128800506888977,52.084391148760915,90,806770405
sobol,SMCO_BR_EVO,Rosenbrock,200,1,-6.272053457950909,41.59135878458619,165,806770405
sobol,optimNM,Rosenbrock,200,3,-20297603.380439498,1.4320719223469496,4500,1764094645
sobol,optimLBFGS,Rosenbrock,200,3,-55.75688946306789,9.588493693619967,986,1764094645
sobol,SMCO_EVO,Rosenbrock,200,2,-51.203025666592666,35.155484637245536,315,475988212
sobol,SignGD,Rosenbrock,200,3,-815.4693019638471,12.267336372286081,2014,1764094645
sobol,GA,Rosenbrock,200,3,-37639.266835452916,0.692756624892354,300,1764094645
sobol,PSO,Rosenbrock,200,3,-4486939.66162583,0.40905532613396645,300,1764094645
sobol,SMCO,Rosenbrock,200,2,-50.96928414880687,39.21981231495738,315,475988212
sobol,ADAM,Rosenbrock,200,1,-4937379.603432603,46.86649821139872,9000,806770405
sobol,GD,Rosenbrock,200,1,-368.16280756875034,51.4622091576457,9000,806770405
sobol,SMCO_R,Rosenbrock,200,2,-4.372296201468535,43.15918716415763,165,475988212
sobol,SMCO_R_EVO,Rosenbrock,200,2,-4.654188215697168,44.578257931396365,315,475988212
sobol,SMCO_BR,Rosenbrock,200,2,-5.248156741687941,47.671163419261575,90,475988212
sobol,SA,Ackley,200,9,-19.520865179588444,105.7353149484843,300,1719555887
sobol,GenSA,Rosenbrock,200,3,-327.5165522019025,19.345217930153012,300,1764094645
sobol,DEoptim,Ackley,200,5,-6.366487167770494,215.94760695658624,300,637001453
sobol,SPSA,Rosenbrock,200,4,-19488850.07479725,0.6373435109853745,7724,1029249001
sobol,SMCO_BR_EVO,Rosenbrock,200,2,-5.0542350458931935,48.98450056836009,165,475988212
sobol,GD,Rosenbrock,200,2,-273.453307147151,49.256341299042106,9000,475988212
sobol,optimNM,Rosenbrock,200,4,-19265051.605431117,1.3731555342674255,4500,1029249001
sobol,SMCO_BR,Rosenbrock,200,3,-4.77889256246718,36.7190780621022,90,1764094645
sobol,SMCO,Rosenbrock,200,3,-48.54708325946201,40.74761256761849,315,1764094645
sobol,GA,Rosenbrock,200,4,-39553.60929927585,1.1677796728909016,300,1029249001
sobol,PSO,Rosenbrock,200,4,-5525074.573473558,0.4262071941047907,300,1029249001
sobol,ADAM,Rosenbrock,200,2,-4976443.8237238275,50.658076060935855,9000,475988212
sobol,SignGD,Rosenbrock,200,4,-524.0084834297572,11.813356896862388,2014,1029249001
sobol,BOBYQA,Rosenbrock,200,0,-8402125.778222281,89.96922213956714,4500,1677332494
sobol,SMCO_R,Rosenbrock,200,3,-4.461130682651289,45.27979238331318,165,1764094645
sobol,optimLBFGS,Rosenbrock,200,4,-46.38502660745907,12.422962604090571,983,1029249001
sobol,SMCO_BR_EVO,Rosenbrock,200,3,-5.366207489855381,45.37136513367295,165,1764094645
sobol,SMCO_EVO,Rosenbrock,200,3,-50.79345213400657,48.037752667441964,315,1764094645
sobol,SMCO_R_EVO,Rosenbrock,200,3,-4.493982467205834,50.54850014671683,315,1764094645
sobol,GD,Rosenbrock,200,3,-313.5385179864423,47.57074277661741,9000,1764094645
sobol,SPSA,Rosenbrock,200,5,-21936280.220696025,0.5355835948139429,8510,1194665403
sobol,DEoptim,Ackley,200,6,-7.1751329195491,207.7336823195219,300,675388744
sobol,GenSA,Rosenbrock,200,4,-369.2191333101206,19.410169187933207,300,1029249001
sobol,SMCO_BR,Rosenbrock,200,4,-5.458586970589169,34.34781985171139,90,1029249001
sobol,optimNM,Rosenbrock,200,5,-21644289.949824914,1.5348146837204695,4500,1194665403
sobol,ADAM,Rosenbrock,200,3,-4865393.016256998,50.06133200414479,9000,1764094645
sobol,SignGD,Rosenbrock,200,5,-783.9950796499638,11.554187348112464,2014,1194665403
sobol,SMCO,Rosenbrock,200,4,-46.561403474481324,41.34817358851433,315,1029249001
sobol,PSO,Rosenbrock,200,5,-5325050.878510626,0.4429228901863098,300,1194665403
sobol,GA,Rosenbrock,200,5,-31465.51955875593,1.0954938046634197,300,1194665403
sobol,BOBYQA,Rosenbrock,200,1,-9840990.113057677,84.47822507470846,4500,806770405
sobol,optimLBFGS,Rosenbrock,200,5,-85.04268590985473,9.606459207832813,986,1194665403
sobol,SMCO_R,Rosenbrock,200,4,-4.628319824300762,44.54453660920262,165,1029249001
sobol,SMCO_EVO,Rosenbrock,200,4,-51.301526413155415,42.60059253498912,315,1029249001
sobol,GD,Rosenbrock,200,4,-405.9235261133623,39.65587845817208,9000,1029249001
sobol,GenSA,Rosenbrock,200,5,-387.6785217525054,17.126913806423545,300,1194665403
sobol,SMCO_R_EVO,Rosenbrock,200,4,-4.948523014811872,47.190645618364215,315,1029249001
sobol,ADAM,Rosenbrock,200,4,-4393528.687539961,42.53332600928843,9000,1029249001
sobol,SPSA,Rosenbrock,200,6,-19946954.30888296,0.3368322066962719,7242,382355876
sobol,SMCO,Rosenbrock,200,5,-52.38138190848521,39.978700114414096,315,1194665403
sobol,SMCO_R,Rosenbrock,200,5,-4.163562381498364,42.030006002634764,165,1194665403
sobol,SMCO_BR_EVO,Rosenbrock,200,4,-5.016883525647778,56.66254514269531,165,1029249001
sobol,optimNM,Rosenbrock,200,6,-19654939.253692806,1.5456127803772688,4500,382355876
sobol,SignGD,Rosenbrock,200,6,-502.3310053419877,12.018063895404339,2014,382355876
sobol,optimLBFGS,Rosenbrock,200,6,-131.7353728789449,10.447943413630128,999,382355876
sobol,GA,Rosenbrock,200,6,-33626.965817740725,1.2704857550561428,300,382355876
sobol,BOBYQA,Rosenbrock,200,2,-8472304.231951313,95.78083911910653,4500,475988212
sobol,PSO,Rosenbrock,200,6,-6500985.168422671,0.41869975067675114,300,382355876
sobol,SMCO_BR,Rosenbrock,200,5,-4.945105586971535,45.909853452816606,90,1194665403
sobol,SMCO_EVO,Rosenbrock,200,5,-51.879970236491445,46.17292927019298,315,1194665403
sobol,SMCO_R_EVO,Rosenbrock,200,5,-4.310958525208449,46.20730180852115,315,1194665403
sobol,SMCO_BR_EVO,Rosenbrock,200,5,-5.650593561873869,49.25912299007177,165,1194665403
sobol,DEoptim,Ackley,200,7,-6.2203377737836085,224.32765250094235,300,290974971
sobol,ADAM,Rosenbrock,200,5,-5202589.833785068,47.34614138491452,9000,1194665403
sobol,SMCO,Rosenbrock,200,6,-47.43611858898224,39.081937335431576,315,382355876
sobol,GD,Rosenbrock,200,5,-539.5030403165301,52.39606383256614,9000,1194665403
sobol,SMCO_BR,Rosenbrock,200,6,-5.183686022152115,39.677257088944316,90,382355876
sobol,SPSA,Rosenbrock,200,7,-20888771.495855622,0.6537030637264252,7904,2103805864
sobol,GenSA,Rosenbrock,200,6,-37.05490715545122,22.521696431562304,300,382355876
sobol,optimNM,Rosenbrock,200,7,-20637188.62122696,1.3840832319110632,4500,2103805864
sobol,SMCO_R,Rosenbrock,200,6,-4.326594281700116,44.82416978664696,165,382355876
sobol,BOBYQA,Rosenbrock,200,3,-7625151.728635658,95.07206186652184,4500,1764094645
sobol,GD,Rosenbrock,200,6,-395.73811805531057,39.040308490395546,9000,382355876
sobol,GA,Rosenbrock,200,7,-33828.10979807655,1.1819113288074732,300,2103805864
sobol,SMCO_EVO,Rosenbrock,200,6,-50.673199480815114,46.831463320180774,315,382355876
sobol,SignGD,Rosenbrock,200,7,-621.1036183635894,10.1888980679214,2014,2103805864
sobol,PSO,Rosenbrock,200,7,-4167211.1391723338,0.4271682817488909,300,2103805864
sobol,optimLBFGS,Rosenbrock,200,7,-9.981641988974769,8.66022109426558,989,2103805864
sobol,SMCO_R_EVO,Rosenbrock,200,6,-4.3696932836973605,48.50512649305165,315,382355876
sobol,BOBYQA,Rosenbrock,200,4,-7781951.52356712,78.42477826029062,4500,1029249001
sobol,DEoptim,Ackley,200,8,-9.028696903547203,214.1515301913023,300,715784702
sobol,SMCO_BR_EVO,Rosenbrock,200,6,-5.746179570863533,52.34149088151753,165,382355876
sobol,ADAM,Rosenbrock,200,6,-4660071.202275259,51.770901922136545,9000,382355876
sobol,SMCO_R,Rosenbrock,200,7,-4.314833074925086,41.973824033513665,165,2103805864
sobol,GenSA,Rosenbrock,200,7,-2.304433173287423e-10,23.069338710978627,300,2103805864
sobol,SPSA,Rosenbrock,200,8,-21569407.406306617,0.5993003826588392,8227,1341549665
sobol,SMCO,Rosenbrock,200,7,-51.05301254605044,42.909825628623366,315,2103805864
sobol,SignGD,Rosenbrock,200,8,-890.8330742836929,12.510323951020837,2014,1341549665
sobol,optimNM,Rosenbrock,200,8,-21319060.040154744,1.5958361830562353,4500,1341549665
sobol,SMCO_R_EVO,Rosenbrock,200,7,-5.095310389034703,46.440565533936024,315,2103805864
sobol,SMCO_BR,Rosenbrock,200,7,-4.966988953000248,49.95061008632183,90,2103805864
sobol,SMCO_EVO,Rosenbrock,200,7,-51.069386874648906,50.08823803067207,315,2103805864
sobol,GA,Rosenbrock,200,8,-33037.602121297656,1.1671132594347,300,1341549665
sobol,optimLBFGS,Rosenbrock,200,8,-163.60153836290306,10.220937568694353,984,1341549665
sobol,PSO,Rosenbrock,200,8,-6244666.445992947,0.525555731728673,300,1341549665
sobol,DEoptim,Ackley,200,9,-6.08103241992082,213.9794644676149,300,1719555887
sobol,SMCO_BR_EVO,Rosenbrock,200,7,-5.327402421248197,48.193654311820865,165,2103805864
sobol,ADAM,Rosenbrock,200,7,-4679430.3621850675,44.58001692593098,9000,2103805864
sobol,BOBYQA,Rosenbrock,200,5,-9100695.267137107,91.72064354270697,4500,1194665403
sobol,DEoptim,Rosenbrock,200,0,-29854.645586118037,188.02303144335747,300,1677332494
sobol,SA,Rosenbrock,200,0,-1.494615133082763e-10,189.21099337935448,300,1677332494
sobol,SA,Rosenbrock,200,1,-1.0521977461886329e-10,168.15109755285084,300,806770405
sobol,SPSA,Rosenbrock,200,9,-22417972.299299292,0.3821610640734434,7619,268772159
sobol,SMCO_BR,Rosenbrock,200,8,-4.9630176791556435,37.95653967745602,90,1341549665
sobol,GenSA,Rosenbrock,200,8,-384.8934435481064,18.17789418436587,300,1341549665
sobol,GD,Rosenbrock,200,7,-286.6001523950821,52.47152275033295,9000,2103805864
sobol,SMCO_EVO,Rosenbrock,200,8,-51.48700715328701,38.524946385994554,315,1341549665
sobol,optimNM,Rosenbrock,200,9,-22181250.968377374,1.3996363207697868,4500,268772159
sobol,SMCO_R_EVO,Rosenbrock,200,8,-4.666297269564621,41.11405029706657,315,1341549665
sobol,SMCO_BR_EVO,Rosenbrock,200,8,-5.023167506948647,41.24976463615894,165,1341549665
sobol,GA,Rosenbrock,200,9,-30552.685799363113,0.9063761718571186,300,268772159
sobol,PSO,Rosenbrock,200,9,-5264407.260269406,0.22496499679982662,300,268772159
sobol,SignGD,Rosenbrock,200,9,-713.504780329672,9.35673294775188,2014,268772159
sobol,SMCO,Rosenbrock,200,8,-48.870991248804685,45.4018185660243,315,1341549665
sobol,optimLBFGS,Rosenbrock,200,9,-73.30609305501046,10.136892987415195,982,268772159
sobol,SMCO_R,Rosenbrock,200,8,-3.741683005656735,52.67066418193281,165,1341549665
sobol,BOBYQA,Rosenbrock,200,6,-8949840.834814362,85.7989622540772,4500,382355876
sobol,GenSA,Rosenbrock,200,9,-320.9458526474906,19.357784630730748,300,268772159
sobol,GD,Rosenbrock,200,8,-390.76427441667136,52.60253679379821,9000,1341549665
sobol,ADAM,Rosenbrock,200,8,-5348825.74247376,49.39265055023134,9000,1341549665
sobol,SPSA,Griewank,200,0,-5593.686612403065,0.6746712494641542,7231,1162190894
sobol,DEoptim,Rosenbrock,200,2,-22046.49553256936,179.20579218119383,300,475988212
sobol,DEoptim,Rosenbrock,200,1,-29178.169215308597,196.8899541720748,300,806770405
sobol,optimNM,Griewank,200,0,-5578.172617597915,1.659230150282383,4500,1162190894
sobol,SMCO_BR_EVO,Rosenbrock,200,9,-5.832367372320354,34.48777765594423,165,268772159
sobol,optimLBFGS,Griewank,200,0,-7.315233091498285e-07,5.2302940636873245,299,1162190894
sobol,SMCO,Rosenbrock,200,9,-48.733712036970616,44.10221644863486,315,268772159
sobol,GA,Griewank,200,0,-186.4990417191884,1.4161318615078926,300,1162190894
sobol,PSO,Griewank,200,0,-1762.699980186607,0.5592428650707006,300,1162190894
sobol,SMCO_R,Rosenbrock,200,9,-4.551841354097138,46.10334546677768,165,268772159
sobol,BOBYQA,Rosenbrock,200,7,-8997600.109398395,85.63888928107917,4500,2103805864
sobol,SMCO_EVO,Rosenbrock,200,9,-53.405695449667206,47.60062760859728,315,268772159
sobol,GD,Rosenbrock,200,9,-576.5638914078393,44.22716271691024,9000,268772159
sobol,SignGD,Griewank,200,0,-5173.452449902698,22.83643802627921,3012,1162190894
sobol,ADAM,Rosenbrock,200,9,-5237233.223642451,44.77319020777941,9000,268772159
sobol,SMCO_BR,Rosenbrock,200,9,-5.302476488117055,51.638894740492105,90,268772159
sobol,SMCO_R_EVO,Rosenbrock,200,9,-5.064235203567585,49.80171922408044,315,268772159
sobol,SA,Rosenbrock,200,2,-1.0760620819517444e-10,202.17647583782673,300,475988212
sobol,SPSA,Griewank,200,1,-4991.217716345031,0.961211608722806,8083,141596627
sobol,GenSA,Griewank,200,0,-4.751612658893123e-09,20.010742161422968,300,1162190894
sobol,SMCO_EVO,Griewank,200,0,-0.9418590276292097,43.495616948232055,315,1162190894
sobol,optimNM,Griewank,200,1,-4982.6695688316695,1.5253646317869425,4500,141596627
sobol,SMCO_R,Griewank,200,0,-0.15404912929213033,47.19643557630479,165,1162190894
sobol,SMCO_R_EVO,Griewank,200,0,-0.17890554522837743,44.827292798087,315,1162190894
sobol,SA,Rosenbrock,200,3,-1.3894516751708443e-10,187.3628724589944,300,1764094645
sobol,optimLBFGS,Griewank,200,1,-3.831333805770498e-08,6.362043244764209,339,141596627
sobol,PSO,Griewank,200,1,-2100.648671887154,0.549907311797142,300,141596627
sobol,GA,Griewank,200,1,-175.74536049430142,1.1205278541892767,300,141596627
sobol,SA,Rosenbrock,200,4,-1.307243615228021e-10,167.6448271702975,300,1029249001
sobol,SMCO,Griewank,200,0,-0.9590370171441165,51.74474463425577,315,1162190894
sobol,DEoptim,Rosenbrock,200,3,-40677.54885487191,189.0693541225046,300,1764094645
sobol,DEoptim,Rosenbrock,200,4,-20480.224291220802,176.30003228224814,300,1029249001
sobol,BOBYQA,Rosenbrock,200,8,-8864970.768333942,83.96915400773287,4500,1341549665
sobol,SMCO_BR,Griewank,200,0,-0.19466660236511135,60.51439844071865,90,1162190894
sobol,SMCO_BR_EVO,Griewank,200,0,-0.18751802175769827,54.10720898024738,165,1162190894
sobol,GenSA,Griewank,200,1,-4.052442381663468e-09,17.05960936844349,300,141596627
sobol,SPSA,Griewank,200,2,-4919.408487521933,0.7791033331304789,7418,2118233548
sobol,SignGD,Griewank,200,1,-4592.9546087627,26.96160401403904,3511,141596627
sobol,GD,Griewank,200,0,-4182.207861541307,54.54002840258181,9000,1162190894
sobol,optimNM,Griewank,200,2,-4906.968736823141,1.4895965177565813,4500,2118233548
sobol,optimLBFGS,Griewank,200,2,-3.157525130248473e-09,4.657133795320988,286,2118233548
sobol,SMCO_R,Griewank,200,1,-0.16109269740671672,44.28013081289828,165,141596627
sobol,SignGD,Griewank,200,2,-4706.940894541373,15.23993062786758,2014,2118233548
sobol,GA,Griewank,200,2,-169.48983138395752,1.3695199321955442,300,2118233548
sobol,PSO,Griewank,200,2,-2120.562574942452,0.5525066815316677,300,2118233548
sobol,DEoptim,Rosenbrock,200,5,-29037.9911393845,176.7572844401002,300,1194665403
sobol,BOBYQA,Rosenbrock,200,9,-8641400.302077355,86.93339801952243,4500,268772159
sobol,GenSA,Griewank,200,2,-9.504415920957854e-09,14.263724924996495,300,2118233548
sobol,ADAM,Griewank,200,0,-5517.588496558564,69.72574172355235,9000,1162190894
sobol,SA,Rosenbrock,200,5,-3.986623854557865,186.55514007247984,300,1194665403
sobol,SMCO,Griewank,200,1,-0.9539767002380145,58.8406731877476,315,141596627
sobol,SMCO_R_EVO,Griewank,200,1,-0.17748580092077626,56.47444230504334,315,141596627
sobol,SMCO_EVO,Griewank,200,1,-0.9480835077188607,58.09601396881044,315,141596627
sobol,SMCO_BR,Griewank,200,1,-0.20198104829739827,60.676949847489595,90,141596627
sobol,SMCO_BR_EVO,Griewank,200,1,-0.18473441285687842,58.12015526741743,165,141596627
sobol,SPSA,Griewank,200,3,-5157.41297313601,0.8697426971048117,7983,2050805645
sobol,GD,Griewank,200,1,-3732.0932827476563,61.14588683657348,9000,141596627
sobol,optimNM,Griewank,200,3,-5146.536855396765,1.5064990911632776,4500,2050805645
sobol,SMCO_EVO,Griewank,200,2,-0.9798084822578501,47.69798663072288,315,2118233548
sobol,SMCO_BR,Griewank,200,2,-0.16640321011995107,50.0778107047081,90,2118233548
sobol,optimLBFGS,Griewank,200,3,-2.1345946121797965e-09,5.2374008018523455,296,2050805645
sobol,SMCO,Griewank,200,2,-0.9536008943583626,50.78261489234865,315,2118233548
sobol,PSO,Griewank,200,3,-1605.6342025572862,0.31953596882522106,300,2050805645
sobol,BOBYQA,Griewank,200,0,-4602.153638204479,80.2508683912456,4500,1162190894
sobol,GA,Griewank,200,3,-162.21695723618248,1.3078393395990133,300,2050805645
sobol,SMCO_R_EVO,Griewank,200,2,-0.17391665789282795,49.0237780213356,315,2118233548
sobol,SMCO_R,Griewank,200,2,-0.17055875270874687,52.847134090960026,165,2118233548
sobol,ADAM,Griewank,200,1,-4918.955463849864,64.55328622460365,9000,141596627
sobol,SMCO_BR_EVO,Griewank,200,2,-0.20341811413234612,49.34690568968654,165,2118233548
sobol,DEoptim,Rosenbrock,200,6,-41656.31866150147,181.7636908441782,300,382355876
sobol,SA,Rosenbrock,200,6,-1.9029616190693215e-10,184.9883859436959,300,382355876
sobol,SignGD,Griewank,200,3,-4745.41816308258,23.45765497535467,3012,2050805645
sobol,SPSA,Griewank,200,4,-5337.926152031653,0.7633013837039471,8138,1541488759
sobol,GenSA,Griewank,200,3,-1.1447009673482e-08,18.328785628080368,300,2050805645
sobol,GD,Griewank,200,2,-3677.8033479071055,58.890670388937,9000,2118233548
sobol,optimNM,Griewank,200,4,-5329.013051071411,1.1737634371966124,4500,1541488759
sobol,optimLBFGS,Griewank,200,4,-2.2257222731525417e-09,5.562416851520538,283,1541488759
sobol,SignGD,Griewank,200,4,-4923.367108503174,14.659054089337587,3012,1541488759
sobol,ADAM,Griewank,200,2,-4849.62942822738,65.0623577311635,9000,2118233548
sobol,GA,Griewank,200,4,-172.2124235886467,1.4233895372599363,300,1541488759
sobol,PSO,Griewank,200,4,-2180.934866305733,0.5610002372413874,300,1541488759
sobol,SMCO_EVO,Griewank,200,3,-0.9920073749347256,50.40819803997874,315,2050805645
sobol,SMCO,Griewank,200,3,-0.9497523059882095,53.7539670355618,315,2050805645
sobol,BOBYQA,Griewank,200,1,-3846.1850997365113,89.43053270503879,4500,141596627
sobol,SMCO_R,Griewank,200,3,-0.1603485199410064,55.32845765724778,165,2050805645
sobol,SMCO_BR,Griewank,200,3,-0.17398781707636046,54.19786320254207,90,2050805645
sobol,GenSA,Griewank,200,4,-1.6328852825431284e-08,16.977965500205755,300,1541488759
sobol,SA,Rosenbrock,200,7,-1.3795636959728248e-10,187.78290251642466,300,2103805864
sobol,SMCO_R_EVO,Griewank,200,3,-0.16939774624286508,57.46146895363927,315,2050805645
sobol,DEoptim,Rosenbrock,200,7,-22599.568348135,191.4888114221394,300,2103805864
sobol,SPSA,Griewank,200,5,-5382.416298814923,0.7290585804730654,7200,1171333552
sobol,SMCO_BR_EVO,Griewank,200,3,-0.16391163322847369,57.47820306941867,165,2050805645
sobol,SMCO,Griewank,200,4,-0.9335574065812386,46.19254538603127,315,1541488759
sobol,optimNM,Griewank,200,5,-5372.861043963378,1.555143328383565,4500,1171333552
sobol,SMCO_R,Griewank,200,4,-0.1662495726961244,49.09722829610109,165,1541488759
sobol,optimLBFGS,Griewank,200,5,-6.550421793871664e-08,5.236949767917395,283,1171333552
sobol,SA,Rosenbrock,200,8,-1.4656882183259069e-10,175.79604333639145,300,1341549665
sobol,GD,Griewank,200,3,-3855.2094710777133,62.812920805066824,9000,2050805645
sobol,PSO,Griewank,200,5,-2095.6354878885227,0.5560295209288597,300,1171333552
sobol,SMCO_EVO,Griewank,200,4,-0.933312663015189,52.56211845204234,315,1541488759
sobol,GA,Griewank,200,5,-183.03989974089072,1.3802268914878368,300,1171333552
sobol,SMCO_BR,Griewank,200,4,-0.16996490311004142,53.6297591291368,90,1541488759
sobol,SMCO_R_EVO,Griewank,200,4,-0.1949531291477915,52.818373473361135,315,1541488759
sobol,GD,Griewank,200,4,-3989.302794309397,49.06275898590684,9000,1541488759
sobol,SignGD,Griewank,200,5,-5192.009904293568,18.119290124624968,2513,1171333552
sobol,BOBYQA,Griewank,200,2,-3585.5520100908625,95.34848896414042,4500,2118233548
sobol,ADAM,Griewank,200,3,-5081.4879295869805,69.09590103663504,9000,2050805645
sobol,SMCO_BR_EVO,Griewank,200,4,-0.18445045777325353,59.110120536759496,165,1541488759
sobol,SPSA,Griewank,200,6,-5344.2917802034235,0.5154371708631516,7628,1244943426
sobol,SA,Rosenbrock,200,9,-1.1921024076149216e-10,170.39847028255463,300,268772159
sobol,GenSA,Griewank,200,5,-8.843552223858353e-09,18.736030723899603,300,1171333552
sobol,optimLBFGS,Griewank,200,6,-5.201005360833122e-07,4.4556207694113255,322,1244943426
sobol,optimNM,Griewank,200,6,-5337.095861513635,1.5411018077284098,4500,1244943426
sobol,DEoptim,Rosenbrock,200,8,-31748.218079350663,189.42929000779986,300,1341549665
sobol,SMCO_EVO,Griewank,200,5,-0.9638177273006343,39.86096447147429,315,1171333552
sobol,GA,Griewank,200,6,-185.3885297382689,0.9341746792197227,300,1244943426
sobol,SignGD,Griewank,200,6,-5201.038607746039,14.537854453548789,2014,1244943426
sobol,PSO,Griewank,200,6,-2009.4866559312095,0.38573670014739037,300,1244943426
sobol,ADAM,Griewank,200,4,-5260.772156129625,62.033521980047226,9000,1541488759
sobol,SMCO,Griewank,200,5,-0.9596915981172017,49.373471923172474,315,1171333552
sobol,SMCO_R,Griewank,200,5,-0.1558748180281977,49.09669379144907,165,1171333552
sobol,DEoptim,Rosenbrock,200,9,-25658.462377385862,185.43855979852378,300,268772159
sobol,SMCO_R_EVO,Griewank,200,5,-0.17083448824699166,47.6419359203428,315,1171333552
sobol,GenSA,Griewank,200,6,-1.0672601136185733e-08,19.225395157933235,300,1244943426
sobol,GD,Griewank,200,5,-4024.290230869676,52.20265932939947,9000,1171333552
sobol,SMCO_BR,Griewank,200,5,-0.1871876216641133,57.791987769305706,90,1171333552
sobol,SPSA,Griewank,200,7,-5498.008698648741,0.5374963618814945,8731,2092912266
sobol,SMCO_BR_EVO,Griewank,200,5,-0.20278283738169,56.13612593151629,165,1171333552
sobol,BOBYQA,Griewank,200,3,-4208.79078249471,96.64872125349939,4500,2050805645
sobol,optimNM,Griewank,200,7,-5488.4326539906615,1.1960502862930298,4500,2092912266
sobol,optimLBFGS,Griewank,200,7,-1.1344668648938239e-08,4.822212312370539,277,2092912266
sobol,SMCO_R,Griewank,200,6,-0.16209388668191982,42.40965271554887,165,1244943426
sobol,SignGD,Griewank,200,7,-5335.287534311559,12.610355520620942,2014,2092912266
sobol,GA,Griewank,200,7,-175.95536794182576,1.2969750221818686,300,2092912266
sobol,PSO,Griewank,200,7,-2176.139784200064,0.5414395965635777,300,2092912266
sobol,ADAM,Griewank,200,5,-5306.883568272398,65.24883234500885,9000,1171333552
sobol,GenSA,Griewank,200,7,-8.1173401333956e-09,15.49341681972146,300,2092912266
sobol,BOBYQA,Griewank,200,4,-4053.6748963651844,91.63172751665115,4500,1541488759
sobol,SMCO,Griewank,200,6,-0.9490042702394405,57.612236412242055,315,1244943426
sobol,SMCO_R_EVO,Griewank,200,6,-0.18795940875972916,56.47531396150589,315,1244943426
sobol,SMCO_BR_EVO,Griewank,200,6,-0.18169034084406077,55.002532102167606,165,1244943426
sobol,SMCO_EVO,Griewank,200,6,-0.9689619144937216,58.034575156867504,315,1244943426
sobol,SMCO_BR,Griewank,200,6,-0.19893642424033142,63.217098435387015,90,1244943426
sobol,GD,Griewank,200,6,-3996.712793531233,64.21030663885176,9000,1244943426
sobol,SPSA,Griewank,200,8,-5088.487849492333,0.5043869335204363,8587,2112258783
sobol,SA,Griewank,200,0,-1.5588783597308975e-09,197.94562960416079,300,1162190894
sobol,SignGD,Griewank,200,8,-4692.374285743332,11.783596420660615,2014,2112258783
sobol,ADAM,Griewank,200,6,-5270.701778333469,63.939113752916455,9000,1244943426
sobol,optimNM,Griewank,200,8,-5077.584659153899,1.5396926552057266,4500,2112258783
sobol,optimLBFGS,Griewank,200,8,-7.299844954067325e-07,4.010012509301305,292,2112258783
sobol,SMCO_R,Griewank,200,7,-0.17589765727626028,53.979474077001214,165,2092912266
sobol,SMCO_BR,Griewank,200,7,-0.16387840379323704,53.12040228955448,90,2092912266
sobol,GA,Griewank,200,8,-182.21513114374756,1.3833478037267923,300,2112258783
sobol,SMCO,Griewank,200,7,-0.9670968646507401,55.50933242216706,315,2092912266
sobol,PSO,Griewank,200,8,-2055.7080984197255,0.5652148351073265,300,2112258783
sobol,DEoptim,Griewank,200,0,-30.937929161897035,206.13635397329926,300,1162190894
sobol,SMCO_R_EVO,Griewank,200,7,-0.1560983276329011,54.41762510314584,315,2092912266
sobol,SMCO_EVO,Griewank,200,7,-0.9839643238920631,58.43774859420955,315,2092912266
sobol,BOBYQA,Griewank,200,5,-4112.298855190693,93.55932937376201,4500,1171333552
sobol,DEoptim,Griewank,200,1,-45.994221235102664,192.3405305147171,300,141596627
sobol,SMCO_BR_EVO,Griewank,200,7,-0.2142471573026321,60.557277381420135,165,2092912266
sobol,GenSA,Griewank,200,8,-7.200056550971112e-09,19.023936972022057,300,2112258783
sobol,SPSA,Griewank,200,9,-5675.1431215847015,0.4728863388299942,7219,265617050
sobol,GD,Griewank,200,7,-4111.86238256998,62.80407642759383,9000,2092912266
sobol,SA,Griewank,200,1,-1.7046326572511816e-09,197.9497748631984,300,141596627
sobol,optimNM,Griewank,200,9,-5665.617801921002,1.544003626331687,4500,265617050
sobol,optimLBFGS,Griewank,200,9,-9.508419998027762e-07,4.41239363886416,324,265617050
sobol,ADAM,Griewank,200,7,-5422.977541525425,62.0496246535331,9000,2092912266
sobol,SA,Griewank,200,2,-0.009864674228898807,182.55461835116148,300,2118233548
sobol,SMCO,Griewank,200,8,-0.9715434421688645,49.774340281262994,315,2112258783
sobol,PSO,Griewank,200,9,-1767.425669365013,0.5488049071282148,300,265617050
sobol,GA,Griewank,200,9,-181.31755764648045,1.3875703196972609,300,265617050
sobol,SignGD,Griewank,200,9,-5311.783277895473,12.928291909396648,2513,265617050
sobol,BOBYQA,Griewank,200,6,-3824.0529688725182,90.87463645078242,4500,1244943426
sobol,GenSA,Griewank,200,9,-5.292013049995603e-09,13.616968020796776,300,265617050
sobol,SMCO_EVO,Griewank,200,8,-0.9390478344372686,52.77674110606313,315,2112258783
sobol,SMCO_R,Griewank,200,8,-0.18384101658831264,56.79920808598399,165,2112258783
sobol,GD,Zakharov,200,0,-2.0386711672175123e+17,0.7436641622334719,105,1495214881
sobol,SMCO_R_EVO,Griewank,200,8,-0.17172279416792313,55.06415688432753,315,2112258783
sobol,SMCO_BR_EVO,Griewank,200,8,-0.1691345897866825,57.44326225668192,165,2112258783
sobol,SMCO_BR,Griewank,200,8,-0.1809697808817441,61.75688188150525,90,2112258783
sobol,SPSA,Zakharov,200,0,-189961627099095.3,0.6942138373851776,8171,1495214881
sobol,BOBYQA,Griewank,200,7,-4342.362166236123,80.89625564590096,4500,2092912266
sobol,GD,Griewank,200,8,-3804.1820680575734,59.81268887221813,9000,2112258783
sobol,optimNM,Zakharov,200,0,-2.0043050226566102e+17,1.5248496644198895,4500,1495214881
sobol,DEoptim,Griewank,200,2,-42.633919093697344,198.4648996051401,300,2118233548
sobol,SignGD,Zakharov,200,0,-3495.440855451382,11.305963149294257,1701,1495214881
sobol,GA,Zakharov,200,0,-1558.1635473228164,1.415964387357235,300,1495214881
sobol,PSO,Zakharov,200,0,-8779.905092183712,0.5198511946946383,300,1495214881
sobol,optimLBFGS,Zakharov,200,0,-6.079650572069526e-09,11.815507933497429,991,1495214881
sobol,SMCO,Griewank,200,9,-0.9283996101634918,52.447922728955746,315,265617050
sobol,ADAM,Griewank,200,8,-5016.119994337148,66.49273757264018,9000,2112258783
sobol,DEoptim,Griewank,200,3,-37.27126460287867,184.42123674415052,300,2050805645
sobol,SMCO_R,Griewank,200,9,-0.1648629572233703,56.188549472019076,165,265617050
sobol,SMCO_R_EVO,Griewank,200,9,-0.17275414665407873,51.02171511761844,315,265617050
sobol,GD,Zakharov,200,1,-1.590428201573839e+17,0.7251165192574263,105,1485425737
sobol,SMCO_BR,Griewank,200,9,-0.1851559266988595,57.750218803063035,90,265617050
sobol,GenSA,Zakharov,200,0,-4.921146205646413e-09,15.6852219235152,300,1495214881
sobol,SPSA,Zakharov,200,1,-26319213691400.0,0.7506716325879097,8612,1485425737
sobol,SMCO_EVO,Griewank,200,9,-0.9102176877843615,60.052819868549705,315,265617050
sobol,SMCO_BR,Zakharov,200,0,-97.6853366184432,43.25128233246505,90,1495214881
sobol,optimNM,Zakharov,200,1,-1.5602931326130518e+17,1.2784962709993124,4500,1485425737
sobol,SA,Griewank,200,3,-1.472849064931836e-09,198.39581800810993,300,2050805645
sobol,SMCO_BR_EVO,Griewank,200,9,-0.1876058740495542,61.101141683757305,165,265617050
sobol,SignGD,Zakharov,200,1,-3179.7013042588587,12.94087809510529,1915,1485425737
sobol,optimLBFGS,Zakharov,200,1,-1.1189148529583772e-08,11.80385029502213,1004,1485425737
sobol,PSO,Zakharov,200,1,-8989.178471106206,0.5040536187589169,300,1485425737
sobol,GA,Zakharov,200,1,-1554.186770253145,1.5211278069764376,300,1485425737
sobol,SMCO_R,Zakharov,200,0,-24.348382146202173,49.659083027392626,165,1495214881
sobol,SMCO,Zakharov,200,0,-9.123651584495711,50.212925754487514,315,1495214881
sobol,SMCO_EVO,Zakharov,200,0,-8.094909174426677,48.055452117696404,315,1495214881
sobol,BOBYQA,Griewank,200,8,-3530.5993419130546,85.06831596046686,4500,2112258783
sobol,GD,Griewank,200,9,-4242.319009103909,68.55323773063719,9000,265617050
sobol,GD,Zakharov,200,2,-1.542686757345379e+17,0.6610989794135094,105,416878452
sobol,ADAM,Griewank,200,9,-5594.385913860103,68.27823675982654,9000,265617050
sobol,DEoptim,Griewank,200,4,-34.613672980897086,184.4288136754185,300,1541488759
sobol,SPSA,Zakharov,200,2,-3248309631945.3125,0.6873277239501476,8354,416878452
sobol,SMCO_R_EVO,Zakharov,200,0,-26.041924360430944,52.60143408179283,315,1495214881
sobol,ADAM,Zakharov,200,0,-4142642036077496.5,47.89698124490678,9000,1495214881
sobol,GenSA,Zakharov,200,1,-5.721706614119511e-09,18.043960463255644,300,1485425737
sobol,optimNM,Zakharov,200,2,-1.516877532340344e+17,1.5391282998025417,4500,416878452
sobol,SMCO_BR_EVO,Zakharov,200,0,-100.14970597344663,54.12455598451197,165,1495214881
sobol,SignGD,Zakharov,200,2,-2992.7838015927437,9.662900771945715,1797,416878452
sobol,GA,Zakharov,200,2,-1470.4489753166279,1.179469058290124,300,416878452
sobol,PSO,Zakharov,200,2,-8791.299692580795,0.4517416451126337,300,416878452
sobol,optimLBFGS,Zakharov,200,2,-1.491425987670413e-08,8.622071478515863,1024,416878452
sobol,SMCO,Zakharov,200,1,-8.332197658022071,50.501500403508544,315,1485425737
sobol,ADAM,Zakharov,200,1,-2607686884808586.5,42.6166770234704,9000,1485425737
sobol,GenSA,Zakharov,200,2,-8.770232790012143e-09,15.328688725829124,300,416878452
sobol,SMCO_R_EVO,Zakharov,200,1,-21.588066621196845,46.89670078828931,315,1485425737
sobol,SMCO_R,Zakharov,200,1,-21.32071742237005,50.23422445729375,165,1485425737
sobol,GD,Zakharov,200,3,-1.4403982855650851e+17,0.8237777873873711,105,2081297402
sobol,SMCO_BR,Zakharov,200,1,-89.34089490732681,51.53363733738661,90,1485425737
sobol,BOBYQA,Griewank,200,9,-4443.258029395437,89.23269667476416,4500,265617050
sobol,SA,Griewank,200,4,-1.6283800974292717e-09,213.30664325132966,300,1541488759
sobol,SPSA,Zakharov,200,3,-175070124595245.3,0.6442921590059996,8892,2081297402
sobol,SMCO_EVO,Zakharov,200,1,-14.11191971942855,52.12582576647401,315,1485425737
sobol,optimNM,Zakharov,200,3,-1.3903376729919499e+17,1.5582459196448326,4500,2081297402
sobol,SMCO_BR,Zakharov,200,2,-116.14698262563756,39.044423120096326,90,416878452
sobol,SMCO_BR_EVO,Zakharov,200,1,-82.34368666939353,55.5061209294945,165,1485425737
sobol,SignGD,Zakharov,200,3,-3188.6135900655136,9.790416298434138,1919,2081297402
sobol,SA,Griewank,200,5,-1.7564940613112867e-09,193.4614909272641,300,1171333552
sobol,PSO,Zakharov,200,3,-9260.154090543323,0.2838747203350067,300,2081297402
sobol,GA,Zakharov,200,3,-1262.4140309629847,1.153990525752306,300,2081297402
sobol,optimLBFGS,Zakharov,200,3,-3.041735936556406e-09,9.343561688438058,1021,2081297402
sobol,SMCO,Zakharov,200,2,-7.552344300766187,48.46000052429736,315,416878452
sobol,SMCO_R,Zakharov,200,2,-25.53619070315994,48.625452464446425,165,416878452
sobol,DEoptim,Griewank,200,5,-45.462846197570734,199.89945473335683,300,1171333552
sobol,SMCO_EVO,Zakharov,200,2,-7.888837580892386,49.51945583894849,315,416878452
sobol,GD,Zakharov,200,4,-1.1154643245553408e+17,0.7776410803198814,105,851655650
sobol,GenSA,Zakharov,200,3,-1.647516999572073e-08,18.15683614462614,300,2081297402
sobol,SMCO_R_EVO,Zakharov,200,2,-25.392597470946377,51.87276305630803,315,416878452
sobol,SPSA,Zakharov,200,4,-10323733688895.312,0.4961673356592655,8258,851655650
sobol,SMCO_BR_EVO,Zakharov,200,2,-89.41342721405708,49.305129401385784,165,416878452
sobol,ADAM,Zakharov,200,2,-2776738189978289.0,54.22934502363205,9000,416878452
sobol,SignGD,Zakharov,200,4,-2851.7753991563736,11.371363136917353,1761,851655650
sobol,optimNM,Zakharov,200,4,-1.092826218014581e+17,1.483631668612361,4500,851655650
sobol,optimLBFGS,Zakharov,200,4,-5.00875321359688e-09,12.231131203472614,1009,851655650
sobol,SMCO_R,Zakharov,200,3,-21.664802015222357,48.032703371718526,165,2081297402
sobol,DEoptim,Griewank,200,6,-46.18512956417697,197.96015820093453,300,1244943426
sobol,PSO,Zakharov,200,4,-8577.76737731348,0.452031422406435,300,851655650
sobol,GA,Zakharov,200,4,-1961.3011660429609,1.3561957273632288,300,851655650
sobol,SMCO_EVO,Zakharov,200,3,-8.484143931032053,40.54999981448054,315,2081297402
sobol,SMCO,Zakharov,200,3,-8.562852787174524,50.87991700693965,315,2081297402
sobol,SMCO_R_EVO,Zakharov,200,3,-24.894592331664423,44.2426746878773,315,2081297402
sobol,SMCO_BR_EVO,Zakharov,200,3,-81.37523868596612,47.263233272358775,165,2081297402
sobol,GenSA,Zakharov,200,4,-6.0173932437493665e-09,19.632233064621687,300,851655650
sobol,GD,Zakharov,200,5,-1.6251048281758518e+17,0.7667953558266163,105,1070835300
sobol,SA,Griewank,200,6,-0.0885069214830635,216.0251297224313,300,1244943426
sobol,SMCO_BR,Zakharov,200,3,-88.51844773385038,55.980895198881626,90,2081297402
sobol,SPSA,Zakharov,200,5,-2402579060675.0,0.807503255084157,8702,1070835300
sobol,DEoptim,Griewank,200,7,-27.68294525259803,192.6387686356902,300,2092912266
sobol,SMCO_R,Zakharov,200,4,-23.767799588364923,48.02463308908045,165,851655650
sobol,optimNM,Zakharov,200,5,-1.5972820828487968e+17,1.4909504614770412,4500,1070835300
sobol,SignGD,Zakharov,200,5,-3022.8594630292323,10.006115786731243,1567,1070835300
sobol,SMCO_EVO,Zakharov,200,4,-8.402089808836834,45.37432735785842,315,851655650
sobol,SMCO_BR,Zakharov,200,4,-78.75883832353712,50.86149415001273,90,851655650
sobol,SMCO_R_EVO,Zakharov,200,4,-22.485459256815005,46.20893341116607,315,851655650
sobol,SMCO,Zakharov,200,4,-8.455151817023003,52.51608889363706,315,851655650
sobol,GA,Zakharov,200,5,-1264.3294578760783,1.2833292223513126,300,1070835300
sobol,PSO,Zakharov,200,5,-8961.332386460588,0.44783732667565346,300,1070835300
sobol,ADAM,Zakharov,200,3,-2483432887784056.0,63.95813786238432,9000,2081297402
sobol,optimLBFGS,Zakharov,200,5,-5.381176715390702e-09,12.586216097697616,1000,1070835300
sobol,SMCO_BR_EVO,Zakharov,200,4,-87.4457072284554,49.508151426911354,165,851655650
sobol,GenSA,Zakharov,200,5,-6.6350293576694455e-09,15.12487037666142,300,1070835300
sobol,GD,Zakharov,200,6,-1.803295477180548e+17,0.40711922012269497,105,1588468405
sobol,ADAM,Zakharov,200,4,-1645685520989748.2,56.017959071323276,9000,851655650
sobol,SMCO_BR,Zakharov,200,5,-93.00139605858199,42.27929436787963,90,1070835300
sobol,SPSA,Zakharov,200,6,-28953330645.3125,0.6907298397272825,7781,1588468405
sobol,SA,Griewank,200,7,-2.013160083080834e-09,218.57372577115893,300,2092912266
sobol,SMCO_R,Zakharov,200,5,-22.54929071388656,45.37345775589347,165,1070835300
sobol,optimNM,Zakharov,200,6,-1.759933067005112e+17,1.5986802000552416,4500,1588468405
sobol,SignGD,Zakharov,200,6,-3360.3614493309797,9.806136824190617,1735,1588468405
sobol,SMCO_BR_EVO,Zakharov,200,5,-84.03859347717186,41.7836906183511,165,1070835300
sobol,SMCO_EVO,Zakharov,200,5,-7.630239614827334,50.772614520043135,315,1070835300
sobol,SMCO,Zakharov,200,5,-10.542591887362741,52.56743301823735,315,1070835300
sobol,PSO,Zakharov,200,6,-8887.766899680186,0.44872877188026905,300,1588468405
sobol,GA,Zakharov,200,6,-1361.3990851795886,1.2837747186422348,300,1588468405
sobol,SMCO_R_EVO,Zakharov,200,5,-28.66696591164676,48.141660798341036,315,1070835300
sobol,optimLBFGS,Zakharov,200,6,-5.699288613126554e-09,10.293662816286087,1007,1588468405
sobol,DEoptim,Griewank,200,8,-40.908886981445995,202.4768292158842,300,2112258783
sobol,GenSA,Zakharov,200,6,-6.358345582470662e-09,17.441027518361807,300,1588468405
sobol,DEoptim,Griewank,200,9,-47.490838727121,187.92248052731156,300,265617050
sobol,GD,Zakharov,200,7,-1.5479379220080794e+17,0.8622049856930971,105,2128855260
sobol,ADAM,Zakharov,200,5,-3082376452858085.5,57.333685452118516,9000,1070835300
sobol,SA,Griewank,200,8,-1.6973094041361492e-09,216.5280338563025,300,2112258783
sobol,SPSA,Zakharov,200,7,-10851921655625.0,0.9286482688039541,8907,2128855260
sobol,SMCO,Zakharov,200,6,-8.384822043261842,48.83595538698137,315,1588468405
sobol,SMCO_R,Zakharov,200,6,-22.727622610670725,49.547627644613385,165,1588468405
sobol,SMCO_BR,Zakharov,200,6,-96.57475902168213,49.79794448427856,90,1588468405
sobol,optimNM,Zakharov,200,7,-1.512335110703218e+17,1.5166765432804823,4500,2128855260
sobol,SignGD,Zakharov,200,7,-3066.2899396000066,10.524328762665391,1757,2128855260
sobol,SMCO_EVO,Zakharov,200,6,-11.140631188978327,53.227958204224706,315,1588468405
sobol,SMCO_R_EVO,Zakharov,200,6,-22.991557616116385,53.1417794842273,315,1588468405
sobol,PSO,Zakharov,200,7,-8339.374875669573,0.4440611507743597,300,2128855260
sobol,GA,Zakharov,200,7,-1354.4423465665227,1.0676010455936193,300,2128855260
sobol,SMCO_BR_EVO,Zakharov,200,6,-90.58701931153716,51.776245245710015,165,1588468405
sobol,optimLBFGS,Zakharov,200,7,-4.804676606777414e-09,10.901715401560068,972,2128855260
sobol,SA,Griewank,200,9,-2.1136460359727494e-09,210.2531341612339,300,265617050
sobol,GenSA,Zakharov,200,7,-6.448753345196355e-09,18.992516364902258,300,2128855260
sobol,DEoptim,Zakharov,200,0,-1806.014647142313,191.20396747626364,300,1495214881
sobol,ADAM,Zakharov,200,6,-3714260401539151.5,53.8198003731668,9000,1588468405
sobol,GD,Zakharov,200,8,-5.587855230760333e+16,0.8649117331951857,105,671574896
sobol,SMCO,Zakharov,200,7,-7.578959860070499,48.146609377115965,315,2128855260
sobol,SPSA,Zakharov,200,8,-823114821120.3125,0.8459259606897831,8857,671574896
sobol,SMCO_R,Zakharov,200,7,-23.70822500448695,51.433659015223384,165,2128855260
sobol,SMCO_EVO,Zakharov,200,7,-8.515348284070317,51.48861218430102,315,2128855260
sobol,optimNM,Zakharov,200,8,-5.4461097027553096e+16,1.134632183238864,4500,671574896
sobol,SignGD,Zakharov,200,8,-2767.2878286687137,11.306436747312546,1673,671574896
sobol,SMCO_BR,Zakharov,200,7,-98.6324105003461,55.438668528571725,90,2128855260
sobol,SMCO_R_EVO,Zakharov,200,7,-24.286999418203283,54.20093576051295,315,2128855260
sobol,GA,Zakharov,200,8,-1782.2558182954751,1.1956897675991058,300,671574896
sobol,optimLBFGS,Zakharov,200,8,-6.172200122809618e-09,13.077023891732097,1028,671574896
sobol,PSO,Zakharov,200,8,-8742.330445376545,0.44366840459406376,300,671574896
sobol,SMCO_BR_EVO,Zakharov,200,7,-121.24704564175464,52.60758909210563,165,2128855260
sobol,GenSA,Zakharov,200,8,-5.775291573660517e-09,14.82126752845943,300,671574896
sobol,ADAM,Zakharov,200,7,-2679682262283039.0,50.270863147452474,9000,2128855260
sobol,SMCO_R,Zakharov,200,8,-25.71989818136129,44.1432968582958,165,671574896
sobol,DEoptim,Zakharov,200,1,-1648.1727457444863,199.79453266598284,300,1485425737
sobol,GD,Zakharov,200,9,-1.561533997087305e+17,0.8511795774102211,105,1773159981
sobol,SMCO,Zakharov,200,8,-14.135286373816218,51.39866647310555,315,671574896
sobol,SMCO_BR,Zakharov,200,8,-97.93805564226473,50.422602923586965,90,671574896
sobol,SPSA,Zakharov,200,9,-1922400978420.3125,0.47095392271876335,8247,1773159981
sobol,SMCO_EVO,Zakharov,200,8,-10.602814614777254,49.40664131753147,315,671574896
sobol,SMCO_R_EVO,Zakharov,200,8,-26.910926334464097,48.44007049128413,315,671574896
sobol,optimNM,Zakharov,200,9,-1.528799995319841e+17,1.0512881949543953,4500,1773159981
sobol,optimLBFGS,Zakharov,200,9,-7.794955305628356e-09,7.430563082918525,1010,1773159981
sobol,SignGD,Zakharov,200,9,-3223.927935038633,12.81427333690226,1805,1773159981
sobol,SMCO_BR_EVO,Zakharov,200,8,-99.54550098469618,53.080944219604135,165,671574896
sobol,GA,Zakharov,200,9,-1331.9779017844414,1.4587580636143684,300,1773159981
sobol,PSO,Zakharov,200,9,-9783.208432552754,0.5530361887067556,300,1773159981
sobol,ADAM,Zakharov,200,8,-497410272659949.3,56.75968648865819,9000,671574896
sobol,DEoptim,Zakharov,200,2,-1852.01030444786,207.13736725598574,300,416878452
sobol,GenSA,Zakharov,200,9,-5.01899756037173e-09,15.45577547699213,300,1773159981
sobol,SMCO_R,Zakharov,200,9,-24.673128890402023,46.182498037815094,165,1773159981
sobol,SA,Zakharov,200,0,-2.867164734792802e-09,259.8961654752493,300,1495214881
sobol,SMCO_BR,Zakharov,200,9,-84.24939990455935,47.87954486347735,90,1773159981
sobol,SMCO_EVO,Zakharov,200,9,-9.096924939950393,49.12852653488517,315,1773159981
sobol,DEoptim,Zakharov,200,3,-1896.3568490567202,199.5594325941056,300,2081297402
sobol,SMCO,Zakharov,200,9,-7.9097336152054485,57.30101632885635,315,1773159981
sobol,SMCO_R_EVO,Zakharov,200,9,-23.886044471679444,52.94665171392262,315,1773159981
sobol,SMCO_BR_EVO,Zakharov,200,9,-93.68369759796269,51.68362290225923,165,1773159981
sobol,ADAM,Zakharov,200,9,-2711009925428888.5,48.024368707090616,9000,1773159981
sobol,DEoptim,Zakharov,200,4,-1682.331316357313,184.72449323162436,300,851655650
sobol,SA,Zakharov,200,1,-2.9869124887028932e-09,258.4767986983061,300,1485425737
sobol,SA,Zakharov,200,2,-2.7852070077592056e-09,251.239858943969,300,416878452
sobol,DEoptim,Zakharov,200,5,-1551.0492287588283,181.57619872316718,300,1070835300
sobol,SA,Zakharov,200,3,-2.797033682386124e-09,240.2885688841343,300,2081297402
sobol,DEoptim,Zakharov,200,6,-1770.603881920707,177.99157533794641,300,1588468405
sobol,SA,Zakharov,200,4,-3.372882775970758e-09,237.8767591957003,300,851655650
sobol,DEoptim,Zakharov,200,7,-1604.8149048294524,159.4271496385336,300,2128855260
sobol,DEoptim,Zakharov,200,8,-1692.323188545305,148.04636795446277,300,671574896
sobol,SA,Zakharov,200,5,-2.907471523511713e-09,237.62538904510438,300,1070835300
sobol,BOBYQA,Zakharov,200,0,-1.0662287002633426e+16,366.42107285372913,4500,1495214881
sobol,SA,Zakharov,200,6,-2.850512470596754e-09,225.03502628766,300,1588468405
sobol,DEoptim,Zakharov,200,9,-2147.774911935919,136.579725259915,300,1773159981
sobol,BOBYQA,Zakharov,200,1,-1.0376095536785718e+16,364.4012057092041,4500,1485425737
sobol,BOBYQA,Zakharov,200,4,-4470520481780466.0,299.32570107653737,4500,851655650
sobol,SA,Zakharov,200,7,-3.0953064539438307e-09,214.6163503304124,300,2128855260
sobol,SA,Zakharov,200,8,-2.8004502616207977e-09,193.04432410001755,300,671574896
sobol,SA,Zakharov,200,9,-2.8408103762880298e-09,179.05984809622169,300,1773159981
sobol,BOBYQA,Zakharov,200,5,-4327784578493391.0,313.7681351285428,4500,1070835300
sobol,BOBYQA,Zakharov,200,2,-5936291854664150.0,392.69999619945884,4500,416878452
sobol,BOBYQA,Zakharov,200,3,-5448514272941123.0,370.72795836627483,4500,2081297402
sobol,BOBYQA,Zakharov,200,6,-2080715986971427.2,323.0145534314215,4500,1588468405
sobol,BOBYQA,Zakharov,200,7,-1.5575532518149768e+16,312.9592809639871,4500,2128855260
sobol,BOBYQA,Zakharov,200,8,-3619995960971544.5,292.4365999791771,4500,671574896
sobol,BOBYQA,Zakharov,200,9,-1453598898868253.2,267.4884063601494,4500,1773159981
sobol,PSO,Rastrigin,4000,0,-70406.87319843871,4.4391180872917175,300,813956088
sobol,PSO,Rastrigin,4000,1,-66807.69681633254,4.382857922464609,300,543286753
sobol,PSO,Ackley,4000,0,-21.173593472773007,4.816033869981766,300,1158094505
sobol,GA,Rastrigin,4000,0,-43948.3726158056,7.899464711546898,300,813956088
sobol,GA,Rastrigin,4000,1,-43409.94548248143,7.949137713760138,300,543286753
sobol,GA,Ackley,4000,0,-16.68430230566384,8.649066999554634,300,1158094505
sobol,PSO,Ackley,4000,1,-21.10042156905669,4.424226019531488,300,398596690
sobol,GA,Ackley,4000,1,-17.32683311397895,8.62336734868586,300,398596690
sobol,SA,Ackley,4000,1,-21.204914105481386,1515.2758751120418,300,398596690
sobol,SA,Rastrigin,4000,1,-61315.04168008198,1545.2855623587966,300,543286753
sobol,SA,Rastrigin,4000,0,-61155.601075954226,1553.7308156490326,300,813956088
sobol,SA,Ackley,4000,0,-21.223141783294846,1697.0666163545102,300,1158094505
sobol,GenSA,Ackley,4000,0,-4.931127025659251,2070.508767608553,300,1158094505
sobol,GenSA,Ackley,4000,1,-3.6981301487723433,2222.779748670757,300,398596690
sobol,GenSA,Rastrigin,4000,1,-38.80550134222722,2557.855859717354,300,543286753
sobol,GenSA,Rastrigin,4000,0,-40.138120501120284,2647.969033509493,300,813956088
sobol,GA,Rosenbrock,4000,0,-43184992.049967244,5.750549755990505,300,203850383
sobol,PSO,Rosenbrock,4000,0,-419931017.26976913,2.2661682441830635,300,203850383
sobol,SA,Rosenbrock,4000,0,-12123464.204833023,508.57066866382957,300,203850383
sobol,GenSA,Rosenbrock,4000,0,-267.37839288066834,1845.5936930961907,300,203850383
sobol,SMCO,Rosenbrock,4000,0,-1146.425812037492,6449.057409197092,364,203850383
sobol,SMCO_R,Rosenbrock,4000,0,-1493.8010872697287,6448.16330116801,214,203850383
sobol,SMCO_BR,Rosenbrock,4000,0,-19842.964901822816,6222.517302675173,139,203850383
sobol,SMCO_EVO,Rosenbrock,4000,0,-1040.9660904111797,6376.082502597943,364,203850383
sobol,SMCO_R_EVO,Rosenbrock,4000,0,-1486.4434615229789,6387.021961465478,364,203850383
sobol,SMCO_BR_EVO,Rosenbrock,4000,0,-19823.079714165047,6448.576749684289,214,203850383
sobol,SA,Rosenbrock,4000,1,-12402917.79217528,530.3681011870503,300,270267170
sobol,GA,Rosenbrock,4000,1,-42858605.65546528,5.510702155530453,300,270267170
sobol,PSO,Rosenbrock,4000,1,-424068004.8448019,1.62310347892344,300,270267170
sobol,SMCO_R,Rosenbrock,4000,1,-1314.9205537068233,6023.581038029864,214,270267170
sobol,SMCO,Rosenbrock,4000,1,-1241.1399970318334,6388.266326472163,364,270267170
sobol,GenSA,Rosenbrock,4000,1,-161.9405664553873,1804.654972806573,300,270267170
sobol,SMCO_BR,Rosenbrock,4000,1,-19592.701317413805,6370.955016955733,139,270267170
sobol,SMCO_EVO,Rosenbrock,4000,1,-1093.0691478252484,5848.850969696417,364,270267170
sobol,SMCO_R_EVO,Rosenbrock,4000,1,-1458.4430824535889,5863.246223049238,364,270267170
sobol,SMCO_BR_EVO,Rosenbrock,4000,1,-19487.97887961277,5561.442403981462,214,270267170
sobol,SMCO_R,Rastrigin,4000,0,-33812.6990905759,18127.342254944146,214,813956088
sobol,SMCO,Rastrigin,4000,1,-33977.75260474973,18328.908583233133,364,543286753
sobol,SMCO_R,Rastrigin,4000,1,-33892.757432425846,18380.48408989422,214,543286753
sobol,SMCO_R_EVO,Rastrigin,4000,1,-33891.61294251088,18512.141557851806,364,543286753
sobol,SMCO_EVO,Rastrigin,4000,1,-33978.63911259923,18642.551335353404,364,543286753
sobol,SMCO_EVO,Rastrigin,4000,0,-33899.43289891191,19017.30637772754,364,813956088
sobol,SMCO,Rastrigin,4000,0,-33896.54360174047,19239.184933107346,364,813956088
sobol,SMCO_R_EVO,Rastrigin,4000,0,-33813.85640328825,19253.85220921226,364,813956088
sobol,SMCO_BR,Rastrigin,4000,1,-34060.6687889275,19299.23963129893,139,543286753
sobol,SMCO_BR,Rastrigin,4000,0,-33994.80251229948,20261.57618137449,139,813956088
sobol,SMCO_R,Ackley,4000,0,-0.07292967772956915,20555.025046139956,214,1158094505
sobol,SMCO,Ackley,4000,0,-0.33789746363447337,20676.43153107725,364,1158094505
sobol,SMCO_R,Ackley,4000,1,-0.07382205497021177,20677.49460940808,214,398596690
sobol,SMCO_BR_EVO,Rastrigin,4000,1,-34059.518503495856,20709.45620824583,214,543286753
sobol,SMCO_BR_EVO,Rastrigin,4000,0,-34000.65775254643,20802.241781851277,214,813956088
sobol,SMCO,Ackley,4000,1,-0.33868857389203244,21078.298117777333,364,398596690
sobol,SMCO_EVO,Ackley,4000,0,-0.33720545458048834,21556.79279517755,364,1158094505
sobol,SMCO_EVO,Ackley,4000,1,-0.337045545416061,22057.9000380449,364,398596690
sobol,SMCO_R_EVO,Ackley,4000,1,-0.07297102761149477,22398.3970684167,364,398596690
sobol,SMCO_R_EVO,Ackley,4000,0,-0.07372402707525838,22408.385283162817,364,1158094505
sobol,SMCO_BR_EVO,Ackley,4000,0,-2.0364650861499247,22585.212536901236,214,1158094505
sobol,SMCO_BR,Ackley,4000,1,-1.9846412147912642,22662.72849950567,139,398596690
sobol,SMCO_BR_EVO,Ackley,4000,1,-2.0406199932142965,22677.976579049602,214,398596690
sobol,SMCO_BR,Ackley,4000,0,-2.1640103060774263,22688.99526888691,139,1158094505
sobol,DEoptim,Rastrigin,4000,1,-47223.28983867143,29047.392824091017,300,543286753
sobol,DEoptim,Rastrigin,4000,0,-47810.71205964495,29059.83391502686,300,813956088
sobol,DEoptim,Rosenbrock,4000,0,-56428453.357557856,26611.76280786656,300,203850383
sobol,DEoptim,Ackley,4000,0,-18.16725594155195,29465.021415114403,300,1158094505
sobol,DEoptim,Ackley,4000,1,-18.172488081956196,29525.50347296521,300,398596690
sobol,DEoptim,Rosenbrock,4000,1,-55091600.78293415,24899.878651617095,300,270267170
