strategy,algo,func,dim,rep,fopt,time,iterations,seed
rand1bin,SPSA,Rastrigin,50,0,-696.5816411959756,0.261299641802907,4800,647279673
rand1bin,PSO,Rastrigin,50,0,-322.80324824956926,0.2673752885311842,300,647279673
rand1bin,optimNM,Rastrigin,50,0,-627.0054155897019,0.28468881733715534,2400,647279673
rand1bin,optimLBFGS,Rastrigin,50,0,-327.3390776015438,0.3779525402933359,113,647279673
rand1bin,GA,Rastrigin,50,0,-305.55608658575295,0.8735322430729866,300,647279673
rand1bin,SignGD,Rastrigin,50,0,-404.72334943592114,1.2993424721062183,1307,647279673
rand1bin,SignGD,Rastrigin,50,1,-391.97782945068855,1.280134903267026,1307,1677437249
rand1bin,GD,Rastrigin,50,0,-646.7192561469828,3.502918265759945,3584,647279673
rand1bin,GD,Rastrigin,50,1,-596.9712816935732,2.6393587552011013,2764,1677437249
rand1bin,GenSA,Rastrigin,50,0,-1.9899181141885265,3.5262650549411774,300,647279673
rand1bin,SPSA,Rastrigin,50,1,-677.9300264906421,0.26409449987113476,4800,1677437249
rand1bin,ADAM,Rastrigin,50,0,-402.95582051043846,3.8600306902080774,3890,647279673
rand1bin,optimLBFGS,Rastrigin,50,1,-304.45567719337555,0.34865561313927174,115,1677437249
rand1bin,SMCO,Rastrigin,50,0,-12.702037352161938,3.9562516640871763,308,647279673
rand1bin,optimNM,Rastrigin,50,1,-635.8525902934448,0.2869406286627054,2400,1677437249
rand1bin,SMCO,Rastrigin,50,1,-14.583889225342375,4.186388013884425,308,1677437249
rand1bin,SMCO_R,Rastrigin,50,0,-12.983470511058442,4.271516349166632,158,647279673
rand1bin,SMCO_R_EVO,Rastrigin,50,0,-12.989659600461778,4.278680801391602,308,647279673
rand1bin,SMCO_EVO,Rastrigin,50,0,-13.732439215278816,4.2802240755409,308,647279673
rand1bin,SMCO_R,Rastrigin,50,1,-11.994607102260204,4.3048622868955135,158,1677437249
rand1bin,SMCO_BR,Rastrigin,50,0,-13.989995449718663,4.346360515803099,83,647279673
rand1bin,SMCO_R_EVO,Rastrigin,50,1,-11.994690668204782,4.074053784832358,308,1677437249
rand1bin,SMCO_EVO,Rastrigin,50,1,-11.824617799801729,4.103400219231844,308,1677437249
rand1bin,SMCO_BR_EVO,Rastrigin,50,0,-14.979005852663875,4.405540043488145,158,647279673
rand1bin,PSO,Rastrigin,50,1,-367.1766515663104,0.2448108922690153,300,1677437249
rand1bin,SMCO_BR,Rastrigin,50,1,-13.993358156819454,4.343680243939161,83,1677437249
rand1bin,SMCO_BR_EVO,Rastrigin,50,1,-11.014014344667999,4.396943477913737,158,1677437249
rand1bin,SPSA,Rastrigin,50,2,-698.0711211258897,0.2604184187948704,4800,315387377
rand1bin,GA,Rastrigin,50,1,-292.2739170827202,0.8211851604282856,300,1677437249
rand1bin,optimNM,Rastrigin,50,2,-673.5628196878989,0.28020878322422504,2400,315387377
rand1bin,optimLBFGS,Rastrigin,50,2,-275.6021576322113,0.3755297437310219,117,315387377
rand1bin,SignGD,Rastrigin,50,2,-419.8660255732947,1.7295808903872967,1806,315387377
rand1bin,ADAM,Rastrigin,50,1,-390.0212411146445,3.7943358030170202,3898,1677437249
rand1bin,GD,Rastrigin,50,2,-559.1645207232775,2.509183472022414,2706,315387377
rand1bin,PSO,Rastrigin,50,2,-325.2496431099913,0.2426629401743412,300,315387377
rand1bin,GA,Rastrigin,50,2,-313.01515479389985,0.823559757322073,300,315387377
rand1bin,GenSA,Rastrigin,50,1,-0.9949590570942064,3.599144635722041,300,1677437249
rand1bin,ADAM,Rastrigin,50,2,-417.88001457151154,3.7035189867019653,3898,315387377
rand1bin,SMCO,Rastrigin,50,2,-14.63847608451448,4.0910334680229425,308,315387377
rand1bin,SMCO_R,Rastrigin,50,2,-10.988599611781865,4.0933040007948875,158,315387377
rand1bin,SMCO_BR_EVO,Rastrigin,50,2,-11.008057613667404,4.0820483192801476,158,315387377
rand1bin,SMCO_R_EVO,Rastrigin,50,2,-10.99089372593977,4.13573138974607,308,315387377
rand1bin,SMCO_BR,Rastrigin,50,2,-11.990796147688457,4.2228196375072,83,315387377
rand1bin,SMCO_EVO,Rastrigin,50,2,-11.71474428162719,4.189761022105813,308,315387377
rand1bin,GenSA,Rastrigin,50,2,-9.663381206337363e-13,3.4399712588638067,300,315387377
rand1bin,SPSA,Rastrigin,50,3,-684.731163267766,0.25730361975729465,4800,991992466
rand1bin,optimLBFGS,Rastrigin,50,3,-312.41543909618224,0.29426994547247887,97,991992466
rand1bin,optimNM,Rastrigin,50,3,-552.5277237863818,0.27561304718255997,2400,991992466
rand1bin,GD,Rastrigin,50,3,-692.4876401242165,2.4890428259968758,2689,991992466
rand1bin,SignGD,Rastrigin,50,3,-324.96532731936014,2.6637519411742687,2804,991992466
rand1bin,SMCO,Rastrigin,50,3,-12.609909339406443,4.085617363452911,308,991992466
rand1bin,SMCO_R,Rastrigin,50,3,-11.993969186692766,4.207982519641519,158,991992466
rand1bin,PSO,Rastrigin,50,3,-343.6837015947244,0.2466762624680996,300,991992466
rand1bin,SMCO_BR,Rastrigin,50,3,-12.005032693774638,4.286396441981196,83,991992466
rand1bin,GA,Rastrigin,50,3,-286.06165501126463,0.8333780709654093,300,991992466
rand1bin,ADAM,Rastrigin,50,3,-323.36003462883065,3.7243792228400707,3884,991992466
rand1bin,SMCO_EVO,Rastrigin,50,3,-11.659349385055293,4.124956578016281,308,991992466
rand1bin,GenSA,Rastrigin,50,3,-3.410605131648481e-13,3.313500761985779,300,991992466
rand1bin,SMCO_R_EVO,Rastrigin,50,3,-13.98534661981762,4.193538952618837,308,991992466
rand1bin,SMCO_BR_EVO,Rastrigin,50,3,-11.992541216222719,4.237328544259071,158,991992466
rand1bin,SA,Rastrigin,50,0,-19.899176104047683,13.525516752153635,300,647279673
rand1bin,SignGD,Rastrigin,50,4,-380.2899030653071,1.7419368047267199,1806,659688733
rand1bin,SPSA,Rastrigin,50,4,-691.1289102582552,0.25952346064150333,4800,659688733
rand1bin,GD,Rastrigin,50,4,-631.795062821106,2.28737036511302,2375,659688733
rand1bin,optimLBFGS,Rastrigin,50,4,-275.60206464237365,0.349306371062994,119,659688733
rand1bin,optimNM,Rastrigin,50,4,-688.4015350571271,0.2752581723034382,2400,659688733
rand1bin,BOBYQA,Rastrigin,50,0,-412.9133260903785,15.477771628648043,2400,647279673
rand1bin,SMCO,Rastrigin,50,4,-14.71349267497277,4.178006466478109,308,659688733
rand1bin,SMCO_R,Rastrigin,50,4,-13.98928436982095,4.168698707595468,158,659688733
rand1bin,SMCO_BR,Rastrigin,50,4,-13.992686723902295,4.2025813441723585,83,659688733
rand1bin,SMCO_EVO,Rastrigin,50,4,-14.668755205335458,4.1471060533076525,308,659688733
rand1bin,SMCO_R_EVO,Rastrigin,50,4,-13.977203521490992,4.128385649994016,308,659688733
rand1bin,PSO,Rastrigin,50,4,-286.3452984820384,0.24192725867033005,300,659688733
rand1bin,SMCO_BR_EVO,Rastrigin,50,4,-12.004207154464382,4.154349226504564,158,659688733
rand1bin,GA,Rastrigin,50,4,-322.38813177391194,0.8202704694122076,300,659688733
rand1bin,ADAM,Rastrigin,50,4,-378.08192519594576,3.6810098364949226,3898,659688733
rand1bin,SA,Rastrigin,50,1,-20.89413516114115,13.349548878148198,300,1677437249
rand1bin,GenSA,Rastrigin,50,4,-0.9949590570934674,3.503243489190936,300,659688733
rand1bin,BOBYQA,Rastrigin,50,1,-389.00451570229495,15.612368607893586,2400,1677437249
rand1bin,SA,Rastrigin,50,2,-14.92438585640474,14.338067024946213,300,315387377
rand1bin,SPSA,Rastrigin,50,5,-689.8620080206418,0.26226708851754665,4800,1940103363
rand1bin,SignGD,Rastrigin,50,5,-375.14549536759836,1.246650805696845,1307,1940103363
rand1bin,optimLBFGS,Rastrigin,50,5,-287.5416139547694,0.34796253591775894,112,1940103363
rand1bin,GD,Rastrigin,50,5,-602.3829823264047,3.016180170699954,3186,1940103363
rand1bin,optimNM,Rastrigin,50,5,-679.6908059293519,0.2797792535275221,2400,1940103363
rand1bin,SMCO,Rastrigin,50,5,-10.567443464319751,4.121039502322674,308,1940103363
rand1bin,SMCO_R,Rastrigin,50,5,-10.007216601894527,4.088180489838123,158,1940103363
rand1bin,BOBYQA,Rastrigin,50,2,-424.17966606917844,15.821894761174917,2400,315387377
rand1bin,SMCO_BR,Rastrigin,50,5,-10.007635662159885,4.207840632647276,83,1940103363
rand1bin,SMCO_EVO,Rastrigin,50,5,-10.724242137938973,4.096928043290973,308,1940103363
rand1bin,SMCO_R_EVO,Rastrigin,50,5,-10.004115038291843,4.11452298052609,308,1940103363
rand1bin,PSO,Rastrigin,50,5,-346.76200441077515,0.24679009988904,300,1940103363
rand1bin,GA,Rastrigin,50,5,-305.6862528836993,0.8105489164590836,300,1940103363
rand1bin,SMCO_BR_EVO,Rastrigin,50,5,-10.015255477367987,4.266044225543737,158,1940103363
rand1bin,ADAM,Rastrigin,50,5,-368.1327156655739,3.7672927286475897,3902,1940103363
rand1bin,GenSA,Rastrigin,50,5,-0.994959057093638,3.3081262204796076,300,1940103363
rand1bin,BOBYQA,Rastrigin,50,3,-334.22433658429577,15.42357256449759,2400,991992466
rand1bin,SMCO_R,Rastrigin,50,6,-12.987192960285995,4.104678990319371,158,814411795
rand1bin,SMCO,Rastrigin,50,6,-12.722190614516478,4.132903352379799,308,814411795
rand1bin,SMCO_BR,Rastrigin,50,6,-12.994404723685363,4.229941634461284,83,814411795
rand1bin,SMCO_EVO,Rastrigin,50,6,-11.725329472008184,4.157015612348914,308,814411795
rand1bin,SPSA,Rastrigin,50,6,-650.4286241417842,0.25523035041987896,4800,814411795
rand1bin,optimLBFGS,Rastrigin,50,6,-283.5617990324247,0.3617492485791445,121,814411795
rand1bin,optimNM,Rastrigin,50,6,-589.5228467278387,0.27880076318979263,2400,814411795
rand1bin,SMCO_R_EVO,Rastrigin,50,6,-11.98722389509544,4.181131029501557,308,814411795
rand1bin,GD,Rastrigin,50,6,-596.970677037187,2.671195402741432,2781,814411795
rand1bin,SignGD,Rastrigin,50,6,-371.2110273538345,2.2071717400103807,2305,814411795
rand1bin,SMCO_BR_EVO,Rastrigin,50,6,-11.006270305189219,4.288671970367432,158,814411795
rand1bin,PSO,Rastrigin,50,6,-320.4809363666111,0.24421126022934914,300,814411795
rand1bin,GA,Rastrigin,50,6,-301.9596007316869,0.8108176589012146,300,814411795
rand1bin,SA,Rastrigin,50,3,-15.919344913492864,15.674351556226611,300,991992466
rand1bin,ADAM,Rastrigin,50,6,-357.18833916433437,3.710278244689107,3862,814411795
rand1bin,GenSA,Rastrigin,50,6,-6.252776074688882e-13,3.339649971574545,300,814411795
rand1bin,SA,Rastrigin,50,4,-19.899176104047115,13.048078181222081,300,659688733
rand1bin,SMCO,Rastrigin,50,7,-14.644958851911213,4.1274653151631355,308,1838791539
rand1bin,SMCO_R,Rastrigin,50,7,-10.008578978271714,4.21857332624495,158,1838791539
rand1bin,SMCO_BR,Rastrigin,50,7,-13.984147451477952,4.219652883708477,83,1838791539
rand1bin,DEoptim,Rastrigin,50,0,-390.50394519491743,30.141231175512075,300,647279673
rand1bin,DEoptim,Rastrigin,50,1,-382.56553411476,26.222424045205116,300,1677437249
rand1bin,SPSA,Rastrigin,50,7,-624.1437591794204,0.34464289993047714,4800,1838791539
rand1bin,optimLBFGS,Rastrigin,50,7,-303.4608591049139,0.35273818485438824,116,1838791539
rand1bin,optimNM,Rastrigin,50,7,-653.5942074305904,0.278278024867177,2400,1838791539
rand1bin,SMCO_EVO,Rastrigin,50,7,-14.781119849245101,4.161627998575568,308,1838791539
rand1bin,BOBYQA,Rastrigin,50,4,-385.07281838634833,15.904376773163676,2400,659688733
rand1bin,PSO,Rastrigin,50,7,-328.2913673571011,0.2446403205394745,300,1838791539
rand1bin,SignGD,Rastrigin,50,7,-371.5707635590643,2.7083052452653646,2804,1838791539
rand1bin,GA,Rastrigin,50,7,-296.21619044009014,0.8154567331075668,300,1838791539
rand1bin,SMCO_R_EVO,Rastrigin,50,7,-15.976843384372955,5.151942720636725,308,1838791539
rand1bin,GD,Rastrigin,50,7,-590.0061167873832,3.726266035810113,3973,1838791539
rand1bin,SMCO_BR_EVO,Rastrigin,50,7,-13.001305321634106,4.271061711013317,158,1838791539
rand1bin,DEoptim,Rastrigin,50,2,-401.95335054554874,26.57073445804417,300,315387377
rand1bin,ADAM,Rastrigin,50,7,-370.1227304602346,3.7567642219364643,3894,1838791539
rand1bin,SA,Rastrigin,50,5,-16.914303970587923,13.708713103085756,300,1940103363
rand1bin,GenSA,Rastrigin,50,7,-2.2737367544323206e-13,4.558727653697133,300,1838791539
rand1bin,SMCO,Rastrigin,50,8,-11.552316994088756,4.161755781620741,308,563824817
rand1bin,SPSA,Rastrigin,50,8,-649.8820668158697,0.343659782782197,4800,563824817
rand1bin,SignGD,Rastrigin,50,8,-368.6270790924509,1.7335997205227613,1806,563824817
rand1bin,SMCO_R,Rastrigin,50,8,-12.984083418837713,4.172025553882122,158,563824817
rand1bin,optimLBFGS,Rastrigin,50,8,-345.2487856049427,0.3145852144807577,99,563824817
rand1bin,SMCO_BR,Rastrigin,50,8,-10.013148883902602,4.228564862161875,83,563824817
rand1bin,BOBYQA,Rastrigin,50,5,-371.75314508942535,15.628652524203062,2400,1940103363
rand1bin,optimNM,Rastrigin,50,8,-646.5133638892926,0.27430851198732853,2400,563824817
rand1bin,GD,Rastrigin,50,8,-604.9318824973326,2.9896406326442957,3173,563824817
rand1bin,PSO,Rastrigin,50,8,-324.34409788283267,0.24247955717146397,300,563824817
rand1bin,SMCO_EVO,Rastrigin,50,8,-12.751343479987838,4.219748670235276,308,563824817
rand1bin,SMCO_R_EVO,Rastrigin,50,8,-11.993949691995851,4.12709222920239,308,563824817
rand1bin,SMCO_BR_EVO,Rastrigin,50,8,-10.015442771588994,4.230594176799059,158,563824817
rand1bin,GA,Rastrigin,50,8,-269.40201537861265,0.8238085396587849,300,563824817
rand1bin,DEoptim,Rastrigin,50,3,-367.4599916846058,26.562398679554462,300,991992466
rand1bin,ADAM,Rastrigin,50,8,-367.13749669858066,3.801306953653693,3904,563824817
rand1bin,SA,Rastrigin,50,6,-19.899176104047058,12.99605349637568,300,814411795
rand1bin,GenSA,Rastrigin,50,8,-3.410605131648481e-13,3.4190718047320843,300,563824817
rand1bin,SPSA,Rastrigin,50,9,-738.4953730852492,0.2576163951307535,4800,872684961
rand1bin,optimLBFGS,Rastrigin,50,9,-298.4861153045679,0.3214706275612116,106,872684961
rand1bin,SMCO,Rastrigin,50,9,-9.749115410525633,4.05812556296587,308,872684961
rand1bin,SMCO_R,Rastrigin,50,9,-10.002933151385662,4.11300846748054,158,872684961
rand1bin,optimNM,Rastrigin,50,9,-646.3524716502858,0.28095573373138905,2400,872684961
rand1bin,SignGD,Rastrigin,50,9,-314.4247090684932,2.2089633997529745,2305,872684961
rand1bin,SMCO_BR,Rastrigin,50,9,-12.991546960916594,4.267736995592713,83,872684961
rand1bin,SMCO_EVO,Rastrigin,50,9,-12.668293130335428,4.064176678657532,308,872684961
rand1bin,BOBYQA,Rastrigin,50,6,-369.95609373626706,15.325505655258894,2400,814411795
rand1bin,SMCO_R_EVO,Rastrigin,50,9,-13.97927110603905,4.1208361107856035,308,872684961
rand1bin,PSO,Rastrigin,50,9,-358.5155388302663,0.24277901090681553,300,872684961
rand1bin,GD,Rastrigin,50,9,-491.5081861656815,2.973365982994437,3106,872684961
rand1bin,SMCO_BR_EVO,Rastrigin,50,9,-12.991727572363004,4.287049043923616,158,872684961
rand1bin,GA,Rastrigin,50,9,-301.82975805393363,0.8357863463461399,300,872684961
rand1bin,ADAM,Rastrigin,50,9,-312.4153982130942,3.722761794924736,3916,872684961
rand1bin,DEoptim,Rastrigin,50,4,-336.9550262200844,27.059151384979486,300,659688733
rand1bin,SA,Rastrigin,50,7,-18.90422208477281,12.880809381604195,300,1838791539
rand1bin,GenSA,Rastrigin,50,9,-0.9949590570944906,3.4904829896986485,300,872684961
rand1bin,SPSA,Rastrigin,50,10,-665.6042727375209,0.2544833570718765,4800,95159912
rand1bin,optimLBFGS,Rastrigin,50,10,-264.65784686931215,0.39055037684738636,130,95159912
rand1bin,GD,Rastrigin,50,10,-548.7089760379984,2.6019207034260035,2771,95159912
rand1bin,SMCO,Rastrigin,50,10,-9.784708027842044,4.185515468940139,308,95159912
rand1bin,SignGD,Rastrigin,50,10,-345.6352973899674,1.7591362968087196,1806,95159912
rand1bin,SMCO_R,Rastrigin,50,10,-11.006555146787719,4.123051913455129,158,95159912
rand1bin,SMCO_BR,Rastrigin,50,10,-11.99526552632301,4.105025781318545,83,95159912
rand1bin,optimNM,Rastrigin,50,10,-707.1336297838384,0.2715342193841934,2400,95159912
rand1bin,SMCO_EVO,Rastrigin,50,10,-11.784408005051716,4.131743490695953,308,95159912
rand1bin,SMCO_R_EVO,Rastrigin,50,10,-11.006848578945835,4.202094020321965,308,95159912
rand1bin,PSO,Rastrigin,50,10,-301.27700471573837,0.242612075060606,300,95159912
rand1bin,BOBYQA,Rastrigin,50,7,-377.259395665092,15.267486864700913,2400,1838791539
rand1bin,SMCO_BR_EVO,Rastrigin,50,10,-9.02148685729992,4.333527125418186,158,95159912
rand1bin,GA,Rastrigin,50,10,-311.7403916073621,0.803512392565608,300,95159912
rand1bin,ADAM,Rastrigin,50,10,-344.2539719847766,3.7303664833307266,3942,95159912
rand1bin,DEoptim,Rastrigin,50,5,-393.45080620149605,26.927223913371563,300,1940103363
rand1bin,GenSA,Rastrigin,50,10,-6.821210263296962e-13,3.3847063556313515,300,95159912
rand1bin,SMCO,Rastrigin,50,11,-9.69941843218686,4.132295925170183,308,877196067
rand1bin,SMCO_R,Rastrigin,50,11,-12.988368429535228,4.177126072347164,158,877196067
rand1bin,SPSA,Rastrigin,50,11,-683.9751246608257,0.2629738748073578,4800,877196067
rand1bin,SMCO_BR,Rastrigin,50,11,-11.01370927929878,4.182698270305991,83,877196067
rand1bin,SA,Rastrigin,50,8,-20.894135161141207,13.993422824889421,300,563824817
rand1bin,optimLBFGS,Rastrigin,50,11,-252.718398920495,0.3923444803804159,126,877196067
rand1bin,optimNM,Rastrigin,50,11,-599.0116028059878,0.2701644152402878,2400,877196067
rand1bin,SMCO_EVO,Rastrigin,50,11,-13.752025684508965,4.088915180414915,308,877196067
rand1bin,SignGD,Rastrigin,50,11,-332.9870347554181,2.2251578103750944,2305,877196067
rand1bin,SMCO_BR_EVO,Rastrigin,50,11,-10.022951239812016,4.165219817310572,158,877196067
rand1bin,SMCO_R_EVO,Rastrigin,50,11,-14.977037720003125,4.254539018496871,308,877196067
rand1bin,PSO,Rastrigin,50,11,-379.96757370770456,0.2456982545554638,300,877196067
rand1bin,GA,Rastrigin,50,11,-311.3468573210017,0.8077877648174763,300,877196067
rand1bin,GD,Rastrigin,50,11,-646.0480449450102,3.7543650455772877,3986,877196067
rand1bin,ADAM,Rastrigin,50,11,-331.3194944922891,3.7866554986685514,3882,877196067
rand1bin,GenSA,Rastrigin,50,11,-2.2737367544323206e-13,3.6002443339675665,300,877196067
rand1bin,SA,Rastrigin,50,9,-22.884053275327005,13.020038716495037,300,872684961
rand1bin,DEoptim,Rastrigin,50,6,-389.7048535490632,27.78669167123735,300,814411795
rand1bin,SMCO,Rastrigin,50,12,-12.74993596509745,4.018940512090921,308,1525490646
rand1bin,SMCO_R,Rastrigin,50,12,-11.991114227248602,4.1695329286158085,158,1525490646
rand1bin,SPSA,Rastrigin,50,12,-706.3113876773091,0.2526687402278185,4800,1525490646
rand1bin,SMCO_BR,Rastrigin,50,12,-10.014655795209876,4.203066008165479,83,1525490646
rand1bin,optimLBFGS,Rastrigin,50,12,-258.6881726910541,0.3365343436598778,112,1525490646
rand1bin,optimNM,Rastrigin,50,12,-619.5824235828893,0.283538393676281,2400,1525490646
rand1bin,SMCO_EVO,Rastrigin,50,12,-10.81200610660261,4.0678220968693495,308,1525490646
rand1bin,BOBYQA,Rastrigin,50,9,-308.06498909260324,15.288540719076991,2400,872684961
rand1bin,BOBYQA,Rastrigin,50,8,-376.4506317216586,19.473743923008442,2400,563824817
rand1bin,SignGD,Rastrigin,50,12,-313.96655260612954,1.737932000309229,1806,1525490646
rand1bin,SMCO_R_EVO,Rastrigin,50,12,-10.991301387307658,4.093294879421592,308,1525490646
rand1bin,PSO,Rastrigin,50,12,-281.8416897822146,0.3226446807384491,300,1525490646
rand1bin,GA,Rastrigin,50,12,-297.8690479019766,0.8105628564953804,300,1525490646
rand1bin,SMCO_BR_EVO,Rastrigin,50,12,-11.009622567511371,4.32278155349195,158,1525490646
rand1bin,GD,Rastrigin,50,12,-572.0966391825979,3.043667208403349,3147,1525490646
rand1bin,DEoptim,Rastrigin,50,7,-387.0950264621696,25.849081128835678,300,1838791539
rand1bin,ADAM,Rastrigin,50,12,-312.41550011470986,3.82427004724741,3886,1525490646
rand1bin,GenSA,Rastrigin,50,12,-1.989918114187276,3.4867447074502707,300,1525490646
rand1bin,SignGD,Rastrigin,50,13,-366.2307413386778,1.2755455840379,1307,1904583440
rand1bin,SPSA,Rastrigin,50,13,-693.0268725680343,0.2669035028666258,4800,1904583440
rand1bin,SA,Rastrigin,50,10,-30.843720694254955,14.155114702880383,300,95159912
rand1bin,optimLBFGS,Rastrigin,50,13,-286.54663958270123,0.3674246221780777,117,1904583440
rand1bin,SMCO_R,Rastrigin,50,13,-12.984811367501436,4.063703648746014,158,1904583440
rand1bin,SMCO,Rastrigin,50,13,-10.715207319984415,4.157046997919679,308,1904583440
rand1bin,optimNM,Rastrigin,50,13,-640.7887142977158,0.2810699883848429,2400,1904583440
rand1bin,BOBYQA,Rastrigin,50,10,-345.1943584407866,15.375526413321495,2400,95159912
rand1bin,SMCO_EVO,Rastrigin,50,13,-11.703814771536315,4.150972114875913,308,1904583440
rand1bin,PSO,Rastrigin,50,13,-335.940792858127,0.24456441961228848,300,1904583440
rand1bin,GD,Rastrigin,50,13,-604.4975559745836,3.703341033309698,3978,1904583440
rand1bin,SMCO_R_EVO,Rastrigin,50,13,-10.002293218196655,4.22233422473073,308,1904583440
rand1bin,GA,Rastrigin,50,13,-324.8408374362832,0.8133218437433243,300,1904583440
rand1bin,SMCO_BR_EVO,Rastrigin,50,13,-14.974731864214107,4.312795655801892,158,1904583440
rand1bin,SMCO_BR,Rastrigin,50,13,-12.002546885601873,5.853748990222812,83,1904583440
rand1bin,ADAM,Rastrigin,50,13,-364.1529557389073,3.7930804640054703,3902,1904583440
rand1bin,GenSA,Rastrigin,50,13,-0.9949590570937517,3.582656104117632,300,1904583440
rand1bin,SA,Rastrigin,50,11,-22.88405327532695,13.54143725708127,300,877196067
rand1bin,DEoptim,Rastrigin,50,8,-393.6970152163573,27.800151055678725,300,563824817
rand1bin,SPSA,Rastrigin,50,14,-679.620467888961,0.2580239251255989,4800,703381016
rand1bin,optimLBFGS,Rastrigin,50,14,-314.4052101497076,0.31842125207185745,103,703381016
rand1bin,SMCO,Rastrigin,50,14,-12.812148173315734,4.141631482169032,308,703381016
rand1bin,SMCO_R,Rastrigin,50,14,-13.99020058884662,4.074892196804285,158,703381016
rand1bin,GD,Rastrigin,50,14,-544.2399980441573,2.6368500720709562,2764,703381016
rand1bin,SignGD,Rastrigin,50,14,-388.1457123150225,1.7171181440353394,1806,703381016
rand1bin,optimNM,Rastrigin,50,14,-637.215291743401,0.2743059527128935,2400,703381016
rand1bin,SMCO_EVO,Rastrigin,50,14,-13.596262779801293,4.132285062223673,308,703381016
rand1bin,SMCO_BR,Rastrigin,50,14,-13.007693721403086,4.276552999392152,83,703381016
rand1bin,SMCO_R_EVO,Rastrigin,50,14,-11.999112730752188,4.225438157096505,308,703381016
rand1bin,PSO,Rastrigin,50,14,-359.142264951745,0.24401816353201866,300,703381016
rand1bin,BOBYQA,Rastrigin,50,11,-345.7366722108146,15.563212607055902,2400,877196067
rand1bin,GA,Rastrigin,50,14,-296.0095682151044,0.8135559242218733,300,703381016
rand1bin,SMCO_BR_EVO,Rastrigin,50,14,-9.015640334054638,5.956016145646572,158,703381016
rand1bin,ADAM,Rastrigin,50,14,-386.0417051927178,3.8231408074498177,3914,703381016
rand1bin,DEoptim,Rastrigin,50,9,-406.3734968025437,27.309893747791648,300,872684961
rand1bin,GenSA,Rastrigin,50,14,-0.994959057093638,3.4025326929986477,300,703381016
rand1bin,SA,Rastrigin,50,12,-21.889089180415,13.452287895604968,300,1525490646
rand1bin,SPSA,Rastrigin,50,15,-694.239697366022,0.26366051472723484,4800,858292637
rand1bin,optimLBFGS,Rastrigin,50,15,-317.39016505016144,0.342726182192564,107,858292637
rand1bin,SMCO,Rastrigin,50,15,-12.661463969024396,4.185426436364651,308,858292637
rand1bin,SMCO_R,Rastrigin,50,15,-9.004929884128558,4.199313560500741,158,858292637
rand1bin,SMCO_BR,Rastrigin,50,15,-12.99903415402241,4.183304600417614,83,858292637
rand1bin,SMCO_EVO,Rastrigin,50,15,-12.680879967173098,4.184478679671884,308,858292637
rand1bin,optimNM,Rastrigin,50,15,-629.6049145330228,0.2783914841711521,2400,858292637
rand1bin,SignGD,Rastrigin,50,15,-370.6791081732762,1.735688827931881,1806,858292637
rand1bin,BOBYQA,Rastrigin,50,12,-307.16618413961874,15.275045780465007,2400,1525490646
rand1bin,SMCO_R_EVO,Rastrigin,50,15,-12.988590275454726,4.144531523808837,308,858292637
rand1bin,PSO,Rastrigin,50,15,-268.26755697346437,0.24711349606513977,300,858292637
rand1bin,GD,Rastrigin,50,15,-575.0815472229143,2.9761166516691446,3093,858292637
rand1bin,GA,Rastrigin,50,15,-294.08489921097055,0.8223280925303698,300,858292637
rand1bin,ADAM,Rastrigin,50,15,-369.12751205054485,3.7128614708781242,3898,858292637
rand1bin,DEoptim,Rastrigin,50,10,-394.1260488523726,26.54872298054397,300,95159912
rand1bin,GenSA,Rastrigin,50,15,-2.8421709430404007e-13,3.459648570045829,300,858292637
rand1bin,SA,Rastrigin,50,13,-16.914303970586843,13.622125420719385,300,1904583440
rand1bin,SMCO_BR_EVO,Rastrigin,50,15,-13.988367115569815,5.9554629027843475,158,858292637
rand1bin,SPSA,Rastrigin,50,16,-705.7100562606598,0.34498376585543156,4800,1089980771
rand1bin,SMCO,Rastrigin,50,16,-9.687990283004524,4.095282539725304,308,1089980771
rand1bin,SMCO_R,Rastrigin,50,16,-10.998370101167552,4.168557422235608,158,1089980771
rand1bin,optimLBFGS,Rastrigin,50,16,-245.7536781635114,0.4394191261380911,110,1089980771
rand1bin,SMCO_BR,Rastrigin,50,16,-12.997348758697058,4.241869814693928,83,1089980771
rand1bin,optimNM,Rastrigin,50,16,-586.2423085356845,0.2752899471670389,2400,1089980771
rand1bin,SMCO_EVO,Rastrigin,50,16,-11.762526120610687,4.1593246683478355,308,1089980771
rand1bin,SMCO_R_EVO,Rastrigin,50,16,-7.025842713387931,4.207124197855592,308,1089980771
rand1bin,GD,Rastrigin,50,16,-583.146460417509,2.9477768819779158,3088,1089980771
rand1bin,PSO,Rastrigin,50,16,-259.7063205410714,0.2494492195546627,300,1089980771
rand1bin,BOBYQA,Rastrigin,50,13,-366.7026542355728,15.646569423377514,2400,1904583440
rand1bin,GA,Rastrigin,50,16,-313.1294203694987,0.8328595831990242,300,1089980771
rand1bin,SignGD,Rastrigin,50,16,-312.3737307211187,2.708231633529067,2804,1089980771
rand1bin,SMCO_BR_EVO,Rastrigin,50,16,-9.019523743924083,4.202568728476763,158,1089980771
rand1bin,DEoptim,Rastrigin,50,11,-390.63763257701385,26.580797957256436,300,877196067
rand1bin,ADAM,Rastrigin,50,16,-310.42583123624354,3.7691759802401066,3886,1089980771
rand1bin,SignGD,Rastrigin,50,17,-345.89316425513096,1.2645080834627151,1307,171640614
rand1bin,SA,Rastrigin,50,14,-19.899181141869633,13.765223795548081,300,703381016
rand1bin,GenSA,Rastrigin,50,16,-2.8421709430404007e-13,4.4681681878864765,300,1089980771
rand1bin,SPSA,Rastrigin,50,17,-666.5719005666276,0.26171474903821945,4800,171640614
rand1bin,SMCO,Rastrigin,50,17,-8.725847235474305,4.120401248335838,308,171640614
rand1bin,optimLBFGS,Rastrigin,50,17,-279.5820113267555,0.4478206764906645,108,171640614
rand1bin,SMCO_R,Rastrigin,50,17,-11.99081400678483,4.204506238922477,158,171640614
rand1bin,optimNM,Rastrigin,50,17,-588.1242977852286,0.27261870726943016,2400,171640614
rand1bin,SMCO_BR,Rastrigin,50,17,-11.00730600799534,4.284688355401158,83,171640614
rand1bin,SMCO_EVO,Rastrigin,50,17,-10.740093826689417,4.179472982883453,308,171640614
rand1bin,GD,Rastrigin,50,17,-605.9249735134737,2.962670398876071,3169,171640614
rand1bin,SMCO_R_EVO,Rastrigin,50,17,-9.013500695284506,4.225599363446236,308,171640614
rand1bin,PSO,Rastrigin,50,17,-371.47309778144347,0.24771500378847122,300,171640614
rand1bin,BOBYQA,Rastrigin,50,14,-383.8944185096613,15.658452805131674,2400,703381016
rand1bin,GA,Rastrigin,50,17,-311.3623796838499,0.8265942502766848,300,171640614
rand1bin,SMCO_BR_EVO,Rastrigin,50,17,-11.996788131237395,4.229833357036114,158,171640614
rand1bin,DEoptim,Rastrigin,50,12,-376.6982583955816,26.40416164509952,300,1525490646
rand1bin,ADAM,Rastrigin,50,17,-327.3396926499082,3.7619977332651615,3892,171640614
rand1bin,SA,Rastrigin,50,15,-15.919344913492864,13.025511914864182,300,858292637
rand1bin,GenSA,Rastrigin,50,17,-0.994959057093638,4.5231265891343355,300,171640614
rand1bin,SMCO,Rastrigin,50,18,-10.698448801017435,4.118078211322427,308,1045330318
rand1bin,SPSA,Rastrigin,50,18,-719.7903083752841,0.3460372928529978,4800,1045330318
rand1bin,SMCO_R,Rastrigin,50,18,-12.985834943065868,4.2088115029037,158,1045330318
rand1bin,optimLBFGS,Rastrigin,50,18,-281.57216924399086,0.31619257666170597,105,1045330318
rand1bin,SMCO_BR,Rastrigin,50,18,-7.025273439641808,4.253354825079441,83,1045330318
rand1bin,SMCO_EVO,Rastrigin,50,18,-7.786422837198643,4.141274331137538,308,1045330318
rand1bin,GD,Rastrigin,50,18,-504.1428024813955,2.9086487982422113,3117,1045330318
rand1bin,optimNM,Rastrigin,50,18,-664.6904639331852,0.2794885914772749,2400,1045330318
rand1bin,SMCO_R_EVO,Rastrigin,50,18,-7.0201549735994035,4.225936938077211,308,1045330318
rand1bin,SMCO_BR_EVO,Rastrigin,50,18,-10.012184824835515,4.20812058262527,158,1045330318
rand1bin,PSO,Rastrigin,50,18,-264.1154503991166,0.247988261282444,300,1045330318
rand1bin,SignGD,Rastrigin,50,18,-305.01093061963707,2.676673263311386,2804,1045330318
rand1bin,BOBYQA,Rastrigin,50,15,-387.98867648250683,15.832087364047766,2400,858292637
rand1bin,GA,Rastrigin,50,18,-300.6290559038782,0.8060075435787439,300,1045330318
rand1bin,ADAM,Rastrigin,50,18,-303.4613051933643,3.723418280482292,3896,1045330318
rand1bin,GenSA,Rastrigin,50,18,-9.094947017729282e-13,3.4860488157719374,300,1045330318
rand1bin,SA,Rastrigin,50,16,-15.919344913493035,13.355788059532642,300,1089980771
rand1bin,DEoptim,Rastrigin,50,13,-401.2603039120747,27.88617043569684,300,1904583440
rand1bin,SPSA,Rastrigin,50,19,-711.0367263280157,0.26436493918299675,4800,1468294424
rand1bin,optimLBFGS,Rastrigin,50,19,-271.6222392087409,0.339005621150136,111,1468294424
rand1bin,SMCO_R,Rastrigin,50,19,-13.989141027939695,4.062892109155655,158,1468294424
rand1bin,SMCO,Rastrigin,50,19,-14.694884554368116,4.200185231864452,308,1468294424
rand1bin,optimNM,Rastrigin,50,19,-666.7032797819617,0.27730873227119446,2400,1468294424
rand1bin,SMCO_EVO,Rastrigin,50,19,-10.69497323764125,4.185250012204051,308,1468294424
rand1bin,SMCO_BR,Rastrigin,50,19,-11.997800354557569,4.280144892632961,83,1468294424
rand1bin,SMCO_R_EVO,Rastrigin,50,19,-15.971929989569787,4.190180299803615,308,1468294424
rand1bin,BOBYQA,Rastrigin,50,16,-332.4052664825816,15.288735911250114,2400,1089980771
rand1bin,SignGD,Rastrigin,50,19,-410.89017502741353,1.711572803556919,1806,1468294424
rand1bin,SMCO_BR_EVO,Rastrigin,50,19,-13.994338768381851,4.1724077723920345,158,1468294424
rand1bin,PSO,Rastrigin,50,19,-325.21865349681264,0.2487184088677168,300,1468294424
rand1bin,GD,Rastrigin,50,19,-619.4151623274958,3.3470737785100937,3562,1468294424
rand1bin,GA,Rastrigin,50,19,-290.12549973711714,0.8246916234493256,300,1468294424
rand1bin,ADAM,Rastrigin,50,19,-408.92545390438755,3.7741795368492603,3898,1468294424
rand1bin,DEoptim,Rastrigin,50,14,-416.0114086673378,26.80583950690925,300,703381016
rand1bin,GenSA,Rastrigin,50,19,-1.989918114187276,3.424684865400195,300,1468294424
rand1bin,SA,Rastrigin,50,17,-22.884048237507898,13.329010982066393,300,171640614
rand1bin,SPSA,Ackley,50,0,-19.903814314709898,0.2485623974353075,3418,1758196856
rand1bin,optimLBFGS,Ackley,50,0,-19.24641060449284,0.2986712697893381,79,1758196856
rand1bin,BOBYQA,Rastrigin,50,17,-333.2697744772742,15.28562924079597,2400,171640614
rand1bin,SignGD,Ackley,50,0,-19.28846745122666,2.67043768055737,1806,1758196856
rand1bin,optimNM,Ackley,50,0,-20.265701206965428,0.3899846486747265,2400,1758196856
rand1bin,SMCO,Ackley,50,0,-0.35055752625428527,6.654598377645016,308,1758196856
rand1bin,SMCO_R,Ackley,50,0,-0.0681900952533181,6.67759907618165,158,1758196856
rand1bin,SMCO_BR,Ackley,50,0,-0.07290122349185468,6.758381338790059,83,1758196856
rand1bin,SMCO_EVO,Ackley,50,0,-0.3611744207323615,6.776767857372761,308,1758196856
rand1bin,SMCO_R_EVO,Ackley,50,0,-0.07047803978346368,6.708688830956817,308,1758196856
rand1bin,PSO,Ackley,50,0,-14.210409165722174,0.5163918361067772,300,1758196856
rand1bin,SMCO_BR_EVO,Ackley,50,0,-0.07226705180895054,6.880356203764677,158,1758196856
rand1bin,GD,Ackley,50,0,-19.246411357153523,5.470252510160208,3685,1758196856
rand1bin,GA,Ackley,50,0,-7.285430313909577,0.9794066194444895,300,1758196856
rand1bin,DEoptim,Rastrigin,50,15,-360.01657937390905,27.90279179625213,300,858292637
rand1bin,SA,Rastrigin,50,18,-22.884053275402096,13.742736652493477,300,1045330318
rand1bin,ADAM,Ackley,50,0,-19.246410528278897,5.900163445621729,3936,1758196856
rand1bin,GenSA,Ackley,50,0,-1.9994683686519465e-08,4.704328754916787,300,1758196856
rand1bin,SPSA,Ackley,50,1,-20.284103929466813,0.17201588302850723,2412,302802249
rand1bin,optimLBFGS,Ackley,50,1,-19.322859366068297,0.3268661964684725,90,302802249
rand1bin,SignGD,Ackley,50,1,-19.334041863248412,2.6787187978625298,1806,302802249
rand1bin,optimNM,Ackley,50,1,-20.419178288160076,0.38530642352998257,2400,302802249
rand1bin,DEoptim,Rastrigin,50,16,-377.1313667365339,26.912340316921473,300,1089980771
rand1bin,SA,Rastrigin,50,19,-14.924385856399681,12.808724893257022,300,1468294424
rand1bin,SMCO,Ackley,50,1,-0.3717982679246217,6.7195679266005754,308,302802249
rand1bin,SMCO_R,Ackley,50,1,-0.06524236197400457,6.649290872737765,158,302802249
rand1bin,BOBYQA,Rastrigin,50,18,-303.23649191261615,19.0044337939471,2400,1045330318
rand1bin,SMCO_EVO,Ackley,50,1,-0.3806916278088335,6.694967744871974,308,302802249
rand1bin,PSO,Ackley,50,1,-17.053503555652043,0.37267619743943214,300,302802249
rand1bin,SMCO_R_EVO,Ackley,50,1,-0.07273288194461403,6.7126829624176025,308,302802249
rand1bin,SMCO_BR_EVO,Ackley,50,1,-0.07742253402781474,6.785687064751983,158,302802249
rand1bin,GA,Ackley,50,1,-6.82015742039097,0.989694882184267,300,302802249
rand1bin,ADAM,Ackley,50,1,-19.322859365879467,5.959639187902212,3976,302802249
rand1bin,GD,Ackley,50,1,-19.322859427566424,6.457353979349136,4354,302802249
rand1bin,BOBYQA,Rastrigin,50,19,-418.78543035252824,15.854712504893541,2400,1468294424
rand1bin,SMCO_BR,Ackley,50,1,-0.07412717362042587,8.521642768755555,83,302802249
rand1bin,SPSA,Ackley,50,2,-20.16585699382693,0.1645248793065548,2322,1073083343
rand1bin,optimLBFGS,Ackley,50,2,-19.31373954636322,0.31703212298452854,86,1073083343
rand1bin,DEoptim,Rastrigin,50,17,-349.0820027428593,26.520940186455846,300,171640614
rand1bin,GenSA,Ackley,50,1,-1.9402236706156373e-08,4.7881982289254665,300,302802249
rand1bin,optimNM,Ackley,50,2,-20.283821364804343,0.374839436262846,2400,1073083343
rand1bin,SignGD,Ackley,50,2,-19.32537822136912,2.6919980123639107,1806,1073083343
rand1bin,BOBYQA,Ackley,50,0,-19.281476874436855,16.265892758965492,2400,1758196856
rand1bin,SMCO_R,Ackley,50,2,-0.07329915409318177,6.728160755708814,158,1073083343
rand1bin,ADAM,Ackley,50,2,-19.31373953856102,5.913650289177895,3942,1073083343
rand1bin,SMCO_BR,Ackley,50,2,-0.0736503158101951,6.738982055336237,83,1073083343
rand1bin,SMCO_EVO,Ackley,50,2,-0.3598028861758569,6.707083834335208,308,1073083343
rand1bin,GA,Ackley,50,2,-6.840067261273649,0.9905920177698135,300,1073083343
rand1bin,PSO,Ackley,50,2,-14.551987034757731,0.37943348474800587,300,1073083343
rand1bin,SMCO_R_EVO,Ackley,50,2,-0.06707573669172762,6.6382371336221695,308,1073083343
rand1bin,GD,Ackley,50,2,-19.314027925622074,6.495858618989587,4366,1073083343
rand1bin,GenSA,Ackley,50,2,-1.9480296931106977e-08,4.8815044816583395,300,1073083343
rand1bin,SMCO_BR_EVO,Ackley,50,2,-0.06683613307776115,6.870766174048185,158,1073083343
rand1bin,DEoptim,Rastrigin,50,18,-397.1550399857557,26.98173274844885,300,1045330318
rand1bin,SPSA,Ackley,50,3,-20.531961468725196,0.1542260479182005,2156,1376058949
rand1bin,optimLBFGS,Ackley,50,3,-19.363084962381855,0.3459903411567211,89,1376058949
rand1bin,SA,Ackley,50,0,-19.22591740922662,18.758537793532014,300,1758196856
rand1bin,SignGD,Ackley,50,3,-19.37237171390192,2.705098543316126,1806,1376058949
rand1bin,optimNM,Ackley,50,3,-20.332844412092026,0.39559983275830746,2400,1376058949
rand1bin,GD,Ackley,50,3,-19.363361630826294,5.8164825942367315,3888,1376058949
rand1bin,DEoptim,Rastrigin,50,19,-380.31062969078664,27.410662170499563,300,1468294424
rand1bin,ADAM,Ackley,50,3,-19.36308476317549,5.924199489876628,3932,1376058949
rand1bin,SMCO_R,Ackley,50,3,-0.06910828277566994,6.642351634800434,158,1376058949
rand1bin,SMCO,Ackley,50,3,-0.3413167873961176,6.743139611557126,308,1376058949
rand1bin,SMCO,Ackley,50,2,-0.35043546359378697,13.803277419880033,308,1073083343
rand1bin,BOBYQA,Ackley,50,1,-19.348841929846206,17.360126495361328,2400,302802249
rand1bin,PSO,Ackley,50,3,-13.763590702357607,0.38522062823176384,300,1376058949
rand1bin,SMCO_EVO,Ackley,50,3,-0.3386706493310965,6.7423884477466345,308,1376058949
rand1bin,SMCO_BR,Ackley,50,3,-0.06539671462365293,6.827523406594992,83,1376058949
rand1bin,SMCO_BR_EVO,Ackley,50,3,-0.07622504152345799,6.757875295355916,158,1376058949
rand1bin,SMCO_R_EVO,Ackley,50,3,-0.06927706437671022,6.768502801656723,308,1376058949
rand1bin,GA,Ackley,50,3,-6.5844249652947795,0.9841733425855637,300,1376058949
rand1bin,SPSA,Ackley,50,4,-20.160737980716092,0.18253863602876663,2510,971522874
rand1bin,optimLBFGS,Ackley,50,4,-19.470550735764263,0.36098566465079784,96,971522874
rand1bin,GenSA,Ackley,50,3,-1.9756886349142633e-08,4.758499385789037,300,1376058949
rand1bin,optimNM,Ackley,50,4,-20.527780543031092,0.39484621956944466,2400,971522874
rand1bin,SA,Ackley,50,1,-19.64872362406118,18.39306689053774,300,302802249
rand1bin,SignGD,Ackley,50,4,-19.481773649192103,3.3798356484621763,2305,971522874
rand1bin,BOBYQA,Ackley,50,2,-19.351179139581795,15.64555562660098,2400,1073083343
rand1bin,GA,Ackley,50,4,-6.719166127007236,0.9780736919492483,300,971522874
rand1bin,PSO,Ackley,50,4,-17.33452049219698,0.3732591029256582,300,971522874
rand1bin,GD,Ackley,50,4,-19.470550839979577,5.962478356435895,4029,971522874
rand1bin,ADAM,Ackley,50,4,-19.4705507357415,5.933555517345667,3964,971522874
rand1bin,SMCO,Ackley,50,4,-0.3811627619824418,6.6329007390886545,308,971522874
rand1bin,GenSA,Ackley,50,4,-1.9276388929512223e-08,4.9073212295770645,300,971522874
rand1bin,SMCO_EVO,Ackley,50,4,-0.3701423356544713,6.616333005949855,308,971522874
rand1bin,SMCO_R,Ackley,50,4,-0.06806189392205342,6.71914198435843,158,971522874
rand1bin,SA,Ackley,50,2,-19.65303593999528,17.82447305880487,300,1073083343
rand1bin,SMCO_R_EVO,Ackley,50,4,-0.0714749495691831,6.899175995960832,308,971522874
rand1bin,SMCO_BR_EVO,Ackley,50,4,-0.0703820775263897,7.0102840550243855,158,971522874
rand1bin,SPSA,Ackley,50,5,-20.40540657157229,0.12616298720240593,1738,1541453820
rand1bin,optimLBFGS,Ackley,50,5,-19.362423331747976,0.3594000320881605,99,1541453820
rand1bin,DEoptim,Ackley,50,0,-0.185084382090285,29.431070106104016,300,1758196856
rand1bin,optimNM,Ackley,50,5,-20.341937189187433,0.3745250888168812,2400,1541453820
rand1bin,SignGD,Ackley,50,5,-19.372792576527477,2.671935459598899,1806,1541453820
rand1bin,SMCO_BR,Ackley,50,4,-0.06674454126620732,9.950030136853456,83,971522874
rand1bin,GD,Ackley,50,5,-19.362482284063002,4.992378376424313,3364,1541453820
rand1bin,SMCO,Ackley,50,5,-0.37621354097308357,6.6486832071095705,308,1541453820
rand1bin,GA,Ackley,50,5,-7.1397289343553005,0.9895167145878077,300,1541453820
rand1bin,PSO,Ackley,50,5,-14.373344222283205,0.3847040291875601,300,1541453820
rand1bin,SMCO_R,Ackley,50,5,-0.0717678469075449,6.698767986148596,158,1541453820
rand1bin,ADAM,Ackley,50,5,-19.362423231288265,5.881805781275034,3928,1541453820
rand1bin,SMCO_BR,Ackley,50,5,-0.07670384493456384,6.788632087409496,83,1541453820
rand1bin,SMCO_EVO,Ackley,50,5,-0.3635993214335511,6.658440962433815,308,1541453820
rand1bin,SMCO_R_EVO,Ackley,50,5,-0.07137188243167758,6.739577658474445,308,1541453820
rand1bin,SMCO_BR_EVO,Ackley,50,5,-0.07598677369169637,6.763256596401334,158,1541453820
rand1bin,GenSA,Ackley,50,5,-2.0110129117512088e-08,4.712382983416319,300,1541453820
rand1bin,BOBYQA,Ackley,50,3,-19.39037108916517,18.886406807228923,2400,1376058949
rand1bin,SPSA,Ackley,50,6,-19.856061178444094,0.2251469325274229,3167,487299904
rand1bin,DEoptim,Ackley,50,1,-0.1122743350156381,29.428443958982825,300,302802249
rand1bin,optimLBFGS,Ackley,50,6,-19.188392433393357,0.3953851480036974,97,487299904
rand1bin,optimNM,Ackley,50,6,-20.005584321314718,0.3833036329597235,2400,487299904
rand1bin,SA,Ackley,50,3,-19.42608458831856,18.696642825379968,300,1376058949
rand1bin,SignGD,Ackley,50,6,-19.20007845863058,3.3859375286847353,2305,487299904
rand1bin,BOBYQA,Ackley,50,4,-19.498074312683652,16.14626594260335,2400,971522874
rand1bin,GA,Ackley,50,6,-7.0472581687820846,0.9849182236939669,300,487299904
rand1bin,PSO,Ackley,50,6,-14.007955534637235,0.38005998730659485,300,487299904
rand1bin,ADAM,Ackley,50,6,-19.188392242443935,5.786087866872549,3910,487299904
rand1bin,GenSA,Ackley,50,6,-1.9765263647997244e-08,4.658742040395737,300,487299904
rand1bin,SMCO,Ackley,50,6,-0.3547977331929073,6.863984812051058,308,487299904
rand1bin,GD,Ackley,50,6,-19.188393157250058,6.25726087205112,4199,487299904
rand1bin,SMCO_EVO,Ackley,50,6,-0.3615631882592436,6.729595003649592,308,487299904
rand1bin,SMCO_BR,Ackley,50,6,-0.07383786759486854,6.782013604417443,83,487299904
rand1bin,SMCO_R_EVO,Ackley,50,6,-0.07096356640813228,6.728893602266908,308,487299904
rand1bin,SMCO_BR_EVO,Ackley,50,6,-0.07258381853076346,6.7904858235269785,158,487299904
rand1bin,DEoptim,Ackley,50,2,-0.039658980086436646,30.768465016037226,300,1073083343
rand1bin,SPSA,Ackley,50,7,-20.223641760753743,0.13466861099004745,1835,338391265
rand1bin,optimLBFGS,Ackley,50,7,-19.336104058621277,0.36707610078155994,96,338391265
rand1bin,SA,Ackley,50,4,-19.231792242182692,18.31259861215949,300,971522874
rand1bin,optimNM,Ackley,50,7,-20.410738292875482,0.38181781210005283,2400,338391265
rand1bin,SMCO_R,Ackley,50,6,-0.0655613737708447,9.445693830028176,158,487299904
rand1bin,SignGD,Ackley,50,7,-19.34575525854632,2.70856449380517,1806,338391265
rand1bin,BOBYQA,Ackley,50,5,-19.393542587614217,16.512974059209228,2400,1541453820
rand1bin,GA,Ackley,50,7,-6.8716576228829265,0.9903510008007288,300,338391265
rand1bin,SMCO,Ackley,50,7,-0.38013892638958113,6.743865244090557,308,338391265
rand1bin,PSO,Ackley,50,7,-6.626039929420028,0.3792889881879091,300,338391265
rand1bin,ADAM,Ackley,50,7,-19.336104045730824,5.8502405397593975,3962,338391265
rand1bin,GD,Ackley,50,7,-19.336104094953374,6.150107767432928,4140,338391265
rand1bin,SMCO_R,Ackley,50,7,-0.06818951287304431,6.634271724149585,158,338391265
rand1bin,SMCO_EVO,Ackley,50,7,-0.35854499205827084,6.660252619534731,308,338391265
rand1bin,SMCO_BR,Ackley,50,7,-0.07690432711307382,6.737433036789298,83,338391265
rand1bin,SMCO_R_EVO,Ackley,50,7,-0.06882199852657722,6.788515027612448,308,338391265
rand1bin,GenSA,Ackley,50,7,-1.9424288399960687e-08,4.985481236129999,300,338391265
rand1bin,SMCO_BR_EVO,Ackley,50,7,-0.07696580515699525,6.888590078800917,158,338391265
rand1bin,SPSA,Ackley,50,8,-20.5337757406203,0.14456088840961456,1969,2049854445
rand1bin,optimLBFGS,Ackley,50,8,-19.39206747114037,0.3052208945155144,79,2049854445
rand1bin,SignGD,Ackley,50,8,-19.40329768607684,1.9676193241029978,1307,2049854445
rand1bin,SA,Ackley,50,5,-19.514389691830015,18.67577874287963,300,1541453820
rand1bin,optimNM,Ackley,50,8,-20.32517103579939,0.3947385046631098,2400,2049854445
rand1bin,BOBYQA,Ackley,50,6,-19.211458833935612,15.593569772318006,2400,487299904
rand1bin,DEoptim,Ackley,50,3,-0.2667123572341734,30.627418098971248,300,1376058949
rand1bin,GA,Ackley,50,8,-7.264735234814138,0.9884500131011009,300,2049854445
rand1bin,PSO,Ackley,50,8,-17.240965040973215,0.37946019135415554,300,2049854445
rand1bin,SMCO,Ackley,50,8,-0.3669253556221084,6.726852286607027,308,2049854445
rand1bin,SMCO_R,Ackley,50,8,-0.06973670596143622,6.686183912679553,158,2049854445
rand1bin,GD,Ackley,50,8,-19.39206828429836,6.067438239231706,4130,2049854445
rand1bin,ADAM,Ackley,50,8,-19.39206742958018,5.9076625518500805,3960,2049854445
rand1bin,SMCO_EVO,Ackley,50,8,-0.3747137759796897,6.695267835631967,308,2049854445
rand1bin,SMCO_BR,Ackley,50,8,-0.07490070534445481,6.743994450196624,83,2049854445
rand1bin,SMCO_R_EVO,Ackley,50,8,-0.07243689060973368,6.6714395470917225,308,2049854445
rand1bin,SMCO_BR_EVO,Ackley,50,8,-0.06335291429489986,6.798616752028465,158,2049854445
rand1bin,GenSA,Ackley,50,8,-1.9521625649332464e-08,5.010923868045211,300,2049854445
rand1bin,DEoptim,Ackley,50,4,-0.12387971814123278,29.858061712235212,300,971522874
rand1bin,SPSA,Ackley,50,9,-20.004575484165837,0.19163166545331478,2680,207954026
rand1bin,optimLBFGS,Ackley,50,9,-19.447476553722712,0.36567394621670246,94,207954026
rand1bin,SA,Ackley,50,6,-19.291039835593942,18.71683948300779,300,487299904
rand1bin,optimNM,Ackley,50,9,-20.253005900242727,0.38266354613006115,2400,207954026
rand1bin,SignGD,Ackley,50,9,-19.517913516364263,1.9348968863487244,1307,207954026
rand1bin,SMCO,Ackley,50,9,-0.36313075645534143,6.703581266105175,308,207954026
rand1bin,GD,Ackley,50,9,-19.448240346035156,5.917728118598461,4031,207954026
rand1bin,SMCO_R,Ackley,50,9,-0.07041223814714259,6.708984376862645,158,207954026
rand1bin,ADAM,Ackley,50,9,-19.44747651462509,5.859671512618661,3952,207954026
rand1bin,PSO,Ackley,50,9,-6.449621359490912,0.37410763651132584,300,207954026
rand1bin,SMCO_EVO,Ackley,50,9,-0.34106039046363934,6.663701698184013,308,207954026
rand1bin,SMCO_BR,Ackley,50,9,-0.07561774840158764,6.767156645655632,83,207954026
rand1bin,GA,Ackley,50,9,-6.372373210761626,0.9826504159718752,300,207954026
rand1bin,SMCO_R_EVO,Ackley,50,9,-0.07161563792392345,6.688553741201758,308,207954026
rand1bin,GenSA,Ackley,50,9,-1.9293672881559587e-08,4.93906039558351,300,207954026
rand1bin,SMCO_BR_EVO,Ackley,50,9,-0.077755551540172,6.819513648748398,158,207954026
rand1bin,SA,Ackley,50,7,-19.308668034320725,18.091023486107588,300,338391265
rand1bin,SPSA,Ackley,50,10,-19.916758773007285,0.20368289574980736,2842,1343475621
rand1bin,BOBYQA,Ackley,50,7,-19.414837106682555,19.596338011324406,2400,338391265
rand1bin,optimLBFGS,Ackley,50,10,-19.486620403426052,0.34199671261012554,90,1343475621
rand1bin,optimNM,Ackley,50,10,-20.34274921435963,0.3863555211573839,2400,1343475621
rand1bin,SignGD,Ackley,50,10,-19.430744117268187,2.682932808995247,1806,1343475621
rand1bin,BOBYQA,Ackley,50,8,-19.424283909782336,17.571406615898013,2400,2049854445
rand1bin,GD,Ackley,50,10,-19.42192769013292,6.110667198896408,4140,1343475621
rand1bin,ADAM,Ackley,50,10,-19.421927591767155,5.9112585466355085,3958,1343475621
rand1bin,SMCO,Ackley,50,10,-0.36436247644945796,6.720164148136973,308,1343475621
rand1bin,SMCO_R,Ackley,50,10,-0.06925619767136526,6.644905738532543,158,1343475621
rand1bin,SMCO_BR,Ackley,50,10,-0.07436714563797198,6.7500538267195225,83,1343475621
rand1bin,SMCO_EVO,Ackley,50,10,-0.34028244519350936,6.675029139965773,308,1343475621
rand1bin,PSO,Ackley,50,10,-16.168823340131905,0.3747612088918686,300,1343475621
rand1bin,SMCO_R_EVO,Ackley,50,10,-0.06849013878717303,6.699858520179987,308,1343475621
rand1bin,GenSA,Ackley,50,10,-1.9477934376510575e-08,4.5921278316527605,300,1343475621
rand1bin,SMCO_BR_EVO,Ackley,50,10,-0.07064810546369005,6.851724568754435,158,1343475621
rand1bin,DEoptim,Ackley,50,5,-0.08511466426075076,36.02222881093621,300,1541453820
rand1bin,GA,Ackley,50,10,-6.449251265622095,0.9778214804828167,300,1343475621
rand1bin,SPSA,Ackley,50,11,-20.38863592781946,0.1604962144047022,2245,705973978
rand1bin,optimLBFGS,Ackley,50,11,-19.390882501019885,0.3247700948268175,89,705973978
rand1bin,SA,Ackley,50,8,-19.128832412663222,18.25500219874084,300,2049854445
rand1bin,optimNM,Ackley,50,11,-20.355663130308265,0.39607161469757557,2400,705973978
rand1bin,SignGD,Ackley,50,11,-19.434864574322823,2.677139513194561,1806,705973978
rand1bin,DEoptim,Ackley,50,6,-0.027845397589690624,31.947915233671665,300,487299904
rand1bin,BOBYQA,Ackley,50,9,-19.48493681913199,16.267659110948443,2400,207954026
rand1bin,GA,Ackley,50,11,-7.040263250217814,0.9781481232494116,300,705973978
rand1bin,PSO,Ackley,50,11,-4.475682473413922,0.3727995902299881,300,705973978
rand1bin,ADAM,Ackley,50,11,-19.390882500996437,5.872048087418079,3918,705973978
rand1bin,SMCO,Ackley,50,11,-0.34541764071719827,6.699600428342819,308,705973978
rand1bin,GenSA,Ackley,50,11,-1.8375431398709452e-08,4.767891591414809,300,705973978
rand1bin,SMCO_R,Ackley,50,11,-0.06525986231042724,6.632777165621519,158,705973978
rand1bin,SMCO_EVO,Ackley,50,11,-0.35518375743810937,6.661811040714383,308,705973978
rand1bin,SMCO_BR,Ackley,50,11,-0.07889923437547752,6.738961081951857,83,705973978
rand1bin,SMCO_R_EVO,Ackley,50,11,-0.0637619443794546,6.7204553708434105,308,705973978
rand1bin,SMCO_BR_EVO,Ackley,50,11,-0.06532321477703507,6.823734601959586,158,705973978
rand1bin,SA,Ackley,50,9,-19.50148020072665,18.35265251621604,300,207954026
rand1bin,SPSA,Ackley,50,12,-20.501723754260887,0.10438588820397854,1439,1031283771
rand1bin,optimLBFGS,Ackley,50,12,-19.460158460718347,0.33795784041285515,88,1031283771
rand1bin,DEoptim,Ackley,50,7,-0.044512423935732404,31.021084420382977,300,338391265
rand1bin,optimNM,Ackley,50,12,-20.366800045655697,0.3881054688245058,2400,1031283771
rand1bin,GD,Ackley,50,11,-19.39088256110053,8.691867554560304,4461,705973978
rand1bin,SignGD,Ackley,50,12,-19.472187346657257,2.674146566540003,1806,1031283771
rand1bin,BOBYQA,Ackley,50,10,-19.450867027320033,15.666354056447744,2400,1343475621
rand1bin,GA,Ackley,50,12,-6.772305728253803,0.992758272215724,300,1031283771
rand1bin,PSO,Ackley,50,12,-4.250739738503338,0.3768523223698139,300,1031283771
rand1bin,SMCO,Ackley,50,12,-0.35965551240300586,6.630703624337912,308,1031283771
rand1bin,GD,Ackley,50,12,-19.460159248366487,5.742460187524557,3914,1031283771
rand1bin,ADAM,Ackley,50,12,-19.460158331224246,5.903891922906041,3952,1031283771
rand1bin,SMCO_R,Ackley,50,12,-0.07085277054658734,6.690200749784708,158,1031283771
rand1bin,GenSA,Ackley,50,12,-2.0024547797703462e-08,4.689698932692409,300,1031283771
rand1bin,SMCO_R_EVO,Ackley,50,12,-0.06918213005108287,6.671831281855702,308,1031283771
rand1bin,SMCO_EVO,Ackley,50,12,-0.34495974083488123,6.735182194039226,308,1031283771
rand1bin,SMCO_BR,Ackley,50,12,-0.07904621953308721,6.804773800075054,83,1031283771
rand1bin,SMCO_BR_EVO,Ackley,50,12,-0.07278407979812274,6.764839461073279,158,1031283771
rand1bin,SPSA,Ackley,50,13,-20.286499026803796,0.21075334027409554,2944,2060688600
rand1bin,DEoptim,Ackley,50,8,-0.25138360038315755,29.716885313391685,300,2049854445
rand1bin,optimLBFGS,Ackley,50,13,-19.456798329668754,0.30950585566461086,83,2060688600
rand1bin,optimNM,Ackley,50,13,-20.245550997189138,0.3730483837425709,2400,2060688600
rand1bin,SA,Ackley,50,10,-19.435931516417643,18.534426268190145,300,1343475621
rand1bin,SignGD,Ackley,50,13,-19.466810935827215,3.4622732549905777,2305,2060688600
rand1bin,DEoptim,Ackley,50,9,-0.15454802099356657,29.729407729581,300,207954026
rand1bin,SMCO,Ackley,50,13,-0.34166403024002934,6.755303360521793,308,2060688600
rand1bin,SMCO_R,Ackley,50,13,-0.06404078152365189,6.642932629212737,158,2060688600
rand1bin,GenSA,Ackley,50,13,-1.961964146701689e-08,4.718213856220245,300,2060688600
rand1bin,ADAM,Ackley,50,13,-19.456797128298202,5.938055958598852,3938,2060688600
rand1bin,SMCO_BR,Ackley,50,13,-0.06793463944876565,6.736770119518042,83,2060688600
rand1bin,PSO,Ackley,50,13,-15.055266880034884,0.3804872464388609,300,2060688600
rand1bin,GD,Ackley,50,13,-19.456797222382782,6.045291729271412,4122,2060688600
rand1bin,BOBYQA,Ackley,50,11,-19.42915163668048,18.44888123869896,2400,705973978
rand1bin,SMCO_EVO,Ackley,50,13,-0.3604406572846881,6.746594367548823,308,2060688600
rand1bin,SMCO_R_EVO,Ackley,50,13,-0.07178867404077183,6.759745314717293,308,2060688600
rand1bin,GA,Ackley,50,13,-6.90783159966734,0.975277479737997,300,2060688600
rand1bin,SMCO_BR_EVO,Ackley,50,13,-0.07438374244639379,6.89675971865654,158,2060688600
rand1bin,SPSA,Ackley,50,14,-20.354128634634446,0.30722660571336746,4338,1658406150
rand1bin,optimLBFGS,Ackley,50,14,-19.31268030603839,0.3124737571924925,88,1658406150
rand1bin,optimNM,Ackley,50,14,-20.324782545894433,0.38808345049619675,2400,1658406150
rand1bin,SignGD,Ackley,50,14,-19.3245728965972,1.9522122163325548,1307,1658406150
rand1bin,SA,Ackley,50,11,-19.29341245701707,18.784585904330015,300,705973978
rand1bin,BOBYQA,Ackley,50,12,-19.489933045197468,17.076836792752147,2400,1031283771
rand1bin,GenSA,Ackley,50,14,-1.9653811467179594e-08,4.675261028110981,300,1658406150
rand1bin,GA,Ackley,50,14,-6.949722295776452,0.9767989069223404,300,1658406150
rand1bin,ADAM,Ackley,50,14,-19.31268016639873,5.925616478547454,3958,1658406150
rand1bin,PSO,Ackley,50,14,-13.825753104904306,0.37745784781873226,300,1658406150
rand1bin,SMCO,Ackley,50,14,-0.36565496949560883,6.768154157325625,308,1658406150
rand1bin,SMCO_EVO,Ackley,50,14,-0.3857885618328578,6.64410425722599,308,1658406150
rand1bin,SMCO_R_EVO,Ackley,50,14,-0.0697919713717643,6.765891615301371,308,1658406150
rand1bin,SMCO_BR_EVO,Ackley,50,14,-0.07279203012436186,6.784969124943018,158,1658406150
rand1bin,SMCO_BR,Ackley,50,14,-0.07284422560014692,6.83007693476975,83,1658406150
rand1bin,GD,Ackley,50,14,-19.312680287353462,7.0669222846627235,4800,1658406150
rand1bin,SA,Ackley,50,12,-19.129721524104212,18.362604718655348,300,1031283771
rand1bin,SPSA,Ackley,50,15,-20.551043180422194,0.08885259553790092,1226,1339219110
rand1bin,optimLBFGS,Ackley,50,15,-19.305618340980764,0.334709320217371,94,1339219110
rand1bin,SMCO_R,Ackley,50,14,-0.07148222752213629,8.655253183096647,158,1658406150
rand1bin,optimNM,Ackley,50,15,-20.22214166473054,0.3797968402504921,2400,1339219110
rand1bin,SignGD,Ackley,50,15,-19.31201187126327,2.7846647892147303,1806,1339219110
rand1bin,DEoptim,Ackley,50,10,-0.07564542285991793,30.94788104854524,300,1343475621
rand1bin,BOBYQA,Ackley,50,13,-19.48415599905177,17.051657497882843,2400,2060688600
rand1bin,GA,Ackley,50,15,-6.684104420110696,0.9783987198024988,300,1339219110
rand1bin,SMCO,Ackley,50,15,-0.3306397503970513,6.618475234135985,308,1339219110
rand1bin,SMCO_EVO,Ackley,50,15,-0.38628605722236786,6.625659838318825,308,1339219110
rand1bin,PSO,Ackley,50,15,-13.3613385289961,0.3730046674609184,300,1339219110
rand1bin,ADAM,Ackley,50,15,-19.30561831284635,5.842468379065394,3932,1339219110
rand1bin,SMCO_BR,Ackley,50,15,-0.07565414880162935,6.842428652569652,83,1339219110
rand1bin,SMCO_R_EVO,Ackley,50,15,-0.06972966110080536,6.662493143230677,308,1339219110
rand1bin,SMCO_R,Ackley,50,15,-0.06844499404849147,6.970536155626178,158,1339219110
rand1bin,SMCO_BR_EVO,Ackley,50,15,-0.06938559881924578,6.8959959633648396,158,1339219110
rand1bin,GenSA,Ackley,50,15,-1.979758623704697e-08,4.769592512398958,300,1339219110
rand1bin,SA,Ackley,50,13,-18.65245994904277,18.18729602918029,300,2060688600
rand1bin,SPSA,Ackley,50,16,-20.578339308621235,0.09605679847300053,1299,1428844295
rand1bin,GD,Ackley,50,15,-19.3059370946144,7.017582830041647,4800,1339219110
rand1bin,optimLBFGS,Ackley,50,16,-19.391580487299315,0.37464732863008976,96,1428844295
rand1bin,optimNM,Ackley,50,16,-20.401705914684698,0.3920715879648924,2400,1428844295
rand1bin,SignGD,Ackley,50,16,-19.401817481790562,2.6923427004367113,1806,1428844295
rand1bin,BOBYQA,Ackley,50,14,-19.34087398282333,16.832484835758805,2400,1658406150
rand1bin,GD,Ackley,50,16,-19.39157987722584,5.62357584387064,3802,1428844295
rand1bin,GenSA,Ackley,50,16,-2.0484432372569472e-08,4.848376108333468,300,1428844295
rand1bin,ADAM,Ackley,50,16,-19.39157987724116,5.848901579156518,3952,1428844295
rand1bin,SMCO,Ackley,50,16,-0.3544859188284062,6.637667851522565,308,1428844295
rand1bin,SMCO_R,Ackley,50,16,-0.06784766071668757,6.630856795236468,158,1428844295
rand1bin,PSO,Ackley,50,16,-14.018789259018096,0.3749018460512161,300,1428844295
rand1bin,SMCO_BR,Ackley,50,16,-0.075701370251267,6.778306767344475,83,1428844295
rand1bin,SMCO_EVO,Ackley,50,16,-0.38022814488744006,6.672902097925544,308,1428844295
rand1bin,GA,Ackley,50,16,-6.870988449082519,0.9870038591325283,300,1428844295
rand1bin,SMCO_R_EVO,Ackley,50,16,-0.06990337502810151,6.755544161424041,308,1428844295
rand1bin,SMCO_BR_EVO,Ackley,50,16,-0.07410252730854383,6.788960395380855,158,1428844295
rand1bin,DEoptim,Ackley,50,12,-0.36318265673925554,30.41404657997191,300,1031283771
rand1bin,SPSA,Ackley,50,17,-20.243980555214996,0.21955190785229206,3055,1638370930
rand1bin,SA,Ackley,50,14,-19.551320418665213,18.635773967951536,300,1658406150
rand1bin,optimLBFGS,Ackley,50,17,-19.385407661446038,0.3311517406255007,91,1638370930
rand1bin,optimNM,Ackley,50,17,-20.21910480655051,0.3864414431154728,2400,1638370930
rand1bin,DEoptim,Ackley,50,11,-0.06629779347733278,37.934248104691505,300,705973978
rand1bin,SignGD,Ackley,50,17,-19.415630329687506,2.677222393453121,1806,1638370930
rand1bin,GD,Ackley,50,17,-19.38644169726673,5.4728245586156845,3707,1638370930
rand1bin,ADAM,Ackley,50,17,-19.385407511208303,5.862892180681229,3952,1638370930
rand1bin,SMCO,Ackley,50,17,-0.3184908477327757,6.640484299510717,308,1638370930
rand1bin,SMCO_R,Ackley,50,17,-0.07229186425007272,6.652417158707976,158,1638370930
rand1bin,GenSA,Ackley,50,17,-1.9140735663114583e-08,4.646194726228714,300,1638370930
rand1bin,PSO,Ackley,50,17,-14.053447784186124,0.39102701656520367,300,1638370930
rand1bin,GA,Ackley,50,17,-6.159084307101843,0.98248440772295,300,1638370930
rand1bin,SMCO_BR,Ackley,50,17,-0.07887262232756997,6.722187681123614,83,1638370930
rand1bin,SMCO_EVO,Ackley,50,17,-0.36762240647125255,6.686793824657798,308,1638370930
rand1bin,SMCO_R_EVO,Ackley,50,17,-0.07119109238762222,6.709894526749849,308,1638370930
rand1bin,BOBYQA,Ackley,50,15,-19.327432955972878,18.523453695699573,2400,1339219110
rand1bin,SA,Ackley,50,15,-19.486059125345722,18.520347462967038,300,1339219110
rand1bin,DEoptim,Ackley,50,13,-0.08112826538183926,30.814301731064916,300,2060688600
rand1bin,SPSA,Ackley,50,18,-20.112092437880634,0.2135296892374754,2965,1453271538
rand1bin,optimLBFGS,Ackley,50,18,-19.4152884528712,0.2982950620353222,83,1453271538
rand1bin,optimNM,Ackley,50,18,-20.274037096269094,0.38551087863743305,2400,1453271538
rand1bin,SMCO_BR_EVO,Ackley,50,17,-0.07749262926826761,9.148646783083677,158,1638370930
rand1bin,SignGD,Ackley,50,18,-19.42650597353409,2.6730167381465435,1806,1453271538
rand1bin,BOBYQA,Ackley,50,16,-19.408524611551172,17.068912282586098,2400,1428844295
rand1bin,GA,Ackley,50,18,-6.843576472131607,0.9714105632156134,300,1453271538
rand1bin,PSO,Ackley,50,18,-5.558826108474637,0.47010537981987,300,1453271538
rand1bin,SMCO,Ackley,50,18,-0.3468503712954534,6.620658203959465,308,1453271538
rand1bin,ADAM,Ackley,50,18,-19.41528844965834,5.906292026862502,3940,1453271538
rand1bin,SMCO_BR,Ackley,50,18,-0.08164574501575617,6.7841358166188,83,1453271538
rand1bin,SMCO_BR_EVO,Ackley,50,18,-0.06642731576667815,6.75573399476707,158,1453271538
rand1bin,GD,Ackley,50,18,-19.42391671009794,7.094775781035423,4800,1453271538
rand1bin,DEoptim,Ackley,50,14,-0.049595570546860035,31.09891564399004,300,1658406150
rand1bin,GenSA,Ackley,50,18,-2.0835071001812366e-08,4.907392514869571,300,1453271538
rand1bin,SMCO_EVO,Ackley,50,18,-0.37081561235937643,7.700703047215939,308,1453271538
rand1bin,SA,Ackley,50,16,-19.181975999805555,18.314767353236675,300,1428844295
rand1bin,SMCO_R,Ackley,50,18,-0.06405342311927287,8.49533510580659,158,1453271538
rand1bin,SPSA,Ackley,50,19,-20.29349243416138,0.20094218663871288,2744,1243640658
rand1bin,optimLBFGS,Ackley,50,19,-19.420101790931085,0.3352094851434231,86,1243640658
rand1bin,optimNM,Ackley,50,19,-20.262885420333028,0.38587537594139576,2400,1243640658
rand1bin,SMCO_R_EVO,Ackley,50,18,-0.06847564771450765,9.38862314261496,308,1453271538
rand1bin,SignGD,Ackley,50,19,-19.431548601925645,2.67371647618711,1806,1243640658
rand1bin,BOBYQA,Ackley,50,17,-19.4160562226406,17.596136888489127,2400,1638370930
rand1bin,SMCO_R,Ackley,50,19,-0.06983849659932817,6.645125152543187,158,1243640658
rand1bin,GD,Ackley,50,19,-19.420101520929332,5.840142700821161,3942,1243640658
rand1bin,GA,Ackley,50,19,-6.787359268830016,0.9863261263817549,300,1243640658
rand1bin,SMCO_BR,Ackley,50,19,-0.07905170623689317,6.798778172582388,83,1243640658
rand1bin,SMCO_EVO,Ackley,50,19,-0.36126449471106925,6.7071226220577955,308,1243640658
rand1bin,SMCO,Ackley,50,19,-0.36211466666535275,7.4573602098971605,308,1243640658
rand1bin,PSO,Ackley,50,19,-9.22869629287814,0.3741468507796526,300,1243640658
rand1bin,SMCO_R_EVO,Ackley,50,19,-0.07168299406241774,6.662399752065539,308,1243640658
rand1bin,ADAM,Ackley,50,19,-19.42010148116321,5.9086492247879505,3966,1243640658
rand1bin,GenSA,Ackley,50,19,-1.9439852838587512e-08,4.7078123558312654,300,1243640658
rand1bin,SMCO_BR_EVO,Ackley,50,19,-0.07274200326823221,6.850189607590437,158,1243640658
rand1bin,SPSA,Rosenbrock,50,0,-4659352.241517704,0.09165737591683865,1617,1119737176
rand1bin,DEoptim,Ackley,50,15,-0.05724095576549404,30.541369065642357,300,1339219110
rand1bin,SignGD,Rosenbrock,50,0,-152.5289007708275,1.352480297908187,1307,1119737176
rand1bin,optimNM,Rosenbrock,50,0,-3567693.9123782804,0.27712811529636383,2400,1119737176
rand1bin,optimLBFGS,Rosenbrock,50,0,-9.327683575671595e-08,2.551049495115876,1018,1119737176
rand1bin,SMCO,Rosenbrock,50,0,-9.822498791697324,4.6362779550254345,308,1119737176
rand1bin,SMCO_R,Rosenbrock,50,0,-1.8112929157049855,4.606739008799195,158,1119737176
rand1bin,SMCO_EVO,Rosenbrock,50,0,-10.167727945037043,4.601775374263525,308,1119737176
rand1bin,SMCO_R_EVO,Rosenbrock,50,0,-70.04848424309368,4.574043275788426,308,1119737176
rand1bin,SMCO_BR,Rosenbrock,50,0,-53.83117204342615,4.6912239249795675,83,1119737176
rand1bin,SMCO_BR_EVO,Rosenbrock,50,0,-40.29015582625427,4.632800046354532,158,1119737176
rand1bin,BOBYQA,Ackley,50,18,-19.447008725935277,16.248783504590392,2400,1453271538
rand1bin,PSO,Rosenbrock,50,0,-223633.67659396565,0.258900361135602,300,1119737176
rand1bin,GD,Rosenbrock,50,0,-163.78373377184747,4.889898017048836,4800,1119737176
rand1bin,GenSA,Rosenbrock,50,0,-1.7808977955755517e-05,3.379871239885688,300,1119737176
rand1bin,GA,Rosenbrock,50,0,-1085.775490607633,0.8356353249400854,300,1119737176
rand1bin,ADAM,Rosenbrock,50,0,-1015071.4274612005,4.9571452885866165,4800,1119737176
rand1bin,SignGD,Rosenbrock,50,1,-278.04140615654586,1.3591880835592747,1307,2121000757
rand1bin,SA,Ackley,50,17,-19.215930230362336,24.528551870957017,300,1638370930
rand1bin,SPSA,Rosenbrock,50,1,-5579629.43993925,0.14532765559852123,2569,2121000757
rand1bin,SA,Ackley,50,18,-19.48040472664265,18.278976134955883,300,1453271538
rand1bin,optimNM,Rosenbrock,50,1,-4157306.289260071,0.28281224705278873,2400,2121000757
rand1bin,DEoptim,Ackley,50,16,-0.11097517762662124,30.266705555841327,300,1428844295
rand1bin,SMCO,Rosenbrock,50,1,-12.712571263253922,4.525588361546397,308,2121000757
rand1bin,SMCO_BR,Rosenbrock,50,1,-36.67960605245231,4.5953708589077,83,2121000757
rand1bin,SMCO_R,Rosenbrock,50,1,-1.3372987575985453,4.624872924759984,158,2121000757
rand1bin,SMCO_EVO,Rosenbrock,50,1,-11.677508983400653,4.61705425567925,308,2121000757
rand1bin,SMCO_R_EVO,Rosenbrock,50,1,-27.44759862020744,4.621014349162579,308,2121000757
rand1bin,PSO,Rosenbrock,50,1,-221082.9261864129,0.2624201159924269,300,2121000757
rand1bin,SMCO_BR_EVO,Rosenbrock,50,1,-36.55166559307815,4.656401617452502,158,2121000757
rand1bin,GA,Rosenbrock,50,1,-859.4475052166903,0.824008159339428,300,2121000757
rand1bin,GD,Rosenbrock,50,1,-326.05988260887426,4.8972059320658445,4800,2121000757
rand1bin,optimLBFGS,Rosenbrock,50,1,-2.0221167240669013e-08,3.4830499589443207,1030,2121000757
rand1bin,ADAM,Rosenbrock,50,1,-1301227.9822551725,4.970221353694797,4800,2121000757
rand1bin,GenSA,Rosenbrock,50,1,-3.9866238560176486,3.326501661911607,300,2121000757
rand1bin,SignGD,Rosenbrock,50,2,-208.81771561747536,1.3400126155465841,1307,401074330
rand1bin,SPSA,Rosenbrock,50,2,-4256803.789818891,0.10556207969784737,1874,401074330
rand1bin,BOBYQA,Ackley,50,19,-19.446790647299377,18.127881610766053,2400,1243640658
rand1bin,DEoptim,Ackley,50,17,-0.07256829950324262,30.349409271031618,300,1638370930
rand1bin,optimNM,Rosenbrock,50,2,-3196212.8056853097,0.2824259474873543,2400,401074330
rand1bin,SMCO_R,Rosenbrock,50,2,-1.8018628196706885,4.588848739862442,158,401074330
rand1bin,SMCO,Rosenbrock,50,2,-10.960372465702847,4.608366956934333,308,401074330
rand1bin,SMCO_BR,Rosenbrock,50,2,-24.22125440952613,4.671372612938285,83,401074330
rand1bin,SMCO_EVO,Rosenbrock,50,2,-9.660172676896847,4.60042149759829,308,401074330
rand1bin,SA,Ackley,50,19,-19.28566345693457,18.404896216467023,300,1243640658
rand1bin,PSO,Rosenbrock,50,2,-335134.5720814873,0.2584159206598997,300,401074330
rand1bin,optimLBFGS,Rosenbrock,50,2,-1.068141747580205e-07,2.8383229561150074,1126,401074330
rand1bin,SMCO_R_EVO,Rosenbrock,50,2,-30.788769518298093,4.590814841911197,308,401074330
rand1bin,SMCO_BR_EVO,Rosenbrock,50,2,-39.845078854950096,4.649402502924204,158,401074330
rand1bin,GA,Rosenbrock,50,2,-914.5422098299254,0.8286999352276325,300,401074330
rand1bin,ADAM,Rosenbrock,50,2,-915043.9246741496,4.997054483741522,4800,401074330
rand1bin,GenSA,Rosenbrock,50,2,-7.461428562785501e-10,3.151431944221258,300,401074330
rand1bin,GD,Rosenbrock,50,2,-215.9580818184138,6.850325547158718,4800,401074330
rand1bin,SignGD,Rosenbrock,50,3,-260.48609025051417,1.3625276759266853,1307,285390872
rand1bin,SPSA,Rosenbrock,50,3,-3501900.007539898,0.1098620630800724,1906,285390872
rand1bin,SMCO,Rosenbrock,50,3,-11.698369114885416,4.618957359343767,308,285390872
rand1bin,SMCO_R,Rosenbrock,50,3,-33.36692857281464,4.585954645648599,158,285390872
rand1bin,SMCO_EVO,Rosenbrock,50,3,-11.239723570704944,4.563380211591721,308,285390872
rand1bin,SMCO_BR,Rosenbrock,50,3,-22.54058505778624,4.658874431625009,83,285390872
rand1bin,SMCO_R_EVO,Rosenbrock,50,3,-33.583139269218364,4.5715584848076105,308,285390872
rand1bin,optimNM,Rosenbrock,50,3,-2779865.17118328,0.28167321905493736,2400,285390872
rand1bin,DEoptim,Ackley,50,18,-0.09010252889669035,30.088451208546758,300,1453271538
rand1bin,SMCO_BR_EVO,Rosenbrock,50,3,-95.91367375644516,4.699657758697867,158,285390872
rand1bin,PSO,Rosenbrock,50,3,-169717.03220424216,0.25908441469073296,300,285390872
rand1bin,GA,Rosenbrock,50,3,-1064.5214622607957,0.8252636548131704,300,285390872
rand1bin,GD,Rosenbrock,50,3,-341.18861306030465,4.959293933585286,4800,285390872
rand1bin,optimLBFGS,Rosenbrock,50,3,-1.1736438916169004e-07,3.477390132844448,1398,285390872
rand1bin,GenSA,Rosenbrock,50,3,-3.5958886453173973e-10,3.2370510622859,300,285390872
rand1bin,BOBYQA,Rosenbrock,50,0,-102328.22164507901,22.213206063956022,2400,1119737176
rand1bin,ADAM,Rosenbrock,50,3,-649419.494355325,6.932325137779117,4800,285390872
rand1bin,SMCO,Rosenbrock,50,4,-10.108211853694522,4.60831343382597,308,1597020703
rand1bin,SMCO_R,Rosenbrock,50,4,-1.4562379092275706,4.56523098051548,158,1597020703
rand1bin,SPSA,Rosenbrock,50,4,-4618497.84169102,0.13065430521965027,2334,1597020703
rand1bin,SMCO_BR,Rosenbrock,50,4,-9.428288970941116,4.6567572969943285,83,1597020703
rand1bin,SMCO_EVO,Rosenbrock,50,4,-9.89572162287381,4.594331160187721,308,1597020703
rand1bin,SignGD,Rosenbrock,50,4,-79.42992214091208,1.887496454641223,1307,1597020703
rand1bin,optimNM,Rosenbrock,50,4,-3709457.7561720493,0.279504781588912,2400,1597020703
rand1bin,SMCO_R_EVO,Rosenbrock,50,4,-29.971089794056336,4.652004195377231,308,1597020703
rand1bin,optimLBFGS,Rosenbrock,50,4,-9.79480693626179e-08,2.4750163201242685,1001,1597020703
rand1bin,SMCO_BR_EVO,Rosenbrock,50,4,-39.1833215345675,4.625528791919351,158,1597020703
rand1bin,PSO,Rosenbrock,50,4,-167328.73038057858,0.25678545981645584,300,1597020703
rand1bin,DEoptim,Ackley,50,19,-0.05687858655297662,30.632392467930913,300,1243640658
rand1bin,GA,Rosenbrock,50,4,-852.8403073675054,0.8261774517595768,300,1597020703
rand1bin,GD,Rosenbrock,50,4,-116.00260164369166,4.904647998511791,4800,1597020703
rand1bin,BOBYQA,Rosenbrock,50,1,-101812.93605543055,22.533232402056456,2400,2121000757
rand1bin,ADAM,Rosenbrock,50,4,-974855.7385843653,4.988584129139781,4800,1597020703
rand1bin,GenSA,Rosenbrock,50,4,-5.297385396767981,4.455828493461013,300,1597020703
rand1bin,SMCO,Rosenbrock,50,5,-12.132515057802436,4.551089268177748,308,1986140176
rand1bin,SMCO_R,Rosenbrock,50,5,-1.3702548701135653,4.597235439345241,158,1986140176
rand1bin,DEoptim,Rosenbrock,50,0,-47.16261428082307,27.834974359720945,300,1119737176
rand1bin,SPSA,Rosenbrock,50,5,-3660899.675982913,0.14325498044490814,2496,1986140176
rand1bin,SMCO_BR,Rosenbrock,50,5,-29.58055738374257,4.580224791541696,83,1986140176
rand1bin,SMCO_EVO,Rosenbrock,50,5,-9.44204604664143,4.574318941682577,308,1986140176
rand1bin,SignGD,Rosenbrock,50,5,-209.011298532465,1.335099946707487,1307,1986140176
rand1bin,optimNM,Rosenbrock,50,5,-2828470.6440354586,0.27731041237711906,2400,1986140176
rand1bin,SMCO_R_EVO,Rosenbrock,50,5,-20.895206545073005,4.636789126321673,308,1986140176
rand1bin,SMCO_BR_EVO,Rosenbrock,50,5,-37.78862873588971,4.719604823738337,158,1986140176
rand1bin,optimLBFGS,Rosenbrock,50,5,-9.945840305313531e-08,2.3451523054391146,927,1986140176
rand1bin,GA,Rosenbrock,50,5,-845.4463622740727,0.8364327922463417,300,1986140176
rand1bin,PSO,Rosenbrock,50,5,-58415.432654883414,0.2575039956718683,300,1986140176
rand1bin,BOBYQA,Rosenbrock,50,2,-72226.01995480199,22.38967834226787,2400,401074330
rand1bin,DEoptim,Rosenbrock,50,1,-47.8029794004619,27.34679008834064,300,2121000757
rand1bin,GenSA,Rosenbrock,50,5,-4.5258728788506193e-10,3.2549158725887537,300,1986140176
rand1bin,ADAM,Rosenbrock,50,5,-786743.951687313,4.986951559782028,4800,1986140176
rand1bin,GD,Rosenbrock,50,5,-376.0820936913337,6.842146283015609,4800,1986140176
rand1bin,SMCO,Rosenbrock,50,6,-9.603540155577786,4.633610334247351,308,1315031634
rand1bin,SA,Rosenbrock,50,0,-1.0122691021284084e-10,36.28643829934299,300,1119737176
rand1bin,SMCO_R,Rosenbrock,50,6,-1.845778042106588,4.663526013493538,158,1315031634
rand1bin,SPSA,Rosenbrock,50,6,-4277289.340648412,0.15562189184129238,2736,1315031634
rand1bin,SMCO_BR,Rosenbrock,50,6,-79.33001243099316,4.680083882063627,83,1315031634
rand1bin,SignGD,Rosenbrock,50,6,-161.07887894079772,1.3725641686469316,1307,1315031634
rand1bin,SMCO_EVO,Rosenbrock,50,6,-11.037341828423903,4.55929815210402,308,1315031634
rand1bin,SMCO_R_EVO,Rosenbrock,50,6,-27.37318341805082,4.598352884873748,308,1315031634
rand1bin,DEoptim,Rosenbrock,50,2,-47.02165177609391,27.137923285365105,300,401074330
rand1bin,optimNM,Rosenbrock,50,6,-3223085.3277913923,0.28659371100366116,2400,1315031634
rand1bin,BOBYQA,Rosenbrock,50,3,-36805.50933089272,22.22672349587083,2400,285390872
rand1bin,PSO,Rosenbrock,50,6,-390182.64623630245,0.2632773630321026,300,1315031634
rand1bin,SMCO_BR_EVO,Rosenbrock,50,6,-43.326849739928726,4.6997414752841,158,1315031634
rand1bin,GA,Rosenbrock,50,6,-1015.9906599798867,0.8368044644594193,300,1315031634
rand1bin,optimLBFGS,Rosenbrock,50,6,-4.710236641689165e-08,2.704690955579281,1064,1315031634
rand1bin,SA,Rosenbrock,50,1,-1.2486377185197908e-10,35.76733341999352,300,2121000757
rand1bin,GD,Rosenbrock,50,6,-126.05546706192372,6.903299422934651,4800,1315031634
rand1bin,GenSA,Rosenbrock,50,6,-2.9380376611827663,3.4009062610566616,300,1315031634
rand1bin,ADAM,Rosenbrock,50,6,-957747.4360418707,4.986029649153352,4800,1315031634
rand1bin,DEoptim,Rosenbrock,50,3,-102.17955416658963,26.553513089194894,300,285390872
rand1bin,SignGD,Rosenbrock,50,7,-140.89669963182973,1.3551943358033895,1307,177930642
rand1bin,SPSA,Rosenbrock,50,7,-4970944.27448472,0.09523149393498898,1681,177930642
rand1bin,SMCO,Rosenbrock,50,7,-11.577835624854893,4.629213063046336,308,177930642
rand1bin,SMCO_R,Rosenbrock,50,7,-1.9225254569808015,4.632475819438696,158,177930642
rand1bin,optimNM,Rosenbrock,50,7,-3778589.513953077,0.2837059907615185,2400,177930642
rand1bin,SMCO_BR,Rosenbrock,50,7,-36.50432504361772,4.673878910019994,83,177930642
rand1bin,BOBYQA,Rosenbrock,50,4,-67587.10205174753,22.100861448794603,2400,1597020703
rand1bin,SMCO_EVO,Rosenbrock,50,7,-34.39766856100853,4.649107443168759,308,177930642
rand1bin,GA,Rosenbrock,50,7,-887.2607096925376,0.8326833043247461,300,177930642
rand1bin,PSO,Rosenbrock,50,7,-223434.4293042517,0.25998637080192566,300,177930642
rand1bin,SMCO_R_EVO,Rosenbrock,50,7,-21.600550054431753,4.568461064249277,308,177930642
rand1bin,optimLBFGS,Rosenbrock,50,7,-1.0223287438542279e-07,2.5508987959474325,1044,177930642
rand1bin,GD,Rosenbrock,50,7,-220.65882090169293,4.926169220358133,4800,177930642
rand1bin,GenSA,Rosenbrock,50,7,-0.004687472836214141,3.418842548504472,300,177930642
rand1bin,SA,Rosenbrock,50,2,-6.90022559949578e-11,36.32381998002529,300,401074330
rand1bin,SMCO_BR_EVO,Rosenbrock,50,7,-39.038429162203684,6.508998965844512,158,177930642
rand1bin,ADAM,Rosenbrock,50,7,-1135237.1131245466,5.013235190883279,4800,177930642
rand1bin,SignGD,Rosenbrock,50,8,-506.80564959710506,1.3585634715855122,1307,1805203638
rand1bin,SMCO,Rosenbrock,50,8,-11.320846655527186,4.628485755994916,308,1805203638
rand1bin,SMCO_R,Rosenbrock,50,8,-1.4627014186462057,4.567182466387749,158,1805203638
rand1bin,SPSA,Rosenbrock,50,8,-3953748.483559886,0.18079670332372189,3191,1805203638
rand1bin,SMCO_BR,Rosenbrock,50,8,-8.910426549893426,4.637356577441096,83,1805203638
rand1bin,optimNM,Rosenbrock,50,8,-2949734.7820336395,0.28404439613223076,2400,1805203638
rand1bin,DEoptim,Rosenbrock,50,4,-50.72460777980549,27.266041865572333,300,1597020703
rand1bin,SMCO_EVO,Rosenbrock,50,8,-10.943777043277798,4.596869222819805,308,1805203638
rand1bin,BOBYQA,Rosenbrock,50,5,-87847.19874403454,22.07445884309709,2400,1986140176
rand1bin,SMCO_R_EVO,Rosenbrock,50,8,-10.301019623834042,4.60095995478332,308,1805203638
rand1bin,PSO,Rosenbrock,50,8,-279549.70956072124,0.2592922281473875,300,1805203638
rand1bin,SMCO_BR_EVO,Rosenbrock,50,8,-28.175063410717087,4.655119854956865,158,1805203638
rand1bin,SA,Rosenbrock,50,3,-7.986184095616282e-11,35.98863064497709,300,285390872
rand1bin,GA,Rosenbrock,50,8,-843.4191283980127,0.8318893015384674,300,1805203638
rand1bin,optimLBFGS,Rosenbrock,50,8,-7.536232927418323e-08,2.4903868678957224,1006,1805203638
rand1bin,GenSA,Rosenbrock,50,8,-1.5922149866875303e-09,3.152712380513549,300,1805203638
rand1bin,ADAM,Rosenbrock,50,8,-886907.1608957696,5.016192799434066,4800,1805203638
rand1bin,GD,Rosenbrock,50,8,-390.8747522551141,6.8666540421545506,4800,1805203638
rand1bin,SignGD,Rosenbrock,50,9,-236.83314586865652,1.8873803224414587,1307,1076661710
rand1bin,SMCO,Rosenbrock,50,9,-10.663181396560375,4.566587334498763,308,1076661710
rand1bin,SMCO_R,Rosenbrock,50,9,-1.4577860331404258,4.561884785071015,158,1076661710
rand1bin,SPSA,Rosenbrock,50,9,-3330559.5622471375,0.1540142185986042,2744,1076661710
rand1bin,SMCO_EVO,Rosenbrock,50,9,-10.167325649469428,4.598499126732349,308,1076661710
rand1bin,SMCO_BR,Rosenbrock,50,9,-1.6859718393559073,4.675711553543806,83,1076661710
rand1bin,SMCO_R_EVO,Rosenbrock,50,9,-33.68278907904142,4.598560083657503,308,1076661710
rand1bin,optimNM,Rosenbrock,50,9,-2438596.068870543,0.2823709715157747,2400,1076661710
rand1bin,DEoptim,Rosenbrock,50,5,-110.72658456469189,26.482595067471266,300,1986140176
rand1bin,GA,Rosenbrock,50,9,-862.997056646431,0.8320087492465973,300,1076661710
rand1bin,SMCO_BR_EVO,Rosenbrock,50,9,-82.32033482782816,4.661682454869151,158,1076661710
rand1bin,PSO,Rosenbrock,50,9,-393650.9957790159,0.26193685829639435,300,1076661710
rand1bin,SA,Rosenbrock,50,4,-7.309418511215496e-11,35.54076104797423,300,1597020703
rand1bin,optimLBFGS,Rosenbrock,50,9,-5.751714529896334e-08,2.207523474469781,883,1076661710
rand1bin,GD,Rosenbrock,50,9,-230.8294378418043,4.955618681386113,4800,1076661710
rand1bin,BOBYQA,Rosenbrock,50,6,-89510.2726882666,22.554207865148783,2400,1315031634
rand1bin,GenSA,Rosenbrock,50,9,-0.750143712079739,3.391030551865697,300,1076661710
rand1bin,SMCO,Rosenbrock,50,10,-10.313522872530243,4.611108798533678,308,1619532864
rand1bin,SMCO_R,Rosenbrock,50,10,-1.7922781892885904,4.636772351339459,158,1619532864
rand1bin,SMCO_BR,Rosenbrock,50,10,-1.7694382882145296,4.635091684758663,83,1619532864
rand1bin,ADAM,Rosenbrock,50,9,-691016.1256708857,7.012386467307806,4800,1076661710
rand1bin,SPSA,Rosenbrock,50,10,-5044856.33628965,0.12276141345500946,2203,1619532864
rand1bin,SMCO_EVO,Rosenbrock,50,10,-11.200444100610053,4.611783750355244,308,1619532864
rand1bin,optimNM,Rosenbrock,50,10,-3687540.4160096226,0.28981004282832146,2400,1619532864
rand1bin,SMCO_R_EVO,Rosenbrock,50,10,-24.465851032758312,4.590350829064846,308,1619532864
rand1bin,SignGD,Rosenbrock,50,10,-239.5610610070801,1.3550427444279194,1307,1619532864
rand1bin,SMCO_BR_EVO,Rosenbrock,50,10,-38.961081705578756,4.74709602445364,158,1619532864
rand1bin,GD,Rosenbrock,50,10,-316.80021948209605,4.890722047537565,4800,1619532864
rand1bin,DEoptim,Rosenbrock,50,6,-50.39159814842643,27.14255141094327,300,1315031634
rand1bin,GA,Rosenbrock,50,10,-887.4430037253899,0.8306631986051798,300,1619532864
rand1bin,PSO,Rosenbrock,50,10,-316241.63122707634,0.25736172683537006,300,1619532864
rand1bin,BOBYQA,Rosenbrock,50,7,-115352.60084382318,22.504359167069197,2400,177930642
rand1bin,SA,Rosenbrock,50,5,-1.081802316826128e-10,35.52490910515189,300,1986140176
rand1bin,optimLBFGS,Rosenbrock,50,10,-1.643242107951188e-07,3.044602593407035,939,1619532864
rand1bin,GenSA,Rosenbrock,50,10,-1.1354280096001355,3.436628110706806,300,1619532864
rand1bin,ADAM,Rosenbrock,50,10,-1213887.9951374014,5.031003242358565,4800,1619532864
rand1bin,SignGD,Rosenbrock,50,11,-74.90768600420638,1.369356608018279,1307,957333877
rand1bin,SMCO,Rosenbrock,50,11,-11.7346156470359,4.616669347509742,308,957333877
rand1bin,SMCO_BR,Rosenbrock,50,11,-43.210125371503345,4.617574822157621,83,957333877
rand1bin,SPSA,Rosenbrock,50,11,-3910561.0886321287,0.1485263891518116,2626,957333877
rand1bin,SMCO_R,Rosenbrock,50,11,-1.3856433450767174,4.681575937196612,158,957333877
rand1bin,SMCO_EVO,Rosenbrock,50,11,-9.977807672790378,4.630934050306678,308,957333877
rand1bin,optimNM,Rosenbrock,50,11,-2854252.8293001307,0.29105621203780174,2400,957333877
rand1bin,SMCO_R_EVO,Rosenbrock,50,11,-35.109444944990905,4.575884521007538,308,957333877
rand1bin,DEoptim,Rosenbrock,50,7,-47.812329672530105,27.185323594138026,300,177930642
rand1bin,GA,Rosenbrock,50,11,-590.6960040876188,0.8225600756704807,300,957333877
rand1bin,GD,Rosenbrock,50,11,-181.25254020574715,4.96527916751802,4800,957333877
rand1bin,PSO,Rosenbrock,50,11,-280247.5315472393,0.2573032584041357,300,957333877
rand1bin,BOBYQA,Rosenbrock,50,8,-25477.712304406585,22.24660112708807,2400,1805203638
rand1bin,optimLBFGS,Rosenbrock,50,11,-1.912153876313944e-07,2.619261007755995,1059,957333877
rand1bin,SMCO_BR_EVO,Rosenbrock,50,11,-35.998279887956954,6.491117293015122,158,957333877
rand1bin,SA,Rosenbrock,50,6,-1.0514748753128253e-10,35.406645165756345,300,1315031634
rand1bin,GenSA,Rosenbrock,50,11,-4.757766819356425,3.441585810855031,300,957333877
rand1bin,ADAM,Rosenbrock,50,11,-890344.1521406445,5.024434903636575,4800,957333877
rand1bin,SignGD,Rosenbrock,50,12,-99.0089649195926,1.3660718947649002,1307,2006086311
rand1bin,SMCO,Rosenbrock,50,12,-9.551619708350966,4.6238687839359045,308,2006086311
rand1bin,SMCO_R,Rosenbrock,50,12,-2.1765963087618,4.568115841597319,158,2006086311
rand1bin,SPSA,Rosenbrock,50,12,-3586879.658270939,0.1620015799999237,2852,2006086311
rand1bin,SMCO_BR,Rosenbrock,50,12,-80.53066965861625,4.6968495063483715,83,2006086311
rand1bin,optimNM,Rosenbrock,50,12,-2600249.3303913665,0.28514204546809196,2400,2006086311
rand1bin,SMCO_EVO,Rosenbrock,50,12,-27.319814384603035,4.553493084385991,308,2006086311
rand1bin,SMCO_BR_EVO,Rosenbrock,50,12,-83.16270947702432,4.647079572081566,158,2006086311
rand1bin,DEoptim,Rosenbrock,50,8,-106.28346929434738,27.35027815401554,300,1805203638
rand1bin,GD,Rosenbrock,50,12,-268.5439494829072,4.973774151876569,4800,2006086311
rand1bin,BOBYQA,Rosenbrock,50,9,-83318.33324433131,22.23522782512009,2400,1076661710
rand1bin,PSO,Rosenbrock,50,12,-535097.7564248379,0.2610220741480589,300,2006086311
rand1bin,GA,Rosenbrock,50,12,-809.9894095216287,0.8259682115167379,300,2006086311
rand1bin,SMCO_R_EVO,Rosenbrock,50,12,-28.806022027312757,6.42171149328351,308,2006086311
rand1bin,optimLBFGS,Rosenbrock,50,12,-1.336801665393838e-07,2.707160660997033,1096,2006086311
rand1bin,SA,Rosenbrock,50,7,-9.300191161687652e-11,36.422009229660034,300,177930642
rand1bin,GenSA,Rosenbrock,50,12,-3.9866238578768227,3.336288334801793,300,2006086311
rand1bin,ADAM,Rosenbrock,50,12,-793703.0689697395,5.0445004012435675,4800,2006086311
rand1bin,SignGD,Rosenbrock,50,13,-239.55093673929198,1.3717707805335522,1307,440383467
rand1bin,SMCO,Rosenbrock,50,13,-10.975903633798247,4.606994770467281,308,440383467
rand1bin,SPSA,Rosenbrock,50,13,-4108774.5618210644,0.12999384850263596,2295,440383467
rand1bin,SMCO_R,Rosenbrock,50,13,-69.4691890757552,4.640753787010908,158,440383467
rand1bin,SMCO_BR,Rosenbrock,50,13,-73.66177017564941,4.610868843272328,83,440383467
rand1bin,optimNM,Rosenbrock,50,13,-3429185.878570285,0.28147805854678154,2400,440383467
rand1bin,SMCO_R_EVO,Rosenbrock,50,13,-1.6934253882010855,4.581169517710805,308,440383467
rand1bin,DEoptim,Rosenbrock,50,9,-48.44900587460492,26.989891447126865,300,1076661710
rand1bin,SMCO_BR_EVO,Rosenbrock,50,13,-90.52839365738113,4.713904269039631,158,440383467
rand1bin,BOBYQA,Rosenbrock,50,10,-84684.64566335003,22.244069257751107,2400,1619532864
rand1bin,GD,Rosenbrock,50,13,-339.0360280278348,4.985332055017352,4800,440383467
rand1bin,SMCO_EVO,Rosenbrock,50,13,-9.988516657418494,6.365142980590463,308,440383467
rand1bin,GA,Rosenbrock,50,13,-872.230227850562,0.8398018050938845,300,440383467
rand1bin,PSO,Rosenbrock,50,13,-225331.0169827254,0.25767322815954685,300,440383467
rand1bin,optimLBFGS,Rosenbrock,50,13,-1.0120064276334455e-07,2.605232147499919,1043,440383467
rand1bin,SA,Rosenbrock,50,8,-1.0564084467614558e-10,36.28385134600103,300,1805203638
rand1bin,ADAM,Rosenbrock,50,13,-932866.297649238,5.04497635923326,4800,440383467
rand1bin,GenSA,Rosenbrock,50,13,-0.05912991712953125,3.4029179718345404,300,440383467
rand1bin,SignGD,Rosenbrock,50,14,-145.04328847480232,1.3467854093760252,1307,1125102255
rand1bin,SMCO,Rosenbrock,50,14,-14.06481466824475,4.653210895135999,308,1125102255
rand1bin,SPSA,Rosenbrock,50,14,-3980690.6247753147,0.10441011190414429,1824,1125102255
rand1bin,SMCO_BR,Rosenbrock,50,14,-24.65914722675975,4.680524814873934,83,1125102255
rand1bin,SMCO_EVO,Rosenbrock,50,14,-10.251879467715757,4.589861584827304,308,1125102255
rand1bin,optimNM,Rosenbrock,50,14,-3056198.1881148824,0.27915642224252224,2400,1125102255
rand1bin,SMCO_R_EVO,Rosenbrock,50,14,-27.229216958529253,4.620150130242109,308,1125102255
rand1bin,DEoptim,Rosenbrock,50,10,-52.031865952604846,27.049474351108074,300,1619532864
rand1bin,SMCO_BR_EVO,Rosenbrock,50,14,-26.736651705902087,4.7301966566592455,158,1125102255
rand1bin,SMCO_R,Rosenbrock,50,14,-1.4083921965996464,6.465085498988628,158,1125102255
rand1bin,GD,Rosenbrock,50,14,-332.75916173868734,4.983851531520486,4800,1125102255
rand1bin,BOBYQA,Rosenbrock,50,11,-52776.436170709225,22.27522362396121,2400,957333877
rand1bin,GA,Rosenbrock,50,14,-909.437145992505,0.838431816548109,300,1125102255
rand1bin,PSO,Rosenbrock,50,14,-395302.6786306846,0.35201559215784073,300,1125102255
rand1bin,SA,Rosenbrock,50,9,-1.3266288517013672e-10,35.367596032097936,300,1076661710
rand1bin,optimLBFGS,Rosenbrock,50,14,-7.487011839589702e-08,2.510287592187524,999,1125102255
rand1bin,ADAM,Rosenbrock,50,14,-927670.0023459515,4.985140515491366,4800,1125102255
rand1bin,GenSA,Rosenbrock,50,14,-1.0552562021347488e-09,3.131031395867467,300,1125102255
rand1bin,SignGD,Rosenbrock,50,15,-211.5841216408746,1.3485369682312012,1307,191089557
rand1bin,SMCO,Rosenbrock,50,15,-11.91060763994899,4.6185384802520275,308,191089557
rand1bin,SMCO_R,Rosenbrock,50,15,-1.5634197075673466,4.651454309001565,158,191089557
rand1bin,SMCO_R_EVO,Rosenbrock,50,15,-74.85727364270379,4.61410441622138,308,191089557
rand1bin,SMCO_BR,Rosenbrock,50,15,-83.11936859112309,4.695849599316716,83,191089557
rand1bin,SPSA,Rosenbrock,50,15,-4213897.033553856,0.20271043293178082,3638,191089557
rand1bin,DEoptim,Rosenbrock,50,11,-109.71331825163504,26.697910191491246,300,957333877
rand1bin,optimNM,Rosenbrock,50,15,-3284291.1948458413,0.28049839846789837,2400,191089557
rand1bin,SMCO_BR_EVO,Rosenbrock,50,15,-91.36896265365432,4.729231256991625,158,191089557
rand1bin,GA,Rosenbrock,50,15,-891.2082007345739,0.8357649520039558,300,191089557
rand1bin,GD,Rosenbrock,50,15,-514.7342799492314,4.897276844829321,4800,191089557
rand1bin,PSO,Rosenbrock,50,15,-167202.67997842014,0.26165646128356457,300,191089557
rand1bin,SA,Rosenbrock,50,10,-8.776530472803999e-11,34.94949549809098,300,1619532864
rand1bin,SMCO_EVO,Rosenbrock,50,15,-9.382496669531704,6.409141218289733,308,191089557
rand1bin,BOBYQA,Rosenbrock,50,12,-71106.5600549244,22.27441917732358,2400,2006086311
rand1bin,optimLBFGS,Rosenbrock,50,15,-1.3806119428467057e-07,2.2642452642321587,905,191089557
rand1bin,ADAM,Rosenbrock,50,15,-916437.5655698878,4.991791542619467,4800,191089557
rand1bin,GenSA,Rosenbrock,50,15,-1.9587171019262827e-09,3.3126731626689434,300,191089557
rand1bin,SignGD,Rosenbrock,50,16,-152.9745288770786,1.3598741199821234,1307,944059549
rand1bin,SMCO,Rosenbrock,50,16,-9.809947743672335,4.554865833371878,308,944059549
rand1bin,SMCO_R,Rosenbrock,50,16,-34.12575153821795,4.6764178685843945,158,944059549
rand1bin,SPSA,Rosenbrock,50,16,-2743465.375116137,0.14927266165614128,2668,944059549
rand1bin,SMCO_BR,Rosenbrock,50,16,-10.473598155060266,4.623658537864685,83,944059549
rand1bin,optimNM,Rosenbrock,50,16,-2034970.2350428817,0.2775223348289728,2400,944059549
rand1bin,SMCO_R_EVO,Rosenbrock,50,16,-23.460238725280362,4.658176051452756,308,944059549
rand1bin,SMCO_BR_EVO,Rosenbrock,50,16,-87.13377728262506,4.714730674400926,158,944059549
rand1bin,GD,Rosenbrock,50,16,-401.43105386496813,4.906934041529894,4800,944059549
rand1bin,SMCO_EVO,Rosenbrock,50,16,-20.331983491357892,6.386483509093523,308,944059549
rand1bin,DEoptim,Rosenbrock,50,12,-53.732303720293125,27.20343584753573,300,2006086311
rand1bin,PSO,Rosenbrock,50,16,-56865.03434202995,0.3529656119644642,300,944059549
rand1bin,GA,Rosenbrock,50,16,-786.1580673953888,0.8275385238230228,300,944059549
rand1bin,optimLBFGS,Rosenbrock,50,16,-6.436654018481185e-08,2.7127377074211836,1064,944059549
rand1bin,BOBYQA,Rosenbrock,50,13,-76070.28119445851,22.49340902455151,2400,440383467
rand1bin,GenSA,Rosenbrock,50,16,-6.010954758895367e-10,3.095196321606636,300,944059549
rand1bin,ADAM,Rosenbrock,50,16,-522421.6489576952,5.03957100585103,4800,944059549
rand1bin,SA,Rosenbrock,50,11,-8.326579801326417e-11,36.605277171358466,300,957333877
rand1bin,SignGD,Rosenbrock,50,17,-79.49522000129515,1.3577667605131865,1307,292178471
rand1bin,SMCO,Rosenbrock,50,17,-10.947214471317157,4.565453061833978,308,292178471
rand1bin,SPSA,Rosenbrock,50,17,-5622394.022237147,0.15277385339140892,2746,292178471
rand1bin,SMCO_BR,Rosenbrock,50,17,-35.38083551020744,4.606979891657829,83,292178471
rand1bin,SMCO_EVO,Rosenbrock,50,17,-9.513958672181014,4.696964018046856,308,292178471
rand1bin,SMCO_R_EVO,Rosenbrock,50,17,-31.04900522987571,4.65011964738369,308,292178471
rand1bin,DEoptim,Rosenbrock,50,13,-48.3745166136279,26.847650254145265,300,440383467
rand1bin,optimNM,Rosenbrock,50,17,-4385345.161266614,0.2945285942405462,2400,292178471
rand1bin,SMCO_BR_EVO,Rosenbrock,50,17,-18.88846942871571,4.616319380700588,158,292178471
rand1bin,GD,Rosenbrock,50,17,-371.0008260097565,4.955764876678586,4800,292178471
rand1bin,optimLBFGS,Rosenbrock,50,17,-8.852539019770385e-08,1.8832635004073381,769,292178471
rand1bin,SMCO_R,Rosenbrock,50,17,-9.15810108600588,6.4132812153548,158,292178471
rand1bin,PSO,Rosenbrock,50,17,-203831.36986607546,0.2617794759571552,300,292178471
rand1bin,GA,Rosenbrock,50,17,-732.238503540855,0.8289306312799454,300,292178471
rand1bin,SA,Rosenbrock,50,12,-1.0829847690791785e-10,35.38819210976362,300,2006086311
rand1bin,BOBYQA,Rosenbrock,50,14,-79178.07487653136,22.5450727827847,2400,1125102255
rand1bin,ADAM,Rosenbrock,50,17,-1357829.0951695645,5.050957638770342,4800,292178471
rand1bin,GenSA,Rosenbrock,50,17,-0.018515984604154538,3.4414401445537806,300,292178471
rand1bin,SignGD,Rosenbrock,50,18,-148.17191804684134,1.3719608169049025,1307,1365370332
rand1bin,SMCO,Rosenbrock,50,18,-12.777498446004527,4.556699056178331,308,1365370332
rand1bin,SMCO_R,Rosenbrock,50,18,-34.86852209561609,4.649383589625359,158,1365370332
rand1bin,SPSA,Rosenbrock,50,18,-2959090.1345443204,0.23249785974621773,4206,1365370332
rand1bin,SMCO_EVO,Rosenbrock,50,18,-9.68222029780371,4.55400849506259,308,1365370332
rand1bin,SMCO_BR,Rosenbrock,50,18,-26.067333767554985,4.6878648195415735,83,1365370332
rand1bin,optimNM,Rosenbrock,50,18,-2133693.6421672567,0.2793291248381138,2400,1365370332
rand1bin,SMCO_R_EVO,Rosenbrock,50,18,-24.3644212719473,4.578924458473921,308,1365370332
rand1bin,SMCO_BR_EVO,Rosenbrock,50,18,-38.77648672354787,4.7432075049728155,158,1365370332
rand1bin,DEoptim,Rosenbrock,50,14,-102.30260079799292,26.81806929409504,300,1125102255
rand1bin,PSO,Rosenbrock,50,18,-489171.26378683676,0.26290570944547653,300,1365370332
rand1bin,GD,Rosenbrock,50,18,-390.5040618543753,5.023767413571477,4800,1365370332
rand1bin,GA,Rosenbrock,50,18,-1079.9310355683613,0.8376144077628851,300,1365370332
rand1bin,BOBYQA,Rosenbrock,50,15,-80971.23276315528,21.831257466226816,2400,191089557
rand1bin,optimLBFGS,Rosenbrock,50,18,-5.551871178359466e-08,3.0859637074172497,1250,1365370332
rand1bin,SA,Rosenbrock,50,13,-7.075154640244029e-11,35.772454189136624,300,440383467
rand1bin,GenSA,Rosenbrock,50,18,-7.018884109334482e-10,3.2145465090870857,300,1365370332
rand1bin,ADAM,Rosenbrock,50,18,-552960.7290949898,5.048935700207949,4800,1365370332
rand1bin,SignGD,Rosenbrock,50,19,-311.4551683598805,1.3748052269220352,1307,1769702579
rand1bin,SMCO,Rosenbrock,50,19,-10.290286659183309,4.63668454810977,308,1769702579
rand1bin,SMCO_R,Rosenbrock,50,19,-1.762483080438736,4.680077427998185,158,1769702579
rand1bin,SPSA,Rosenbrock,50,19,-3426290.8833659035,0.113209567964077,1982,1769702579
rand1bin,SMCO_BR,Rosenbrock,50,19,-77.26338720592005,4.722928429022431,83,1769702579
rand1bin,SMCO_EVO,Rosenbrock,50,19,-8.330896594827735,4.5312723238021135,308,1769702579
rand1bin,optimNM,Rosenbrock,50,19,-2479400.8938159784,0.2836490198969841,2400,1769702579
rand1bin,SMCO_R_EVO,Rosenbrock,50,19,-29.762995950285696,4.585560750216246,308,1769702579
rand1bin,SMCO_BR_EVO,Rosenbrock,50,19,-42.172589288466185,4.634882600978017,158,1769702579
rand1bin,DEoptim,Rosenbrock,50,15,-122.64452330141256,27.19884492829442,300,191089557
rand1bin,PSO,Rosenbrock,50,19,-115109.73632481706,0.2622102163732052,300,1769702579
rand1bin,GD,Rosenbrock,50,19,-264.35046337839793,5.016249939799309,4800,1769702579
rand1bin,GA,Rosenbrock,50,19,-846.9922207173589,0.8227462358772755,300,1769702579
rand1bin,BOBYQA,Rosenbrock,50,16,-38909.46295377554,22.08423211425543,2400,944059549
rand1bin,optimLBFGS,Rosenbrock,50,19,-8.307848055586857e-08,2.625247536227107,1030,1769702579
rand1bin,SA,Rosenbrock,50,14,-3.986623854562086,35.63173243403435,300,1125102255
rand1bin,GenSA,Rosenbrock,50,19,-3.404759715550657,3.368281127884984,300,1769702579
rand1bin,ADAM,Rosenbrock,50,19,-735292.3110071641,5.044792681932449,4800,1769702579
rand1bin,SignGD,Griewank,50,0,-1121.4872059369584,2.153289418667555,1806,1277616696
rand1bin,SMCO,Griewank,50,0,-0.8047687485565147,5.158968526870012,308,1277616696
rand1bin,SMCO_R,Griewank,50,0,-0.12736295142298992,5.159957880154252,158,1277616696
rand1bin,SPSA,Griewank,50,0,-1221.0215877626047,0.18827341869473457,2975,1277616696
rand1bin,SMCO_EVO,Griewank,50,0,-0.7726401528744428,4.8467292580753565,308,1277616696
rand1bin,optimLBFGS,Griewank,50,0,-1.2747255473399832e-09,0.3040755558758974,76,1277616696
rand1bin,optimNM,Griewank,50,0,-1126.6994198129041,0.2983859423547983,2400,1277616696
rand1bin,SMCO_R_EVO,Griewank,50,0,-0.14869603991625946,5.151668539270759,308,1277616696
rand1bin,DEoptim,Rosenbrock,50,16,-113.68640164886206,26.913434483110905,300,944059549
rand1bin,SMCO_BR_EVO,Griewank,50,0,-0.1485358366559678,5.233367903158069,158,1277616696
rand1bin,GA,Griewank,50,0,-10.585109158326334,0.8892958145588636,300,1277616696
rand1bin,PSO,Griewank,50,0,-2.8460532611190663,0.3032649550586939,300,1277616696
rand1bin,GD,Griewank,50,0,-912.6659892098766,5.443760761991143,4800,1277616696
rand1bin,SMCO_BR,Griewank,50,0,-0.16892505908796107,7.0437286496162415,83,1277616696
rand1bin,BOBYQA,Rosenbrock,50,17,-84196.90796109529,22.081456119194627,2400,292178471
rand1bin,SA,Rosenbrock,50,15,-9.485931735980796e-11,35.52973460406065,300,191089557
rand1bin,GenSA,Griewank,50,0,-3.964697348202151e-09,2.977132910862565,300,1277616696
rand1bin,ADAM,Griewank,50,0,-1202.3678659796735,5.640988444909453,4800,1277616696
rand1bin,SignGD,Griewank,50,1,-1210.6602809573794,1.5363099072128534,1307,566780982
rand1bin,SMCO,Griewank,50,1,-0.7342048399174893,5.007019242271781,308,566780982
rand1bin,SPSA,Griewank,50,1,-1241.5091520012654,0.19051584601402283,3053,566780982
rand1bin,SMCO_R,Griewank,50,1,-0.1137206183441195,4.997975306585431,158,566780982
rand1bin,SMCO_BR,Griewank,50,1,-0.10824689476013716,4.874729847535491,83,566780982
rand1bin,optimLBFGS,Griewank,50,1,-1.6082973175457482e-08,0.3819658551365137,99,566780982
rand1bin,SMCO_R_EVO,Griewank,50,1,-0.10983754214413688,4.837373852729797,308,566780982
rand1bin,optimNM,Griewank,50,1,-1169.0745240856018,0.29733132384717464,2400,566780982
rand1bin,SMCO_BR_EVO,Griewank,50,1,-0.15969206494657817,4.919460870325565,158,566780982
rand1bin,BOBYQA,Rosenbrock,50,18,-45684.69942492821,21.681116312742233,2400,1365370332
rand1bin,GA,Griewank,50,1,-7.445917958260889,0.8718195613473654,300,566780982
rand1bin,DEoptim,Rosenbrock,50,17,-50.32968630282924,27.642212204635143,300,292178471
rand1bin,PSO,Griewank,50,1,-91.19070131330689,0.2969062849879265,300,566780982
rand1bin,GD,Griewank,50,1,-928.3292249712458,5.548461874946952,4800,566780982
rand1bin,SMCO_EVO,Griewank,50,1,-0.7914283201524032,6.9395741969347,308,566780982
rand1bin,GenSA,Griewank,50,1,-2.2925028542175596e-10,2.981276474893093,300,566780982
rand1bin,SA,Rosenbrock,50,16,-7.559545124415356e-11,36.79314539767802,300,944059549
rand1bin,ADAM,Griewank,50,1,-1222.329280903257,5.6002556048333645,4800,566780982
rand1bin,SMCO,Griewank,50,2,-0.8007405073231223,4.764502979815006,308,88855235
rand1bin,SignGD,Griewank,50,2,-1176.2210795975009,1.5328412503004074,1307,88855235
rand1bin,SMCO_BR,Griewank,50,2,-0.12696362087209156,4.875015512108803,83,88855235
rand1bin,SPSA,Griewank,50,2,-1224.5601023140357,0.2175344955176115,3544,88855235
rand1bin,SMCO_R,Griewank,50,2,-0.1128079550517832,5.06153411231935,158,88855235
rand1bin,DEoptim,Rosenbrock,50,18,-41.12179577740703,26.684801757335663,300,1365370332
rand1bin,optimLBFGS,Griewank,50,2,-1.1947506206588798e-08,0.3175125736743212,86,88855235
rand1bin,SMCO_EVO,Griewank,50,2,-0.803131037851835,5.0346044432371855,308,88855235
rand1bin,optimNM,Griewank,50,2,-1135.4056701667698,0.31295243091881275,2400,88855235
rand1bin,GA,Griewank,50,2,-9.986682382337555,0.8901238739490509,300,88855235
rand1bin,PSO,Griewank,50,2,-3.4634122685355915,0.3087721075862646,300,88855235
rand1bin,BOBYQA,Rosenbrock,50,19,-63966.01604317438,22.234876569360495,2400,1769702579
rand1bin,SMCO_BR_EVO,Griewank,50,2,-0.14309862800779427,5.145036989822984,158,88855235
rand1bin,GD,Griewank,50,2,-915.3610421154441,5.551013296470046,4800,88855235
rand1bin,SMCO_R_EVO,Griewank,50,2,-0.12350795420085758,6.943692162632942,308,88855235
rand1bin,SA,Rosenbrock,50,17,-7.504307326734303e-11,35.56941547058523,300,292178471
rand1bin,GenSA,Griewank,50,2,-1.0566781893928123e-09,2.955861207097769,300,88855235
rand1bin,ADAM,Griewank,50,2,-1206.1883381177242,5.459485065191984,4800,88855235
rand1bin,SMCO,Griewank,50,3,-0.8090853980096036,5.029056925326586,308,613048780
rand1bin,SMCO_R,Griewank,50,3,-0.13848391929471482,4.993092268705368,158,613048780
rand1bin,SPSA,Griewank,50,3,-1241.8860580377611,0.1662722621113062,2671,613048780
rand1bin,SMCO_BR,Griewank,50,3,-0.12924246298062192,5.118544690310955,83,613048780
rand1bin,optimLBFGS,Griewank,50,3,-3.4366876011659997e-10,0.4502159785479307,117,613048780
rand1bin,SMCO_EVO,Griewank,50,3,-0.7632600426064289,4.998967420309782,308,613048780
rand1bin,optimNM,Griewank,50,3,-1143.985815591816,0.30655530095100403,2400,613048780
rand1bin,SignGD,Griewank,50,3,-1171.630297206381,2.591682516038418,2305,613048780
rand1bin,SMCO_BR_EVO,Griewank,50,3,-0.1420955724691777,4.949424831196666,158,613048780
rand1bin,DEoptim,Rosenbrock,50,19,-47.371369984769565,27.55739689990878,300,1769702579
rand1bin,PSO,Griewank,50,3,-1.5835961777607372,0.30024836398661137,300,613048780
rand1bin,GD,Griewank,50,3,-928.4571213320249,5.404882026836276,4800,613048780
rand1bin,SA,Rosenbrock,50,18,-7.26368649563833e-11,35.380336698144674,300,1365370332
rand1bin,GA,Griewank,50,3,-9.010872342960255,0.8767941556870937,300,613048780
rand1bin,SA,Griewank,50,0,-2.8008040331428674e-10,22.41915719397366,300,1277616696
rand1bin,BOBYQA,Griewank,50,0,-166.3492910226498,22.925288684666157,2400,1277616696
rand1bin,SMCO_R_EVO,Griewank,50,3,-0.11683367424844848,6.962309559807181,308,613048780
rand1bin,GenSA,Griewank,50,3,-5.583841167222658e-10,2.9652602337300777,300,613048780
rand1bin,ADAM,Griewank,50,3,-1223.0711442031647,5.549083285033703,4800,613048780
rand1bin,SignGD,Griewank,50,4,-1408.9438483195859,2.6773809250444174,2305,42369045
rand1bin,SMCO,Griewank,50,4,-0.749990655512232,4.817977098748088,308,42369045
rand1bin,SPSA,Griewank,50,4,-1518.868366527065,0.23180774226784706,3731,42369045
rand1bin,SMCO_R,Griewank,50,4,-0.12489899512457892,4.812329331412911,158,42369045
rand1bin,SMCO_EVO,Griewank,50,4,-0.8108133409442478,4.840576253831387,308,42369045
rand1bin,optimLBFGS,Griewank,50,4,-6.361916549124658e-10,0.37189089320600033,98,42369045
rand1bin,SMCO_BR,Griewank,50,4,-0.11448090403000799,4.929379925131798,83,42369045
rand1bin,optimNM,Griewank,50,4,-1416.5972318107017,0.3009870871901512,2400,42369045
rand1bin,SMCO_R_EVO,Griewank,50,4,-0.10443504332647313,4.822635507211089,308,42369045
rand1bin,PSO,Griewank,50,4,-93.4927564825952,0.2966490909457207,300,42369045
rand1bin,SMCO_BR_EVO,Griewank,50,4,-0.11818444088332214,5.065623199567199,158,42369045
rand1bin,GA,Griewank,50,4,-10.116030853949875,0.8747853953391314,300,42369045
rand1bin,SA,Griewank,50,1,-4.249217644414216e-10,22.409414058551192,300,566780982
rand1bin,BOBYQA,Griewank,50,1,-129.65293427791312,22.85836706496775,2400,566780982
rand1bin,SA,Rosenbrock,50,19,-9.650314208292981e-11,36.389221511781216,300,1769702579
rand1bin,GenSA,Griewank,50,4,-0.039458690334965074,2.9936303831636906,300,42369045
rand1bin,GD,Griewank,50,4,-1134.8671280148658,7.717005468904972,4800,42369045
rand1bin,DEoptim,Griewank,50,0,-0.10803732456658999,30.237876899540424,300,1277616696
rand1bin,ADAM,Griewank,50,4,-1498.0497378607,5.658183043822646,4800,42369045
rand1bin,SPSA,Griewank,50,5,-1233.4538641571648,0.16300919838249683,2600,1684629731
rand1bin,optimLBFGS,Griewank,50,5,-4.095070615939278e-09,0.3556653931736946,93,1684629731
rand1bin,SMCO,Griewank,50,5,-0.8182995645382369,4.774640349671245,308,1684629731
rand1bin,SMCO_BR,Griewank,50,5,-0.16036634153681273,4.908831458538771,83,1684629731
rand1bin,SMCO_R,Griewank,50,5,-0.11691861658303793,5.007037876173854,158,1684629731
rand1bin,optimNM,Griewank,50,5,-1139.793181046367,0.30245521664619446,2400,1684629731
rand1bin,SignGD,Griewank,50,5,-1132.3098611076207,2.9255581982433796,1806,1684629731
rand1bin,SMCO_EVO,Griewank,50,5,-0.7850096557718395,4.841567808762193,308,1684629731
rand1bin,SMCO_R_EVO,Griewank,50,5,-0.11388470892381242,5.029473103582859,308,1684629731
rand1bin,PSO,Griewank,50,5,-181.80355597968963,0.29656154103577137,300,1684629731
rand1bin,SMCO_BR_EVO,Griewank,50,5,-0.0948230671004,5.127779372036457,158,1684629731
rand1bin,GA,Griewank,50,5,-10.725388607865101,1.2001587841659784,300,1684629731
rand1bin,GD,Griewank,50,5,-921.6500149737082,5.3778749611228704,4800,1684629731
rand1bin,DEoptim,Griewank,50,1,-0.038471526080553486,28.516525188460946,300,566780982
rand1bin,GenSA,Griewank,50,5,-1.3996194203613754e-09,2.94777799770236,300,1684629731
rand1bin,SA,Griewank,50,2,-4.5093540013141364e-10,22.499828474596143,300,88855235
rand1bin,BOBYQA,Griewank,50,2,-180.8687487497505,22.847038485109806,2400,88855235
rand1bin,ADAM,Griewank,50,5,-1214.1633337710582,5.676133232191205,4800,1684629731
rand1bin,SPSA,Griewank,50,6,-1197.1396502099572,0.2418717797845602,3896,1820019912
rand1bin,optimLBFGS,Griewank,50,6,-9.135354583911237e-09,0.24017850123345852,63,1820019912
rand1bin,SignGD,Griewank,50,6,-1139.2468445339478,2.043632021173835,1806,1820019912
rand1bin,optimNM,Griewank,50,6,-1122.0033973828592,0.3008692990988493,2400,1820019912
rand1bin,SMCO_R,Griewank,50,6,-0.11275157868709706,4.833246497437358,158,1820019912
rand1bin,SMCO,Griewank,50,6,-0.8348529051773914,4.965171478688717,308,1820019912
rand1bin,SMCO_BR,Griewank,50,6,-0.14727557047044293,5.093570543453097,83,1820019912
rand1bin,SMCO_R_EVO,Griewank,50,6,-0.11935228235950524,4.816629488021135,308,1820019912
rand1bin,PSO,Griewank,50,6,-91.11190782921845,0.299742603674531,300,1820019912
rand1bin,SMCO_BR_EVO,Griewank,50,6,-0.13748149683327637,4.954896533861756,158,1820019912
rand1bin,GA,Griewank,50,6,-10.170325665570529,0.8835844360291958,300,1820019912
rand1bin,GD,Griewank,50,6,-895.3856338905479,5.460231475532055,4800,1820019912
rand1bin,GenSA,Griewank,50,6,-8.493731273873095e-10,2.944842651486397,300,1820019912
rand1bin,SMCO_EVO,Griewank,50,6,-0.7632717830200468,6.956208134070039,308,1820019912
rand1bin,ADAM,Griewank,50,6,-1179.2277153911896,5.598342467099428,4800,1820019912
rand1bin,DEoptim,Griewank,50,2,-0.1623161374236335,28.610607147216797,300,88855235
rand1bin,BOBYQA,Griewank,50,3,-133.47036032933448,22.880080442875624,2400,613048780
rand1bin,SA,Griewank,50,3,-2.830603529346831e-10,23.027630573138595,300,613048780
rand1bin,SPSA,Griewank,50,7,-1113.2660496882545,0.1926490906625986,3170,449929952
rand1bin,optimLBFGS,Griewank,50,7,-3.688158667358721e-10,0.3098566774278879,78,449929952
rand1bin,SignGD,Griewank,50,7,-1020.7693007377551,2.683303037658334,2305,449929952
rand1bin,SMCO,Griewank,50,7,-0.8317982111729547,4.791595784947276,308,449929952
rand1bin,optimNM,Griewank,50,7,-1020.9044812865234,0.3086506798863411,2400,449929952
rand1bin,SMCO_R,Griewank,50,7,-0.12555282911821253,4.826707364991307,158,449929952
rand1bin,SMCO_BR,Griewank,50,7,-0.15443042532956153,5.070204842835665,83,449929952
rand1bin,SMCO_EVO,Griewank,50,7,-0.808682422762971,4.80865597166121,308,449929952
rand1bin,SMCO_R_EVO,Griewank,50,7,-0.10766161564746757,4.818651754409075,308,449929952
rand1bin,PSO,Griewank,50,7,-3.214814497665977,0.29966762475669384,300,449929952
rand1bin,GA,Griewank,50,7,-11.432850134892865,0.8875869456678629,300,449929952
rand1bin,GD,Griewank,50,7,-831.9691861369416,5.5679167825728655,4800,449929952
rand1bin,GenSA,Griewank,50,7,-3.491197886340558e-09,2.9186529014259577,300,449929952
rand1bin,SMCO_BR_EVO,Griewank,50,7,-0.16988006452988214,7.097415007650852,158,449929952
rand1bin,ADAM,Griewank,50,7,-1095.6916878927677,5.634718341752887,4800,449929952
rand1bin,DEoptim,Griewank,50,3,-0.1601983980190641,28.248114151880145,300,613048780
rand1bin,SA,Griewank,50,4,-3.177058616188333e-10,22.506805954501033,300,42369045
rand1bin,BOBYQA,Griewank,50,4,-311.00215705775986,22.918128548189998,2400,42369045
rand1bin,SPSA,Griewank,50,8,-1127.7099514849626,0.18333234079182148,2967,1323267174
rand1bin,optimLBFGS,Griewank,50,8,-2.3772076529482433e-09,0.3232873436063528,81,1323267174
rand1bin,SMCO,Griewank,50,8,-0.811242936128893,4.783471897244453,308,1323267174
rand1bin,SMCO_R,Griewank,50,8,-0.10381706610947883,4.816835030913353,158,1323267174
rand1bin,optimNM,Griewank,50,8,-1044.585352565398,0.30159639194607735,2400,1323267174
rand1bin,SignGD,Griewank,50,8,-1032.5598385140938,2.0336909405887127,1806,1323267174
rand1bin,SMCO_BR,Griewank,50,8,-0.1524971010111913,5.064729750156403,83,1323267174
rand1bin,SMCO_EVO,Griewank,50,8,-0.858119675334552,4.984206262975931,308,1323267174
rand1bin,GA,Griewank,50,8,-10.790859524818387,0.8856898564845324,300,1323267174
rand1bin,PSO,Griewank,50,8,-91.67686447735665,0.30233521573245525,300,1323267174
rand1bin,SMCO_R_EVO,Griewank,50,8,-0.13558049864273136,4.82813542149961,308,1323267174
rand1bin,GenSA,Griewank,50,8,-3.409216420280359e-08,2.9452447593212128,300,1323267174
rand1bin,GD,Griewank,50,8,-843.0936125570381,5.583878114819527,4800,1323267174
rand1bin,BOBYQA,Griewank,50,5,-170.20028450905366,22.936317201703787,2400,1684629731
rand1bin,ADAM,Griewank,50,8,-1109.9974812242622,5.476241655647755,4800,1323267174
rand1bin,SMCO_BR_EVO,Griewank,50,8,-0.1367074477794631,7.099819978699088,158,1323267174
rand1bin,SA,Griewank,50,5,-3.2909341918241353e-10,23.106854995712638,300,1684629731
rand1bin,DEoptim,Griewank,50,4,-0.03139860861450128,29.023664439097047,300,42369045
rand1bin,SPSA,Griewank,50,9,-1163.837025523618,0.24265184812247753,3995,414742165
rand1bin,optimLBFGS,Griewank,50,9,-5.447710726969035e-09,0.42782398499548435,112,414742165
rand1bin,SMCO,Griewank,50,9,-0.7512379056762043,5.010432563722134,308,414742165
rand1bin,SMCO_R,Griewank,50,9,-0.10594178695667944,5.001529544591904,158,414742165
rand1bin,SMCO_BR,Griewank,50,9,-0.1238931205422199,4.890972826629877,83,414742165
rand1bin,optimNM,Griewank,50,9,-1086.5125582825017,0.30782357044517994,2400,414742165
rand1bin,SMCO_EVO,Griewank,50,9,-0.8203383004587936,4.813708206638694,308,414742165
rand1bin,SMCO_R_EVO,Griewank,50,9,-0.11404209245249697,5.032604461535811,308,414742165
rand1bin,SignGD,Griewank,50,9,-1075.4442541100857,3.721483139321208,2305,414742165
rand1bin,PSO,Griewank,50,9,-181.1606216667835,0.30082486756145954,300,414742165
rand1bin,SMCO_BR_EVO,Griewank,50,9,-0.1354972984861944,5.133516551926732,158,414742165
rand1bin,GA,Griewank,50,9,-10.202962124525655,0.8731650356203318,300,414742165
rand1bin,BOBYQA,Griewank,50,6,-165.30836895787644,22.893880300223827,2400,1820019912
rand1bin,GD,Griewank,50,9,-870.305241007734,5.403022924438119,4800,414742165
rand1bin,DEoptim,Griewank,50,5,-0.36734043193273636,27.56351181678474,300,1684629731
rand1bin,GenSA,Griewank,50,9,-6.593322554593328e-10,2.977024247869849,300,414742165
rand1bin,ADAM,Griewank,50,9,-1146.4791506700765,5.64477570541203,4800,414742165
rand1bin,SA,Griewank,50,6,-3.830995520814895e-10,22.444964019581676,300,1820019912
rand1bin,SPSA,Griewank,50,10,-1198.0036759024622,0.22162519581615925,3668,768085052
rand1bin,SignGD,Griewank,50,10,-1104.6340404306566,1.54614126868546,1307,768085052
rand1bin,optimLBFGS,Griewank,50,10,-3.998744668720633e-10,0.27253975346684456,73,768085052
rand1bin,optimNM,Griewank,50,10,-1103.2997061773954,0.3054669015109539,2400,768085052
rand1bin,SMCO_EVO,Griewank,50,10,-0.7566652833767706,4.786321859806776,308,768085052
rand1bin,SMCO_R,Griewank,50,10,-0.12880872666574805,5.0305100958794355,158,768085052
rand1bin,SMCO_BR,Griewank,50,10,-0.14106817252749926,5.114799238741398,83,768085052
rand1bin,SMCO_R_EVO,Griewank,50,10,-0.11146315459487699,5.039972174912691,308,768085052
rand1bin,PSO,Griewank,50,10,-2.5261849290996485,0.30311208963394165,300,768085052
rand1bin,SMCO_BR_EVO,Griewank,50,10,-0.0894668029485195,4.9247225150465965,158,768085052
rand1bin,GenSA,Griewank,50,10,-0.00986467449465911,2.9932472817599773,300,768085052
rand1bin,GA,Griewank,50,10,-10.708242181884103,0.8911503162235022,300,768085052
rand1bin,GD,Griewank,50,10,-895.7596774017477,5.372415045276284,4800,768085052
rand1bin,SMCO,Griewank,50,10,-0.8027719456593061,6.8866173308342695,308,768085052
rand1bin,ADAM,Griewank,50,10,-1180.8448907975778,5.591738160699606,4800,768085052
rand1bin,BOBYQA,Griewank,50,7,-162.84881530125216,22.899458087980747,2400,449929952
rand1bin,SA,Griewank,50,7,-2.264550769126572e-10,23.19856459274888,300,449929952
rand1bin,DEoptim,Griewank,50,6,-0.3640727647080204,29.370603434741497,300,1820019912
rand1bin,SPSA,Griewank,50,11,-1250.6642691282439,0.2155862096697092,3454,1843412226
rand1bin,optimLBFGS,Griewank,50,11,-6.440173283550621e-09,0.3391638323664665,83,1843412226
rand1bin,SignGD,Griewank,50,11,-1152.7862630761604,2.673875827342272,2305,1843412226
rand1bin,SMCO_R,Griewank,50,11,-0.12607233451959743,4.823012284934521,158,1843412226
rand1bin,SMCO,Griewank,50,11,-0.8519589444766461,4.994220860302448,308,1843412226
rand1bin,optimNM,Griewank,50,11,-1149.285269518589,0.3082173988223076,2400,1843412226
rand1bin,SMCO_BR,Griewank,50,11,-0.1382033770130593,4.889751022681594,83,1843412226
rand1bin,SMCO_R_EVO,Griewank,50,11,-0.11050177066841405,4.784440221264958,308,1843412226
rand1bin,SMCO_EVO,Griewank,50,11,-0.8107530205291511,5.0018196646124125,308,1843412226
rand1bin,PSO,Griewank,50,11,-91.06394859330189,0.29540614038705826,300,1843412226
rand1bin,GA,Griewank,50,11,-9.626705945506295,0.8736491445451975,300,1843412226
rand1bin,GD,Griewank,50,11,-934.8662414296327,5.558007728308439,4800,1843412226
rand1bin,GenSA,Griewank,50,11,-1.4368668477260371e-09,2.9379712026566267,300,1843412226
rand1bin,BOBYQA,Griewank,50,8,-195.38602608368313,22.984032595530152,2400,1323267174
rand1bin,SMCO_BR_EVO,Griewank,50,11,-0.15852963481318083,7.0609454326331615,158,1843412226
rand1bin,SA,Griewank,50,8,-2.7600521868009764e-10,22.35192565061152,300,1323267174
rand1bin,DEoptim,Griewank,50,7,-0.029905682286783475,28.33796608261764,300,449929952
rand1bin,ADAM,Griewank,50,11,-1232.4015726001717,5.6018457394093275,4800,1843412226
rand1bin,SPSA,Griewank,50,12,-969.4631141404215,0.18865652196109295,3030,1504238764
rand1bin,optimLBFGS,Griewank,50,12,-2.024642453690717e-09,0.5134757254272699,135,1504238764
rand1bin,SMCO_R,Griewank,50,12,-0.13194831869493517,4.800323048606515,158,1504238764
rand1bin,SMCO,Griewank,50,12,-0.7771876668080104,4.968983953818679,308,1504238764
rand1bin,optimNM,Griewank,50,12,-892.3738530793111,0.3049685228615999,2400,1504238764
rand1bin,SignGD,Griewank,50,12,-882.1208378436397,2.6190499160438776,2305,1504238764
rand1bin,SMCO_BR,Griewank,50,12,-0.1411976030111165,4.923973551020026,83,1504238764
rand1bin,GA,Griewank,50,12,-8.698878402040197,0.8743635527789593,300,1504238764
rand1bin,PSO,Griewank,50,12,-91.25461945242294,0.2995878644287586,300,1504238764
rand1bin,SMCO_EVO,Griewank,50,12,-0.7351750427635714,4.9789114985615015,308,1504238764
rand1bin,SMCO_R_EVO,Griewank,50,12,-0.13291924043514325,4.824087152257562,308,1504238764
rand1bin,SMCO_BR_EVO,Griewank,50,12,-0.1208649104493763,5.0629661455750465,158,1504238764
rand1bin,GenSA,Griewank,50,12,-4.969036182522757e-09,2.954159388318658,300,1504238764
rand1bin,ADAM,Griewank,50,12,-952.7533509622602,5.492308938875794,4800,1504238764
rand1bin,BOBYQA,Griewank,50,9,-300.14832325493,22.752261750400066,2400,414742165
rand1bin,DEoptim,Griewank,50,8,-0.09669813498409185,28.503595128655434,300,1323267174
rand1bin,SA,Griewank,50,9,-2.644616747815576e-10,22.442912496626377,300,414742165
rand1bin,GD,Griewank,50,12,-724.4993829936748,7.768185064196587,4800,1504238764
rand1bin,SPSA,Griewank,50,13,-1267.8046094376855,0.2936093471944332,3533,41188443
rand1bin,SignGD,Griewank,50,13,-1162.2147437620226,2.0578071046620607,1806,41188443
rand1bin,optimLBFGS,Griewank,50,13,-3.6543745807193773e-10,0.43701503425836563,83,41188443
rand1bin,SMCO,Griewank,50,13,-0.7496038963414455,4.8307881113141775,308,41188443
rand1bin,optimNM,Griewank,50,13,-1200.6810113790284,0.39977057091891766,2400,41188443
rand1bin,SMCO_R,Griewank,50,13,-0.1514808616594291,4.959919434040785,158,41188443
rand1bin,SMCO_BR,Griewank,50,13,-0.14643801262353262,4.916296483948827,83,41188443
rand1bin,SMCO_EVO,Griewank,50,13,-0.7728376461371296,4.953407857567072,308,41188443
rand1bin,PSO,Griewank,50,13,-1.1550577637664832,0.3019461911171675,300,41188443
rand1bin,SMCO_R_EVO,Griewank,50,13,-0.1261852277879174,4.97261581197381,308,41188443
rand1bin,GA,Griewank,50,13,-9.993253063840147,0.8739068303257227,300,41188443
rand1bin,SMCO_BR_EVO,Griewank,50,13,-0.10808996762974887,4.958091540262103,158,41188443
rand1bin,GD,Griewank,50,13,-947.9187705697917,5.449336525052786,4800,41188443
rand1bin,BOBYQA,Griewank,50,10,-177.80900677167867,22.941277131438255,2400,768085052
rand1bin,GenSA,Griewank,50,13,-3.05603209405092e-10,2.9311222173273563,300,41188443
rand1bin,ADAM,Griewank,50,13,-1248.337665333091,5.570627665147185,4800,41188443
rand1bin,SA,Griewank,50,10,-3.1721014703833816e-10,22.541100872680545,300,768085052
rand1bin,DEoptim,Griewank,50,9,-0.3245524563716331,29.853135209530592,300,414742165
rand1bin,SPSA,Griewank,50,14,-1220.0091655788558,0.16014155000448227,2558,30285366
rand1bin,optimLBFGS,Griewank,50,14,-1.1459463378216128e-09,0.38697919249534607,95,30285366
rand1bin,SMCO,Griewank,50,14,-0.7425842010843692,4.936874706298113,308,30285366
rand1bin,SignGD,Griewank,50,14,-1123.336128284512,2.651224359869957,2305,30285366
rand1bin,SMCO_BR,Griewank,50,14,-0.11026717953938003,4.904141550883651,83,30285366
rand1bin,SMCO_R,Griewank,50,14,-0.11466485178859454,4.960360053926706,158,30285366
rand1bin,optimNM,Griewank,50,14,-1117.9039400963525,0.30769897624850273,2400,30285366
rand1bin,SMCO_EVO,Griewank,50,14,-0.8490003646671088,4.832914311438799,308,30285366
rand1bin,PSO,Griewank,50,14,-1.1365366531880137,0.29927717708051205,300,30285366
rand1bin,GA,Griewank,50,14,-11.13370350676032,0.8793533220887184,300,30285366
rand1bin,SMCO_R_EVO,Griewank,50,14,-0.09202904914781618,4.846249308437109,308,30285366
rand1bin,SMCO_BR_EVO,Griewank,50,14,-0.13937736644712873,5.056641424074769,158,30285366
rand1bin,GD,Griewank,50,14,-911.3815852180014,5.411589717492461,4800,30285366
rand1bin,GenSA,Griewank,50,14,-1.292467355362703e-09,3.0233920849859715,300,30285366
rand1bin,BOBYQA,Griewank,50,11,-260.3543757430855,22.934323793277144,2400,1843412226
rand1bin,ADAM,Griewank,50,14,-1201.3373354057069,5.474587608128786,4800,30285366
rand1bin,SA,Griewank,50,11,-3.264936099256488e-10,22.969254538416862,300,1843412226
rand1bin,DEoptim,Griewank,50,10,-0.10550325149195094,28.71464265137911,300,768085052
rand1bin,SPSA,Griewank,50,15,-1146.9819369545173,0.2753657214343548,4368,770290126
rand1bin,optimLBFGS,Griewank,50,15,-1.4056273922591345e-09,0.3130459785461426,76,770290126
rand1bin,SMCO,Griewank,50,15,-0.7697124881978463,4.808822065591812,308,770290126
rand1bin,optimNM,Griewank,50,15,-1069.975532181325,0.3016309794038534,2400,770290126
rand1bin,SMCO_R,Griewank,50,15,-0.10721354069888389,4.960171312093735,158,770290126
rand1bin,SMCO_BR,Griewank,50,15,-0.10293282149270688,4.92167479917407,83,770290126
rand1bin,SMCO_EVO,Griewank,50,15,-0.7359915942119483,4.961524257436395,308,770290126
rand1bin,SMCO_R_EVO,Griewank,50,15,-0.12105840791481581,4.816112037748098,308,770290126
rand1bin,SignGD,Griewank,50,15,-1056.5531485317163,3.159542603418231,2804,770290126
rand1bin,PSO,Griewank,50,15,-91.1659330598754,0.2978908009827137,300,770290126
rand1bin,GA,Griewank,50,15,-10.418090000761293,0.8895442429929972,300,770290126
rand1bin,SMCO_BR_EVO,Griewank,50,15,-0.12890383717831821,4.931738872081041,158,770290126
rand1bin,GenSA,Griewank,50,15,-2.1356483248524682e-10,2.9389895368367434,300,770290126
rand1bin,BOBYQA,Griewank,50,12,-72.05341271377566,22.930084239691496,2400,1504238764
rand1bin,GD,Griewank,50,15,-857.6845692117881,5.517365846782923,4800,770290126
rand1bin,SA,Griewank,50,12,-4.134840247971283e-10,22.50637868978083,300,1504238764
rand1bin,DEoptim,Griewank,50,11,-0.02882796927401854,28.195683060213923,300,1843412226
rand1bin,ADAM,Griewank,50,15,-1130.4096650348072,5.603580256924033,4800,770290126
rand1bin,SPSA,Griewank,50,16,-1310.6435663751356,0.09307222627103329,1472,91254650
rand1bin,optimLBFGS,Griewank,50,16,-4.944744613766261e-10,0.2940255030989647,71,91254650
rand1bin,SMCO,Griewank,50,16,-0.7356452504539489,4.792643351480365,308,91254650
rand1bin,SMCO_R,Griewank,50,16,-0.1325271575100322,4.784930158406496,158,91254650
rand1bin,optimNM,Griewank,50,16,-1225.0302818909179,0.3002187926322222,2400,91254650
rand1bin,SignGD,Griewank,50,16,-1205.486766800121,2.618668269366026,2305,91254650
rand1bin,SMCO_BR,Griewank,50,16,-0.11618717636611997,5.093567613512278,83,91254650
rand1bin,SMCO_EVO,Griewank,50,16,-0.7812338737763946,4.786231534555554,308,91254650
rand1bin,PSO,Griewank,50,16,-1.654975150249145,0.2972265798598528,300,91254650
rand1bin,GA,Griewank,50,16,-10.281798590118592,0.8868291825056076,300,91254650
rand1bin,SMCO_R_EVO,Griewank,50,16,-0.1183331653721792,4.823965258896351,308,91254650
rand1bin,SMCO_BR_EVO,Griewank,50,16,-0.13444472778173722,5.124790646135807,158,91254650
rand1bin,GD,Griewank,50,16,-978.7767383825483,5.566347189247608,4800,91254650
rand1bin,GenSA,Griewank,50,16,-9.706886405780324e-10,2.920190293341875,300,91254650
rand1bin,ADAM,Griewank,50,16,-1290.0532092329481,5.5958180502057076,4800,91254650
rand1bin,DEoptim,Griewank,50,12,-0.004421313628649282,27.931783156469464,300,1504238764
rand1bin,BOBYQA,Griewank,50,13,-212.56575286204134,22.66469028405845,2400,41188443
rand1bin,SignGD,Griewank,50,17,-1067.9096277865065,2.0356057211756706,1806,1840808294
rand1bin,SMCO,Griewank,50,17,-0.8496084015609792,4.778983302414417,308,1840808294
rand1bin,SPSA,Griewank,50,17,-1163.8328611765214,0.22257338091731071,3659,1840808294
rand1bin,optimLBFGS,Griewank,50,17,-4.425630972804129e-10,0.31665276922285557,83,1840808294
rand1bin,optimNM,Griewank,50,17,-1075.5429044191837,0.30181347765028477,2400,1840808294
rand1bin,SMCO_R,Griewank,50,17,-0.12622730283641848,5.014126241207123,158,1840808294
rand1bin,SMCO_BR,Griewank,50,17,-0.10788865897382771,4.898712057620287,83,1840808294
rand1bin,SMCO_EVO,Griewank,50,17,-0.8496446643736446,4.995319923385978,308,1840808294
rand1bin,SMCO_BR_EVO,Griewank,50,17,-0.15897798081974068,4.940928580239415,158,1840808294
rand1bin,SMCO_R_EVO,Griewank,50,17,-0.11812654699184066,5.00765342451632,308,1840808294
rand1bin,GA,Griewank,50,17,-12.109890430388022,0.8883460741490126,300,1840808294
rand1bin,PSO,Griewank,50,17,-90.8136366286299,0.29788595996797085,300,1840808294
rand1bin,GD,Griewank,50,17,-870.3653148263296,5.529149187728763,4800,1840808294
rand1bin,GenSA,Griewank,50,17,-1.3945820054317437e-09,3.004820680245757,300,1840808294
rand1bin,ADAM,Griewank,50,17,-1146.2992593809302,5.480892147868872,4800,1840808294
rand1bin,SA,Griewank,50,14,-4.0624781316722647e-10,22.146917758509517,300,30285366
rand1bin,BOBYQA,Griewank,50,14,-167.09413887615665,22.935624221339822,2400,30285366
rand1bin,DEoptim,Griewank,50,13,-0.14702864039655117,29.027471031993628,300,41188443
rand1bin,SA,Griewank,50,13,-3.0077762502855876e-10,30.072055395692587,300,41188443
rand1bin,SPSA,Griewank,50,18,-1188.7607425870406,0.1983459945768118,2429,1207617488
rand1bin,optimLBFGS,Griewank,50,18,-1.014000661214709e-09,0.4314656928181648,87,1207617488
rand1bin,SignGD,Griewank,50,18,-1089.7963532465483,2.1313748080283403,1806,1207617488
rand1bin,SMCO,Griewank,50,18,-0.7368834912065384,5.024324040859938,308,1207617488
rand1bin,SMCO_BR,Griewank,50,18,-0.13884585123321425,4.874652544036508,83,1207617488
rand1bin,optimNM,Griewank,50,18,-1106.306508887906,0.3065423369407654,2400,1207617488
rand1bin,SMCO_R,Griewank,50,18,-0.1288408139463696,5.018272366374731,158,1207617488
rand1bin,GA,Griewank,50,18,-11.296653899844495,0.8874633982777596,300,1207617488
rand1bin,SMCO_EVO,Griewank,50,18,-0.8131562799991076,5.029604025185108,308,1207617488
rand1bin,SMCO_R_EVO,Griewank,50,18,-0.1300667166966486,4.798314828425646,308,1207617488
rand1bin,SMCO_BR_EVO,Griewank,50,18,-0.11782562501921967,4.914291463792324,158,1207617488
rand1bin,PSO,Griewank,50,18,-91.20714345979549,0.3015179168432951,300,1207617488
rand1bin,GD,Griewank,50,18,-888.5245057395196,5.369958478957415,4800,1207617488
rand1bin,GenSA,Griewank,50,18,-3.335762110978635e-09,2.970027159899473,300,1207617488
rand1bin,BOBYQA,Griewank,50,15,-96.47652523427459,22.98295921459794,2400,770290126
rand1bin,ADAM,Griewank,50,18,-1170.1571244015174,5.63919629342854,4800,1207617488
rand1bin,DEoptim,Griewank,50,14,-0.20743124108344957,28.80779437534511,300,30285366
rand1bin,SA,Griewank,50,15,-2.930438114390199e-10,23.421672578901052,300,770290126
rand1bin,SPSA,Griewank,50,19,-1256.9541184668863,0.21850834228098392,3438,729266428
rand1bin,optimLBFGS,Griewank,50,19,-2.3835522444670687e-10,0.32125803269445896,80,729266428
rand1bin,SMCO_R,Griewank,50,19,-0.1407624116829851,4.761796711012721,158,729266428
rand1bin,SMCO,Griewank,50,19,-0.8376032520724829,5.079748645424843,308,729266428
rand1bin,optimNM,Griewank,50,19,-1158.6651561183023,0.2990279756486416,2400,729266428
rand1bin,SMCO_BR,Griewank,50,19,-0.11527679465502993,4.858648957684636,83,729266428
rand1bin,SMCO_EVO,Griewank,50,19,-0.7393147566694844,5.087385945022106,308,729266428
rand1bin,SignGD,Griewank,50,19,-1158.4672754106768,2.7373087275773287,2305,729266428
rand1bin,PSO,Griewank,50,19,-92.14174799125958,0.3028728775680065,300,729266428
rand1bin,SMCO_R_EVO,Griewank,50,19,-0.1300530113686319,4.763472070917487,308,729266428
rand1bin,GA,Griewank,50,19,-10.02271488254668,0.8886451385915279,300,729266428
rand1bin,SMCO_BR_EVO,Griewank,50,19,-0.13340429960856837,5.223085118457675,158,729266428
rand1bin,BOBYQA,Griewank,50,16,-226.75352797405407,22.993790794163942,2400,91254650
rand1bin,GD,Griewank,50,19,-939.7419944217881,5.661173911765218,4800,729266428
rand1bin,GenSA,Griewank,50,19,-7.479796781950654e-10,2.982558023184538,300,729266428
rand1bin,GD,Zakharov,50,0,-1009599715340.7566,0.07277440093457699,56,1736315813
rand1bin,SA,Griewank,50,16,-1.8483259367485516e-10,22.191276928409934,300,91254650
rand1bin,ADAM,Griewank,50,19,-1238.7786775162347,5.698194624856114,4800,729266428
rand1bin,SPSA,Zakharov,50,0,-5745.3125,0.18747400864958763,3108,1736315813
rand1bin,DEoptim,Griewank,50,15,-0.025471712940636992,29.196786673739552,300,770290126
rand1bin,SignGD,Zakharov,50,0,-841.1698381660987,1.5344756543636322,1353,1736315813
rand1bin,optimLBFGS,Zakharov,50,0,-9.383129934222552e-12,1.10186368227005,429,1736315813
rand1bin,optimNM,Zakharov,50,0,-587306946467.841,0.3013048283755779,2400,1736315813
rand1bin,SMCO,Zakharov,50,0,-0.5480834996962862,5.023302808403969,308,1736315813
rand1bin,SMCO_R,Zakharov,50,0,-1.5751040703695758,4.944759840145707,158,1736315813
rand1bin,SMCO_BR,Zakharov,50,0,-6.5473522437424325,5.126120917499065,83,1736315813
rand1bin,PSO,Zakharov,50,0,-1270.2111953120755,0.27968161553144455,300,1736315813
rand1bin,GA,Zakharov,50,0,-377.81390795595416,0.843667333945632,300,1736315813
rand1bin,SMCO_EVO,Zakharov,50,0,-0.5515373891831822,5.071315981447697,308,1736315813
rand1bin,SMCO_R_EVO,Zakharov,50,0,-1.4707293549154785,5.138485895469785,308,1736315813
rand1bin,GenSA,Zakharov,50,0,-1.1005772525474858e-11,3.011597190052271,300,1736315813
rand1bin,SMCO_BR_EVO,Zakharov,50,0,-6.576540660379052,5.176752723753452,158,1736315813
rand1bin,ADAM,Zakharov,50,0,-8890000164.964672,5.265087962150574,4800,1736315813
rand1bin,GD,Zakharov,50,1,-2412158143341.7764,0.07070161961019039,56,532465420
rand1bin,BOBYQA,Griewank,50,17,-105.43178571612658,22.612476985901594,2400,1840808294
rand1bin,SignGD,Zakharov,50,1,-784.9484357946861,1.0209292098879814,930,532465420
rand1bin,DEoptim,Griewank,50,16,-0.34908682410027725,28.366703836247325,300,91254650
rand1bin,SPSA,Zakharov,50,1,-2675.0,0.269444203004241,4639,532465420
rand1bin,SA,Griewank,50,17,-3.659208491768595e-10,23.14572507329285,300,1840808294
rand1bin,optimLBFGS,Zakharov,50,1,-1.5033166454169523e-11,1.0209588818252087,416,532465420
rand1bin,optimNM,Zakharov,50,1,-1593400740721.4036,0.3006812911480665,2400,532465420
rand1bin,SMCO,Zakharov,50,1,-0.4018075535634017,5.029810927808285,308,532465420
rand1bin,SMCO_R,Zakharov,50,1,-1.5559293325596113,4.959731068462133,158,532465420
rand1bin,SMCO_BR,Zakharov,50,1,-6.62445739859477,5.1010663360357285,83,532465420
rand1bin,PSO,Zakharov,50,1,-1001.1803848030233,0.27758639864623547,300,532465420
rand1bin,SMCO_EVO,Zakharov,50,1,-0.5620525935812972,5.117614168673754,308,532465420
rand1bin,GA,Zakharov,50,1,-394.87567712066675,0.8402468264102936,300,532465420
rand1bin,SMCO_R_EVO,Zakharov,50,1,-1.3664537420502219,5.099857183173299,308,532465420
rand1bin,SMCO_BR_EVO,Zakharov,50,1,-5.632775175815807,5.166373832151294,158,532465420
rand1bin,GenSA,Zakharov,50,1,-3.877114193658658e-11,2.9509264528751373,300,532465420
rand1bin,ADAM,Zakharov,50,1,-40920163914.75083,5.424409439787269,4800,532465420
rand1bin,GD,Zakharov,50,2,-2152821430847.3958,0.07193049229681492,56,1729431029
rand1bin,DEoptim,Griewank,50,17,-0.8785020445846312,28.711407708004117,300,1840808294
rand1bin,SA,Griewank,50,18,-4.4335335402934106e-10,22.33509787544608,300,1207617488
rand1bin,SignGD,Zakharov,50,2,-700.1645767669887,1.5538556035608053,1377,1729431029
rand1bin,SPSA,Zakharov,50,2,-2525.0,0.2506563328206539,4320,1729431029
rand1bin,optimLBFGS,Zakharov,50,2,-5.87336806163371e-12,1.0613290388137102,413,1729431029
rand1bin,SMCO,Zakharov,50,2,-0.5425073473802072,5.048358287662268,308,1729431029
rand1bin,optimNM,Zakharov,50,2,-1528037478755.6243,0.2974326219409704,2400,1729431029
rand1bin,SMCO_R,Zakharov,50,2,-1.783311014172225,5.071810144931078,158,1729431029
rand1bin,SMCO_BR,Zakharov,50,2,-7.2472858141271566,5.010567177087069,83,1729431029
rand1bin,SMCO_EVO,Zakharov,50,2,-0.44066976287223575,5.074385516345501,308,1729431029
rand1bin,PSO,Zakharov,50,2,-902.1656146707259,0.27950824052095413,300,1729431029
rand1bin,SMCO_R_EVO,Zakharov,50,2,-1.1337548111257434,5.1164817698299885,308,1729431029
rand1bin,GA,Zakharov,50,2,-194.74045471663206,0.8456608280539513,300,1729431029
rand1bin,SMCO_BR_EVO,Zakharov,50,2,-8.458662813848953,5.066624624654651,158,1729431029
rand1bin,GenSA,Zakharov,50,2,-2.3748521501846346e-11,2.9768203645944595,300,1729431029
rand1bin,ADAM,Zakharov,50,2,-32087920927.65779,5.315905135124922,4800,1729431029
rand1bin,BOBYQA,Griewank,50,18,-198.04478375142216,28.590051382780075,2400,1207617488
rand1bin,BOBYQA,Griewank,50,19,-92.81481379174805,23.25532310269773,2400,729266428
rand1bin,GD,Zakharov,50,3,-341534915443.1475,0.10367453284561634,56,2134221050
rand1bin,SA,Griewank,50,19,-3.294984285417968e-10,22.47429934516549,300,729266428
rand1bin,SPSA,Zakharov,50,3,-2450.0,0.24913445860147476,4306,2134221050
rand1bin,DEoptim,Griewank,50,18,-0.02086473895946872,29.24613542854786,300,1207617488
rand1bin,SMCO,Zakharov,50,3,-0.5685399380490362,5.042777806520462,308,2134221050
rand1bin,optimNM,Zakharov,50,3,-165545538697.742,0.30007351376116276,2400,2134221050
rand1bin,SMCO_R,Zakharov,50,3,-1.6992359780993502,5.094508498907089,158,2134221050
rand1bin,SMCO_BR,Zakharov,50,3,-7.282493451640193,4.978810114786029,83,2134221050
rand1bin,SignGD,Zakharov,50,3,-656.816257641302,1.7042033039033413,1507,2134221050
rand1bin,SMCO_EVO,Zakharov,50,3,-0.6710398162991137,5.002732077613473,308,2134221050
rand1bin,optimLBFGS,Zakharov,50,3,-1.8198856103016393e-11,1.0358579885214567,419,2134221050
rand1bin,PSO,Zakharov,50,3,-1118.8351048598647,0.2743122112005949,300,2134221050
rand1bin,GA,Zakharov,50,3,-221.20700333123014,0.858408622443676,300,2134221050
rand1bin,SMCO_R_EVO,Zakharov,50,3,-1.8415659637870772,5.091449497267604,308,2134221050
rand1bin,BOBYQA,Zakharov,50,0,-1003244290802.0873,21.46953114680946,2400,1736315813
rand1bin,SMCO_BR_EVO,Zakharov,50,3,-6.978037663727169,5.012901362031698,158,2134221050
rand1bin,GenSA,Zakharov,50,3,-1.3336238714751864e-11,2.9931214284151793,300,2134221050
rand1bin,GD,Zakharov,50,4,-7794587688003.526,0.0720436405390501,56,1277360052
rand1bin,DEoptim,Griewank,50,19,-0.18874189449263357,27.931902470067143,300,729266428
rand1bin,SignGD,Zakharov,50,4,-616.0603078524009,1.4765198212116957,1307,1277360052
rand1bin,SPSA,Zakharov,50,4,-2525.0,0.25243260338902473,4237,1277360052
rand1bin,SMCO,Zakharov,50,4,-0.6102262848234372,4.9608017560094595,308,1277360052
rand1bin,SMCO_R,Zakharov,50,4,-1.5891380897537741,4.972097000107169,158,1277360052
rand1bin,optimNM,Zakharov,50,4,-5817121574906.333,0.29093950241804123,2400,1277360052
rand1bin,optimLBFGS,Zakharov,50,4,-5.219050856928514e-11,1.0740466844290495,429,1277360052
rand1bin,SMCO_BR,Zakharov,50,4,-5.49969766894531,5.102470073848963,83,1277360052
rand1bin,ADAM,Zakharov,50,3,-1430492195.0316124,7.768740365281701,4800,2134221050
rand1bin,SMCO_EVO,Zakharov,50,4,-0.7131114382892242,5.061756335198879,308,1277360052
rand1bin,SMCO_R_EVO,Zakharov,50,4,-1.5506344722495817,5.0187342911958694,308,1277360052
rand1bin,PSO,Zakharov,50,4,-1013.8674062528851,0.2773564774543047,300,1277360052
rand1bin,GA,Zakharov,50,4,-228.17104617253767,1.1857957113534212,300,1277360052
rand1bin,BOBYQA,Zakharov,50,1,-2399939073564.1353,21.48264530673623,2400,532465420
rand1bin,SMCO_BR_EVO,Zakharov,50,4,-7.160951429964034,5.027743773534894,158,1277360052
rand1bin,GenSA,Zakharov,50,4,-1.1505526869525486e-11,2.9676513671875,300,1277360052
rand1bin,ADAM,Zakharov,50,4,-259128870085.77667,5.280603624880314,4800,1277360052
rand1bin,GD,Zakharov,50,5,-956759957446.1713,0.07051502726972103,56,766100541
rand1bin,DEoptim,Zakharov,50,0,-274.8840882190636,28.86133641190827,300,1736315813
rand1bin,SignGD,Zakharov,50,5,-847.616836946275,1.4426060188561678,1307,766100541
rand1bin,SPSA,Zakharov,50,5,-2525.0,0.2433949988335371,4251,766100541
rand1bin,SMCO,Zakharov,50,5,-0.5576769893919508,5.000027354806662,308,766100541
rand1bin,SMCO_R,Zakharov,50,5,-2.0190283383851284,5.0748057924211025,158,766100541
rand1bin,optimLBFGS,Zakharov,50,5,-6.43138720339898e-12,1.024354798719287,417,766100541
rand1bin,optimNM,Zakharov,50,5,-596318818982.3812,0.2990777976810932,2400,766100541
rand1bin,SMCO_EVO,Zakharov,50,5,-0.5717495338631924,4.9970628544688225,308,766100541
rand1bin,SMCO_R_EVO,Zakharov,50,5,-3.957392810937631,4.995419234037399,308,766100541
rand1bin,GA,Zakharov,50,5,-169.11567689735057,0.8401947617530823,300,766100541
rand1bin,SMCO_BR_EVO,Zakharov,50,5,-6.736407820303155,5.086293872445822,158,766100541
rand1bin,PSO,Zakharov,50,5,-1393.7363932200883,0.27177893929183483,300,766100541
rand1bin,BOBYQA,Zakharov,50,2,-2141602125507.2344,21.60304374806583,2400,1729431029
rand1bin,SMCO_BR,Zakharov,50,5,-6.964382189504548,7.334150213748217,83,766100541
rand1bin,GenSA,Zakharov,50,5,-2.591615206312049e-09,2.9845110066235065,300,766100541
rand1bin,ADAM,Zakharov,50,5,-8271730195.762833,5.389345210045576,4800,766100541
rand1bin,DEoptim,Zakharov,50,1,-231.34133918272113,28.381940744817257,300,532465420
rand1bin,GD,Zakharov,50,6,-1538909648445.6387,0.07411621138453484,56,372074673
rand1bin,SignGD,Zakharov,50,6,-589.9504934675591,1.5244103893637657,1363,372074673
rand1bin,SMCO,Zakharov,50,6,-0.5558665983350042,4.956914065405726,308,372074673
rand1bin,SMCO_R,Zakharov,50,6,-1.5849990318435248,4.982215955853462,158,372074673
rand1bin,SPSA,Zakharov,50,6,-2900.0,0.2747397217899561,4705,372074673
rand1bin,SA,Zakharov,50,0,-3.0443426113010746e-12,38.06414046511054,300,1736315813
rand1bin,SMCO_BR,Zakharov,50,6,-6.143857229301093,5.032188568264246,83,372074673
rand1bin,optimNM,Zakharov,50,6,-910662298148.5955,0.30039005167782307,2400,372074673
rand1bin,optimLBFGS,Zakharov,50,6,-6.524487368014188e-12,1.0213951915502548,422,372074673
rand1bin,SMCO_R_EVO,Zakharov,50,6,-1.5423226243057662,5.002658516168594,308,372074673
rand1bin,GA,Zakharov,50,6,-323.1978416247743,0.845276540145278,300,372074673
rand1bin,SMCO_BR_EVO,Zakharov,50,6,-7.051023995275011,5.160460082814097,158,372074673
rand1bin,PSO,Zakharov,50,6,-795.1750828751667,0.2728799022734165,300,372074673
rand1bin,SMCO_EVO,Zakharov,50,6,-0.5518419853183707,7.3042830135673285,308,372074673
rand1bin,GenSA,Zakharov,50,6,-1.651957570531033e-11,2.9445378743112087,300,372074673
rand1bin,DEoptim,Zakharov,50,2,-224.9374029472721,28.65326757542789,300,1729431029
rand1bin,ADAM,Zakharov,50,6,-16867973828.941515,5.3328832145780325,4800,372074673
rand1bin,BOBYQA,Zakharov,50,3,-338717901617.6078,24.260978050529957,2400,2134221050
rand1bin,GD,Zakharov,50,7,-4646768826432.58,0.07368687726557255,56,1107253899
rand1bin,SA,Zakharov,50,1,-2.985966139740596e-12,37.91848981194198,300,532465420
rand1bin,SignGD,Zakharov,50,7,-699.1148172844523,1.6818025037646294,1463,1107253899
rand1bin,SPSA,Zakharov,50,7,-2675.0,0.22455188818275928,3717,1107253899
rand1bin,SMCO_R,Zakharov,50,7,-1.4366780258419192,4.989542683586478,158,1107253899
rand1bin,SMCO,Zakharov,50,7,-0.6639969812684217,5.108700005337596,308,1107253899
rand1bin,optimLBFGS,Zakharov,50,7,-4.340988630191324e-11,1.0997779332101345,429,1107253899
rand1bin,optimNM,Zakharov,50,7,-3319539264670.1353,0.29884175583720207,2400,1107253899
rand1bin,SMCO_EVO,Zakharov,50,7,-0.4128323908420511,4.958461221307516,308,1107253899
rand1bin,SMCO_R_EVO,Zakharov,50,7,-2.0636100691700965,5.1552717462182045,308,1107253899
rand1bin,DEoptim,Zakharov,50,3,-262.7545127734011,28.292920408770442,300,2134221050
rand1bin,SMCO_BR_EVO,Zakharov,50,7,-6.935836458862007,5.0681831035763025,158,1107253899
rand1bin,PSO,Zakharov,50,7,-1472.9442265565187,0.2729084938764572,300,1107253899
rand1bin,GA,Zakharov,50,7,-349.0513627267766,0.8668480478227139,300,1107253899
rand1bin,SMCO_BR,Zakharov,50,7,-6.363111616901994,7.338757295161486,83,1107253899
rand1bin,GenSA,Zakharov,50,7,-7.0956146073757895e-12,3.0115714352577925,300,1107253899
rand1bin,ADAM,Zakharov,50,7,-122206302573.67702,5.475166788324714,4800,1107253899
rand1bin,BOBYQA,Zakharov,50,4,-80413457595.2297,26.352594463154674,2400,1277360052
rand1bin,GD,Zakharov,50,8,-75188131160.45976,0.07139762490987778,56,1968297226
rand1bin,SA,Zakharov,50,2,-2.7991441471937463e-12,38.260562440380454,300,1729431029
rand1bin,SMCO,Zakharov,50,8,-0.5316244375695286,4.950951291248202,308,1968297226
rand1bin,SMCO_R,Zakharov,50,8,-1.6189527053934853,4.9048626236617565,158,1968297226
rand1bin,BOBYQA,Zakharov,50,5,-950655866654.3578,21.568067280575633,2400,766100541
rand1bin,SignGD,Zakharov,50,8,-681.8374398565172,1.9795474968850613,1806,1968297226
rand1bin,SPSA,Zakharov,50,8,-2375.0,0.2772381640970707,4800,1968297226
rand1bin,optimNM,Zakharov,50,8,-20291873028.801388,0.29157338850200176,2400,1968297226
rand1bin,SMCO_BR,Zakharov,50,8,-7.1109608226829355,5.19239267334342,83,1968297226
rand1bin,optimLBFGS,Zakharov,50,8,-8.28041482470962e-12,0.9925536196678877,407,1968297226
rand1bin,DEoptim,Zakharov,50,4,-284.4732247835046,28.949551168829203,300,1277360052
rand1bin,SMCO_R_EVO,Zakharov,50,8,-1.8724366542052853,5.209874276071787,308,1968297226
rand1bin,PSO,Zakharov,50,8,-1491.3247226920307,0.28166218660771847,300,1968297226
rand1bin,GA,Zakharov,50,8,-282.7276816284809,0.8459303695708513,300,1968297226
rand1bin,SMCO_BR_EVO,Zakharov,50,8,-6.938856245106236,5.198761440813541,158,1968297226
rand1bin,GenSA,Zakharov,50,8,-4.205744484023895e-11,2.937362687662244,300,1968297226
rand1bin,SMCO_EVO,Zakharov,50,8,-0.54107926417386,7.297666931524873,308,1968297226
rand1bin,SA,Zakharov,50,3,-2.9827855647124217e-12,37.466965552419424,300,2134221050
rand1bin,GD,Zakharov,50,9,-3289449136842.6533,0.07310455478727818,56,531219359
rand1bin,ADAM,Zakharov,50,8,-127636656.02298531,5.53203908726573,4800,1968297226
rand1bin,SignGD,Zakharov,50,9,-1228.5120267053774,0.983541663736105,858,531219359
rand1bin,SPSA,Zakharov,50,9,-2450.0,0.27594346180558205,4603,531219359
rand1bin,optimLBFGS,Zakharov,50,9,-3.2171194816264085e-10,1.0705238673835993,422,531219359
rand1bin,SMCO_BR,Zakharov,50,9,-8.66810451247879,5.010246504098177,83,531219359
rand1bin,SMCO,Zakharov,50,9,-0.5756816142897194,5.179307263344526,308,531219359
rand1bin,SMCO_R,Zakharov,50,9,-1.5362388633890107,5.140838377177715,158,531219359
rand1bin,DEoptim,Zakharov,50,5,-240.80248834679858,27.61974923685193,300,766100541
rand1bin,BOBYQA,Zakharov,50,6,-1530189069429.3179,21.46977774053812,2400,372074673
rand1bin,optimNM,Zakharov,50,9,-2113957709062.1252,0.2910016365349293,2400,531219359
rand1bin,PSO,Zakharov,50,9,-1365.7859777753315,0.274912191554904,300,531219359
rand1bin,SMCO_EVO,Zakharov,50,9,-0.43160883015217105,5.134374164044857,308,531219359
rand1bin,GA,Zakharov,50,9,-253.9496719939965,0.8484148718416691,300,531219359
rand1bin,SMCO_R_EVO,Zakharov,50,9,-2.187261687853124,4.972255673259497,308,531219359
rand1bin,GenSA,Zakharov,50,9,-2.9005393512204008e-11,3.0536501854658127,300,531219359
rand1bin,ADAM,Zakharov,50,9,-72304920329.80934,5.496524779126048,4800,531219359
rand1bin,SA,Zakharov,50,4,-2.784722274431102e-12,38.27972003445029,300,1277360052
rand1bin,SMCO_BR_EVO,Zakharov,50,9,-6.912461569283351,7.388915134593844,158,531219359
rand1bin,GD,Zakharov,50,10,-1755108670376.0017,0.07267141900956631,56,985809678
rand1bin,SignGD,Zakharov,50,10,-738.1590940150124,1.4727971460670233,906,985809678
rand1bin,SMCO,Zakharov,50,10,-0.3637722712224474,4.990943124517798,308,985809678
rand1bin,SPSA,Zakharov,50,10,-2675.0,0.33360156416893005,4237,985809678
rand1bin,SMCO_R,Zakharov,50,10,-1.157107033181174,5.101919898763299,158,985809678
rand1bin,optimNM,Zakharov,50,10,-1079853797803.9364,0.29953001998364925,2400,985809678
rand1bin,SMCO_BR,Zakharov,50,10,-4.78345794466356,5.036085966974497,83,985809678
rand1bin,SMCO_EVO,Zakharov,50,10,-0.5546285812999838,4.968272030353546,308,985809678
rand1bin,optimLBFGS,Zakharov,50,10,-2.1478026475209007e-11,1.0279558952897787,419,985809678
rand1bin,GA,Zakharov,50,10,-269.75698404702297,0.8450274337083101,300,985809678
rand1bin,PSO,Zakharov,50,10,-1095.6945206079952,0.27236676774919033,300,985809678
rand1bin,DEoptim,Zakharov,50,6,-246.617694611929,28.2630877494812,300,372074673
rand1bin,SMCO_R_EVO,Zakharov,50,10,-1.4203042571131523,5.103857394307852,308,985809678
rand1bin,SMCO_BR_EVO,Zakharov,50,10,-4.861935902041521,5.165439812466502,158,985809678
rand1bin,GenSA,Zakharov,50,10,-2.7108042308979247e-11,3.034645376726985,300,985809678
rand1bin,ADAM,Zakharov,50,10,-25322424571.573944,5.434417260810733,4800,985809678
rand1bin,SA,Zakharov,50,5,-2.6740117149790526e-12,37.783166624605656,300,766100541
rand1bin,BOBYQA,Zakharov,50,7,-171536024174.963,23.878749333322048,2400,1107253899
rand1bin,GD,Zakharov,50,11,-41351200246.94809,0.07182386890053749,56,1874678441
rand1bin,SignGD,Zakharov,50,11,-888.8330652897139,0.9695131238549948,880,1874678441
rand1bin,SPSA,Zakharov,50,11,-2525.0,0.24673443660140038,4269,1874678441
rand1bin,optimLBFGS,Zakharov,50,11,-5.938662625127857e-12,1.012377617880702,414,1874678441
rand1bin,SMCO,Zakharov,50,11,-0.5870204467726864,4.917467687278986,308,1874678441
rand1bin,SMCO_R,Zakharov,50,11,-1.4496419168948733,4.930431270971894,158,1874678441
rand1bin,optimNM,Zakharov,50,11,-13824579573.160933,0.28489215672016144,2400,1874678441
rand1bin,SMCO_BR,Zakharov,50,11,-6.49427057318286,5.1490917801856995,83,1874678441
rand1bin,SMCO_EVO,Zakharov,50,11,-0.3296665593309331,5.094710428267717,308,1874678441
rand1bin,SMCO_R_EVO,Zakharov,50,11,-1.5094541353121083,5.105552846565843,308,1874678441
rand1bin,GA,Zakharov,50,11,-167.16768487479072,0.869560431689024,300,1874678441
rand1bin,SMCO_BR_EVO,Zakharov,50,11,-6.1886248975405955,5.166399059817195,158,1874678441
rand1bin,PSO,Zakharov,50,11,-1161.7136653749928,0.27686749026179314,300,1874678441
rand1bin,ADAM,Zakharov,50,11,-37327704.08314927,5.398791519924998,4800,1874678441
rand1bin,GenSA,Zakharov,50,11,-1.1221960859771975e-11,2.9336328394711018,300,1874678441
rand1bin,DEoptim,Zakharov,50,7,-248.73470862674952,28.65108517371118,300,1107253899
rand1bin,SA,Zakharov,50,6,-3.010786055149002e-12,37.77381478063762,300,372074673
rand1bin,GD,Zakharov,50,12,-682675486040.9427,0.07193561643362045,56,1457034830
rand1bin,SignGD,Zakharov,50,12,-596.9935900787939,1.467422354966402,1307,1457034830
rand1bin,SMCO,Zakharov,50,12,-0.6897136523642857,5.053561266511679,308,1457034830
rand1bin,BOBYQA,Zakharov,50,8,-46242056668.77945,26.039184732362628,2400,1968297226
rand1bin,SMCO_R,Zakharov,50,12,-1.6930623298059824,5.086409294977784,158,1457034830
rand1bin,SMCO_BR,Zakharov,50,12,-6.914740922762228,5.121057623997331,83,1457034830
rand1bin,SPSA,Zakharov,50,12,-2525.0,0.28155194967985153,4723,1457034830
rand1bin,optimNM,Zakharov,50,12,-361854897843.30896,0.2955096010118723,2400,1457034830
rand1bin,optimLBFGS,Zakharov,50,12,-6.566151694630953e-12,1.0003760997205973,411,1457034830
rand1bin,SMCO_EVO,Zakharov,50,12,-0.6166251186528474,5.056215114891529,308,1457034830
rand1bin,SMCO_R_EVO,Zakharov,50,12,-1.7428717651896228,4.972041619941592,308,1457034830
rand1bin,SMCO_BR_EVO,Zakharov,50,12,-7.31781069114013,5.047370038926601,158,1457034830
rand1bin,PSO,Zakharov,50,12,-1321.6763484183045,0.2718220390379429,300,1457034830
rand1bin,GA,Zakharov,50,12,-277.0084033877673,0.8545020669698715,300,1457034830
rand1bin,BOBYQA,Zakharov,50,9,-3274027236468.599,22.12894486822188,2400,531219359
rand1bin,GenSA,Zakharov,50,12,-1.0863182058989946e-11,3.0382637549191713,300,1457034830
rand1bin,DEoptim,Zakharov,50,8,-244.05667041995255,29.27252339757979,300,1968297226
rand1bin,ADAM,Zakharov,50,12,-4633576311.818874,5.362902615219355,4800,1457034830
rand1bin,GD,Zakharov,50,13,-1855676566212.5867,0.07240011543035507,56,2073019890
rand1bin,SA,Zakharov,50,7,-2.8625778867474184e-12,38.03472037985921,300,1107253899
rand1bin,SignGD,Zakharov,50,13,-661.5755196630588,1.472691334784031,1307,2073019890
rand1bin,SMCO,Zakharov,50,13,-0.3550990140504759,4.974973443895578,308,2073019890
rand1bin,SPSA,Zakharov,50,13,-5895.3125,0.24328854121267796,4106,2073019890
rand1bin,SMCO_R,Zakharov,50,13,-1.6187008266383882,4.914075180888176,158,2073019890
rand1bin,optimNM,Zakharov,50,13,-1292892926361.9587,0.28843090683221817,2400,2073019890
rand1bin,SMCO_BR,Zakharov,50,13,-7.818372457877635,5.127145327627659,83,2073019890
rand1bin,SMCO_EVO,Zakharov,50,13,-0.6587362476445927,5.106279268860817,308,2073019890
rand1bin,optimLBFGS,Zakharov,50,13,-1.4529339789473376e-11,1.0365437399595976,424,2073019890
rand1bin,GA,Zakharov,50,13,-384.9181046570255,0.8487803041934967,300,2073019890
rand1bin,SMCO_R_EVO,Zakharov,50,13,-1.6175140723214603,5.123288620263338,308,2073019890
rand1bin,PSO,Zakharov,50,13,-789.7232603689009,0.27302596904337406,300,2073019890
rand1bin,SMCO_BR_EVO,Zakharov,50,13,-5.72114935890871,5.18766969256103,158,2073019890
rand1bin,DEoptim,Zakharov,50,9,-183.4188094371083,28.093990076333284,300,531219359
rand1bin,GenSA,Zakharov,50,13,-2.315074139894559e-09,2.945912219583988,300,2073019890
rand1bin,ADAM,Zakharov,50,13,-25835076093.749718,5.413182945922017,4800,2073019890
rand1bin,SA,Zakharov,50,8,-2.935359769581236e-12,37.65449815802276,300,1968297226
rand1bin,GD,Zakharov,50,14,-239518797004.3565,0.07049580104649067,56,226955490
rand1bin,SignGD,Zakharov,50,14,-563.6751353476702,1.4498001597821712,1307,226955490
rand1bin,SMCO,Zakharov,50,14,-0.6133662668608447,5.087766597047448,308,226955490
rand1bin,SMCO_R,Zakharov,50,14,-1.7678404623677313,4.9967952799052,158,226955490
rand1bin,SPSA,Zakharov,50,14,-2300.0,0.24882968328893185,4160,226955490
rand1bin,SMCO_EVO,Zakharov,50,14,-0.6623992076793858,5.010643005371094,308,226955490
rand1bin,SMCO_BR,Zakharov,50,14,-6.71199618476797,5.126952659338713,83,226955490
rand1bin,optimNM,Zakharov,50,14,-101473898248.28098,0.28324101492762566,2400,226955490
rand1bin,DEoptim,Zakharov,50,10,-229.20292361774992,27.68430282920599,300,985809678
rand1bin,BOBYQA,Zakharov,50,11,-36972751793.372536,21.551745105534792,2400,1874678441
rand1bin,optimLBFGS,Zakharov,50,14,-9.125787480343555e-12,1.0464248191565275,427,226955490
rand1bin,SMCO_R_EVO,Zakharov,50,14,-1.411736054745601,4.991854730993509,308,226955490
rand1bin,PSO,Zakharov,50,14,-1115.4490523771278,0.2741315942257643,300,226955490
rand1bin,GA,Zakharov,50,14,-419.71248988229206,0.847591832280159,300,226955490
rand1bin,SMCO_BR_EVO,Zakharov,50,14,-5.96332049540583,5.138232033699751,158,226955490
rand1bin,GenSA,Zakharov,50,14,-3.1407466055767046e-11,2.9906504303216934,300,226955490
rand1bin,BOBYQA,Zakharov,50,10,-59478075577.96233,31.494323324412107,2400,985809678
rand1bin,SA,Zakharov,50,9,-2.8189796179599037e-12,38.01274138875306,300,531219359
rand1bin,ADAM,Zakharov,50,14,-1086665522.4908707,5.370264055207372,4800,226955490
rand1bin,GD,Zakharov,50,15,-2422545618490.8423,0.07063708640635014,56,747708629
rand1bin,SMCO,Zakharov,50,15,-0.6209166390564956,4.985679917037487,308,747708629
rand1bin,SMCO_R,Zakharov,50,15,-1.6834040952363483,5.0230443347245455,158,747708629
rand1bin,SPSA,Zakharov,50,15,-5745.3125,0.2810027487576008,4800,747708629
rand1bin,SignGD,Zakharov,50,15,-678.3313444444572,1.6319113336503506,1455,747708629
rand1bin,SMCO_BR,Zakharov,50,15,-6.626918482808224,5.0139060113579035,83,747708629
rand1bin,optimNM,Zakharov,50,15,-1513934879080.346,0.2949213068932295,2400,747708629
rand1bin,SMCO_EVO,Zakharov,50,15,-0.499298143800297,5.033594962209463,308,747708629
rand1bin,optimLBFGS,Zakharov,50,15,-2.0237130535500945e-10,0.9939689766615629,402,747708629
rand1bin,GA,Zakharov,50,15,-379.9473317682731,0.8534326385706663,300,747708629
rand1bin,SMCO_R_EVO,Zakharov,50,15,-1.8195804643192621,5.077461164444685,308,747708629
rand1bin,PSO,Zakharov,50,15,-747.2661776471705,0.27557054348289967,300,747708629
rand1bin,BOBYQA,Zakharov,50,12,-677937566038.5007,21.996780171990395,2400,1457034830
rand1bin,GenSA,Zakharov,50,15,-4.792365178512497e-11,2.9414156582206488,300,747708629
rand1bin,SA,Zakharov,50,10,-2.773754959776689e-12,37.22696681506932,300,985809678
rand1bin,DEoptim,Zakharov,50,11,-285.0772293087696,30.116376681253314,300,1874678441
rand1bin,ADAM,Zakharov,50,15,-47187671897.91201,5.398639200255275,4800,747708629
rand1bin,GD,Zakharov,50,16,-1782838961706.645,0.07234051823616028,56,1256461935
rand1bin,SMCO_BR_EVO,Zakharov,50,15,-6.160054341381293,7.47416764497757,158,747708629
rand1bin,SignGD,Zakharov,50,16,-643.2490452811992,1.515278896316886,1359,1256461935
rand1bin,SPSA,Zakharov,50,16,-2825.0,0.14673732034862041,2482,1256461935
rand1bin,optimLBFGS,Zakharov,50,16,-7.283303097639012e-12,1.0626396983861923,427,1256461935
rand1bin,SMCO_R,Zakharov,50,16,-1.4279638839290463,4.995569912716746,158,1256461935
rand1bin,SMCO,Zakharov,50,16,-0.5048898623636213,5.077126916497946,308,1256461935
rand1bin,SMCO_BR,Zakharov,50,16,-6.324340547622999,5.094243424013257,83,1256461935
rand1bin,optimNM,Zakharov,50,16,-1137398088136.643,0.29697313718497753,2400,1256461935
rand1bin,SMCO_EVO,Zakharov,50,16,-0.4351524963453686,4.948124120011926,308,1256461935
rand1bin,BOBYQA,Zakharov,50,13,-1845640708615.3364,21.86296784505248,2400,2073019890
rand1bin,PSO,Zakharov,50,16,-1280.607394111179,0.2742142155766487,300,1256461935
rand1bin,SMCO_R_EVO,Zakharov,50,16,-1.296446283155655,5.047146400436759,308,1256461935
rand1bin,GA,Zakharov,50,16,-244.95252617981672,0.8484298065304756,300,1256461935
rand1bin,SMCO_BR_EVO,Zakharov,50,16,-5.300385788734222,5.171321485191584,158,1256461935
rand1bin,DEoptim,Zakharov,50,12,-265.3022141306162,28.412809792906046,300,1457034830
rand1bin,GenSA,Zakharov,50,16,-1.1193201359291549e-11,2.994409980252385,300,1256461935
rand1bin,SA,Zakharov,50,11,-2.7397386578004487e-12,36.63263166323304,300,1874678441
rand1bin,GD,Zakharov,50,17,-562213449602.5535,0.06990470737218857,56,901397575
rand1bin,SignGD,Zakharov,50,17,-543.914256888932,1.4434885028749704,1307,901397575
rand1bin,ADAM,Zakharov,50,16,-22256911520.70739,7.877140857279301,4800,1256461935
rand1bin,SPSA,Zakharov,50,17,-5745.3125,0.28835434652864933,3607,901397575
rand1bin,SMCO,Zakharov,50,17,-0.8005388412230791,4.997005200013518,308,901397575
rand1bin,SMCO_R,Zakharov,50,17,-1.491316942751078,5.012728322297335,158,901397575
rand1bin,SMCO_BR,Zakharov,50,17,-6.090446506995402,5.009184202179313,83,901397575
rand1bin,optimNM,Zakharov,50,17,-303855197595.86444,0.28965388983488083,2400,901397575
rand1bin,SMCO_EVO,Zakharov,50,17,-0.6192073833557802,5.105687936767936,308,901397575
rand1bin,SMCO_R_EVO,Zakharov,50,17,-2.0183143388909577,5.013615176081657,308,901397575
rand1bin,optimLBFGS,Zakharov,50,17,-1.9852718024783662e-11,1.3517238162457943,408,901397575
rand1bin,PSO,Zakharov,50,17,-1379.2189854816481,0.39122130908071995,300,901397575
rand1bin,SMCO_BR_EVO,Zakharov,50,17,-7.220534055176353,5.129586512222886,158,901397575
rand1bin,GA,Zakharov,50,17,-355.1273383940854,0.8466455154120922,300,901397575
rand1bin,DEoptim,Zakharov,50,13,-239.01595202444807,28.519521083682775,300,2073019890
rand1bin,ADAM,Zakharov,50,17,-3809210109.74849,5.3413213565945625,4800,901397575
rand1bin,GenSA,Zakharov,50,17,-3.997043464445397e-11,2.9523005578666925,300,901397575
rand1bin,SA,Zakharov,50,12,-3.031965277941518e-12,37.75755546614528,300,1457034830
rand1bin,GD,Zakharov,50,18,-1338310466378.529,0.07181242853403091,56,954354235
rand1bin,BOBYQA,Zakharov,50,14,-190648201178.17294,25.365066772326827,2400,226955490
rand1bin,SignGD,Zakharov,50,18,-677.7227890521445,1.5494148340076208,1387,954354235
rand1bin,SPSA,Zakharov,50,18,-2525.0,0.2841880079358816,4793,954354235
rand1bin,SMCO_R,Zakharov,50,18,-1.37561078916649,5.030150985345244,158,954354235
rand1bin,SMCO_BR,Zakharov,50,18,-5.633752500001696,4.993276286870241,83,954354235
rand1bin,optimNM,Zakharov,50,18,-859834418332.6635,0.29242804646492004,2400,954354235
rand1bin,SMCO_EVO,Zakharov,50,18,-0.5474727729761221,5.0544220469892025,308,954354235
rand1bin,optimLBFGS,Zakharov,50,18,-8.8423957278485e-12,1.0413322504609823,419,954354235
rand1bin,BOBYQA,Zakharov,50,15,-2410287080628.7734,21.558759722858667,2400,747708629
rand1bin,SMCO_R_EVO,Zakharov,50,18,-1.2903584172919365,5.0096031334251165,308,954354235
rand1bin,SMCO_BR_EVO,Zakharov,50,18,-9.015544450355002,5.0451445914804935,158,954354235
rand1bin,PSO,Zakharov,50,18,-1207.218079357838,0.27363318018615246,300,954354235
rand1bin,GA,Zakharov,50,18,-225.43345758791608,0.8414547443389893,300,954354235
rand1bin,SMCO,Zakharov,50,18,-0.5988725877619662,7.366710122674704,308,954354235
rand1bin,DEoptim,Zakharov,50,14,-298.80026383436444,28.258520491421223,300,226955490
rand1bin,GenSA,Zakharov,50,18,-1.5745229909340074e-11,2.9609546214342117,300,954354235
rand1bin,ADAM,Zakharov,50,18,-16899193917.855099,5.417947651818395,4800,954354235
rand1bin,GD,Zakharov,50,19,-962164751887.789,0.07133338041603565,56,278911145
rand1bin,SA,Zakharov,50,13,-3.376493896935282e-12,37.396871691569686,300,2073019890
rand1bin,SignGD,Zakharov,50,19,-723.9944437488458,1.4475771859288216,1307,278911145
rand1bin,SPSA,Zakharov,50,19,-2450.0,0.24644660018384457,4134,278911145
rand1bin,SMCO,Zakharov,50,19,-0.41096718453050923,4.9762922041118145,308,278911145
rand1bin,SMCO_R,Zakharov,50,19,-1.4808231591444982,5.007303802296519,158,278911145
rand1bin,optimLBFGS,Zakharov,50,19,-7.37450361261743e-12,1.0983306281268597,445,278911145
rand1bin,SMCO_BR,Zakharov,50,19,-6.834197322187729,5.020193947479129,83,278911145
rand1bin,optimNM,Zakharov,50,19,-592569092887.6099,0.2893479224294424,2400,278911145
rand1bin,SMCO_R_EVO,Zakharov,50,19,-1.626268239106165,5.012013027444482,308,278911145
rand1bin,SMCO_BR_EVO,Zakharov,50,19,-7.219289619152317,5.065151136368513,158,278911145
rand1bin,GA,Zakharov,50,19,-132.19449659761906,0.850462531670928,300,278911145
rand1bin,PSO,Zakharov,50,19,-1210.9373148897992,0.27406160347163677,300,278911145
rand1bin,SMCO_EVO,Zakharov,50,19,-0.6257733318494431,7.407216537743807,308,278911145
rand1bin,ADAM,Zakharov,50,19,-9381637656.163843,5.357242489233613,4800,278911145
rand1bin,GenSA,Zakharov,50,19,-7.550161266502708e-11,2.9643971621990204,300,278911145
rand1bin,DEoptim,Zakharov,50,15,-272.5228441619558,29.63051671348512,300,747708629
rand1bin,SA,Zakharov,50,14,-3.009216236751262e-12,37.49059841223061,300,226955490
rand1bin,BOBYQA,Zakharov,50,16,-456947626679.7362,25.285306179895997,2400,1256461935
rand1bin,BOBYQA,Zakharov,50,17,-558118047702.9818,21.740680349990726,2400,901397575
rand1bin,DEoptim,Zakharov,50,16,-270.3896566634833,29.163119051605463,300,1256461935
rand1bin,SA,Zakharov,50,15,-2.7299551215449783e-12,38.00812457501888,300,747708629
rand1bin,BOBYQA,Zakharov,50,18,-1330457743743.214,22.37625048868358,2400,954354235
rand1bin,DEoptim,Zakharov,50,17,-285.33514328886207,30.118669288232923,300,901397575
rand1bin,SA,Zakharov,50,16,-2.5053732483609373e-12,37.37190126441419,300,1256461935
rand1bin,BOBYQA,Zakharov,50,19,-956034796835.4385,21.863659515976906,2400,278911145
rand1bin,DEoptim,Zakharov,50,18,-286.6247056774919,29.33525134436786,300,954354235
rand1bin,SA,Zakharov,50,17,-3.182829472444676e-12,38.94793955422938,300,901397575
rand1bin,DEoptim,Zakharov,50,19,-281.17483090365863,30.76644397713244,300,278911145
rand1bin,SA,Zakharov,50,18,-2.82741059825898e-12,39.69838277809322,300,954354235
rand1bin,SA,Zakharov,50,19,-1.6323502885212506e-12,44.96746219135821,300,278911145
current-to-best1bin,optimNM,Rastrigin,50,0,-627.0054155897019,0.29425484128296375,2400,647279673
current-to-best1bin,PSO,Rastrigin,50,0,-322.80324824956926,0.3050084561109543,300,647279673
current-to-best1bin,SPSA,Rastrigin,50,0,-696.5816411959756,0.3453652746975422,4800,647279673
current-to-best1bin,optimLBFGS,Rastrigin,50,0,-327.3390776015438,0.36336131952703,113,647279673
current-to-best1bin,GA,Rastrigin,50,0,-305.55608658575295,0.9100775439292192,300,647279673
current-to-best1bin,SignGD,Rastrigin,50,0,-404.72334943592114,1.282855048775673,1307,647279673
current-to-best1bin,SignGD,Rastrigin,50,1,-391.97782945068855,1.2372549176216125,1307,1677437249
current-to-best1bin,GD,Rastrigin,50,0,-646.7192561469828,3.4657566770911217,3584,647279673
current-to-best1bin,GD,Rastrigin,50,1,-596.9712816935732,2.706650249660015,2764,1677437249
current-to-best1bin,GenSA,Rastrigin,50,0,-1.9899181141885265,3.6949164643883705,300,647279673
current-to-best1bin,SPSA,Rastrigin,50,1,-677.9300264906421,0.2595553696155548,4800,1677437249
current-to-best1bin,ADAM,Rastrigin,50,0,-402.95582051043846,3.776838641613722,3890,647279673
current-to-best1bin,optimNM,Rastrigin,50,1,-635.8525902934448,0.2812862917780876,2400,1677437249
current-to-best1bin,optimLBFGS,Rastrigin,50,1,-304.45567719337555,0.3745805025100708,115,1677437249
current-to-best1bin,SMCO,Rastrigin,50,0,-12.702037352161938,4.131219128146768,308,647279673
current-to-best1bin,SMCO_R,Rastrigin,50,0,-12.983470511058442,4.172154610976577,158,647279673
current-to-best1bin,SMCO_EVO,Rastrigin,50,0,-13.699541806139223,4.172466453164816,308,647279673
current-to-best1bin,SMCO_R_EVO,Rastrigin,50,0,-12.987508022917723,4.2043843530118465,308,647279673
current-to-best1bin,SMCO_BR,Rastrigin,50,0,-13.989995449718663,4.2783687226474285,83,647279673
current-to-best1bin,SMCO_R,Rastrigin,50,1,-11.994607102260204,4.260470544919372,158,1677437249
current-to-best1bin,SMCO_BR_EVO,Rastrigin,50,0,-14.993124393806056,4.301181003451347,158,647279673
current-to-best1bin,SMCO,Rastrigin,50,1,-14.583889225342375,4.309143263846636,308,1677437249
current-to-best1bin,PSO,Rastrigin,50,1,-367.1766515663104,0.24539127200841904,300,1677437249
current-to-best1bin,SMCO_EVO,Rastrigin,50,1,-11.814393498294407,4.23376533947885,308,1677437249
current-to-best1bin,SMCO_BR,Rastrigin,50,1,-13.993358156819454,4.312184128910303,83,1677437249
current-to-best1bin,SMCO_R_EVO,Rastrigin,50,1,-11.993607316946566,4.275073958560824,308,1677437249
current-to-best1bin,SMCO_BR_EVO,Rastrigin,50,1,-11.0031354171781,4.283551080152392,158,1677437249
current-to-best1bin,SPSA,Rastrigin,50,2,-698.0711211258897,0.2613888680934906,4800,315387377
current-to-best1bin,GA,Rastrigin,50,1,-292.2739170827202,0.8119144514203072,300,1677437249
current-to-best1bin,optimLBFGS,Rastrigin,50,2,-275.6021576322113,0.4081545080989599,117,315387377
current-to-best1bin,optimNM,Rastrigin,50,2,-673.5628196878989,0.28034278005361557,2400,315387377
current-to-best1bin,ADAM,Rastrigin,50,1,-390.0212411146445,3.770152520388365,3898,1677437249
current-to-best1bin,SignGD,Rastrigin,50,2,-419.8660255732947,1.7363456133753061,1806,315387377
current-to-best1bin,GD,Rastrigin,50,2,-559.1645207232775,2.561165351420641,2706,315387377
current-to-best1bin,GA,Rastrigin,50,2,-313.01515479389985,0.8205466885119677,300,315387377
current-to-best1bin,PSO,Rastrigin,50,2,-325.2496431099913,0.2446221560239792,300,315387377
current-to-best1bin,GenSA,Rastrigin,50,1,-0.9949590570942064,3.4998532328754663,300,1677437249
current-to-best1bin,SMCO,Rastrigin,50,2,-14.63847608451448,4.10873549990356,308,315387377
current-to-best1bin,SMCO_R,Rastrigin,50,2,-10.988599611781865,4.1723434794694185,158,315387377
current-to-best1bin,ADAM,Rastrigin,50,2,-417.88001457151154,3.792133305221796,3898,315387377
current-to-best1bin,SMCO_R_EVO,Rastrigin,50,2,-10.996971240408243,4.188422676175833,308,315387377
current-to-best1bin,SMCO_BR,Rastrigin,50,2,-11.990796147688457,4.213228823617101,83,315387377
current-to-best1bin,SMCO_EVO,Rastrigin,50,2,-11.660868963374355,4.201491365209222,308,315387377
current-to-best1bin,SMCO_BR_EVO,Rastrigin,50,2,-11.009107142872551,4.30684470385313,158,315387377
current-to-best1bin,GenSA,Rastrigin,50,2,-9.663381206337363e-13,3.6825606301426888,300,315387377
current-to-best1bin,SPSA,Rastrigin,50,3,-684.731163267766,0.2644266914576292,4800,991992466
current-to-best1bin,optimLBFGS,Rastrigin,50,3,-312.41543909618224,0.30691942386329174,97,991992466
current-to-best1bin,optimNM,Rastrigin,50,3,-552.5277237863818,0.27789022773504257,2400,991992466
current-to-best1bin,GD,Rastrigin,50,3,-692.4876401242165,2.5749662779271603,2689,991992466
current-to-best1bin,SignGD,Rastrigin,50,3,-324.96532731936014,2.654797127470374,2804,991992466
current-to-best1bin,SMCO,Rastrigin,50,3,-12.609909339406443,4.166382003575563,308,991992466
current-to-best1bin,SMCO_R,Rastrigin,50,3,-11.993969186692766,4.1325199995189905,158,991992466
current-to-best1bin,SMCO_BR,Rastrigin,50,3,-12.005032693774638,4.206232184544206,83,991992466
current-to-best1bin,PSO,Rastrigin,50,3,-343.6837015947244,0.24272865429520607,300,991992466
current-to-best1bin,GA,Rastrigin,50,3,-286.06165501126463,0.8193845506757498,300,991992466
current-to-best1bin,ADAM,Rastrigin,50,3,-323.36003462883065,3.760934140533209,3884,991992466
current-to-best1bin,SMCO_EVO,Rastrigin,50,3,-11.786126872699185,4.112793875858188,308,991992466
current-to-best1bin,SMCO_R_EVO,Rastrigin,50,3,-13.975660794105636,4.189672296866775,308,991992466
current-to-best1bin,GenSA,Rastrigin,50,3,-3.410605131648481e-13,3.3445695601403713,300,991992466
current-to-best1bin,SMCO_BR_EVO,Rastrigin,50,3,-12.009916456891403,4.279716035351157,158,991992466
current-to-best1bin,SA,Rastrigin,50,0,-19.899176104047683,14.171847559511662,300,647279673
current-to-best1bin,SignGD,Rastrigin,50,4,-380.2899030653071,1.7403667662292719,1806,659688733
current-to-best1bin,SPSA,Rastrigin,50,4,-691.1289102582552,0.262062381953001,4800,659688733
current-to-best1bin,GD,Rastrigin,50,4,-631.795062821106,2.254623129963875,2375,659688733
current-to-best1bin,optimLBFGS,Rastrigin,50,4,-275.60206464237365,0.36401441134512424,119,659688733
current-to-best1bin,optimNM,Rastrigin,50,4,-688.4015350571271,0.28405243530869484,2400,659688733
current-to-best1bin,BOBYQA,Rastrigin,50,0,-412.9133260903785,15.465385649353266,2400,647279673
current-to-best1bin,SMCO,Rastrigin,50,4,-14.71349267497277,4.092388346791267,308,659688733
current-to-best1bin,SMCO_R,Rastrigin,50,4,-13.98928436982095,4.137311305850744,158,659688733
current-to-best1bin,SMCO_BR,Rastrigin,50,4,-13.992686723902295,4.254860898479819,83,659688733
current-to-best1bin,SMCO_EVO,Rastrigin,50,4,-14.692244840046442,4.177748477086425,308,659688733
current-to-best1bin,SMCO_R_EVO,Rastrigin,50,4,-13.97919283734035,4.123383693397045,308,659688733
current-to-best1bin,GA,Rastrigin,50,4,-322.38813177391194,0.8076238967478275,300,659688733
current-to-best1bin,PSO,Rastrigin,50,4,-286.3452984820384,0.2445004042237997,300,659688733
current-to-best1bin,SMCO_BR_EVO,Rastrigin,50,4,-12.001050985518134,4.280714167281985,158,659688733
current-to-best1bin,ADAM,Rastrigin,50,4,-378.08192519594576,3.7527803871780634,3898,659688733
current-to-best1bin,GenSA,Rastrigin,50,4,-0.9949590570934674,3.5219911616295576,300,659688733
current-to-best1bin,SA,Rastrigin,50,2,-14.92438585640474,14.0128536503762,300,315387377
current-to-best1bin,BOBYQA,Rastrigin,50,1,-389.00451570229495,16.00195455364883,2400,1677437249
current-to-best1bin,SignGD,Rastrigin,50,5,-375.14549536759836,1.2480726260691881,1307,1940103363
current-to-best1bin,BOBYQA,Rastrigin,50,2,-424.17966606917844,15.7179408762604,2400,315387377
current-to-best1bin,SMCO,Rastrigin,50,5,-10.567443464319751,4.169550497084856,308,1940103363
current-to-best1bin,SMCO_R,Rastrigin,50,5,-10.007216601894527,4.099183456972241,158,1940103363
current-to-best1bin,SMCO_BR,Rastrigin,50,5,-10.007635662159885,4.194159587845206,83,1940103363
current-to-best1bin,SPSA,Rastrigin,50,5,-689.8620080206418,0.2566340249031782,4800,1940103363
current-to-best1bin,SMCO_EVO,Rastrigin,50,5,-10.752735376805902,4.177466742694378,308,1940103363
current-to-best1bin,optimNM,Rastrigin,50,5,-679.6908059293519,0.2778268102556467,2400,1940103363
current-to-best1bin,optimLBFGS,Rastrigin,50,5,-287.5416139547694,0.3565408606082201,112,1940103363
current-to-best1bin,SMCO_R_EVO,Rastrigin,50,5,-10.010152146282792,4.198790192604065,308,1940103363
current-to-best1bin,PSO,Rastrigin,50,5,-346.76200441077515,0.24997439607977867,300,1940103363
current-to-best1bin,SA,Rastrigin,50,1,-20.89413516114115,17.51672726869583,300,1677437249
current-to-best1bin,GA,Rastrigin,50,5,-305.6862528836993,0.8083905689418316,300,1940103363
current-to-best1bin,GD,Rastrigin,50,5,-602.3829823264047,3.0831937808543444,3186,1940103363
current-to-best1bin,SMCO_BR_EVO,Rastrigin,50,5,-10.013234412570284,4.298995429649949,158,1940103363
current-to-best1bin,ADAM,Rastrigin,50,5,-368.1327156655739,3.7965801060199738,3902,1940103363
current-to-best1bin,GenSA,Rastrigin,50,5,-0.994959057093638,3.3097244016826153,300,1940103363
current-to-best1bin,SA,Rastrigin,50,3,-15.919344913492864,13.089943500235677,300,991992466
current-to-best1bin,BOBYQA,Rastrigin,50,3,-334.22433658429577,15.795070756226778,2400,991992466
current-to-best1bin,SPSA,Rastrigin,50,6,-650.4286241417842,0.2654733117669821,4800,814411795
current-to-best1bin,SMCO,Rastrigin,50,6,-12.722190614516478,4.163599204272032,308,814411795
current-to-best1bin,optimLBFGS,Rastrigin,50,6,-283.5617990324247,0.3757680859416723,121,814411795
current-to-best1bin,SMCO_R,Rastrigin,50,6,-12.987192960285995,4.2140487134456635,158,814411795
current-to-best1bin,optimNM,Rastrigin,50,6,-589.5228467278387,0.2777257841080427,2400,814411795
current-to-best1bin,SMCO_EVO,Rastrigin,50,6,-11.730739989604444,4.116665119305253,308,814411795
current-to-best1bin,SMCO_R_EVO,Rastrigin,50,6,-11.982536709891349,4.201652495190501,308,814411795
current-to-best1bin,GD,Rastrigin,50,6,-596.970677037187,2.6528808809816837,2781,814411795
current-to-best1bin,SignGD,Rastrigin,50,6,-371.2110273538345,2.194749591872096,2305,814411795
current-to-best1bin,PSO,Rastrigin,50,6,-320.4809363666111,0.2459112834185362,300,814411795
current-to-best1bin,SMCO_BR_EVO,Rastrigin,50,6,-11.008278018273813,4.294493282213807,158,814411795
current-to-best1bin,GA,Rastrigin,50,6,-301.9596007316869,0.8166673742234707,300,814411795
current-to-best1bin,DEoptim,Rastrigin,50,0,-390.50394519491743,27.395524667575955,300,647279673
current-to-best1bin,SMCO_BR,Rastrigin,50,6,-12.994404723685363,5.908657964318991,83,814411795
current-to-best1bin,ADAM,Rastrigin,50,6,-357.18833916433437,3.669497985392809,3862,814411795
current-to-best1bin,SA,Rastrigin,50,4,-19.899176104047115,13.004987381398678,300,659688733
current-to-best1bin,GenSA,Rastrigin,50,6,-6.252776074688882e-13,3.3915096558630466,300,814411795
current-to-best1bin,SMCO,Rastrigin,50,7,-14.644958851911213,4.103956375271082,308,1838791539
current-to-best1bin,SMCO_R,Rastrigin,50,7,-10.008578978271714,4.177785985171795,158,1838791539
current-to-best1bin,SPSA,Rastrigin,50,7,-624.1437591794204,0.2560330368578434,4800,1838791539
current-to-best1bin,BOBYQA,Rastrigin,50,4,-385.07281838634833,15.739555401727557,2400,659688733
current-to-best1bin,SMCO_BR,Rastrigin,50,7,-13.984147451477952,4.260476429015398,83,1838791539
current-to-best1bin,optimLBFGS,Rastrigin,50,7,-303.4608591049139,0.3629377484321594,116,1838791539
current-to-best1bin,optimNM,Rastrigin,50,7,-653.5942074305904,0.2763392962515354,2400,1838791539
current-to-best1bin,SignGD,Rastrigin,50,7,-371.5707635590643,2.6731102522462606,2804,1838791539
current-to-best1bin,SMCO_EVO,Rastrigin,50,7,-14.685001415785905,4.194288548082113,308,1838791539
current-to-best1bin,PSO,Rastrigin,50,7,-328.2913673571011,0.245312025770545,300,1838791539
current-to-best1bin,GD,Rastrigin,50,7,-590.0061167873832,3.756935440003872,3973,1838791539
current-to-best1bin,SMCO_R_EVO,Rastrigin,50,7,-15.980925334200322,4.194702854380012,308,1838791539
current-to-best1bin,DEoptim,Rastrigin,50,1,-382.56553411476,27.630239548161626,300,1677437249
current-to-best1bin,GA,Rastrigin,50,7,-296.21619044009014,0.808408822864294,300,1838791539
current-to-best1bin,ADAM,Rastrigin,50,7,-370.1227304602346,3.7892128750681877,3894,1838791539
current-to-best1bin,DEoptim,Rastrigin,50,2,-401.95335054554874,26.980787793174386,300,315387377
current-to-best1bin,SMCO_BR_EVO,Rastrigin,50,7,-12.995599743609546,5.937835032120347,158,1838791539
current-to-best1bin,GenSA,Rastrigin,50,7,-2.2737367544323206e-13,3.5218529421836138,300,1838791539
current-to-best1bin,SA,Rastrigin,50,5,-16.914303970587923,13.752116372808814,300,1940103363
current-to-best1bin,SPSA,Rastrigin,50,8,-649.8820668158697,0.25691690668463707,4800,563824817
current-to-best1bin,optimLBFGS,Rastrigin,50,8,-345.2487856049427,0.3093260508030653,99,563824817
current-to-best1bin,SMCO,Rastrigin,50,8,-11.552316994088756,4.17961997166276,308,563824817
current-to-best1bin,SMCO_R,Rastrigin,50,8,-12.984083418837713,4.123705727979541,158,563824817
current-to-best1bin,SignGD,Rastrigin,50,8,-368.6270790924509,2.3888929430395365,1806,563824817
current-to-best1bin,SMCO_BR,Rastrigin,50,8,-10.013148883902602,4.249621327966452,83,563824817
current-to-best1bin,optimNM,Rastrigin,50,8,-646.5133638892926,0.2840029448270798,2400,563824817
current-to-best1bin,SMCO_EVO,Rastrigin,50,8,-12.769992771781858,4.2434591967612505,308,563824817
current-to-best1bin,SMCO_R_EVO,Rastrigin,50,8,-11.98624515646054,4.143922647461295,308,563824817
current-to-best1bin,PSO,Rastrigin,50,8,-324.34409788283267,0.24879169836640358,300,563824817
current-to-best1bin,GD,Rastrigin,50,8,-604.9318824973326,2.971780015155673,3173,563824817
current-to-best1bin,BOBYQA,Rastrigin,50,5,-371.75314508942535,15.923094552010298,2400,1940103363
current-to-best1bin,GA,Rastrigin,50,8,-269.40201537861265,0.8231461700052023,300,563824817
current-to-best1bin,SMCO_BR_EVO,Rastrigin,50,8,-10.014046329000166,4.323306769132614,158,563824817
current-to-best1bin,ADAM,Rastrigin,50,8,-367.13749669858066,3.8271668013185263,3904,563824817
current-to-best1bin,DEoptim,Rastrigin,50,3,-367.4599916846058,27.533767277374864,300,991992466
current-to-best1bin,SA,Rastrigin,50,6,-19.899176104047058,13.35598242841661,300,814411795
current-to-best1bin,GenSA,Rastrigin,50,8,-3.410605131648481e-13,3.4352807346731424,300,563824817
current-to-best1bin,SPSA,Rastrigin,50,9,-738.4953730852492,0.2602947782725096,4800,872684961
current-to-best1bin,optimLBFGS,Rastrigin,50,9,-298.4861153045679,0.33140802569687366,106,872684961
current-to-best1bin,SMCO,Rastrigin,50,9,-9.749115410525633,4.086366154253483,308,872684961
current-to-best1bin,SMCO_R,Rastrigin,50,9,-10.002933151385662,4.244693351909518,158,872684961
current-to-best1bin,SMCO_BR,Rastrigin,50,9,-12.991546960916594,4.195186723023653,83,872684961
current-to-best1bin,optimNM,Rastrigin,50,9,-646.3524716502858,0.2763701602816582,2400,872684961
current-to-best1bin,BOBYQA,Rastrigin,50,6,-369.95609373626706,15.467361288145185,2400,814411795
current-to-best1bin,SMCO_EVO,Rastrigin,50,9,-12.708274356221409,4.217699479311705,308,872684961
current-to-best1bin,SignGD,Rastrigin,50,9,-314.4247090684932,2.1946651972830296,2305,872684961
current-to-best1bin,SMCO_R_EVO,Rastrigin,50,9,-13.977135707722823,4.225530296564102,308,872684961
current-to-best1bin,PSO,Rastrigin,50,9,-358.5155388302663,0.2506793476641178,300,872684961
current-to-best1bin,GD,Rastrigin,50,9,-491.5081861656815,2.997795455157757,3106,872684961
current-to-best1bin,SMCO_BR_EVO,Rastrigin,50,9,-13.007895389126645,4.3296199180185795,158,872684961
current-to-best1bin,GA,Rastrigin,50,9,-301.82975805393363,0.8287290595471859,300,872684961
current-to-best1bin,DEoptim,Rastrigin,50,4,-336.9550262200844,27.220395920798182,300,659688733
current-to-best1bin,ADAM,Rastrigin,50,9,-312.4153982130942,3.8537854738533497,3916,872684961
current-to-best1bin,GenSA,Rastrigin,50,9,-0.9949590570944906,3.657405784353614,300,872684961
current-to-best1bin,SA,Rastrigin,50,7,-18.90422208477281,13.465117927640676,300,1838791539
current-to-best1bin,SignGD,Rastrigin,50,10,-345.6352973899674,1.7622054014354944,1806,95159912
current-to-best1bin,SPSA,Rastrigin,50,10,-665.6042727375209,0.26602786406874657,4800,95159912
current-to-best1bin,SMCO,Rastrigin,50,10,-9.784708027842044,4.095959257334471,308,95159912
current-to-best1bin,optimLBFGS,Rastrigin,50,10,-264.65784686931215,0.4149771835654974,130,95159912
current-to-best1bin,SMCO_R,Rastrigin,50,10,-11.006555146787719,4.210375927388668,158,95159912
current-to-best1bin,optimNM,Rastrigin,50,10,-707.1336297838384,0.27194653265178204,2400,95159912
current-to-best1bin,SMCO_BR,Rastrigin,50,10,-11.99526552632301,4.297682113945484,83,95159912
current-to-best1bin,SMCO_EVO,Rastrigin,50,10,-11.780705913263773,4.232189813628793,308,95159912
current-to-best1bin,GD,Rastrigin,50,10,-548.7089760379984,2.621957281604409,2771,95159912
current-to-best1bin,SMCO_R_EVO,Rastrigin,50,10,-10.997547341275776,4.251209041103721,308,95159912
current-to-best1bin,PSO,Rastrigin,50,10,-301.27700471573837,0.24753949977457523,300,95159912
current-to-best1bin,SMCO_BR_EVO,Rastrigin,50,10,-9.026161566947678,4.273828415200114,158,95159912
current-to-best1bin,BOBYQA,Rastrigin,50,7,-377.259395665092,15.218377547338605,2400,1838791539
current-to-best1bin,GA,Rastrigin,50,10,-311.7403916073621,0.8231380674988031,300,95159912
current-to-best1bin,ADAM,Rastrigin,50,10,-344.2539719847766,3.8692887406796217,3942,95159912
current-to-best1bin,GenSA,Rastrigin,50,10,-6.821210263296962e-13,3.3920167069882154,300,95159912
current-to-best1bin,DEoptim,Rastrigin,50,5,-393.45080620149605,28.07186710089445,300,1940103363
current-to-best1bin,SMCO,Rastrigin,50,11,-9.69941843218686,4.056773133575916,308,877196067
current-to-best1bin,SMCO_R,Rastrigin,50,11,-12.988368429535228,4.2194464560598135,158,877196067
current-to-best1bin,SPSA,Rastrigin,50,11,-683.9751246608257,0.2564616873860359,4800,877196067
current-to-best1bin,SMCO_EVO,Rastrigin,50,11,-13.731207837096576,4.120740208774805,308,877196067
current-to-best1bin,SMCO_BR,Rastrigin,50,11,-11.01370927929878,4.298778096213937,83,877196067
current-to-best1bin,SMCO_R_EVO,Rastrigin,50,11,-14.973246985368917,4.129864132031798,308,877196067
current-to-best1bin,optimLBFGS,Rastrigin,50,11,-252.718398920495,0.40458630956709385,126,877196067
current-to-best1bin,optimNM,Rastrigin,50,11,-599.0116028059878,0.2789313718676567,2400,877196067
current-to-best1bin,SMCO_BR_EVO,Rastrigin,50,11,-10.005412123153008,4.32382501848042,158,877196067
current-to-best1bin,BOBYQA,Rastrigin,50,8,-376.4506317216586,15.496235297992826,2400,563824817
current-to-best1bin,SignGD,Rastrigin,50,11,-332.9870347554181,2.2330329474061728,2305,877196067
current-to-best1bin,PSO,Rastrigin,50,11,-379.96757370770456,0.24954563193023205,300,877196067
current-to-best1bin,GA,Rastrigin,50,11,-311.3468573210017,0.828402491286397,300,877196067
current-to-best1bin,GD,Rastrigin,50,11,-646.0480449450102,3.8766307160258293,3986,877196067
current-to-best1bin,ADAM,Rastrigin,50,11,-331.3194944922891,3.8180772736668587,3882,877196067
current-to-best1bin,DEoptim,Rastrigin,50,6,-389.7048535490632,27.211653800681233,300,814411795
current-to-best1bin,SA,Rastrigin,50,9,-22.884053275327005,12.92648883908987,300,872684961
current-to-best1bin,GenSA,Rastrigin,50,11,-2.2737367544323206e-13,3.623230678960681,300,877196067
current-to-best1bin,SA,Rastrigin,50,8,-20.894135161141207,18.08789529837668,300,563824817
current-to-best1bin,SPSA,Rastrigin,50,12,-706.3113876773091,0.34376201033592224,4800,1525490646
current-to-best1bin,optimLBFGS,Rastrigin,50,12,-258.6881726910541,0.4362361207604408,112,1525490646
current-to-best1bin,SMCO,Rastrigin,50,12,-12.74993596509745,4.086665101349354,308,1525490646
current-to-best1bin,SMCO_R,Rastrigin,50,12,-11.991114227248602,4.190309586003423,158,1525490646
current-to-best1bin,optimNM,Rastrigin,50,12,-619.5824235828893,0.2739616371691227,2400,1525490646
current-to-best1bin,SMCO_BR,Rastrigin,50,12,-10.014655795209876,4.26247532479465,83,1525490646
current-to-best1bin,BOBYQA,Rastrigin,50,9,-308.06498909260324,15.320870246738195,2400,872684961
current-to-best1bin,SignGD,Rastrigin,50,12,-313.96655260612954,1.7056922372430563,1806,1525490646
current-to-best1bin,SMCO_EVO,Rastrigin,50,12,-10.630846300110875,4.150288255885243,308,1525490646
current-to-best1bin,PSO,Rastrigin,50,12,-281.8416897822146,0.24335481226444244,300,1525490646
current-to-best1bin,GA,Rastrigin,50,12,-297.8690479019766,0.8130634631961584,300,1525490646
current-to-best1bin,GD,Rastrigin,50,12,-572.0966391825979,2.938655560836196,3147,1525490646
current-to-best1bin,SMCO_R_EVO,Rastrigin,50,12,-10.997180001653135,4.244432279840112,308,1525490646
current-to-best1bin,SMCO_BR_EVO,Rastrigin,50,12,-11.005866352692976,4.315471285954118,158,1525490646
current-to-best1bin,DEoptim,Rastrigin,50,7,-387.0950264621696,26.250938760116696,300,1838791539
current-to-best1bin,ADAM,Rastrigin,50,12,-312.41550011470986,3.7908944860100746,3886,1525490646
current-to-best1bin,GenSA,Rastrigin,50,12,-1.989918114187276,3.4979046918451786,300,1525490646
current-to-best1bin,SignGD,Rastrigin,50,13,-366.2307413386778,1.260927876457572,1307,1904583440
current-to-best1bin,SPSA,Rastrigin,50,13,-693.0268725680343,0.26377930119633675,4800,1904583440
current-to-best1bin,optimLBFGS,Rastrigin,50,13,-286.54663958270123,0.37686427868902683,117,1904583440
current-to-best1bin,SMCO,Rastrigin,50,13,-10.715207319984415,4.1708688996732235,308,1904583440
current-to-best1bin,SMCO_R,Rastrigin,50,13,-12.984811367501436,4.128792800009251,158,1904583440
current-to-best1bin,optimNM,Rastrigin,50,13,-640.7887142977158,0.27810415625572205,2400,1904583440
current-to-best1bin,SA,Rastrigin,50,10,-30.843720694254955,14.482223805040121,300,95159912
current-to-best1bin,SMCO_BR,Rastrigin,50,13,-12.002546885601873,4.200160996988416,83,1904583440
current-to-best1bin,SMCO_EVO,Rastrigin,50,13,-11.710870936169044,4.101516244933009,308,1904583440
current-to-best1bin,SMCO_R_EVO,Rastrigin,50,13,-10.003248793301225,4.235708197578788,308,1904583440
current-to-best1bin,PSO,Rastrigin,50,13,-335.940792858127,0.24231462180614471,300,1904583440
current-to-best1bin,BOBYQA,Rastrigin,50,10,-345.1943584407866,15.927638968452811,2400,95159912
current-to-best1bin,GA,Rastrigin,50,13,-324.8408374362832,0.8130265213549137,300,1904583440
current-to-best1bin,GD,Rastrigin,50,13,-604.4975559745836,3.7429218720644712,3978,1904583440
current-to-best1bin,SMCO_BR_EVO,Rastrigin,50,13,-14.980540580909917,4.303289016708732,158,1904583440
current-to-best1bin,ADAM,Rastrigin,50,13,-364.1529557389073,3.794313047081232,3902,1904583440
current-to-best1bin,GenSA,Rastrigin,50,13,-0.9949590570937517,3.5953962020576,300,1904583440
current-to-best1bin,SA,Rastrigin,50,11,-22.88405327532695,13.38692657649517,300,877196067
current-to-best1bin,DEoptim,Rastrigin,50,8,-393.6970152163573,28.154563151299953,300,563824817
current-to-best1bin,SPSA,Rastrigin,50,14,-679.620467888961,0.26145284064114094,4800,703381016
current-to-best1bin,SMCO_R,Rastrigin,50,14,-13.99020058884662,4.085260663181543,158,703381016
current-to-best1bin,SMCO,Rastrigin,50,14,-12.812148173315734,4.22304405644536,308,703381016
current-to-best1bin,optimLBFGS,Rastrigin,50,14,-314.4052101497076,0.3281485494226217,103,703381016
current-to-best1bin,SignGD,Rastrigin,50,14,-388.1457123150225,1.7219271045178175,1806,703381016
current-to-best1bin,optimNM,Rastrigin,50,14,-637.215291743401,0.2866856846958399,2400,703381016
current-to-best1bin,GD,Rastrigin,50,14,-544.2399980441573,2.676348039880395,2764,703381016
current-to-best1bin,BOBYQA,Rastrigin,50,11,-345.7366722108146,15.129181439056993,2400,877196067
current-to-best1bin,SMCO_BR,Rastrigin,50,14,-13.007693721403086,4.261244263499975,83,703381016
current-to-best1bin,SMCO_EVO,Rastrigin,50,14,-13.675332967115537,4.142364708706737,308,703381016
current-to-best1bin,SMCO_R_EVO,Rastrigin,50,14,-11.992930202619903,4.143194558098912,308,703381016
current-to-best1bin,PSO,Rastrigin,50,14,-359.142264951745,0.24433624558150768,300,703381016
current-to-best1bin,SMCO_BR_EVO,Rastrigin,50,14,-9.024131253017003,4.300675418227911,158,703381016
current-to-best1bin,GA,Rastrigin,50,14,-296.0095682151044,0.8255169186741114,300,703381016
current-to-best1bin,ADAM,Rastrigin,50,14,-386.0417051927178,3.7158560920506716,3914,703381016
current-to-best1bin,DEoptim,Rastrigin,50,9,-406.3734968025437,27.054024694487453,300,872684961
current-to-best1bin,GenSA,Rastrigin,50,14,-0.994959057093638,3.486668849363923,300,703381016
current-to-best1bin,SA,Rastrigin,50,12,-21.889089180415,13.504955030977726,300,1525490646
current-to-best1bin,SPSA,Rastrigin,50,15,-694.239697366022,0.2587308753281832,4800,858292637
current-to-best1bin,SMCO,Rastrigin,50,15,-12.661463969024396,4.1442242208868265,308,858292637
current-to-best1bin,optimLBFGS,Rastrigin,50,15,-317.39016505016144,0.3396944049745798,107,858292637
current-to-best1bin,SMCO_R,Rastrigin,50,15,-9.004929884128558,4.129479235038161,158,858292637
current-to-best1bin,SMCO_EVO,Rastrigin,50,15,-12.6713033235161,4.124682445079088,308,858292637
current-to-best1bin,SignGD,Rastrigin,50,15,-370.6791081732762,1.7203292287886143,1806,858292637
current-to-best1bin,SMCO_BR,Rastrigin,50,15,-12.99903415402241,4.202700072899461,83,858292637
current-to-best1bin,optimNM,Rastrigin,50,15,-629.6049145330228,0.27767378464341164,2400,858292637
current-to-best1bin,PSO,Rastrigin,50,15,-268.26755697346437,0.24408570863306522,300,858292637
current-to-best1bin,SMCO_R_EVO,Rastrigin,50,15,-12.990191277082829,4.211035560816526,308,858292637
current-to-best1bin,SMCO_BR_EVO,Rastrigin,50,15,-13.991444750517303,4.284827399998903,158,858292637
current-to-best1bin,GD,Rastrigin,50,15,-575.0815472229143,2.9217543248087168,3093,858292637
current-to-best1bin,GA,Rastrigin,50,15,-294.08489921097055,0.8089015241712332,300,858292637
current-to-best1bin,ADAM,Rastrigin,50,15,-369.12751205054485,3.807567771524191,3898,858292637
current-to-best1bin,DEoptim,Rastrigin,50,10,-394.1260488523726,27.321363996714354,300,95159912
current-to-best1bin,GenSA,Rastrigin,50,15,-2.8421709430404007e-13,3.4159904792904854,300,858292637
current-to-best1bin,SA,Rastrigin,50,13,-16.914303970586843,13.968582887202501,300,1904583440
current-to-best1bin,SMCO,Rastrigin,50,16,-9.687990283004524,4.09824207238853,308,1089980771
current-to-best1bin,BOBYQA,Rastrigin,50,12,-307.16618413961874,19.261882200837135,2400,1525490646
current-to-best1bin,SPSA,Rastrigin,50,16,-705.7100562606598,0.25783153250813484,4800,1089980771
current-to-best1bin,SMCO_R,Rastrigin,50,16,-10.998370101167552,4.181462315842509,158,1089980771
current-to-best1bin,SMCO_EVO,Rastrigin,50,16,-11.799470539189258,4.127722939476371,308,1089980771
current-to-best1bin,SMCO_BR,Rastrigin,50,16,-12.997348758697058,4.253181369975209,83,1089980771
current-to-best1bin,SMCO_R_EVO,Rastrigin,50,16,-7.018873999358334,4.1270195338875055,308,1089980771
current-to-best1bin,optimNM,Rastrigin,50,16,-586.2423085356845,0.28159513138234615,2400,1089980771
current-to-best1bin,optimLBFGS,Rastrigin,50,16,-245.7536781635114,0.4364933483302593,110,1089980771
current-to-best1bin,PSO,Rastrigin,50,16,-259.7063205410714,0.3295951224863529,300,1089980771
current-to-best1bin,BOBYQA,Rastrigin,50,13,-366.7026542355728,15.709862491115928,2400,1904583440
current-to-best1bin,GA,Rastrigin,50,16,-313.1294203694987,0.8235395886003971,300,1089980771
current-to-best1bin,SignGD,Rastrigin,50,16,-312.3737307211187,2.6683976724743843,2804,1089980771
current-to-best1bin,GD,Rastrigin,50,16,-583.146460417509,2.940416093915701,3088,1089980771
current-to-best1bin,SMCO_BR_EVO,Rastrigin,50,16,-9.022948592410899,4.2927895076572895,158,1089980771
current-to-best1bin,ADAM,Rastrigin,50,16,-310.42583123624354,3.798493104055524,3886,1089980771
current-to-best1bin,DEoptim,Rastrigin,50,11,-390.63763257701385,27.333294216543436,300,877196067
current-to-best1bin,GenSA,Rastrigin,50,16,-2.8421709430404007e-13,3.430441077798605,300,1089980771
current-to-best1bin,SA,Rastrigin,50,14,-19.899181141869633,13.750150823965669,300,703381016
current-to-best1bin,SignGD,Rastrigin,50,17,-345.89316425513096,1.2696566376835108,1307,171640614
current-to-best1bin,SPSA,Rastrigin,50,17,-666.5719005666276,0.25763643346726894,4800,171640614
current-to-best1bin,optimLBFGS,Rastrigin,50,17,-279.5820113267555,0.35511296428740025,108,171640614
current-to-best1bin,SMCO_R,Rastrigin,50,17,-11.99081400678483,4.195984495803714,158,171640614
current-to-best1bin,SMCO_BR,Rastrigin,50,17,-11.00730600799534,4.271949803456664,83,171640614
current-to-best1bin,optimNM,Rastrigin,50,17,-588.1242977852286,0.2773067932575941,2400,171640614
current-to-best1bin,SMCO_EVO,Rastrigin,50,17,-10.643336289205365,4.1331516448408365,308,171640614
current-to-best1bin,SMCO_R_EVO,Rastrigin,50,17,-9.006619058224771,4.148401912301779,308,171640614
current-to-best1bin,PSO,Rastrigin,50,17,-371.47309778144347,0.24346972070634365,300,171640614
current-to-best1bin,BOBYQA,Rastrigin,50,14,-383.8944185096613,15.630971942096949,2400,703381016
current-to-best1bin,GA,Rastrigin,50,17,-311.3623796838499,0.8082086127251387,300,171640614
current-to-best1bin,GD,Rastrigin,50,17,-605.9249735134737,3.032646657899022,3169,171640614
current-to-best1bin,SMCO,Rastrigin,50,17,-8.725847235474305,5.812484638765454,308,171640614
current-to-best1bin,SMCO_BR_EVO,Rastrigin,50,17,-11.9957331082839,4.31215588003397,158,171640614
current-to-best1bin,ADAM,Rastrigin,50,17,-327.3396926499082,3.711569534614682,3892,171640614
current-to-best1bin,SA,Rastrigin,50,15,-15.919344913492864,13.129830695688725,300,858292637
current-to-best1bin,DEoptim,Rastrigin,50,12,-376.6982583955816,27.46935029886663,300,1525490646
current-to-best1bin,GenSA,Rastrigin,50,17,-0.994959057093638,3.4932570792734623,300,171640614
current-to-best1bin,SPSA,Rastrigin,50,18,-719.7903083752841,0.26524319127202034,4800,1045330318
current-to-best1bin,optimLBFGS,Rastrigin,50,18,-281.57216924399086,0.319681016728282,105,1045330318
current-to-best1bin,SMCO,Rastrigin,50,18,-10.698448801017435,4.1174912713468075,308,1045330318
current-to-best1bin,SMCO_R,Rastrigin,50,18,-12.985834943065868,4.114155508577824,158,1045330318
current-to-best1bin,GD,Rastrigin,50,18,-504.1428024813955,2.9394710026681423,3117,1045330318
current-to-best1bin,optimNM,Rastrigin,50,18,-664.6904639331852,0.27404006384313107,2400,1045330318
current-to-best1bin,SMCO_BR,Rastrigin,50,18,-7.025273439641808,4.215924229472876,83,1045330318
current-to-best1bin,SMCO_EVO,Rastrigin,50,18,-7.693077700941046,4.1689143888652325,308,1045330318
current-to-best1bin,SMCO_BR_EVO,Rastrigin,50,18,-10.007358493974778,4.289838053286076,158,1045330318
current-to-best1bin,PSO,Rastrigin,50,18,-264.1154503991166,0.24858246371150017,300,1045330318
current-to-best1bin,BOBYQA,Rastrigin,50,15,-387.98867648250683,15.89240744151175,2400,858292637
current-to-best1bin,SignGD,Rastrigin,50,18,-305.01093061963707,2.6705289855599403,2804,1045330318
current-to-best1bin,GA,Rastrigin,50,18,-300.6290559038782,0.8105527050793171,300,1045330318
current-to-best1bin,ADAM,Rastrigin,50,18,-303.4613051933643,3.7947005201131105,3896,1045330318
current-to-best1bin,SMCO_R_EVO,Rastrigin,50,18,-7.006135656879394,5.82924391888082,308,1045330318
current-to-best1bin,DEoptim,Rastrigin,50,13,-401.2603039120747,27.409446893259883,300,1904583440
current-to-best1bin,GenSA,Rastrigin,50,18,-9.094947017729282e-13,3.492911024019122,300,1045330318
current-to-best1bin,SA,Rastrigin,50,16,-15.919344913493035,13.58870368078351,300,1089980771
current-to-best1bin,SPSA,Rastrigin,50,19,-711.0367263280157,0.26363724283874035,4800,1468294424
current-to-best1bin,optimLBFGS,Rastrigin,50,19,-271.6222392087409,0.3473682962357998,111,1468294424
current-to-best1bin,SignGD,Rastrigin,50,19,-410.89017502741353,1.7415435388684273,1806,1468294424
current-to-best1bin,SMCO,Rastrigin,50,19,-14.694884554368116,4.185291297733784,308,1468294424
current-to-best1bin,SMCO_R,Rastrigin,50,19,-13.989141027939695,4.211908437311649,158,1468294424
current-to-best1bin,optimNM,Rastrigin,50,19,-666.7032797819617,0.28381218016147614,2400,1468294424
current-to-best1bin,SMCO_EVO,Rastrigin,50,19,-10.73963036852058,4.124644156545401,308,1468294424
current-to-best1bin,SMCO_BR,Rastrigin,50,19,-11.997800354557569,4.269573217257857,83,1468294424
current-to-best1bin,BOBYQA,Rastrigin,50,16,-332.4052664825816,15.34188324585557,2400,1089980771
current-to-best1bin,SMCO_R_EVO,Rastrigin,50,19,-15.970275650616372,4.15031767077744,308,1468294424
current-to-best1bin,PSO,Rastrigin,50,19,-325.21865349681264,0.24547071009874344,300,1468294424
current-to-best1bin,GA,Rastrigin,50,19,-290.12549973711714,0.8070008009672165,300,1468294424
current-to-best1bin,SMCO_BR_EVO,Rastrigin,50,19,-13.995334913765532,4.311254004016519,158,1468294424
current-to-best1bin,GD,Rastrigin,50,19,-619.4151623274958,4.707079527899623,3562,1468294424
current-to-best1bin,ADAM,Rastrigin,50,19,-408.92545390438755,3.718366250395775,3898,1468294424
current-to-best1bin,GenSA,Rastrigin,50,19,-1.989918114187276,3.4164411071687937,300,1468294424
current-to-best1bin,DEoptim,Rastrigin,50,14,-416.0114086673378,27.626569397747517,300,703381016
current-to-best1bin,SA,Rastrigin,50,17,-22.884048237507898,13.617000674828887,300,171640614
current-to-best1bin,SPSA,Ackley,50,0,-19.903814314709898,0.2510298788547516,3418,1758196856
current-to-best1bin,optimLBFGS,Ackley,50,0,-19.24641060449284,0.3059713337570429,79,1758196856
current-to-best1bin,BOBYQA,Rastrigin,50,17,-333.2697744772742,14.988784777000546,2400,171640614
current-to-best1bin,optimNM,Ackley,50,0,-20.265701206965428,0.3825474828481674,2400,1758196856
current-to-best1bin,SignGD,Ackley,50,0,-19.28846745122666,2.6931825093925,1806,1758196856
current-to-best1bin,SMCO_R,Ackley,50,0,-0.0681900952533181,6.675182785838842,158,1758196856
current-to-best1bin,SMCO,Ackley,50,0,-0.35055752625428527,6.826332472264767,308,1758196856
current-to-best1bin,SMCO_BR,Ackley,50,0,-0.07290122349185468,6.870429279282689,83,1758196856
current-to-best1bin,DEoptim,Rastrigin,50,15,-360.01657937390905,27.208650916814804,300,858292637
current-to-best1bin,SMCO_EVO,Ackley,50,0,-0.3764349427407585,6.677842866629362,308,1758196856
current-to-best1bin,PSO,Ackley,50,0,-14.210409165722174,0.3802277036011219,300,1758196856
current-to-best1bin,GD,Ackley,50,0,-19.246411357153523,5.441985933110118,3685,1758196856
current-to-best1bin,GA,Ackley,50,0,-7.285430313909577,0.9836494568735361,300,1758196856
current-to-best1bin,SMCO_R_EVO,Ackley,50,0,-0.06469704061216364,6.769895862787962,308,1758196856
current-to-best1bin,SA,Rastrigin,50,18,-22.884053275402096,13.815360695123672,300,1045330318
current-to-best1bin,ADAM,Ackley,50,0,-19.246410528278897,5.929851761087775,3936,1758196856
current-to-best1bin,BOBYQA,Rastrigin,50,18,-303.23649191261615,15.404202131554484,2400,1045330318
current-to-best1bin,GenSA,Ackley,50,0,-1.9994683686519465e-08,4.7730130311101675,300,1758196856
current-to-best1bin,SPSA,Ackley,50,1,-20.284103929466813,0.17424842901527882,2412,302802249
current-to-best1bin,optimLBFGS,Ackley,50,1,-19.322859366068297,0.3340859208256006,90,302802249
current-to-best1bin,SMCO_BR_EVO,Ackley,50,0,-0.07221242214050294,10.043900184333324,158,1758196856
current-to-best1bin,SignGD,Ackley,50,1,-19.334041863248412,2.7171090990304947,1806,302802249
current-to-best1bin,DEoptim,Rastrigin,50,16,-377.1313667365339,26.919885743409395,300,1089980771
current-to-best1bin,optimNM,Ackley,50,1,-20.419178288160076,0.5044699497520924,2400,302802249
current-to-best1bin,SA,Rastrigin,50,19,-14.924385856399681,13.404407627880573,300,1468294424
current-to-best1bin,SMCO,Ackley,50,1,-0.3717982679246217,6.668629193678498,308,302802249
current-to-best1bin,SMCO_R,Ackley,50,1,-0.06524236197400457,6.666197480633855,158,302802249
current-to-best1bin,GA,Ackley,50,1,-6.82015742039097,0.9856074396520853,300,302802249
current-to-best1bin,SMCO_EVO,Ackley,50,1,-0.34344445311505867,6.686524240300059,308,302802249
current-to-best1bin,PSO,Ackley,50,1,-17.053503555652043,0.37761886045336723,300,302802249
current-to-best1bin,SMCO_BR,Ackley,50,1,-0.07412717362042587,6.831846611574292,83,302802249
current-to-best1bin,SMCO_R_EVO,Ackley,50,1,-0.07202145492593148,6.700025487691164,308,302802249
current-to-best1bin,SMCO_BR_EVO,Ackley,50,1,-0.06863994650914096,6.864460987970233,158,302802249
current-to-best1bin,BOBYQA,Rastrigin,50,19,-418.78543035252824,15.871934527531266,2400,1468294424
current-to-best1bin,GD,Ackley,50,1,-19.322859427566424,6.416801093146205,4354,302802249
current-to-best1bin,ADAM,Ackley,50,1,-19.322859365879467,5.948411235585809,3976,302802249
current-to-best1bin,SPSA,Ackley,50,2,-20.16585699382693,0.1697263214737177,2322,1073083343
current-to-best1bin,optimLBFGS,Ackley,50,2,-19.31373954636322,0.328247606754303,86,1073083343
current-to-best1bin,GenSA,Ackley,50,1,-1.9402236706156373e-08,4.867340428754687,300,302802249
current-to-best1bin,optimNM,Ackley,50,2,-20.283821364804343,0.39749315194785595,2400,1073083343
current-to-best1bin,SignGD,Ackley,50,2,-19.32537822136912,2.6816769428551197,1806,1073083343
current-to-best1bin,DEoptim,Rastrigin,50,17,-349.0820027428593,28.130026733502746,300,171640614
current-to-best1bin,BOBYQA,Ackley,50,0,-19.281476874436855,16.286969197914004,2400,1758196856
current-to-best1bin,SMCO,Ackley,50,2,-0.35043546359378697,6.620991988107562,308,1073083343
current-to-best1bin,SMCO_EVO,Ackley,50,2,-0.3988416615224435,6.635107630863786,308,1073083343
current-to-best1bin,SMCO_BR,Ackley,50,2,-0.0736503158101951,6.74369609169662,83,1073083343
current-to-best1bin,SMCO_R_EVO,Ackley,50,2,-0.06524473868250569,6.74653135985136,308,1073083343
current-to-best1bin,ADAM,Ackley,50,2,-19.31373953856102,5.843947248533368,3942,1073083343
current-to-best1bin,PSO,Ackley,50,2,-14.551987034757731,0.3736332952976227,300,1073083343
current-to-best1bin,SMCO_BR_EVO,Ackley,50,2,-0.07013010331236247,6.785017028450966,158,1073083343
current-to-best1bin,GA,Ackley,50,2,-6.840067261273649,0.9876123834401369,300,1073083343
current-to-best1bin,GenSA,Ackley,50,2,-1.9480296931106977e-08,4.948712173849344,300,1073083343
current-to-best1bin,DEoptim,Rastrigin,50,18,-397.1550399857557,27.445344312116504,300,1045330318
current-to-best1bin,GD,Ackley,50,2,-19.314027925622074,8.272447803989053,4366,1073083343
current-to-best1bin,SMCO_R,Ackley,50,2,-0.07329915409318177,9.091838268563151,158,1073083343
current-to-best1bin,SPSA,Ackley,50,3,-20.531961468725196,0.1574373710900545,2156,1376058949
current-to-best1bin,optimLBFGS,Ackley,50,3,-19.363084962381855,0.3579000439494848,89,1376058949
current-to-best1bin,optimNM,Ackley,50,3,-20.332844412092026,0.3874307870864868,2400,1376058949
current-to-best1bin,SA,Ackley,50,0,-19.22591740922662,18.80041714012623,300,1758196856
current-to-best1bin,SignGD,Ackley,50,3,-19.37237171390192,2.688832748681307,1806,1376058949
current-to-best1bin,DEoptim,Rastrigin,50,19,-380.31062969078664,27.50249162502587,300,1468294424
current-to-best1bin,SMCO,Ackley,50,3,-0.3413167873961176,6.624754359945655,308,1376058949
current-to-best1bin,BOBYQA,Ackley,50,1,-19.348841929846206,17.415680162608624,2400,302802249
current-to-best1bin,SMCO_R,Ackley,50,3,-0.06910828277566994,6.6499369870871305,158,1376058949
current-to-best1bin,SMCO_EVO,Ackley,50,3,-0.3176455214715088,6.6744373217225075,308,1376058949
current-to-best1bin,SMCO_R_EVO,Ackley,50,3,-0.0743361390404833,6.648599026724696,308,1376058949
current-to-best1bin,SMCO_BR,Ackley,50,3,-0.06539671462365293,6.816077148541808,83,1376058949
current-to-best1bin,PSO,Ackley,50,3,-13.763590702357607,0.5185237377882004,300,1376058949
current-to-best1bin,SMCO_BR_EVO,Ackley,50,3,-0.07734022412033825,6.8025557436048985,158,1376058949
current-to-best1bin,GA,Ackley,50,3,-6.5844249652947795,0.9796540513634682,300,1376058949
current-to-best1bin,ADAM,Ackley,50,3,-19.36308476317549,5.838204463943839,3932,1376058949
current-to-best1bin,GD,Ackley,50,3,-19.363361630826294,6.977003315463662,3888,1376058949
current-to-best1bin,SPSA,Ackley,50,4,-20.160737980716092,0.1835573110729456,2510,971522874
current-to-best1bin,GenSA,Ackley,50,3,-1.9756886349142633e-08,4.74409400112927,300,1376058949
current-to-best1bin,optimLBFGS,Ackley,50,4,-19.470550735764263,0.3609009124338627,96,971522874
current-to-best1bin,optimNM,Ackley,50,4,-20.527780543031092,0.3880057614296675,2400,971522874
current-to-best1bin,SA,Ackley,50,1,-19.64872362406118,18.391528209671378,300,302802249
current-to-best1bin,SignGD,Ackley,50,4,-19.481773649192103,3.4108412507921457,2305,971522874
current-to-best1bin,BOBYQA,Ackley,50,2,-19.351179139581795,15.919337535277009,2400,1073083343
current-to-best1bin,GA,Ackley,50,4,-6.719166127007236,0.9892986007034779,300,971522874
current-to-best1bin,PSO,Ackley,50,4,-17.33452049219698,0.37974805384874344,300,971522874
current-to-best1bin,GD,Ackley,50,4,-19.470550839979577,5.931093737483025,4029,971522874
current-to-best1bin,ADAM,Ackley,50,4,-19.4705507357415,5.911349264904857,3964,971522874
current-to-best1bin,SMCO,Ackley,50,4,-0.3811627619824418,6.65649076923728,308,971522874
current-to-best1bin,SMCO_R,Ackley,50,4,-0.06806189392205342,6.6737151481211185,158,971522874
current-to-best1bin,SMCO_EVO,Ackley,50,4,-0.3737372056316386,6.669520875439048,308,971522874
current-to-best1bin,GenSA,Ackley,50,4,-1.9276388929512223e-08,4.910310056060553,300,971522874
current-to-best1bin,SMCO_R_EVO,Ackley,50,4,-0.06785581709371913,6.7390747014433146,308,971522874
current-to-best1bin,SMCO_BR_EVO,Ackley,50,4,-0.0653413662723179,7.389778230339289,158,971522874
current-to-best1bin,SMCO_BR,Ackley,50,4,-0.06674454126620732,7.806673176586628,83,971522874
current-to-best1bin,SPSA,Ackley,50,5,-20.40540657157229,0.12520230188965797,1738,1541453820
current-to-best1bin,SA,Ackley,50,2,-19.65303593999528,18.197134096175432,300,1073083343
current-to-best1bin,optimLBFGS,Ackley,50,5,-19.362423331747976,0.360784525051713,99,1541453820
current-to-best1bin,optimNM,Ackley,50,5,-20.341937189187433,0.3860957194119692,2400,1541453820
current-to-best1bin,DEoptim,Ackley,50,0,-0.185084382090285,30.30667252279818,300,1758196856
current-to-best1bin,SignGD,Ackley,50,5,-19.372792576527477,2.681193558499217,1806,1541453820
current-to-best1bin,GD,Ackley,50,5,-19.362482284063002,4.987984558567405,3364,1541453820
current-to-best1bin,SMCO,Ackley,50,5,-0.37621354097308357,6.714821727946401,308,1541453820
current-to-best1bin,PSO,Ackley,50,5,-14.373344222283205,0.3819302637130022,300,1541453820
current-to-best1bin,GA,Ackley,50,5,-7.1397289343553005,0.9902114737778902,300,1541453820
current-to-best1bin,SMCO_R,Ackley,50,5,-0.0717678469075449,6.683153176680207,158,1541453820
current-to-best1bin,SMCO_EVO,Ackley,50,5,-0.37707642893770243,6.659577177837491,308,1541453820
current-to-best1bin,SMCO_BR,Ackley,50,5,-0.07670384493456384,6.753661587834358,83,1541453820
current-to-best1bin,SMCO_R_EVO,Ackley,50,5,-0.06750546588108053,6.6891196221113205,308,1541453820
current-to-best1bin,GenSA,Ackley,50,5,-2.0110129117512088e-08,4.769353434443474,300,1541453820
current-to-best1bin,SMCO_BR_EVO,Ackley,50,5,-0.07588313579926309,6.789726136252284,158,1541453820
current-to-best1bin,ADAM,Ackley,50,5,-19.362423231288265,5.835516303777695,3928,1541453820
current-to-best1bin,BOBYQA,Ackley,50,3,-19.39037108916517,19.231883695349097,2400,1376058949
current-to-best1bin,SPSA,Ackley,50,6,-19.856061178444094,0.22788655757904053,3167,487299904
current-to-best1bin,optimLBFGS,Ackley,50,6,-19.188392433393357,0.41204895079135895,97,487299904
current-to-best1bin,SA,Ackley,50,3,-19.42608458831856,18.730688732117414,300,1376058949
current-to-best1bin,optimNM,Ackley,50,6,-20.005584321314718,0.3854803517460823,2400,487299904
current-to-best1bin,SignGD,Ackley,50,6,-19.20007845863058,3.3911269642412663,2305,487299904
current-to-best1bin,BOBYQA,Ackley,50,4,-19.498074312683652,15.973486056551337,2400,971522874
current-to-best1bin,SMCO,Ackley,50,6,-0.3547977331929073,6.692863751202822,308,487299904
current-to-best1bin,ADAM,Ackley,50,6,-19.188392242443935,5.8055419921875,3910,487299904
current-to-best1bin,SMCO_R,Ackley,50,6,-0.0655613737708447,6.708064028993249,158,487299904
current-to-best1bin,GD,Ackley,50,6,-19.188393157250058,6.185997458174825,4199,487299904
current-to-best1bin,PSO,Ackley,50,6,-14.007955534637235,0.377321295440197,300,487299904
current-to-best1bin,SMCO_BR,Ackley,50,6,-0.07383786759486854,6.792700977995992,83,487299904
current-to-best1bin,SMCO_R_EVO,Ackley,50,6,-0.06715702923043354,6.692478647455573,308,487299904
current-to-best1bin,GA,Ackley,50,6,-7.0472581687820846,0.9914125464856625,300,487299904
current-to-best1bin,SMCO_EVO,Ackley,50,6,-0.34681248298579037,7.090496586635709,308,487299904
current-to-best1bin,SA,Ackley,50,4,-19.231792242182692,18.231799013912678,300,971522874
current-to-best1bin,GenSA,Ackley,50,6,-1.9765263647997244e-08,4.7756305653601885,300,487299904
current-to-best1bin,DEoptim,Ackley,50,2,-0.039658980086436646,30.70047076046467,300,1073083343
current-to-best1bin,SPSA,Ackley,50,7,-20.223641760753743,0.13468073308467865,1835,338391265
current-to-best1bin,SMCO_BR_EVO,Ackley,50,6,-0.07567986371663737,8.35843000933528,158,487299904
current-to-best1bin,optimLBFGS,Ackley,50,7,-19.336104058621277,0.3688556123524904,96,338391265
current-to-best1bin,optimNM,Ackley,50,7,-20.410738292875482,0.3844458572566509,2400,338391265
current-to-best1bin,DEoptim,Ackley,50,1,-0.1122743350156381,38.38550906814635,300,302802249
current-to-best1bin,SignGD,Ackley,50,7,-19.34575525854632,2.659707996994257,1806,338391265
current-to-best1bin,BOBYQA,Ackley,50,5,-19.393542587614217,16.478791346773505,2400,1541453820
current-to-best1bin,GA,Ackley,50,7,-6.8716576228829265,0.9896038733422756,300,338391265
current-to-best1bin,PSO,Ackley,50,7,-6.626039929420028,0.3802988827228546,300,338391265
current-to-best1bin,SMCO_R,Ackley,50,7,-0.06818951287304431,6.655571512877941,158,338391265
current-to-best1bin,GD,Ackley,50,7,-19.336104094953374,6.071004133671522,4140,338391265
current-to-best1bin,SMCO_EVO,Ackley,50,7,-0.3785791558752618,6.660259807482362,308,338391265
current-to-best1bin,SMCO_BR,Ackley,50,7,-0.07690432711307382,6.760634496808052,83,338391265
current-to-best1bin,SMCO,Ackley,50,7,-0.38013892638958113,7.173734692856669,308,338391265
current-to-best1bin,SMCO_R_EVO,Ackley,50,7,-0.06365300614738034,6.67213418148458,308,338391265
current-to-best1bin,ADAM,Ackley,50,7,-19.336104045730824,5.942736811935902,3962,338391265
current-to-best1bin,SMCO_BR_EVO,Ackley,50,7,-0.06722885711422366,6.867996605113149,158,338391265
current-to-best1bin,GenSA,Ackley,50,7,-1.9424288399960687e-08,5.104522770270705,300,338391265
current-to-best1bin,SPSA,Ackley,50,8,-20.5337757406203,0.1451002024114132,1969,2049854445
current-to-best1bin,optimLBFGS,Ackley,50,8,-19.39206747114037,0.3065560404211283,79,2049854445
current-to-best1bin,SA,Ackley,50,5,-19.514389691830015,18.888586862012744,300,1541453820
current-to-best1bin,DEoptim,Ackley,50,3,-0.2667123572341734,31.490569934248924,300,1376058949
current-to-best1bin,optimNM,Ackley,50,8,-20.32517103579939,0.3900941200554371,2400,2049854445
current-to-best1bin,SignGD,Ackley,50,8,-19.40329768607684,1.9480253551155329,1307,2049854445
current-to-best1bin,BOBYQA,Ackley,50,6,-19.211458833935612,15.934212559834123,2400,487299904
current-to-best1bin,GA,Ackley,50,8,-7.264735234814138,0.9922434370964766,300,2049854445
current-to-best1bin,GD,Ackley,50,8,-19.39206828429836,6.071945713832974,4130,2049854445
current-to-best1bin,PSO,Ackley,50,8,-17.240965040973215,0.3808043245226145,300,2049854445
current-to-best1bin,SMCO_R,Ackley,50,8,-0.06973670596143622,6.638813568279147,158,2049854445
current-to-best1bin,ADAM,Ackley,50,8,-19.39206742958018,5.921075301244855,3960,2049854445
current-to-best1bin,SMCO_BR,Ackley,50,8,-0.07490070534445481,6.713121552020311,83,2049854445
current-to-best1bin,SMCO_EVO,Ackley,50,8,-0.37048140905824,6.620930815115571,308,2049854445
current-to-best1bin,SMCO_R_EVO,Ackley,50,8,-0.06580613745751451,6.6594247333705425,308,2049854445
current-to-best1bin,SMCO,Ackley,50,8,-0.3669253556221084,7.146650671958923,308,2049854445
current-to-best1bin,SMCO_BR_EVO,Ackley,50,8,-0.07760625492948181,6.884705200791359,158,2049854445
current-to-best1bin,GenSA,Ackley,50,8,-1.9521625649332464e-08,5.170753728598356,300,2049854445
current-to-best1bin,SPSA,Ackley,50,9,-20.004575484165837,0.1985532883554697,2680,207954026
current-to-best1bin,optimLBFGS,Ackley,50,9,-19.447476553722712,0.38506830483675003,94,207954026
current-to-best1bin,DEoptim,Ackley,50,4,-0.12387971814123278,30.734520617872477,300,971522874
current-to-best1bin,SignGD,Ackley,50,9,-19.517913516364263,1.9539560806006193,1307,207954026
current-to-best1bin,optimNM,Ackley,50,9,-20.253005900242727,0.39071536995470524,2400,207954026
current-to-best1bin,SA,Ackley,50,6,-19.291039835593942,18.36738502793014,300,487299904
current-to-best1bin,GD,Ackley,50,9,-19.448240346035156,5.914164559915662,4031,207954026
current-to-best1bin,SMCO,Ackley,50,9,-0.36313075645534143,6.616790039464831,308,207954026
current-to-best1bin,ADAM,Ackley,50,9,-19.44747651462509,5.931819474324584,3952,207954026
current-to-best1bin,SMCO_BR,Ackley,50,9,-0.07561774840158764,6.7312095407396555,83,207954026
current-to-best1bin,SMCO_EVO,Ackley,50,9,-0.37919924740450783,6.714979521930218,308,207954026
current-to-best1bin,PSO,Ackley,50,9,-6.449621359490912,0.36984857358038425,300,207954026
current-to-best1bin,SMCO_R_EVO,Ackley,50,9,-0.06708977847366926,6.646342491731048,308,207954026
current-to-best1bin,SMCO_BR_EVO,Ackley,50,9,-0.0764232482252436,6.765737861394882,158,207954026
current-to-best1bin,GA,Ackley,50,9,-6.372373210761626,0.9743776191025972,300,207954026
current-to-best1bin,GenSA,Ackley,50,9,-1.9293672881559587e-08,4.937497271224856,300,207954026
current-to-best1bin,DEoptim,Ackley,50,5,-0.08511466426075076,30.71070828847587,300,1541453820
current-to-best1bin,BOBYQA,Ackley,50,7,-19.414837106682555,19.181713722646236,2400,338391265
current-to-best1bin,SMCO_R,Ackley,50,9,-0.07041223814714259,8.135381147265434,158,207954026
current-to-best1bin,SPSA,Ackley,50,10,-19.916758773007285,0.20573579333722591,2842,1343475621
current-to-best1bin,optimLBFGS,Ackley,50,10,-19.486620403426052,0.35405435413122177,90,1343475621
current-to-best1bin,optimNM,Ackley,50,10,-20.34274921435963,0.3876118343323469,2400,1343475621
current-to-best1bin,SignGD,Ackley,50,10,-19.430744117268187,2.69630841165781,1806,1343475621
current-to-best1bin,BOBYQA,Ackley,50,8,-19.424283909782336,17.57231368497014,2400,2049854445
current-to-best1bin,SMCO,Ackley,50,10,-0.36436247644945796,6.712691942229867,308,1343475621
current-to-best1bin,GD,Ackley,50,10,-19.42192769013292,6.07063801586628,4140,1343475621
current-to-best1bin,ADAM,Ackley,50,10,-19.421927591767155,5.905924905091524,3958,1343475621
current-to-best1bin,SMCO_R,Ackley,50,10,-0.06925619767136526,6.637478046119213,158,1343475621
current-to-best1bin,SMCO_EVO,Ackley,50,10,-0.33005695294091497,6.645811898633838,308,1343475621
current-to-best1bin,SMCO_R_EVO,Ackley,50,10,-0.06832421359501284,6.633230423554778,308,1343475621
current-to-best1bin,GenSA,Ackley,50,10,-1.9477934376510575e-08,4.657673262059689,300,1343475621
current-to-best1bin,PSO,Ackley,50,10,-16.168823340131905,0.37660298123955727,300,1343475621
current-to-best1bin,SMCO_BR,Ackley,50,10,-0.07436714563797198,6.829336911439896,83,1343475621
current-to-best1bin,SMCO_BR_EVO,Ackley,50,10,-0.0758882659165967,6.760261133313179,158,1343475621
current-to-best1bin,SA,Ackley,50,8,-19.128832412663222,18.010229943320155,300,2049854445
current-to-best1bin,GA,Ackley,50,10,-6.449251265622095,0.9949474651366472,300,1343475621
current-to-best1bin,SPSA,Ackley,50,11,-20.38863592781946,0.16488147154450417,2245,705973978
current-to-best1bin,SA,Ackley,50,7,-19.308668034320725,24.397058218717575,300,338391265
current-to-best1bin,optimLBFGS,Ackley,50,11,-19.390882501019885,0.3330064509063959,89,705973978
current-to-best1bin,optimNM,Ackley,50,11,-20.355663130308265,0.3911053482443094,2400,705973978
current-to-best1bin,DEoptim,Ackley,50,6,-0.027845397589690624,31.080820351839066,300,487299904
current-to-best1bin,SignGD,Ackley,50,11,-19.434864574322823,2.6432750932872295,1806,705973978
current-to-best1bin,BOBYQA,Ackley,50,9,-19.48493681913199,16.7418224029243,2400,207954026
current-to-best1bin,GA,Ackley,50,11,-7.040263250217814,1.0008586756885052,300,705973978
current-to-best1bin,PSO,Ackley,50,11,-4.475682473413922,0.3858729489147663,300,705973978
current-to-best1bin,ADAM,Ackley,50,11,-19.390882500996437,5.812989009544253,3918,705973978
current-to-best1bin,GenSA,Ackley,50,11,-1.8375431398709452e-08,4.79959898814559,300,705973978
current-to-best1bin,SMCO,Ackley,50,11,-0.34541764071719827,6.70192070491612,308,705973978
current-to-best1bin,SMCO_R,Ackley,50,11,-0.06525986231042724,6.6462398283183575,158,705973978
current-to-best1bin,SMCO_EVO,Ackley,50,11,-0.3628325981786671,6.646224297583103,308,705973978
current-to-best1bin,SMCO_BR,Ackley,50,11,-0.07889923437547752,6.734758349135518,83,705973978
current-to-best1bin,SMCO_R_EVO,Ackley,50,11,-0.07057178113118256,6.746502762660384,308,705973978
current-to-best1bin,GD,Ackley,50,11,-19.39088256110053,6.621366573497653,4461,705973978
current-to-best1bin,SMCO_BR_EVO,Ackley,50,11,-0.07828010770982319,6.772164786234498,158,705973978
current-to-best1bin,SPSA,Ackley,50,12,-20.501723754260887,0.10396599397063255,1439,1031283771
current-to-best1bin,optimLBFGS,Ackley,50,12,-19.460158460718347,0.3393993526697159,88,1031283771
current-to-best1bin,DEoptim,Ackley,50,7,-0.044512423935732404,30.290814036503434,300,338391265
current-to-best1bin,SA,Ackley,50,9,-19.50148020072665,18.786406757310033,300,207954026
current-to-best1bin,optimNM,Ackley,50,12,-20.366800045655697,0.38135769590735435,2400,1031283771
current-to-best1bin,SignGD,Ackley,50,12,-19.472187346657257,2.6958765145391226,1806,1031283771
current-to-best1bin,BOBYQA,Ackley,50,10,-19.450867027320033,15.299071788787842,2400,1343475621
current-to-best1bin,GA,Ackley,50,12,-6.772305728253803,0.9718150850385427,300,1031283771
current-to-best1bin,PSO,Ackley,50,12,-4.250739738503338,0.3733958322554827,300,1031283771
current-to-best1bin,GenSA,Ackley,50,12,-2.0024547797703462e-08,4.728425981476903,300,1031283771
current-to-best1bin,GD,Ackley,50,12,-19.460159248366487,5.729516725987196,3914,1031283771
current-to-best1bin,ADAM,Ackley,50,12,-19.460158331224246,5.942288093268871,3952,1031283771
current-to-best1bin,SMCO_R,Ackley,50,12,-0.07085277054658734,6.641244567930698,158,1031283771
current-to-best1bin,DEoptim,Ackley,50,8,-0.25138360038315755,30.637561459094286,300,2049854445
current-to-best1bin,SMCO_R_EVO,Ackley,50,12,-0.06435053417232028,6.627807753160596,308,1031283771
current-to-best1bin,SMCO_EVO,Ackley,50,12,-0.3740469825029753,6.766019741073251,308,1031283771
current-to-best1bin,SMCO_BR,Ackley,50,12,-0.07904621953308721,6.866876166313887,83,1031283771
current-to-best1bin,SMCO_BR_EVO,Ackley,50,12,-0.0718967955978731,6.7553645223379135,158,1031283771
current-to-best1bin,SPSA,Ackley,50,13,-20.286499026803796,0.21143294125795364,2944,2060688600
current-to-best1bin,optimLBFGS,Ackley,50,13,-19.456798329668754,0.3138987645506859,83,2060688600
current-to-best1bin,SA,Ackley,50,10,-19.435931516417643,18.76562329567969,300,1343475621
current-to-best1bin,SMCO,Ackley,50,12,-0.35965551240300586,9.487808834761381,308,1031283771
current-to-best1bin,optimNM,Ackley,50,13,-20.245550997189138,0.39627950824797153,2400,2060688600
current-to-best1bin,SignGD,Ackley,50,13,-19.466810935827215,3.615053491666913,2305,2060688600
current-to-best1bin,SMCO,Ackley,50,13,-0.34166403024002934,6.612692221999168,308,2060688600
current-to-best1bin,GA,Ackley,50,13,-6.90783159966734,0.9724948201328516,300,2060688600
current-to-best1bin,SMCO_R,Ackley,50,13,-0.06404078152365189,6.739760495722294,158,2060688600
current-to-best1bin,DEoptim,Ackley,50,9,-0.15454802099356657,30.278732419013977,300,207954026
current-to-best1bin,SMCO_BR,Ackley,50,13,-0.06793463944876565,6.7127863466739655,83,2060688600
current-to-best1bin,ADAM,Ackley,50,13,-19.456797128298202,5.93073933199048,3938,2060688600
current-to-best1bin,GD,Ackley,50,13,-19.456797222382782,6.002376137301326,4122,2060688600
current-to-best1bin,PSO,Ackley,50,13,-15.055266880034884,0.37422407791018486,300,2060688600
current-to-best1bin,SMCO_EVO,Ackley,50,13,-0.37767764270295645,6.768338667228818,308,2060688600
current-to-best1bin,SMCO_R_EVO,Ackley,50,13,-0.07081832580135528,7.083389081060886,308,2060688600
current-to-best1bin,SMCO_BR_EVO,Ackley,50,13,-0.07552906397726078,6.901197737082839,158,2060688600
current-to-best1bin,GenSA,Ackley,50,13,-1.961964146701689e-08,4.897258372977376,300,2060688600
current-to-best1bin,SA,Ackley,50,11,-19.29341245701707,18.95285289734602,300,705973978
current-to-best1bin,SPSA,Ackley,50,14,-20.354128634634446,0.31871601194143295,4338,1658406150
current-to-best1bin,optimLBFGS,Ackley,50,14,-19.31268030603839,0.31726752035319805,88,1658406150
current-to-best1bin,optimNM,Ackley,50,14,-20.324782545894433,0.38826194405555725,2400,1658406150
current-to-best1bin,SignGD,Ackley,50,14,-19.3245728965972,1.922744669020176,1307,1658406150
current-to-best1bin,BOBYQA,Ackley,50,11,-19.42915163668048,23.306671729311347,2400,705973978
current-to-best1bin,BOBYQA,Ackley,50,12,-19.489933045197468,17.0202530156821,2400,1031283771
current-to-best1bin,GA,Ackley,50,14,-6.949722295776452,0.9767070449888706,300,1658406150
current-to-best1bin,SMCO,Ackley,50,14,-0.36565496949560883,6.714057177305222,308,1658406150
current-to-best1bin,PSO,Ackley,50,14,-13.825753104904306,0.37808099016547203,300,1658406150
current-to-best1bin,SMCO_R,Ackley,50,14,-0.07148222752213629,6.61743632145226,158,1658406150
current-to-best1bin,ADAM,Ackley,50,14,-19.31268016639873,5.915660407394171,3958,1658406150
current-to-best1bin,SMCO_R_EVO,Ackley,50,14,-0.07229001294612702,6.646241148933768,308,1658406150
current-to-best1bin,SMCO_BR,Ackley,50,14,-0.07284422560014692,6.713294101879001,83,1658406150
current-to-best1bin,SMCO_EVO,Ackley,50,14,-0.3810893812660443,6.766013201326132,308,1658406150
current-to-best1bin,SMCO_BR_EVO,Ackley,50,14,-0.07565058626549304,6.781409876421094,158,1658406150
current-to-best1bin,SA,Ackley,50,12,-19.129721524104212,18.283112961798906,300,1031283771
current-to-best1bin,GenSA,Ackley,50,14,-1.9653811467179594e-08,4.728752514347434,300,1658406150
current-to-best1bin,SPSA,Ackley,50,15,-20.551043180422194,0.08974714577198029,1226,1339219110
current-to-best1bin,optimLBFGS,Ackley,50,15,-19.305618340980764,0.34287140890955925,94,1339219110
current-to-best1bin,GD,Ackley,50,14,-19.312680287353462,7.115341989323497,4800,1658406150
current-to-best1bin,optimNM,Ackley,50,15,-20.22214166473054,0.3913242295384407,2400,1339219110
current-to-best1bin,SignGD,Ackley,50,15,-19.31201187126327,2.656305331736803,1806,1339219110
current-to-best1bin,DEoptim,Ackley,50,10,-0.07564542285991793,30.659972308203578,300,1343475621
current-to-best1bin,BOBYQA,Ackley,50,13,-19.48415599905177,17.0304993968457,2400,2060688600
current-to-best1bin,GenSA,Ackley,50,15,-1.979758623704697e-08,4.8824516125023365,300,1339219110
current-to-best1bin,ADAM,Ackley,50,15,-19.30561831284635,5.819289179518819,3932,1339219110
current-to-best1bin,GA,Ackley,50,15,-6.684104420110696,0.9806187842041254,300,1339219110
current-to-best1bin,PSO,Ackley,50,15,-13.3613385289961,0.3842340521514416,300,1339219110
current-to-best1bin,SMCO_BR,Ackley,50,15,-0.07565414880162935,6.721576677635312,83,1339219110
current-to-best1bin,SMCO_R_EVO,Ackley,50,15,-0.06663806094376001,6.646168934181333,308,1339219110
current-to-best1bin,SMCO_EVO,Ackley,50,15,-0.3627319143343013,6.721855623647571,308,1339219110
current-to-best1bin,SMCO,Ackley,50,15,-0.3306397503970513,6.926696170121431,308,1339219110
current-to-best1bin,SMCO_BR_EVO,Ackley,50,15,-0.07158766369891767,6.78586108237505,158,1339219110
current-to-best1bin,SMCO_R,Ackley,50,15,-0.06844499404849147,7.317921640351415,158,1339219110
current-to-best1bin,GD,Ackley,50,15,-19.3059370946144,7.116023050621152,4800,1339219110
current-to-best1bin,SPSA,Ackley,50,16,-20.578339308621235,0.10951110906898975,1299,1428844295
current-to-best1bin,optimLBFGS,Ackley,50,16,-19.391580487299315,0.3799535557627678,96,1428844295
current-to-best1bin,DEoptim,Ackley,50,11,-0.06629779347733278,30.889260217547417,300,705973978
current-to-best1bin,SA,Ackley,50,13,-18.65245994904277,18.434884183108807,300,2060688600
current-to-best1bin,optimNM,Ackley,50,16,-20.401705914684698,0.38256205432116985,2400,1428844295
current-to-best1bin,SignGD,Ackley,50,16,-19.401817481790562,2.6751867551356554,1806,1428844295
current-to-best1bin,BOBYQA,Ackley,50,14,-19.34087398282333,17.296737048774958,2400,1658406150
current-to-best1bin,GD,Ackley,50,16,-19.39157987722584,5.620102306827903,3802,1428844295
current-to-best1bin,SMCO,Ackley,50,16,-0.3544859188284062,6.656237551942468,308,1428844295
current-to-best1bin,SMCO_R,Ackley,50,16,-0.06784766071668757,6.6446481719613075,158,1428844295
current-to-best1bin,PSO,Ackley,50,16,-14.018789259018096,0.37555441446602345,300,1428844295
current-to-best1bin,GenSA,Ackley,50,16,-2.0484432372569472e-08,4.8829861506819725,300,1428844295
current-to-best1bin,ADAM,Ackley,50,16,-19.39157987724116,5.855887347832322,3952,1428844295
current-to-best1bin,GA,Ackley,50,16,-6.870988449082519,0.9952953923493624,300,1428844295
current-to-best1bin,SMCO_BR,Ackley,50,16,-0.075701370251267,6.818884521722794,83,1428844295
current-to-best1bin,SMCO_EVO,Ackley,50,16,-0.3784156723301284,6.642224356532097,308,1428844295
current-to-best1bin,SMCO_R_EVO,Ackley,50,16,-0.06821871072272545,6.657780539244413,308,1428844295
current-to-best1bin,SMCO_BR_EVO,Ackley,50,16,-0.07752794154739506,6.857247298583388,158,1428844295
current-to-best1bin,SPSA,Ackley,50,17,-20.243980555214996,0.22219100035727024,3055,1638370930
current-to-best1bin,optimLBFGS,Ackley,50,17,-19.385407661446038,0.3433676213026047,91,1638370930
current-to-best1bin,DEoptim,Ackley,50,12,-0.36318265673925554,30.677063731476665,300,1031283771
current-to-best1bin,SA,Ackley,50,14,-19.551320418665213,18.58336902037263,300,1658406150
current-to-best1bin,optimNM,Ackley,50,17,-20.21910480655051,0.3850466161966324,2400,1638370930
current-to-best1bin,SignGD,Ackley,50,17,-19.415630329687506,2.6610857285559177,1806,1638370930
current-to-best1bin,GD,Ackley,50,17,-19.38644169726673,5.5156863406300545,3707,1638370930
current-to-best1bin,BOBYQA,Ackley,50,15,-19.327432955972878,18.35162571631372,2400,1339219110
current-to-best1bin,ADAM,Ackley,50,17,-19.385407511208303,5.840569378808141,3952,1638370930
current-to-best1bin,GenSA,Ackley,50,17,-1.9140735663114583e-08,4.647055026143789,300,1638370930
current-to-best1bin,SMCO_R,Ackley,50,17,-0.07229186425007272,6.626518787816167,158,1638370930
current-to-best1bin,SMCO,Ackley,50,17,-0.3184908477327757,6.658921726047993,308,1638370930
current-to-best1bin,PSO,Ackley,50,17,-14.053447784186124,0.37713815458118916,300,1638370930
current-to-best1bin,SMCO_BR,Ackley,50,17,-0.07887262232756997,6.790845992043614,83,1638370930
current-to-best1bin,SMCO_R_EVO,Ackley,50,17,-0.06634137950257157,6.66822493262589,308,1638370930
current-to-best1bin,SMCO_EVO,Ackley,50,17,-0.36613915738089675,6.734860636293888,308,1638370930
current-to-best1bin,GA,Ackley,50,17,-6.159084307101843,1.0016551781445742,300,1638370930
current-to-best1bin,SMCO_BR_EVO,Ackley,50,17,-0.07788094650428734,6.90597921051085,158,1638370930
current-to-best1bin,SPSA,Ackley,50,18,-20.112092437880634,0.21831007488071918,2965,1453271538
current-to-best1bin,optimLBFGS,Ackley,50,18,-19.4152884528712,0.30817352794110775,83,1453271538
current-to-best1bin,SA,Ackley,50,15,-19.486059125345722,18.541569981724024,300,1339219110
current-to-best1bin,optimNM,Ackley,50,18,-20.274037096269094,0.3870962429791689,2400,1453271538
current-to-best1bin,DEoptim,Ackley,50,13,-0.08112826538183926,31.02225238457322,300,2060688600
current-to-best1bin,SignGD,Ackley,50,18,-19.42650597353409,2.6856734678149223,1806,1453271538
current-to-best1bin,BOBYQA,Ackley,50,16,-19.408524611551172,17.34807019494474,2400,1428844295
current-to-best1bin,ADAM,Ackley,50,18,-19.41528844965834,5.904797937721014,3940,1453271538
current-to-best1bin,SMCO,Ackley,50,18,-0.3468503712954534,6.638127204030752,308,1453271538
current-to-best1bin,SMCO_R,Ackley,50,18,-0.06405342311927287,6.675341039896011,158,1453271538
current-to-best1bin,SMCO_EVO,Ackley,50,18,-0.3859575066060619,6.686112837865949,308,1453271538
current-to-best1bin,PSO,Ackley,50,18,-5.558826108474637,0.38600221276283264,300,1453271538
current-to-best1bin,SMCO_BR,Ackley,50,18,-0.08164574501575617,6.708323856815696,83,1453271538
current-to-best1bin,GA,Ackley,50,18,-6.843576472131607,0.9986249282956123,300,1453271538
current-to-best1bin,SMCO_R_EVO,Ackley,50,18,-0.06441848996115995,6.734497947618365,308,1453271538
current-to-best1bin,SMCO_BR_EVO,Ackley,50,18,-0.07952606213343616,6.838382687419653,158,1453271538
current-to-best1bin,SA,Ackley,50,16,-19.181975999805555,18.335632745176554,300,1428844295
current-to-best1bin,GenSA,Ackley,50,18,-2.0835071001812366e-08,4.92030849121511,300,1453271538
current-to-best1bin,GD,Ackley,50,18,-19.42391671009794,7.062066867947578,4800,1453271538
current-to-best1bin,SPSA,Ackley,50,19,-20.29349243416138,0.19935431517660618,2744,1243640658
current-to-best1bin,optimLBFGS,Ackley,50,19,-19.420101790931085,0.3419915996491909,86,1243640658
current-to-best1bin,optimNM,Ackley,50,19,-20.262885420333028,0.3848114851862192,2400,1243640658
current-to-best1bin,SignGD,Ackley,50,19,-19.431548601925645,2.682328460738063,1806,1243640658
current-to-best1bin,BOBYQA,Ackley,50,17,-19.4160562226406,17.76948594301939,2400,1638370930
current-to-best1bin,GD,Ackley,50,19,-19.420101520929332,5.839398447424173,3942,1243640658
current-to-best1bin,GenSA,Ackley,50,19,-1.9439852838587512e-08,4.749073626473546,300,1243640658
current-to-best1bin,SMCO,Ackley,50,19,-0.36211466666535275,6.628053216263652,308,1243640658
current-to-best1bin,SMCO_R,Ackley,50,19,-0.06983849659932817,6.675727181136608,158,1243640658
current-to-best1bin,ADAM,Ackley,50,19,-19.42010148116321,5.873462971299887,3966,1243640658
current-to-best1bin,PSO,Ackley,50,19,-9.22869629287814,0.3763004541397095,300,1243640658
current-to-best1bin,SMCO_R_EVO,Ackley,50,19,-0.06814622406513893,6.654864264652133,308,1243640658
current-to-best1bin,SMCO_EVO,Ackley,50,19,-0.3647131692355221,6.745031505823135,308,1243640658
current-to-best1bin,SMCO_BR,Ackley,50,19,-0.07905170623689317,6.7722487058490515,83,1243640658
current-to-best1bin,SMCO_BR_EVO,Ackley,50,19,-0.0761741778534284,6.875178536400199,158,1243640658
current-to-best1bin,GA,Ackley,50,19,-6.787359268830016,0.988275395706296,300,1243640658
current-to-best1bin,SA,Ackley,50,17,-19.215930230362336,18.668146716430783,300,1638370930
current-to-best1bin,SPSA,Rosenbrock,50,0,-4659352.241517704,0.0916263498365879,1617,1119737176
current-to-best1bin,SignGD,Rosenbrock,50,0,-152.5289007708275,1.3592579364776611,1307,1119737176
current-to-best1bin,DEoptim,Ackley,50,15,-0.05724095576549404,31.509241860359907,300,1339219110
current-to-best1bin,optimNM,Rosenbrock,50,0,-3567693.9123782804,0.28333370946347713,2400,1119737176
current-to-best1bin,optimLBFGS,Rosenbrock,50,0,-9.327683575671595e-08,2.600258093327284,1018,1119737176
current-to-best1bin,DEoptim,Ackley,50,14,-0.049595570546860035,38.22338921390474,300,1658406150
current-to-best1bin,SMCO,Rosenbrock,50,0,-9.822498791697324,4.551617041230202,308,1119737176
current-to-best1bin,BOBYQA,Ackley,50,18,-19.447008725935277,16.47119367495179,2400,1453271538
current-to-best1bin,SMCO_R,Rosenbrock,50,0,-1.8112929157049855,4.574335383251309,158,1119737176
current-to-best1bin,SMCO_BR,Rosenbrock,50,0,-53.83117204342615,4.5898030530661345,83,1119737176
current-to-best1bin,SMCO_EVO,Rosenbrock,50,0,-10.378736389996691,4.591913660988212,308,1119737176
current-to-best1bin,SMCO_R_EVO,Rosenbrock,50,0,-70.7444370949024,4.567503159865737,308,1119737176
current-to-best1bin,PSO,Rosenbrock,50,0,-223633.67659396565,0.26517261378467083,300,1119737176
current-to-best1bin,SMCO_BR_EVO,Rosenbrock,50,0,-38.17076083471209,4.709555923938751,158,1119737176
current-to-best1bin,GD,Rosenbrock,50,0,-163.78373377184747,4.875893600285053,4800,1119737176
current-to-best1bin,GA,Rosenbrock,50,0,-1085.775490607633,0.8244423512369394,300,1119737176
current-to-best1bin,ADAM,Rosenbrock,50,0,-1015071.4274612005,5.018950652331114,4800,1119737176
current-to-best1bin,GenSA,Rosenbrock,50,0,-1.7808977955755517e-05,3.465489234775305,300,1119737176
current-to-best1bin,SPSA,Rosenbrock,50,1,-5579629.43993925,0.1451220102608204,2569,2121000757
current-to-best1bin,SignGD,Rosenbrock,50,1,-278.04140615654586,1.336280133575201,1307,2121000757
current-to-best1bin,DEoptim,Ackley,50,16,-0.11097517762662124,30.563959004357457,300,1428844295
current-to-best1bin,optimNM,Rosenbrock,50,1,-4157306.289260071,0.28022779524326324,2400,2121000757
current-to-best1bin,SA,Ackley,50,18,-19.48040472664265,18.495937699452043,300,1453271538
current-to-best1bin,SMCO,Rosenbrock,50,1,-12.712571263253922,4.565054535865784,308,2121000757
current-to-best1bin,SMCO_R,Rosenbrock,50,1,-1.3372987575985453,4.543276596814394,158,2121000757
current-to-best1bin,SMCO_EVO,Rosenbrock,50,1,-9.17488258377161,4.529239643365145,308,2121000757
current-to-best1bin,SMCO_BR,Rosenbrock,50,1,-36.67960605245231,4.615133374929428,83,2121000757
current-to-best1bin,optimLBFGS,Rosenbrock,50,1,-2.0221167240669013e-08,2.7255026679486036,1030,2121000757
current-to-best1bin,SMCO_R_EVO,Rosenbrock,50,1,-27.76064096088583,4.704253155738115,308,2121000757
current-to-best1bin,PSO,Rosenbrock,50,1,-221082.9261864129,0.2607419192790985,300,2121000757
current-to-best1bin,SMCO_BR_EVO,Rosenbrock,50,1,-35.73009018267091,4.712196316570044,158,2121000757
current-to-best1bin,GA,Rosenbrock,50,1,-859.4475052166903,0.8230648785829544,300,2121000757
current-to-best1bin,GD,Rosenbrock,50,1,-326.05988260887426,4.858898913487792,4800,2121000757
current-to-best1bin,ADAM,Rosenbrock,50,1,-1301227.9822551725,5.012512732297182,4800,2121000757
current-to-best1bin,GenSA,Rosenbrock,50,1,-3.9866238560176486,3.324157414957881,300,2121000757
current-to-best1bin,SignGD,Rosenbrock,50,2,-208.81771561747536,1.3631339520215988,1307,401074330
current-to-best1bin,SPSA,Rosenbrock,50,2,-4256803.789818891,0.10659795999526978,1874,401074330
current-to-best1bin,BOBYQA,Ackley,50,19,-19.446790647299377,17.81675656698644,2400,1243640658
current-to-best1bin,SMCO,Rosenbrock,50,2,-10.960372465702847,4.567435482516885,308,401074330
current-to-best1bin,SMCO_R,Rosenbrock,50,2,-1.8018628196706885,4.654515475034714,158,401074330
current-to-best1bin,SMCO_EVO,Rosenbrock,50,2,-9.06943560261165,4.5311761405318975,308,401074330
current-to-best1bin,optimNM,Rosenbrock,50,2,-3196212.8056853097,0.27985549345612526,2400,401074330
current-to-best1bin,DEoptim,Ackley,50,17,-0.07256829950324262,30.796272423118353,300,1638370930
current-to-best1bin,SMCO_BR,Rosenbrock,50,2,-24.22125440952613,4.729537323117256,83,401074330
current-to-best1bin,SMCO_R_EVO,Rosenbrock,50,2,-31.99334643107771,4.670290932059288,308,401074330
current-to-best1bin,PSO,Rosenbrock,50,2,-335134.5720814873,0.26954546570777893,300,401074330
current-to-best1bin,SMCO_BR_EVO,Rosenbrock,50,2,-37.63570402585422,4.591049460694194,158,401074330
current-to-best1bin,GD,Rosenbrock,50,2,-215.9580818184138,4.870377594605088,4800,401074330
current-to-best1bin,optimLBFGS,Rosenbrock,50,2,-1.068141747580205e-07,2.9188225381076336,1126,401074330
current-to-best1bin,SA,Ackley,50,19,-19.28566345693457,18.394808473065495,300,1243640658
current-to-best1bin,GA,Rosenbrock,50,2,-914.5422098299254,0.8191285617649555,300,401074330
current-to-best1bin,ADAM,Rosenbrock,50,2,-915043.9246741496,4.977301826700568,4800,401074330
current-to-best1bin,GenSA,Rosenbrock,50,2,-7.461428562785501e-10,3.1817764155566692,300,401074330
current-to-best1bin,SignGD,Rosenbrock,50,3,-260.48609025051417,1.338251294568181,1307,285390872
current-to-best1bin,SPSA,Rosenbrock,50,3,-3501900.007539898,0.10664762556552887,1906,285390872
current-to-best1bin,SMCO,Rosenbrock,50,3,-11.698369114885416,4.64959748275578,308,285390872
current-to-best1bin,SMCO_BR,Rosenbrock,50,3,-22.54058505778624,4.553138541057706,83,285390872
current-to-best1bin,SMCO_R,Rosenbrock,50,3,-33.36692857281464,4.6949028223752975,158,285390872
current-to-best1bin,optimNM,Rosenbrock,50,3,-2779865.17118328,0.2784337028861046,2400,285390872
current-to-best1bin,SMCO_EVO,Rosenbrock,50,3,-9.638028459439496,4.558067090809345,308,285390872
current-to-best1bin,SMCO_R_EVO,Rosenbrock,50,3,-32.78433879929072,4.649110060185194,308,285390872
current-to-best1bin,SMCO_BR_EVO,Rosenbrock,50,3,-93.19032239399058,4.706158382818103,158,285390872
current-to-best1bin,GD,Rosenbrock,50,3,-341.18861306030465,4.852165851742029,4800,285390872
current-to-best1bin,PSO,Rosenbrock,50,3,-169717.03220424216,0.2541353553533554,300,285390872
current-to-best1bin,GA,Rosenbrock,50,3,-1064.5214622607957,0.8343787491321564,300,285390872
current-to-best1bin,optimLBFGS,Rosenbrock,50,3,-1.1736438916169004e-07,3.485753484070301,1398,285390872
current-to-best1bin,DEoptim,Ackley,50,18,-0.09010252889669035,31.456476168707013,300,1453271538
current-to-best1bin,ADAM,Rosenbrock,50,3,-649419.494355325,5.029295900836587,4800,285390872
current-to-best1bin,GenSA,Rosenbrock,50,3,-3.5958886453173973e-10,3.3800868187099695,300,285390872
current-to-best1bin,SMCO,Rosenbrock,50,4,-10.108211853694522,4.506519252434373,308,1597020703
current-to-best1bin,SMCO_R,Rosenbrock,50,4,-1.4562379092275706,4.6235078275203705,158,1597020703
current-to-best1bin,BOBYQA,Rosenbrock,50,0,-102328.22164507901,22.81756147183478,2400,1119737176
current-to-best1bin,SPSA,Rosenbrock,50,4,-4618497.84169102,0.1341098677366972,2334,1597020703
current-to-best1bin,SMCO_BR,Rosenbrock,50,4,-9.428288970941116,4.673664892092347,83,1597020703
current-to-best1bin,SMCO_EVO,Rosenbrock,50,4,-9.9028302564038,4.565731756389141,308,1597020703
current-to-best1bin,SignGD,Rosenbrock,50,4,-79.42992214091208,1.331191150471568,1307,1597020703
current-to-best1bin,optimNM,Rosenbrock,50,4,-3709457.7561720493,0.27800814248621464,2400,1597020703
current-to-best1bin,SMCO_R_EVO,Rosenbrock,50,4,-28.461708497559048,4.677564756944776,308,1597020703
current-to-best1bin,SMCO_BR_EVO,Rosenbrock,50,4,-36.960087111001904,4.739852111786604,158,1597020703
current-to-best1bin,optimLBFGS,Rosenbrock,50,4,-9.79480693626179e-08,2.6160640753805637,1001,1597020703
current-to-best1bin,PSO,Rosenbrock,50,4,-167328.73038057858,0.26389031670987606,300,1597020703
current-to-best1bin,GD,Rosenbrock,50,4,-116.00260164369166,5.042023088783026,4800,1597020703
current-to-best1bin,GA,Rosenbrock,50,4,-852.8403073675054,0.8458710536360741,300,1597020703
current-to-best1bin,BOBYQA,Rosenbrock,50,1,-101812.93605543055,22.311867892742157,2400,2121000757
current-to-best1bin,GenSA,Rosenbrock,50,4,-5.297385396767981,3.3854002077132463,300,1597020703
current-to-best1bin,ADAM,Rosenbrock,50,4,-974855.7385843653,5.007638478651643,4800,1597020703
current-to-best1bin,DEoptim,Ackley,50,19,-0.05687858655297662,31.488983910530806,300,1243640658
current-to-best1bin,SMCO,Rosenbrock,50,5,-12.132515057802436,4.624649442732334,308,1986140176
current-to-best1bin,SMCO_R,Rosenbrock,50,5,-1.3702548701135653,4.721708612516522,158,1986140176
current-to-best1bin,SMCO_BR,Rosenbrock,50,5,-29.58055738374257,4.695684364065528,83,1986140176
current-to-best1bin,SPSA,Rosenbrock,50,5,-3660899.675982913,0.14361420646309853,2496,1986140176
current-to-best1bin,SMCO_EVO,Rosenbrock,50,5,-10.704262314023577,4.553062207996845,308,1986140176
current-to-best1bin,SignGD,Rosenbrock,50,5,-209.011298532465,1.3672466576099396,1307,1986140176
current-to-best1bin,SMCO_R_EVO,Rosenbrock,50,5,-19.477948874237228,4.553939379751682,308,1986140176
current-to-best1bin,optimNM,Rosenbrock,50,5,-2828470.6440354586,0.2848328426480293,2400,1986140176
current-to-best1bin,BOBYQA,Rosenbrock,50,2,-72226.01995480199,22.008869463577867,2400,401074330
current-to-best1bin,SMCO_BR_EVO,Rosenbrock,50,5,-38.90707365885167,4.727067099884152,158,1986140176
current-to-best1bin,optimLBFGS,Rosenbrock,50,5,-9.945840305313531e-08,2.3886879198253155,927,1986140176
current-to-best1bin,GA,Rosenbrock,50,5,-845.4463622740727,0.8412657603621483,300,1986140176
current-to-best1bin,PSO,Rosenbrock,50,5,-58415.432654883414,0.2644085679203272,300,1986140176
current-to-best1bin,DEoptim,Rosenbrock,50,1,-47.8029794004619,26.56034840643406,300,2121000757
current-to-best1bin,GD,Rosenbrock,50,5,-376.0820936913337,4.98950207605958,4800,1986140176
current-to-best1bin,GenSA,Rosenbrock,50,5,-4.5258728788506193e-10,3.2372891530394554,300,1986140176
current-to-best1bin,DEoptim,Rosenbrock,50,0,-47.16261428082307,33.24413836747408,300,1119737176
current-to-best1bin,ADAM,Rosenbrock,50,5,-786743.951687313,5.1381253227591515,4800,1986140176
current-to-best1bin,SMCO,Rosenbrock,50,6,-9.603540155577786,4.626302791759372,308,1315031634
current-to-best1bin,SMCO_R,Rosenbrock,50,6,-1.845778042106588,4.675878584384918,158,1315031634
current-to-best1bin,SMCO_BR,Rosenbrock,50,6,-79.33001243099316,4.608873089775443,83,1315031634
current-to-best1bin,SPSA,Rosenbrock,50,6,-4277289.340648412,0.15147877670824528,2736,1315031634
current-to-best1bin,SMCO_EVO,Rosenbrock,50,6,-7.695005844841827,4.66923313960433,308,1315031634
current-to-best1bin,SA,Rosenbrock,50,0,-1.0122691021284084e-10,37.33666978403926,300,1119737176
current-to-best1bin,optimNM,Rosenbrock,50,6,-3223085.3277913923,0.28296867571771145,2400,1315031634
current-to-best1bin,SignGD,Rosenbrock,50,6,-161.07887894079772,1.359720192849636,1307,1315031634
current-to-best1bin,BOBYQA,Rosenbrock,50,3,-36805.50933089272,22.426437009125948,2400,285390872
current-to-best1bin,SMCO_R_EVO,Rosenbrock,50,6,-32.37779852332558,4.569371243938804,308,1315031634
current-to-best1bin,DEoptim,Rosenbrock,50,2,-47.02165177609391,27.452587820589542,300,401074330
current-to-best1bin,PSO,Rosenbrock,50,6,-390182.64623630245,0.26175192557275295,300,1315031634
current-to-best1bin,GA,Rosenbrock,50,6,-1015.9906599798867,0.8204283956438303,300,1315031634
current-to-best1bin,GD,Rosenbrock,50,6,-126.05546706192372,5.05734116025269,4800,1315031634
current-to-best1bin,optimLBFGS,Rosenbrock,50,6,-4.710236641689165e-08,2.6282216049730778,1064,1315031634
current-to-best1bin,SMCO_BR_EVO,Rosenbrock,50,6,-41.69207080742402,6.4811283107846975,158,1315031634
current-to-best1bin,GenSA,Rosenbrock,50,6,-2.9380376611827663,3.471334934234619,300,1315031634
current-to-best1bin,ADAM,Rosenbrock,50,6,-957747.4360418707,5.058564288541675,4800,1315031634
current-to-best1bin,SA,Rosenbrock,50,1,-1.2486377185197908e-10,37.19066717289388,300,2121000757
current-to-best1bin,SMCO,Rosenbrock,50,7,-11.577835624854893,4.5605419017374516,308,177930642
current-to-best1bin,DEoptim,Rosenbrock,50,3,-102.17955416658963,27.100623343139887,300,285390872
current-to-best1bin,SignGD,Rosenbrock,50,7,-140.89669963182973,1.367798037827015,1307,177930642
current-to-best1bin,SPSA,Rosenbrock,50,7,-4970944.27448472,0.09440473094582558,1681,177930642
current-to-best1bin,SMCO_R,Rosenbrock,50,7,-1.9225254569808015,4.565166790038347,158,177930642
current-to-best1bin,optimNM,Rosenbrock,50,7,-3778589.513953077,0.2829222436994314,2400,177930642
current-to-best1bin,SMCO_BR,Rosenbrock,50,7,-36.50432504361772,4.731457659974694,83,177930642
current-to-best1bin,BOBYQA,Rosenbrock,50,4,-67587.10205174753,22.549668479710817,2400,1597020703
current-to-best1bin,SMCO_EVO,Rosenbrock,50,7,-32.27722206915307,4.571664994582534,308,177930642
current-to-best1bin,GA,Rosenbrock,50,7,-887.2607096925376,0.8213403150439262,300,177930642
current-to-best1bin,PSO,Rosenbrock,50,7,-223434.4293042517,0.2585436701774597,300,177930642
current-to-best1bin,optimLBFGS,Rosenbrock,50,7,-1.0223287438542279e-07,2.6325459238141775,1044,177930642
current-to-best1bin,SMCO_BR_EVO,Rosenbrock,50,7,-40.40330467845468,4.730131819844246,158,177930642
current-to-best1bin,SA,Rosenbrock,50,2,-6.90022559949578e-11,35.488522194325924,300,401074330
current-to-best1bin,GD,Rosenbrock,50,7,-220.65882090169293,4.98742595128715,4800,177930642
current-to-best1bin,SMCO_R_EVO,Rosenbrock,50,7,-22.20711342842509,6.419863764196634,308,177930642
current-to-best1bin,GenSA,Rosenbrock,50,7,-0.004687472836214141,3.3991607800126076,300,177930642
current-to-best1bin,ADAM,Rosenbrock,50,7,-1135237.1131245466,4.979677779600024,4800,177930642
current-to-best1bin,SignGD,Rosenbrock,50,8,-506.80564959710506,1.3471876811236143,1307,1805203638
current-to-best1bin,SMCO,Rosenbrock,50,8,-11.320846655527186,4.5658918004482985,308,1805203638
current-to-best1bin,SPSA,Rosenbrock,50,8,-3953748.483559886,0.17597934417426586,3191,1805203638
current-to-best1bin,DEoptim,Rosenbrock,50,4,-50.72460777980549,27.659903286024928,300,1597020703
current-to-best1bin,SMCO_R,Rosenbrock,50,8,-1.4627014186462057,4.6411438919603825,158,1805203638
current-to-best1bin,SMCO_BR,Rosenbrock,50,8,-8.910426549893426,4.675274113193154,83,1805203638
current-to-best1bin,optimNM,Rosenbrock,50,8,-2949734.7820336395,0.2855942063033581,2400,1805203638
current-to-best1bin,SMCO_EVO,Rosenbrock,50,8,-8.686112259070837,4.566447956487536,308,1805203638
current-to-best1bin,SMCO_R_EVO,Rosenbrock,50,8,-10.684381898337959,4.671955613419414,308,1805203638
current-to-best1bin,GD,Rosenbrock,50,8,-390.8747522551141,4.867829151451588,4800,1805203638
current-to-best1bin,BOBYQA,Rosenbrock,50,5,-87847.19874403454,22.008380379527807,2400,1986140176
current-to-best1bin,GA,Rosenbrock,50,8,-843.4191283980127,0.8388934638351202,300,1805203638
current-to-best1bin,SA,Rosenbrock,50,3,-7.986184095616282e-11,36.169388350099325,300,285390872
current-to-best1bin,PSO,Rosenbrock,50,8,-279549.70956072124,0.2610055226832628,300,1805203638
current-to-best1bin,optimLBFGS,Rosenbrock,50,8,-7.536232927418323e-08,2.515073975548148,1006,1805203638
current-to-best1bin,SMCO_BR_EVO,Rosenbrock,50,8,-28.323819612752107,6.492090763524175,158,1805203638
current-to-best1bin,GenSA,Rosenbrock,50,8,-1.5922149866875303e-09,3.1870907843112946,300,1805203638
current-to-best1bin,ADAM,Rosenbrock,50,8,-886907.1608957696,4.964369669556618,4800,1805203638
current-to-best1bin,SignGD,Rosenbrock,50,9,-236.83314586865652,1.3537166435271502,1307,1076661710
current-to-best1bin,SMCO,Rosenbrock,50,9,-10.663181396560375,4.54838958196342,308,1076661710
current-to-best1bin,SMCO_BR,Rosenbrock,50,9,-1.6859718393559073,4.611877243965864,83,1076661710
current-to-best1bin,SMCO_R,Rosenbrock,50,9,-1.4577860331404258,4.659196408465505,158,1076661710
current-to-best1bin,SPSA,Rosenbrock,50,9,-3330559.5622471375,0.15434208884835243,2744,1076661710
current-to-best1bin,SMCO_EVO,Rosenbrock,50,9,-9.927253428168703,4.559321815147996,308,1076661710
current-to-best1bin,optimNM,Rosenbrock,50,9,-2438596.068870543,0.28121226467192173,2400,1076661710
current-to-best1bin,SMCO_R_EVO,Rosenbrock,50,9,-33.84751895598439,4.594748241826892,308,1076661710
current-to-best1bin,DEoptim,Rosenbrock,50,5,-110.72658456469189,26.879206281155348,300,1986140176
current-to-best1bin,SA,Rosenbrock,50,4,-7.309418511215496e-11,35.75415681861341,300,1597020703
current-to-best1bin,PSO,Rosenbrock,50,9,-393650.9957790159,0.2545990403741598,300,1076661710
current-to-best1bin,GA,Rosenbrock,50,9,-862.997056646431,0.8251795750111341,300,1076661710
current-to-best1bin,GD,Rosenbrock,50,9,-230.8294378418043,4.94855759292841,4800,1076661710
current-to-best1bin,optimLBFGS,Rosenbrock,50,9,-5.751714529896334e-08,2.207335425540805,883,1076661710
current-to-best1bin,BOBYQA,Rosenbrock,50,6,-89510.2726882666,22.722950940951705,2400,1315031634
current-to-best1bin,SMCO_BR_EVO,Rosenbrock,50,9,-93.4149525076657,6.4803490322083235,158,1076661710
current-to-best1bin,GenSA,Rosenbrock,50,9,-0.750143712079739,3.4056846611201763,300,1076661710
current-to-best1bin,ADAM,Rosenbrock,50,9,-691016.1256708857,4.960121126845479,4800,1076661710
current-to-best1bin,SignGD,Rosenbrock,50,10,-239.5610610070801,1.3485183212906122,1307,1619532864
current-to-best1bin,SMCO,Rosenbrock,50,10,-10.313522872530243,4.541656671091914,308,1619532864
current-to-best1bin,SMCO_R,Rosenbrock,50,10,-1.7922781892885904,4.574820978567004,158,1619532864
current-to-best1bin,SPSA,Rosenbrock,50,10,-5044856.33628965,0.12347802892327309,2203,1619532864
current-to-best1bin,SMCO_BR,Rosenbrock,50,10,-1.7694382882145296,4.66986745595932,83,1619532864
current-to-best1bin,SMCO_EVO,Rosenbrock,50,10,-8.258802005032539,4.578370684757829,308,1619532864
current-to-best1bin,optimNM,Rosenbrock,50,10,-3687540.4160096226,0.2874825093895197,2400,1619532864
current-to-best1bin,SMCO_R_EVO,Rosenbrock,50,10,-24.888467598104796,4.658088814467192,308,1619532864
current-to-best1bin,GD,Rosenbrock,50,10,-316.80021948209605,4.885210124775767,4800,1619532864
current-to-best1bin,DEoptim,Rosenbrock,50,6,-50.39159814842643,27.391098003834486,300,1315031634
current-to-best1bin,optimLBFGS,Rosenbrock,50,10,-1.643242107951188e-07,2.344923160970211,939,1619532864
current-to-best1bin,BOBYQA,Rosenbrock,50,7,-115352.60084382318,22.34280855767429,2400,177930642
current-to-best1bin,PSO,Rosenbrock,50,10,-316241.63122707634,0.26619083248078823,300,1619532864
current-to-best1bin,GA,Rosenbrock,50,10,-887.4430037253899,0.8233460709452629,300,1619532864
current-to-best1bin,SMCO_BR_EVO,Rosenbrock,50,10,-37.57608444167062,6.5087519362568855,158,1619532864
current-to-best1bin,ADAM,Rosenbrock,50,10,-1213887.9951374014,4.970942232757807,4800,1619532864
current-to-best1bin,GenSA,Rosenbrock,50,10,-1.1354280096001355,3.4291919004172087,300,1619532864
current-to-best1bin,SA,Rosenbrock,50,5,-1.081802316826128e-10,37.274523524567485,300,1986140176
current-to-best1bin,SignGD,Rosenbrock,50,11,-74.90768600420638,1.3512431606650352,1307,957333877
current-to-best1bin,SMCO,Rosenbrock,50,11,-11.7346156470359,4.540100559592247,308,957333877
current-to-best1bin,SPSA,Rosenbrock,50,11,-3910561.0886321287,0.14685765095055103,2626,957333877
current-to-best1bin,SMCO_R,Rosenbrock,50,11,-1.3856433450767174,4.588913027197123,158,957333877
current-to-best1bin,SMCO_BR,Rosenbrock,50,11,-43.210125371503345,4.705469520762563,83,957333877
current-to-best1bin,SMCO_EVO,Rosenbrock,50,11,-9.637814069891022,4.573767814785242,308,957333877
current-to-best1bin,optimNM,Rosenbrock,50,11,-2854252.8293001307,0.28651231341063976,2400,957333877
current-to-best1bin,DEoptim,Rosenbrock,50,7,-47.812329672530105,27.087219635024667,300,177930642
current-to-best1bin,SMCO_BR_EVO,Rosenbrock,50,11,-38.01320127510273,4.651656987145543,158,957333877
current-to-best1bin,GD,Rosenbrock,50,11,-181.25254020574715,4.977433079853654,4800,957333877
current-to-best1bin,PSO,Rosenbrock,50,11,-280247.5315472393,0.26422515884041786,300,957333877
current-to-best1bin,GA,Rosenbrock,50,11,-590.6960040876188,0.8282360434532166,300,957333877
current-to-best1bin,optimLBFGS,Rosenbrock,50,11,-1.912153876313944e-07,2.6480258721858263,1059,957333877
current-to-best1bin,SMCO_R_EVO,Rosenbrock,50,11,-34.09827252035571,6.420582890510559,308,957333877
current-to-best1bin,BOBYQA,Rosenbrock,50,8,-25477.712304406585,22.556203428655863,2400,1805203638
current-to-best1bin,GenSA,Rosenbrock,50,11,-4.757766819356425,3.396437156945467,300,957333877
current-to-best1bin,ADAM,Rosenbrock,50,11,-890344.1521406445,4.954660030081868,4800,957333877
current-to-best1bin,SA,Rosenbrock,50,6,-1.0514748753128253e-10,36.78271412104368,300,1315031634
current-to-best1bin,SignGD,Rosenbrock,50,12,-99.0089649195926,1.3596495855599642,1307,2006086311
current-to-best1bin,SMCO,Rosenbrock,50,12,-9.551619708350966,4.639129096642137,308,2006086311
current-to-best1bin,SMCO_R,Rosenbrock,50,12,-2.1765963087618,4.554376196116209,158,2006086311
current-to-best1bin,SPSA,Rosenbrock,50,12,-3586879.658270939,0.1627361811697483,2852,2006086311
current-to-best1bin,SMCO_BR,Rosenbrock,50,12,-80.53066965861625,4.598656423389912,83,2006086311
current-to-best1bin,DEoptim,Rosenbrock,50,8,-106.28346929434738,26.692970488220453,300,1805203638
current-to-best1bin,SMCO_R_EVO,Rosenbrock,50,12,-27.97063771130408,4.658488072454929,308,2006086311
current-to-best1bin,optimNM,Rosenbrock,50,12,-2600249.3303913665,0.2764026243239641,2400,2006086311
current-to-best1bin,SMCO_BR_EVO,Rosenbrock,50,12,-85.27176184897401,4.62109480984509,158,2006086311
current-to-best1bin,GD,Rosenbrock,50,12,-268.5439494829072,4.940935373306274,4800,2006086311
current-to-best1bin,SMCO_EVO,Rosenbrock,50,12,-25.581819469853745,6.3593300096690655,308,2006086311
current-to-best1bin,PSO,Rosenbrock,50,12,-535097.7564248379,0.26229394413530827,300,2006086311
current-to-best1bin,BOBYQA,Rosenbrock,50,9,-83318.33324433131,22.572058275341988,2400,1076661710
current-to-best1bin,GA,Rosenbrock,50,12,-809.9894095216287,0.8213056325912476,300,2006086311
current-to-best1bin,optimLBFGS,Rosenbrock,50,12,-1.336801665393838e-07,2.7309536952525377,1096,2006086311
current-to-best1bin,GenSA,Rosenbrock,50,12,-3.9866238578768227,3.2632449753582478,300,2006086311
current-to-best1bin,ADAM,Rosenbrock,50,12,-793703.0689697395,5.033609939739108,4800,2006086311
current-to-best1bin,SA,Rosenbrock,50,7,-9.300191161687652e-11,37.14488642476499,300,177930642
current-to-best1bin,SignGD,Rosenbrock,50,13,-239.55093673929198,1.387137083336711,1307,440383467
current-to-best1bin,SMCO_EVO,Rosenbrock,50,13,-9.970365273825703,4.5351868867874146,308,440383467
current-to-best1bin,SMCO_R,Rosenbrock,50,13,-69.4691890757552,4.675104103982449,158,440383467
current-to-best1bin,SPSA,Rosenbrock,50,13,-4108774.5618210644,0.12843232043087482,2295,440383467
current-to-best1bin,SMCO_BR,Rosenbrock,50,13,-73.66177017564941,4.723788378760219,83,440383467
current-to-best1bin,SMCO_R_EVO,Rosenbrock,50,13,-72.33141853113683,4.576104870066047,308,440383467
current-to-best1bin,optimNM,Rosenbrock,50,13,-3429185.878570285,0.2853027433156967,2400,440383467
current-to-best1bin,DEoptim,Rosenbrock,50,9,-48.44900587460492,27.39610662870109,300,1076661710
current-to-best1bin,SMCO_BR_EVO,Rosenbrock,50,13,-91.36192647088936,4.5963692013174295,158,440383467
current-to-best1bin,BOBYQA,Rosenbrock,50,10,-84684.64566335003,22.224413089454174,2400,1619532864
current-to-best1bin,SMCO,Rosenbrock,50,13,-10.975903633798247,6.33304775506258,308,440383467
current-to-best1bin,PSO,Rosenbrock,50,13,-225331.0169827254,0.2590397223830223,300,440383467
current-to-best1bin,GD,Rosenbrock,50,13,-339.0360280278348,5.000846346840262,4800,440383467
current-to-best1bin,GA,Rosenbrock,50,13,-872.230227850562,0.8272044286131859,300,440383467
current-to-best1bin,optimLBFGS,Rosenbrock,50,13,-1.0120064276334455e-07,2.6960948947817087,1043,440383467
current-to-best1bin,ADAM,Rosenbrock,50,13,-932866.297649238,5.129068264737725,4800,440383467
current-to-best1bin,SA,Rosenbrock,50,8,-1.0564084467614558e-10,36.944666396826506,300,1805203638
current-to-best1bin,GenSA,Rosenbrock,50,13,-0.05912991712953125,3.405500181019306,300,440383467
current-to-best1bin,SignGD,Rosenbrock,50,14,-145.04328847480232,1.337765358388424,1307,1125102255
current-to-best1bin,SMCO_R,Rosenbrock,50,14,-1.4083921965996464,4.541152011603117,158,1125102255
current-to-best1bin,SPSA,Rosenbrock,50,14,-3980690.6247753147,0.10233382508158684,1824,1125102255
current-to-best1bin,SMCO_BR,Rosenbrock,50,14,-24.65914722675975,4.706723680719733,83,1125102255
current-to-best1bin,SMCO_EVO,Rosenbrock,50,14,-8.773436602108815,4.528521174564958,308,1125102255
current-to-best1bin,optimNM,Rosenbrock,50,14,-3056198.1881148824,0.27541380375623703,2400,1125102255
current-to-best1bin,SMCO_R_EVO,Rosenbrock,50,14,-26.768313529145015,4.6820672284811735,308,1125102255
current-to-best1bin,SMCO,Rosenbrock,50,14,-14.06481466824475,6.3321354649960995,308,1125102255
current-to-best1bin,BOBYQA,Rosenbrock,50,11,-52776.436170709225,21.895000709220767,2400,957333877
current-to-best1bin,SMCO_BR_EVO,Rosenbrock,50,14,-27.52970332888171,4.793331122025847,158,1125102255
current-to-best1bin,PSO,Rosenbrock,50,14,-395302.6786306846,0.269184697419405,300,1125102255
current-to-best1bin,GD,Rosenbrock,50,14,-332.75916173868734,5.018017465248704,4800,1125102255
current-to-best1bin,optimLBFGS,Rosenbrock,50,14,-7.487011839589702e-08,2.4813746735453606,999,1125102255
current-to-best1bin,GA,Rosenbrock,50,14,-909.437145992505,0.8182052653282881,300,1125102255
current-to-best1bin,DEoptim,Rosenbrock,50,10,-52.031865952604846,28.423259334638715,300,1619532864
current-to-best1bin,SA,Rosenbrock,50,9,-1.3266288517013672e-10,36.05966489948332,300,1076661710
current-to-best1bin,ADAM,Rosenbrock,50,14,-927670.0023459515,4.9359646793454885,4800,1125102255
current-to-best1bin,GenSA,Rosenbrock,50,14,-1.0552562021347488e-09,3.111201109364629,300,1125102255
current-to-best1bin,SignGD,Rosenbrock,50,15,-211.5841216408746,1.3328916933387518,1307,191089557
current-to-best1bin,SMCO,Rosenbrock,50,15,-11.91060763994899,4.674803020432591,308,191089557
current-to-best1bin,SMCO_R,Rosenbrock,50,15,-1.5634197075673466,4.64576068893075,158,191089557
current-to-best1bin,SMCO_BR,Rosenbrock,50,15,-83.11936859112309,4.573711125180125,83,191089557
current-to-best1bin,SMCO_EVO,Rosenbrock,50,15,-12.146838980552156,4.551522221416235,308,191089557
current-to-best1bin,SPSA,Rosenbrock,50,15,-4213897.033553856,0.20937189273536205,3638,191089557
current-to-best1bin,SMCO_R_EVO,Rosenbrock,50,15,-73.28102913738982,4.647702597081661,308,191089557
current-to-best1bin,optimNM,Rosenbrock,50,15,-3284291.1948458413,0.27736891992390156,2400,191089557
current-to-best1bin,SMCO_BR_EVO,Rosenbrock,50,15,-94.60145861052943,4.615361802279949,158,191089557
current-to-best1bin,GA,Rosenbrock,50,15,-891.2082007345739,0.8287287428975105,300,191089557
current-to-best1bin,DEoptim,Rosenbrock,50,11,-109.71331825163504,27.37301937304437,300,957333877
current-to-best1bin,PSO,Rosenbrock,50,15,-167202.67997842014,0.2612280026078224,300,191089557
current-to-best1bin,GD,Rosenbrock,50,15,-514.7342799492314,4.882907314226031,4800,191089557
current-to-best1bin,BOBYQA,Rosenbrock,50,12,-71106.5600549244,21.979334780946374,2400,2006086311
current-to-best1bin,optimLBFGS,Rosenbrock,50,15,-1.3806119428467057e-07,2.3103065993636847,905,191089557
current-to-best1bin,SA,Rosenbrock,50,10,-8.776530472803999e-11,36.52281691133976,300,1619532864
current-to-best1bin,ADAM,Rosenbrock,50,15,-916437.5655698878,4.932628808543086,4800,191089557
current-to-best1bin,GenSA,Rosenbrock,50,15,-1.9587171019262827e-09,3.4271862488240004,300,191089557
current-to-best1bin,SignGD,Rosenbrock,50,16,-152.9745288770786,1.3850781116634607,1307,944059549
current-to-best1bin,SMCO,Rosenbrock,50,16,-9.809947743672335,4.646128548309207,308,944059549
current-to-best1bin,SMCO_R,Rosenbrock,50,16,-34.12575153821795,4.556130664423108,158,944059549
current-to-best1bin,SMCO_BR,Rosenbrock,50,16,-10.473598155060266,4.58461744710803,83,944059549
current-to-best1bin,SPSA,Rosenbrock,50,16,-2743465.375116137,0.15246502496302128,2668,944059549
current-to-best1bin,SMCO_EVO,Rosenbrock,50,16,-15.56290580343517,4.529646685346961,308,944059549
current-to-best1bin,optimNM,Rosenbrock,50,16,-2034970.2350428817,0.28885548934340477,2400,944059549
current-to-best1bin,SMCO_R_EVO,Rosenbrock,50,16,-24.15857967797042,4.680433068424463,308,944059549
current-to-best1bin,DEoptim,Rosenbrock,50,12,-53.732303720293125,27.165304496884346,300,2006086311
current-to-best1bin,SMCO_BR_EVO,Rosenbrock,50,16,-86.90894807981358,4.725867560133338,158,944059549
current-to-best1bin,GD,Rosenbrock,50,16,-401.43105386496813,4.8639434818178415,4800,944059549
current-to-best1bin,PSO,Rosenbrock,50,16,-56865.03434202995,0.26428552344441414,300,944059549
current-to-best1bin,GA,Rosenbrock,50,16,-786.1580673953888,0.8199837990105152,300,944059549
current-to-best1bin,optimLBFGS,Rosenbrock,50,16,-6.436654018481185e-08,2.670244077220559,1064,944059549
current-to-best1bin,BOBYQA,Rosenbrock,50,13,-76070.28119445851,22.082335023209453,2400,440383467
current-to-best1bin,GenSA,Rosenbrock,50,16,-6.010954758895367e-10,3.122758161276579,300,944059549
current-to-best1bin,ADAM,Rosenbrock,50,16,-522421.6489576952,5.115781245753169,4800,944059549
current-to-best1bin,SA,Rosenbrock,50,11,-8.326579801326417e-11,36.82584184035659,300,957333877
current-to-best1bin,SignGD,Rosenbrock,50,17,-79.49522000129515,1.368427598848939,1307,292178471
current-to-best1bin,SMCO,Rosenbrock,50,17,-10.947214471317157,4.506311297416687,308,292178471
current-to-best1bin,SPSA,Rosenbrock,50,17,-5622394.022237147,0.15244590491056442,2746,292178471
current-to-best1bin,SMCO_R,Rosenbrock,50,17,-9.15810108600588,4.648572277277708,158,292178471
current-to-best1bin,SMCO_BR,Rosenbrock,50,17,-35.38083551020744,4.557684687897563,83,292178471
current-to-best1bin,optimNM,Rosenbrock,50,17,-4385345.161266614,0.2774628922343254,2400,292178471
current-to-best1bin,SMCO_EVO,Rosenbrock,50,17,-11.411075241742415,4.5521489828825,308,292178471
current-to-best1bin,SMCO_R_EVO,Rosenbrock,50,17,-31.579160069328506,4.550819735974073,308,292178471
current-to-best1bin,SMCO_BR_EVO,Rosenbrock,50,17,-18.038791370142324,4.616388015449047,158,292178471
current-to-best1bin,DEoptim,Rosenbrock,50,13,-48.3745166136279,26.87442133203149,300,440383467
current-to-best1bin,PSO,Rosenbrock,50,17,-203831.36986607546,0.2568711079657078,300,292178471
current-to-best1bin,optimLBFGS,Rosenbrock,50,17,-8.852539019770385e-08,1.877392627298832,769,292178471
current-to-best1bin,GA,Rosenbrock,50,17,-732.238503540855,0.8229003250598907,300,292178471
current-to-best1bin,GD,Rosenbrock,50,17,-371.0008260097565,5.045606791973114,4800,292178471
current-to-best1bin,BOBYQA,Rosenbrock,50,14,-79178.07487653136,22.797202222049236,2400,1125102255
current-to-best1bin,GenSA,Rosenbrock,50,17,-0.018515984604154538,3.4091062247753143,300,292178471
current-to-best1bin,ADAM,Rosenbrock,50,17,-1357829.0951695645,5.079324580729008,4800,292178471
current-to-best1bin,SA,Rosenbrock,50,12,-1.0829847690791785e-10,36.74066938459873,300,2006086311
current-to-best1bin,SignGD,Rosenbrock,50,18,-148.17191804684134,1.3678289204835892,1307,1365370332
current-to-best1bin,SMCO_R,Rosenbrock,50,18,-34.86852209561609,4.518243903294206,158,1365370332
current-to-best1bin,SMCO,Rosenbrock,50,18,-12.777498446004527,4.524588976055384,308,1365370332
current-to-best1bin,SPSA,Rosenbrock,50,18,-2959090.1345443204,0.23109656386077404,4206,1365370332
current-to-best1bin,SMCO_BR,Rosenbrock,50,18,-26.067333767554985,4.572021095082164,83,1365370332
current-to-best1bin,optimNM,Rosenbrock,50,18,-2133693.6421672567,0.27746852673590183,2400,1365370332
current-to-best1bin,SMCO_EVO,Rosenbrock,50,18,-9.880611859871436,4.705276606604457,308,1365370332
current-to-best1bin,SMCO_R_EVO,Rosenbrock,50,18,-20.74958475225052,4.673134805634618,308,1365370332
current-to-best1bin,SMCO_BR_EVO,Rosenbrock,50,18,-42.84970762390091,4.615039153024554,158,1365370332
current-to-best1bin,GD,Rosenbrock,50,18,-390.5040618543753,5.004240287467837,4800,1365370332
current-to-best1bin,BOBYQA,Rosenbrock,50,15,-80971.23276315528,21.797508005052805,2400,191089557
current-to-best1bin,PSO,Rosenbrock,50,18,-489171.26378683676,0.2687104847282171,300,1365370332
current-to-best1bin,GA,Rosenbrock,50,18,-1079.9310355683613,0.8204999435693026,300,1365370332
current-to-best1bin,optimLBFGS,Rosenbrock,50,18,-5.551871178359466e-08,3.1089414041489363,1250,1365370332
current-to-best1bin,GenSA,Rosenbrock,50,18,-7.018884109334482e-10,3.161745812743902,300,1365370332
current-to-best1bin,ADAM,Rosenbrock,50,18,-552960.7290949898,5.04578205011785,4800,1365370332
current-to-best1bin,SA,Rosenbrock,50,13,-7.075154640244029e-11,37.08462841063738,300,440383467
current-to-best1bin,SMCO,Rosenbrock,50,19,-10.290286659183309,4.522952601313591,308,1769702579
current-to-best1bin,SMCO_EVO,Rosenbrock,50,19,-9.002872972174538,4.555702086538076,308,1769702579
current-to-best1bin,SMCO_BR,Rosenbrock,50,19,-77.26338720592005,4.589957058429718,83,1769702579
current-to-best1bin,SMCO_R,Rosenbrock,50,19,-1.762483080438736,4.673042280599475,158,1769702579
current-to-best1bin,SPSA,Rosenbrock,50,19,-3426290.8833659035,0.11123659275472164,1982,1769702579
current-to-best1bin,SMCO_R_EVO,Rosenbrock,50,19,-30.591181564513878,4.552163844928145,308,1769702579
current-to-best1bin,DEoptim,Rosenbrock,50,15,-122.64452330141256,26.9793845936656,300,191089557
current-to-best1bin,DEoptim,Rosenbrock,50,14,-102.30260079799292,32.88552180863917,300,1125102255
current-to-best1bin,optimNM,Rosenbrock,50,19,-2479400.8938159784,0.277357030659914,2400,1769702579
current-to-best1bin,SignGD,Rosenbrock,50,19,-311.4551683598805,1.3428758550435305,1307,1769702579
current-to-best1bin,SMCO_BR_EVO,Rosenbrock,50,19,-41.48242516524377,4.731239579617977,158,1769702579
current-to-best1bin,BOBYQA,Rosenbrock,50,16,-38909.46295377554,22.05987706594169,2400,944059549
current-to-best1bin,PSO,Rosenbrock,50,19,-115109.73632481706,0.2672032043337822,300,1769702579
current-to-best1bin,GA,Rosenbrock,50,19,-846.9922207173589,0.8254471495747566,300,1769702579
current-to-best1bin,GD,Rosenbrock,50,19,-264.35046337839793,5.0045331083238125,4800,1769702579
current-to-best1bin,optimLBFGS,Rosenbrock,50,19,-8.307848055586857e-08,2.652190562337637,1030,1769702579
current-to-best1bin,SA,Rosenbrock,50,14,-3.986623854562086,36.23167045600712,300,1125102255
current-to-best1bin,GenSA,Rosenbrock,50,19,-3.404759715550657,3.391670459881425,300,1769702579
current-to-best1bin,ADAM,Rosenbrock,50,19,-735292.3110071641,4.911160761490464,4800,1769702579
current-to-best1bin,SMCO,Griewank,50,0,-0.8047687485565147,4.815642463043332,308,1277616696
current-to-best1bin,SMCO_BR,Griewank,50,0,-0.16892505908796107,4.929194184020162,83,1277616696
current-to-best1bin,SMCO_R,Griewank,50,0,-0.12736295142298992,5.118555091321468,158,1277616696
current-to-best1bin,SignGD,Griewank,50,0,-1121.4872059369584,2.052387308329344,1806,1277616696
current-to-best1bin,SPSA,Griewank,50,0,-1221.0215877626047,0.1817344520241022,2975,1277616696
current-to-best1bin,optimLBFGS,Griewank,50,0,-1.2747255473399832e-09,0.3099298942834139,76,1277616696
current-to-best1bin,optimNM,Griewank,50,0,-1126.6994198129041,0.3019166197627783,2400,1277616696
current-to-best1bin,SMCO_EVO,Griewank,50,0,-0.8517637978721606,5.143729111179709,308,1277616696
current-to-best1bin,SMCO_R_EVO,Griewank,50,0,-0.08862508430509208,5.158765399828553,308,1277616696
current-to-best1bin,DEoptim,Rosenbrock,50,16,-113.68640164886206,28.119703464210033,300,944059549
current-to-best1bin,GA,Griewank,50,0,-10.585109158326334,0.8950313217937946,300,1277616696
current-to-best1bin,BOBYQA,Rosenbrock,50,17,-84196.90796109529,22.915949158370495,2400,292178471
current-to-best1bin,PSO,Griewank,50,0,-2.8460532611190663,0.3071795403957367,300,1277616696
current-to-best1bin,SMCO_BR_EVO,Griewank,50,0,-0.14791769279833056,5.231426512822509,158,1277616696
current-to-best1bin,GD,Griewank,50,0,-912.6659892098766,5.40012988075614,4800,1277616696
current-to-best1bin,GenSA,Griewank,50,0,-3.964697348202151e-09,3.0057558361440897,300,1277616696
current-to-best1bin,SA,Rosenbrock,50,15,-9.485931735980796e-11,36.95236351341009,300,191089557
current-to-best1bin,ADAM,Griewank,50,0,-1202.3678659796735,5.510529929772019,4800,1277616696
current-to-best1bin,SignGD,Griewank,50,1,-1210.6602809573794,1.4850411228835583,1307,566780982
current-to-best1bin,DEoptim,Rosenbrock,50,17,-50.32968630282924,26.931693732738495,300,292178471
current-to-best1bin,SPSA,Griewank,50,1,-1241.5091520012654,0.18861642852425575,3053,566780982
current-to-best1bin,SMCO,Griewank,50,1,-0.7342048399174893,5.220236176624894,308,566780982
current-to-best1bin,SMCO_R,Griewank,50,1,-0.1137206183441195,5.212644400075078,158,566780982
current-to-best1bin,SMCO_EVO,Griewank,50,1,-0.7785361891027283,5.220503808930516,308,566780982
current-to-best1bin,SMCO_BR,Griewank,50,1,-0.10824689476013716,5.30878771468997,83,566780982
current-to-best1bin,BOBYQA,Rosenbrock,50,18,-45684.69942492821,21.66194838285446,2400,1365370332
current-to-best1bin,optimLBFGS,Griewank,50,1,-1.6082973175457482e-08,0.3707944545894861,99,566780982
current-to-best1bin,optimNM,Griewank,50,1,-1169.0745240856018,0.31395784206688404,2400,566780982
current-to-best1bin,SMCO_R_EVO,Griewank,50,1,-0.10072337557358879,4.847587753087282,308,566780982
current-to-best1bin,PSO,Griewank,50,1,-91.19070131330689,0.30359057895839214,300,566780982
current-to-best1bin,GA,Griewank,50,1,-7.445917958260889,0.8706884644925594,300,566780982
current-to-best1bin,SMCO_BR_EVO,Griewank,50,1,-0.1278941357701292,5.309170093387365,158,566780982
current-to-best1bin,GD,Griewank,50,1,-928.3292249712458,5.702130760997534,4800,566780982
current-to-best1bin,GenSA,Griewank,50,1,-2.2925028542175596e-10,2.9858041014522314,300,566780982
current-to-best1bin,SA,Rosenbrock,50,16,-7.559545124415356e-11,37.36497365310788,300,944059549
current-to-best1bin,ADAM,Griewank,50,1,-1222.329280903257,5.455490143969655,4800,566780982
current-to-best1bin,SMCO,Griewank,50,2,-0.8007405073231223,4.804349264129996,308,88855235
current-to-best1bin,SMCO_R,Griewank,50,2,-0.1128079550517832,5.106347344815731,158,88855235
current-to-best1bin,SPSA,Griewank,50,2,-1224.5601023140357,0.22100854478776455,3544,88855235
current-to-best1bin,SMCO_BR,Griewank,50,2,-0.12696362087209156,4.933332799002528,83,88855235
current-to-best1bin,SignGD,Griewank,50,2,-1176.2210795975009,1.4671804271638393,1307,88855235
current-to-best1bin,optimLBFGS,Griewank,50,2,-1.1947506206588798e-08,0.3416036069393158,86,88855235
current-to-best1bin,SMCO_EVO,Griewank,50,2,-0.7465661453457754,5.1242954805493355,308,88855235
current-to-best1bin,optimNM,Griewank,50,2,-1135.4056701667698,0.2974025812000036,2400,88855235
current-to-best1bin,SMCO_R_EVO,Griewank,50,2,-0.12229746054929125,5.136597719043493,308,88855235
current-to-best1bin,BOBYQA,Rosenbrock,50,19,-63966.01604317438,21.807596562430263,2400,1769702579
current-to-best1bin,DEoptim,Rosenbrock,50,18,-41.12179577740703,27.991084480658174,300,1365370332
current-to-best1bin,PSO,Griewank,50,2,-3.4634122685355915,0.2979118134826422,300,88855235
current-to-best1bin,GA,Griewank,50,2,-9.986682382337555,0.8972971476614475,300,88855235
current-to-best1bin,SMCO_BR_EVO,Griewank,50,2,-0.11598187627558132,5.253508236259222,158,88855235
current-to-best1bin,SA,Rosenbrock,50,17,-7.504307326734303e-11,36.00029711611569,300,292178471
current-to-best1bin,GD,Griewank,50,2,-915.3610421154441,5.629403891041875,4800,88855235
current-to-best1bin,GenSA,Griewank,50,2,-1.0566781893928123e-09,2.9899818394333124,300,88855235
current-to-best1bin,ADAM,Griewank,50,2,-1206.1883381177242,5.431217642500997,4800,88855235
current-to-best1bin,SMCO_R,Griewank,50,3,-0.13848391929471482,4.81631538644433,158,613048780
current-to-best1bin,SignGD,Griewank,50,3,-1171.630297206381,2.5820685289800167,2305,613048780
current-to-best1bin,SMCO,Griewank,50,3,-0.8090853980096036,5.161323711276054,308,613048780
current-to-best1bin,SPSA,Griewank,50,3,-1241.8860580377611,0.16378863155841827,2671,613048780
current-to-best1bin,SMCO_EVO,Griewank,50,3,-0.8343300126667041,5.170570196583867,308,613048780
current-to-best1bin,SMCO_R_EVO,Griewank,50,3,-0.13180230681337612,4.842240681871772,308,613048780
current-to-best1bin,SMCO_BR,Griewank,50,3,-0.12924246298062192,5.282374726608396,83,613048780
current-to-best1bin,optimLBFGS,Griewank,50,3,-3.4366876011659997e-10,0.4631546828895807,117,613048780
current-to-best1bin,optimNM,Griewank,50,3,-1143.985815591816,0.30666735768318176,2400,613048780
current-to-best1bin,DEoptim,Rosenbrock,50,19,-47.371369984769565,27.10134632512927,300,1769702579
current-to-best1bin,SMCO_BR_EVO,Griewank,50,3,-0.13293289023928367,5.320869917050004,158,613048780
current-to-best1bin,PSO,Griewank,50,3,-1.5835961777607372,0.2970776092261076,300,613048780
current-to-best1bin,GA,Griewank,50,3,-9.010872342960255,0.9018709845840931,300,613048780
current-to-best1bin,GD,Griewank,50,3,-928.4571213320249,5.690268008038402,4800,613048780
current-to-best1bin,BOBYQA,Griewank,50,0,-166.3492910226498,22.61658683605492,2400,1277616696
current-to-best1bin,SA,Griewank,50,0,-2.8008040331428674e-10,22.540136624127626,300,1277616696
current-to-best1bin,GenSA,Griewank,50,3,-5.583841167222658e-10,2.948888497427106,300,613048780
current-to-best1bin,SA,Rosenbrock,50,18,-7.26368649563833e-11,37.65216423757374,300,1365370332
current-to-best1bin,ADAM,Griewank,50,3,-1223.0711442031647,5.437338070943952,4800,613048780
current-to-best1bin,SMCO_R,Griewank,50,4,-0.12489899512457892,4.819638140499592,158,42369045
current-to-best1bin,SMCO,Griewank,50,4,-0.749990655512232,5.12208760343492,308,42369045
current-to-best1bin,SPSA,Griewank,50,4,-1518.868366527065,0.22659101709723473,3731,42369045
current-to-best1bin,SignGD,Griewank,50,4,-1408.9438483195859,2.750422030687332,2305,42369045
current-to-best1bin,optimLBFGS,Griewank,50,4,-6.361916549124658e-10,0.3904683869332075,98,42369045
current-to-best1bin,SMCO_BR,Griewank,50,4,-0.11448090403000799,5.218918884173036,83,42369045
current-to-best1bin,optimNM,Griewank,50,4,-1416.5972318107017,0.31637867726385593,2400,42369045
current-to-best1bin,SMCO_EVO,Griewank,50,4,-0.8307401816221065,5.1202772706747055,308,42369045
current-to-best1bin,SMCO_R_EVO,Griewank,50,4,-0.11865007506779668,4.85967205837369,308,42369045
current-to-best1bin,PSO,Griewank,50,4,-93.4927564825952,0.2990654222667217,300,42369045
current-to-best1bin,SMCO_BR_EVO,Griewank,50,4,-0.16222715877207117,4.977675564587116,158,42369045
current-to-best1bin,GA,Griewank,50,4,-10.116030853949875,0.8917596023529768,300,42369045
current-to-best1bin,GD,Griewank,50,4,-1134.8671280148658,5.4228885024785995,4800,42369045
current-to-best1bin,GenSA,Griewank,50,4,-0.039458690334965074,3.0368785429745913,300,42369045
current-to-best1bin,BOBYQA,Griewank,50,1,-129.65293427791312,23.547751596197486,2400,566780982
current-to-best1bin,DEoptim,Griewank,50,0,-0.10803732456658999,29.97299622744322,300,1277616696
current-to-best1bin,ADAM,Griewank,50,4,-1498.0497378607,5.4515310898423195,4800,42369045
current-to-best1bin,SA,Griewank,50,1,-4.249217644414216e-10,23.82973594777286,300,566780982
current-to-best1bin,SMCO,Griewank,50,5,-0.8182995645382369,4.839274758473039,308,1684629731
current-to-best1bin,SMCO_R,Griewank,50,5,-0.11691861658303793,4.828987689688802,158,1684629731
current-to-best1bin,SPSA,Griewank,50,5,-1233.4538641571648,0.157508984208107,2600,1684629731
current-to-best1bin,SignGD,Griewank,50,5,-1132.3098611076207,2.0834637098014355,1806,1684629731
current-to-best1bin,optimLBFGS,Griewank,50,5,-4.095070615939278e-09,0.3394304942339659,93,1684629731
current-to-best1bin,SMCO_BR,Griewank,50,5,-0.16036634153681273,5.226431552320719,83,1684629731
current-to-best1bin,optimNM,Griewank,50,5,-1139.793181046367,0.3042624294757843,2400,1684629731
current-to-best1bin,SMCO_EVO,Griewank,50,5,-0.6856163668271916,4.825706586241722,308,1684629731
current-to-best1bin,GA,Griewank,50,5,-10.725388607865101,0.8759976010769606,300,1684629731
current-to-best1bin,PSO,Griewank,50,5,-181.80355597968963,0.29786311835050583,300,1684629731
current-to-best1bin,SMCO_R_EVO,Griewank,50,5,-0.13021600914415044,5.234754437580705,308,1684629731
current-to-best1bin,BOBYQA,Griewank,50,2,-180.8687487497505,22.586133491247892,2400,88855235
current-to-best1bin,DEoptim,Griewank,50,1,-0.038471526080553486,28.56280311010778,300,566780982
current-to-best1bin,SMCO_BR_EVO,Griewank,50,5,-0.15157004155961729,5.355522479861975,158,1684629731
current-to-best1bin,GenSA,Griewank,50,5,-1.3996194203613754e-09,2.9453728310763836,300,1684629731
current-to-best1bin,GD,Griewank,50,5,-921.6500149737082,5.737155059352517,4800,1684629731
current-to-best1bin,ADAM,Griewank,50,5,-1214.1633337710582,5.787355056032538,4800,1684629731
current-to-best1bin,SA,Griewank,50,2,-4.5093540013141364e-10,23.99560759961605,300,88855235
current-to-best1bin,SignGD,Griewank,50,6,-1139.2468445339478,2.1558773536235094,1806,1820019912
current-to-best1bin,SPSA,Griewank,50,6,-1197.1396502099572,0.24634539522230625,3896,1820019912
current-to-best1bin,optimLBFGS,Griewank,50,6,-9.135354583911237e-09,0.24676348082721233,63,1820019912
current-to-best1bin,SMCO,Griewank,50,6,-0.8348529051773914,4.835806351155043,308,1820019912
current-to-best1bin,optimNM,Griewank,50,6,-1122.0033973828592,0.302992332726717,2400,1820019912
current-to-best1bin,SMCO_R,Griewank,50,6,-0.11275157868709706,5.215580731630325,158,1820019912
current-to-best1bin,SMCO_BR,Griewank,50,6,-0.14727557047044293,4.918016668409109,83,1820019912
current-to-best1bin,SMCO_EVO,Griewank,50,6,-0.7588088487795288,4.8512370232492685,308,1820019912
current-to-best1bin,SMCO_BR_EVO,Griewank,50,6,-0.14251864063536623,4.9437371622771025,158,1820019912
current-to-best1bin,SMCO_R_EVO,Griewank,50,6,-0.099848250857284,5.208024052903056,308,1820019912
current-to-best1bin,SA,Rosenbrock,50,19,-9.650314208292981e-11,47.29912928678095,300,1769702579
current-to-best1bin,PSO,Griewank,50,6,-91.11190782921845,0.2962173353880644,300,1820019912
current-to-best1bin,GA,Griewank,50,6,-10.170325665570529,0.8755547124892473,300,1820019912
current-to-best1bin,GD,Griewank,50,6,-895.3856338905479,5.678981840610504,4800,1820019912
current-to-best1bin,DEoptim,Griewank,50,2,-0.1623161374236335,28.763064378872514,300,88855235
current-to-best1bin,BOBYQA,Griewank,50,3,-133.47036032933448,22.54690596088767,2400,613048780
current-to-best1bin,GenSA,Griewank,50,6,-8.493731273873095e-10,2.9604703411459923,300,1820019912
current-to-best1bin,ADAM,Griewank,50,6,-1179.2277153911896,5.718563091009855,4800,1820019912
current-to-best1bin,SA,Griewank,50,3,-2.830603529346831e-10,23.902071990072727,300,613048780
current-to-best1bin,SPSA,Griewank,50,7,-1113.2660496882545,0.1993104275316,3170,449929952
current-to-best1bin,optimLBFGS,Griewank,50,7,-3.688158667358721e-10,0.3150751627981663,78,449929952
current-to-best1bin,SignGD,Griewank,50,7,-1020.7693007377551,2.5959710348397493,2305,449929952
current-to-best1bin,optimNM,Griewank,50,7,-1020.9044812865234,0.301752557978034,2400,449929952
current-to-best1bin,SMCO_BR,Griewank,50,7,-0.15443042532956153,4.906794022768736,83,449929952
current-to-best1bin,SMCO,Griewank,50,7,-0.8317982111729547,5.088864270597696,308,449929952
current-to-best1bin,SMCO_EVO,Griewank,50,7,-0.814117110406691,4.8612081576138735,308,449929952
current-to-best1bin,SMCO_R_EVO,Griewank,50,7,-0.12001964740464788,5.097534457221627,308,449929952
current-to-best1bin,GA,Griewank,50,7,-11.432850134892865,0.8775359950959682,300,449929952
current-to-best1bin,SMCO_BR_EVO,Griewank,50,7,-0.13736641804142258,4.94979720748961,158,449929952
current-to-best1bin,PSO,Griewank,50,7,-3.214814497665977,0.3033770024776459,300,449929952
current-to-best1bin,SMCO_R,Griewank,50,7,-0.12555282911821253,6.950149117037654,158,449929952
current-to-best1bin,GD,Griewank,50,7,-831.9691861369416,5.403203824535012,4800,449929952
current-to-best1bin,GenSA,Griewank,50,7,-3.491197886340558e-09,2.9597315322607756,300,449929952
current-to-best1bin,ADAM,Griewank,50,7,-1095.6916878927677,5.6486571803689,4800,449929952
current-to-best1bin,BOBYQA,Griewank,50,4,-311.00215705775986,22.593442915007472,2400,42369045
current-to-best1bin,DEoptim,Griewank,50,3,-0.1601983980190641,29.070394229143858,300,613048780
current-to-best1bin,SA,Griewank,50,4,-3.177058616188333e-10,23.467034105211496,300,42369045
current-to-best1bin,SPSA,Griewank,50,8,-1127.7099514849626,0.182437464594841,2967,1323267174
current-to-best1bin,optimLBFGS,Griewank,50,8,-2.3772076529482433e-09,0.32503965124487877,81,1323267174
current-to-best1bin,SignGD,Griewank,50,8,-1032.5598385140938,2.0559457279741764,1806,1323267174
current-to-best1bin,optimNM,Griewank,50,8,-1044.585352565398,0.3000407349318266,2400,1323267174
current-to-best1bin,SMCO,Griewank,50,8,-0.811242936128893,4.841126289218664,308,1323267174
current-to-best1bin,SMCO_R,Griewank,50,8,-0.10381706610947883,4.850340412929654,158,1323267174
current-to-best1bin,SMCO_BR,Griewank,50,8,-0.1524971010111913,5.124290015548468,83,1323267174
current-to-best1bin,SMCO_R_EVO,Griewank,50,8,-0.12200616958552757,4.837978538125753,308,1323267174
current-to-best1bin,GA,Griewank,50,8,-10.790859524818387,0.8932027071714401,300,1323267174
current-to-best1bin,PSO,Griewank,50,8,-91.67686447735665,0.296416487544775,300,1323267174
current-to-best1bin,SMCO_BR_EVO,Griewank,50,8,-0.12893983242958973,4.960063625127077,158,1323267174
current-to-best1bin,GenSA,Griewank,50,8,-3.409216420280359e-08,2.9565916918218136,300,1323267174
current-to-best1bin,GD,Griewank,50,8,-843.0936125570381,5.572791995480657,4800,1323267174
current-to-best1bin,SMCO_EVO,Griewank,50,8,-0.7418968556712306,6.958059825003147,308,1323267174
current-to-best1bin,BOBYQA,Griewank,50,5,-170.20028450905366,22.656363239511847,2400,1684629731
current-to-best1bin,ADAM,Griewank,50,8,-1109.9974812242622,5.645108936354518,4800,1323267174
current-to-best1bin,DEoptim,Griewank,50,4,-0.03139860861450128,29.71860161051154,300,42369045
current-to-best1bin,SA,Griewank,50,5,-3.2909341918241353e-10,23.815382324159145,300,1684629731
current-to-best1bin,SPSA,Griewank,50,9,-1163.837025523618,0.24756456911563873,3995,414742165
current-to-best1bin,optimLBFGS,Griewank,50,9,-5.447710726969035e-09,0.46039467491209507,112,414742165
current-to-best1bin,SignGD,Griewank,50,9,-1075.4442541100857,2.687915211543441,2305,414742165
current-to-best1bin,SMCO_R,Griewank,50,9,-0.10594178695667944,4.817982472479343,158,414742165
current-to-best1bin,optimNM,Griewank,50,9,-1086.5125582825017,0.3080999907106161,2400,414742165
current-to-best1bin,SMCO,Griewank,50,9,-0.7512379056762043,5.030357908457518,308,414742165
current-to-best1bin,SMCO_BR,Griewank,50,9,-0.1238931205422199,4.930920749902725,83,414742165
current-to-best1bin,SMCO_EVO,Griewank,50,9,-0.8149587598439152,4.86698273383081,308,414742165
current-to-best1bin,PSO,Griewank,50,9,-181.1606216667835,0.2976987697184086,300,414742165
current-to-best1bin,SMCO_R_EVO,Griewank,50,9,-0.12520395280605134,5.044354384765029,308,414742165
current-to-best1bin,GA,Griewank,50,9,-10.202962124525655,0.8764807712286711,300,414742165
current-to-best1bin,GD,Griewank,50,9,-870.305241007734,5.368743663653731,4800,414742165
current-to-best1bin,GenSA,Griewank,50,9,-6.593322554593328e-10,2.949073499068618,300,414742165
current-to-best1bin,SMCO_BR_EVO,Griewank,50,9,-0.12522675961513285,7.108255630359054,158,414742165
current-to-best1bin,ADAM,Griewank,50,9,-1146.4791506700765,5.676406899467111,4800,414742165
current-to-best1bin,BOBYQA,Griewank,50,6,-165.30836895787644,23.243858829140663,2400,1820019912
current-to-best1bin,DEoptim,Griewank,50,5,-0.36734043193273636,29.36249116063118,300,1684629731
current-to-best1bin,SA,Griewank,50,6,-3.830995520814895e-10,23.526835380122066,300,1820019912
current-to-best1bin,SPSA,Griewank,50,10,-1198.0036759024622,0.22962690517306328,3668,768085052
current-to-best1bin,SignGD,Griewank,50,10,-1104.6340404306566,1.5342149902135134,1307,768085052
current-to-best1bin,optimLBFGS,Griewank,50,10,-3.998744668720633e-10,0.29209670051932335,73,768085052
current-to-best1bin,SMCO,Griewank,50,10,-0.8027719456593061,4.81053775921464,308,768085052
current-to-best1bin,optimNM,Griewank,50,10,-1103.2997061773954,0.3086075149476528,2400,768085052
current-to-best1bin,SMCO_BR,Griewank,50,10,-0.14106817252749926,4.928715029731393,83,768085052
current-to-best1bin,SMCO_R,Griewank,50,10,-0.12880872666574805,5.012734914198518,158,768085052
current-to-best1bin,GA,Griewank,50,10,-10.708242181884103,0.895786102861166,300,768085052
current-to-best1bin,SMCO_EVO,Griewank,50,10,-0.7651295550720585,4.841642236337066,308,768085052
current-to-best1bin,PSO,Griewank,50,10,-2.5261849290996485,0.30572412721812725,300,768085052
current-to-best1bin,SMCO_R_EVO,Griewank,50,10,-0.13147262035614948,4.836742112413049,308,768085052
current-to-best1bin,GenSA,Griewank,50,10,-0.00986467449465911,3.0358293745666742,300,768085052
current-to-best1bin,GD,Griewank,50,10,-895.7596774017477,5.642978444695473,4800,768085052
current-to-best1bin,BOBYQA,Griewank,50,7,-162.84881530125216,23.246667757630348,2400,449929952
current-to-best1bin,ADAM,Griewank,50,10,-1180.8448907975778,5.623731600120664,4800,768085052
current-to-best1bin,SA,Griewank,50,7,-2.264550769126572e-10,22.948818035423756,300,449929952
current-to-best1bin,SMCO_BR_EVO,Griewank,50,10,-0.16467014550860282,7.089170316234231,158,768085052
current-to-best1bin,DEoptim,Griewank,50,6,-0.3640727647080204,28.993929648771882,300,1820019912
current-to-best1bin,SPSA,Griewank,50,11,-1250.6642691282439,0.20980813167989254,3454,1843412226
current-to-best1bin,optimLBFGS,Griewank,50,11,-6.440173283550621e-09,0.32395973801612854,83,1843412226
current-to-best1bin,SMCO,Griewank,50,11,-0.8519589444766461,4.830780854448676,308,1843412226
current-to-best1bin,optimNM,Griewank,50,11,-1149.285269518589,0.302011352032423,2400,1843412226
current-to-best1bin,SMCO_R,Griewank,50,11,-0.12607233451959743,5.052551608532667,158,1843412226
current-to-best1bin,SMCO_BR,Griewank,50,11,-0.1382033770130593,4.912069598212838,83,1843412226
current-to-best1bin,SignGD,Griewank,50,11,-1152.7862630761604,2.609410110861063,2305,1843412226
current-to-best1bin,SMCO_EVO,Griewank,50,11,-0.7683869812763446,4.823639938607812,308,1843412226
current-to-best1bin,PSO,Griewank,50,11,-91.06394859330189,0.2954378090798855,300,1843412226
current-to-best1bin,GA,Griewank,50,11,-9.626705945506295,0.8669022396206856,300,1843412226
current-to-best1bin,SMCO_R_EVO,Griewank,50,11,-0.12022229952630947,5.148867607116699,308,1843412226
current-to-best1bin,SMCO_BR_EVO,Griewank,50,11,-0.1298810952522219,5.24112606421113,158,1843412226
current-to-best1bin,GenSA,Griewank,50,11,-1.4368668477260371e-09,2.9353893660008907,300,1843412226
current-to-best1bin,GD,Griewank,50,11,-934.8662414296327,5.594611907377839,4800,1843412226
current-to-best1bin,BOBYQA,Griewank,50,8,-195.38602608368313,23.36055215448141,2400,1323267174
current-to-best1bin,SA,Griewank,50,8,-2.7600521868009764e-10,22.554280757904053,300,1323267174
current-to-best1bin,DEoptim,Griewank,50,7,-0.029905682286783475,29.82641552388668,300,449929952
current-to-best1bin,ADAM,Griewank,50,11,-1232.4015726001717,7.8184328358620405,4800,1843412226
current-to-best1bin,SignGD,Griewank,50,12,-882.1208378436397,2.6107715517282486,2305,1504238764
current-to-best1bin,SPSA,Griewank,50,12,-969.4631141404215,0.2533297147601843,3030,1504238764
current-to-best1bin,SMCO,Griewank,50,12,-0.7771876668080104,4.813914297148585,308,1504238764
current-to-best1bin,SMCO_R,Griewank,50,12,-0.13194831869493517,4.813798019662499,158,1504238764
current-to-best1bin,optimNM,Griewank,50,12,-892.3738530793111,0.2960993852466345,2400,1504238764
current-to-best1bin,optimLBFGS,Griewank,50,12,-2.024642453690717e-09,0.4960005506873131,135,1504238764
current-to-best1bin,SMCO_BR,Griewank,50,12,-0.1411976030111165,5.239925820380449,83,1504238764
current-to-best1bin,SMCO_R_EVO,Griewank,50,12,-0.10081300055924647,4.857557840645313,308,1504238764
current-to-best1bin,SMCO_EVO,Griewank,50,12,-0.8110038393827469,5.102751947939396,308,1504238764
current-to-best1bin,PSO,Griewank,50,12,-91.25461945242294,0.2953750751912594,300,1504238764
current-to-best1bin,SMCO_BR_EVO,Griewank,50,12,-0.10573463676946726,5.247515492141247,158,1504238764
current-to-best1bin,GA,Griewank,50,12,-8.698878402040197,0.9073399193584919,300,1504238764
current-to-best1bin,GD,Griewank,50,12,-724.4993829936748,5.412494268268347,4800,1504238764
current-to-best1bin,GenSA,Griewank,50,12,-4.969036182522757e-09,2.925282057374716,300,1504238764
current-to-best1bin,DEoptim,Griewank,50,8,-0.09669813498409185,28.239271918311715,300,1323267174
current-to-best1bin,BOBYQA,Griewank,50,9,-300.14832325493,23.29428276978433,2400,414742165
current-to-best1bin,ADAM,Griewank,50,12,-952.7533509622602,5.728288602083921,4800,1504238764
current-to-best1bin,SA,Griewank,50,9,-2.644616747815576e-10,23.76344805955887,300,414742165
current-to-best1bin,SPSA,Griewank,50,13,-1267.8046094376855,0.22387177497148514,3533,41188443
current-to-best1bin,optimLBFGS,Griewank,50,13,-3.6543745807193773e-10,0.35151007771492004,83,41188443
current-to-best1bin,SignGD,Griewank,50,13,-1162.2147437620226,2.14317380823195,1806,41188443
current-to-best1bin,optimNM,Griewank,50,13,-1200.6810113790284,0.3117432203143835,2400,41188443
current-to-best1bin,SMCO_R,Griewank,50,13,-0.1514808616594291,4.836938874796033,158,41188443
current-to-best1bin,SMCO,Griewank,50,13,-0.7496038963414455,5.13897024653852,308,41188443
current-to-best1bin,SMCO_BR,Griewank,50,13,-0.14643801262353262,5.251868164166808,83,41188443
current-to-best1bin,SMCO_EVO,Griewank,50,13,-0.7352626863807998,5.1901976857334375,308,41188443
current-to-best1bin,SMCO_R_EVO,Griewank,50,13,-0.10199859437669723,4.843105798587203,308,41188443
current-to-best1bin,PSO,Griewank,50,13,-1.1550577637664832,0.3060630913823843,300,41188443
current-to-best1bin,SMCO_BR_EVO,Griewank,50,13,-0.13799125139620327,4.935291476547718,158,41188443
current-to-best1bin,GA,Griewank,50,13,-9.993253063840147,0.8932472039014101,300,41188443
current-to-best1bin,GD,Griewank,50,13,-947.9187705697917,5.347070671617985,4800,41188443
current-to-best1bin,GenSA,Griewank,50,13,-3.05603209405092e-10,2.9894151464104652,300,41188443
current-to-best1bin,ADAM,Griewank,50,13,-1248.337665333091,5.662575580179691,4800,41188443
current-to-best1bin,BOBYQA,Griewank,50,10,-177.80900677167867,23.25743556395173,2400,768085052
current-to-best1bin,DEoptim,Griewank,50,9,-0.3245524563716331,29.30248405225575,300,414742165
current-to-best1bin,SA,Griewank,50,10,-3.1721014703833816e-10,23.936079448089004,300,768085052
current-to-best1bin,SPSA,Griewank,50,14,-1220.0091655788558,0.16248573921620846,2558,30285366
current-to-best1bin,optimLBFGS,Griewank,50,14,-1.1459463378216128e-09,0.403328113257885,95,30285366
current-to-best1bin,SMCO,Griewank,50,14,-0.7425842010843692,4.819212395697832,308,30285366
current-to-best1bin,optimNM,Griewank,50,14,-1117.9039400963525,0.2987545635551214,2400,30285366
current-to-best1bin,SMCO_R,Griewank,50,14,-0.11466485178859454,5.174806632101536,158,30285366
current-to-best1bin,SMCO_BR,Griewank,50,14,-0.11026717953938003,4.909997493028641,83,30285366
current-to-best1bin,SignGD,Griewank,50,14,-1123.336128284512,2.737526509910822,2305,30285366
current-to-best1bin,SMCO_EVO,Griewank,50,14,-0.8296205156896935,5.178017497062683,308,30285366
current-to-best1bin,SMCO_R_EVO,Griewank,50,14,-0.1455358919601858,4.809803891927004,308,30285366
current-to-best1bin,PSO,Griewank,50,14,-1.1365366531880137,0.3062520921230316,300,30285366
current-to-best1bin,GA,Griewank,50,14,-11.13370350676032,0.8997548576444387,300,30285366
current-to-best1bin,SMCO_BR_EVO,Griewank,50,14,-0.13241684724983438,5.332587411627173,158,30285366
current-to-best1bin,GenSA,Griewank,50,14,-1.292467355362703e-09,3.0158548690378666,300,30285366
current-to-best1bin,BOBYQA,Griewank,50,11,-260.3543757430855,22.62813430465758,2400,1843412226
current-to-best1bin,GD,Griewank,50,14,-911.3815852180014,5.670450007542968,4800,30285366
current-to-best1bin,ADAM,Griewank,50,14,-1201.3373354057069,5.7552967593073845,4800,30285366
current-to-best1bin,DEoptim,Griewank,50,10,-0.10550325149195094,29.160439379513264,300,768085052
current-to-best1bin,SA,Griewank,50,11,-3.264936099256488e-10,23.590504316613078,300,1843412226
current-to-best1bin,SPSA,Griewank,50,15,-1146.9819369545173,0.2767871618270874,4368,770290126
current-to-best1bin,optimLBFGS,Griewank,50,15,-1.4056273922591345e-09,0.31901397928595543,76,770290126
current-to-best1bin,SMCO,Griewank,50,15,-0.7697124881978463,4.795853808522224,308,770290126
current-to-best1bin,optimNM,Griewank,50,15,-1069.975532181325,0.3017504345625639,2400,770290126
current-to-best1bin,SMCO_R,Griewank,50,15,-0.10721354069888389,5.16982956789434,158,770290126
current-to-best1bin,SMCO_BR,Griewank,50,15,-0.10293282149270688,5.235181551426649,83,770290126
current-to-best1bin,SignGD,Griewank,50,15,-1056.5531485317163,3.308147070929408,2804,770290126
current-to-best1bin,SMCO_EVO,Griewank,50,15,-0.7010157129713352,5.140491988509893,308,770290126
current-to-best1bin,PSO,Griewank,50,15,-91.1659330598754,0.3028419967740774,300,770290126
current-to-best1bin,SMCO_R_EVO,Griewank,50,15,-0.10780794372925917,4.854474440217018,308,770290126
current-to-best1bin,SMCO_BR_EVO,Griewank,50,15,-0.15582670563559053,4.945733627304435,158,770290126
current-to-best1bin,GA,Griewank,50,15,-10.418090000761293,0.89240294508636,300,770290126
current-to-best1bin,GenSA,Griewank,50,15,-2.1356483248524682e-10,2.9405078291893005,300,770290126
current-to-best1bin,GD,Griewank,50,15,-857.6845692117881,5.629279991611838,4800,770290126
current-to-best1bin,ADAM,Griewank,50,15,-1130.4096650348072,5.460184568539262,4800,770290126
current-to-best1bin,DEoptim,Griewank,50,11,-0.02882796927401854,28.744757384061813,300,1843412226
current-to-best1bin,SA,Griewank,50,12,-4.134840247971283e-10,22.507976399734616,300,1504238764
current-to-best1bin,SMCO,Griewank,50,16,-0.7356452504539489,4.990805229172111,308,91254650
current-to-best1bin,SignGD,Griewank,50,16,-1205.486766800121,2.61268169246614,2305,91254650
current-to-best1bin,SMCO_R,Griewank,50,16,-0.1325271575100322,4.859243592247367,158,91254650
current-to-best1bin,SPSA,Griewank,50,16,-1310.6435663751356,0.09210512042045593,1472,91254650
current-to-best1bin,SMCO_BR,Griewank,50,16,-0.11618717636611997,4.941712947562337,83,91254650
current-to-best1bin,optimLBFGS,Griewank,50,16,-4.944744613766261e-10,0.2821069695055485,71,91254650
current-to-best1bin,optimNM,Griewank,50,16,-1225.0302818909179,0.3090789411216974,2400,91254650
current-to-best1bin,SMCO_EVO,Griewank,50,16,-0.7403373871583306,5.012945856899023,308,91254650
current-to-best1bin,SMCO_R_EVO,Griewank,50,16,-0.13127984350646693,4.853629652410746,308,91254650
current-to-best1bin,GA,Griewank,50,16,-10.281798590118592,0.8890845533460379,300,91254650
current-to-best1bin,SMCO_BR_EVO,Griewank,50,16,-0.139478248944777,5.124648367986083,158,91254650
current-to-best1bin,PSO,Griewank,50,16,-1.654975150249145,0.29705096781253815,300,91254650
current-to-best1bin,GD,Griewank,50,16,-978.7767383825483,5.406600488349795,4800,91254650
current-to-best1bin,GenSA,Griewank,50,16,-9.706886405780324e-10,2.934768659994006,300,91254650
current-to-best1bin,ADAM,Griewank,50,16,-1290.0532092329481,5.506849084049463,4800,91254650
current-to-best1bin,DEoptim,Griewank,50,12,-0.004421313628649282,27.893540354445577,300,1504238764
current-to-best1bin,BOBYQA,Griewank,50,12,-72.05341271377566,28.55109954997897,2400,1504238764
current-to-best1bin,BOBYQA,Griewank,50,13,-212.56575286204134,23.20625001937151,2400,41188443
current-to-best1bin,SA,Griewank,50,13,-3.0077762502855876e-10,22.823948675766587,300,41188443
current-to-best1bin,SPSA,Griewank,50,17,-1163.8328611765214,0.2194811198860407,3659,1840808294
current-to-best1bin,optimLBFGS,Griewank,50,17,-4.425630972804129e-10,0.32060612365603447,83,1840808294
current-to-best1bin,SMCO,Griewank,50,17,-0.8496084015609792,5.003859847784042,308,1840808294
current-to-best1bin,SMCO_BR,Griewank,50,17,-0.10788865897382771,4.947346806526184,83,1840808294
current-to-best1bin,SignGD,Griewank,50,17,-1067.9096277865065,2.9252495747059584,1806,1840808294
current-to-best1bin,SMCO_R,Griewank,50,17,-0.12622730283641848,5.014586538076401,158,1840808294
current-to-best1bin,optimNM,Griewank,50,17,-1075.5429044191837,0.30297282338142395,2400,1840808294
current-to-best1bin,SMCO_EVO,Griewank,50,17,-0.7761971304224498,4.818038273602724,308,1840808294
current-to-best1bin,PSO,Griewank,50,17,-90.8136366286299,0.29991820827126503,300,1840808294
current-to-best1bin,GA,Griewank,50,17,-12.109890430388022,0.8886538427323103,300,1840808294
current-to-best1bin,SMCO_R_EVO,Griewank,50,17,-0.12070356872888388,4.870376659557223,308,1840808294
current-to-best1bin,SMCO_BR_EVO,Griewank,50,17,-0.12728795619767208,4.960668912157416,158,1840808294
current-to-best1bin,GD,Griewank,50,17,-870.3653148263296,5.430851424112916,4800,1840808294
current-to-best1bin,ADAM,Griewank,50,17,-1146.2992593809302,5.5943121165037155,4800,1840808294
current-to-best1bin,GenSA,Griewank,50,17,-1.3945820054317437e-09,3.051594216376543,300,1840808294
current-to-best1bin,BOBYQA,Griewank,50,14,-167.09413887615665,23.253629555925727,2400,30285366
current-to-best1bin,DEoptim,Griewank,50,13,-0.14702864039655117,29.001319834962487,300,41188443
current-to-best1bin,SA,Griewank,50,14,-4.0624781316722647e-10,23.920376278460026,300,30285366
current-to-best1bin,SPSA,Griewank,50,18,-1188.7607425870406,0.155679389834404,2429,1207617488
current-to-best1bin,SignGD,Griewank,50,18,-1089.7963532465483,2.1207413468509912,1806,1207617488
current-to-best1bin,optimLBFGS,Griewank,50,18,-1.014000661214709e-09,0.35011422261595726,87,1207617488
current-to-best1bin,SMCO,Griewank,50,18,-0.7368834912065384,4.816466856747866,308,1207617488
current-to-best1bin,optimNM,Griewank,50,18,-1106.306508887906,0.31402651965618134,2400,1207617488
current-to-best1bin,SMCO_R,Griewank,50,18,-0.1288408139463696,5.053852558135986,158,1207617488
current-to-best1bin,SMCO_BR,Griewank,50,18,-0.13884585123321425,4.924154322594404,83,1207617488
current-to-best1bin,SMCO_EVO,Griewank,50,18,-0.7171717604717579,4.855414889752865,308,1207617488
current-to-best1bin,PSO,Griewank,50,18,-91.20714345979549,0.2957128491252661,300,1207617488
current-to-best1bin,SMCO_R_EVO,Griewank,50,18,-0.10789663472966005,4.838001802563667,308,1207617488
current-to-best1bin,GA,Griewank,50,18,-11.296653899844495,0.8639792185276747,300,1207617488
current-to-best1bin,SMCO_BR_EVO,Griewank,50,18,-0.16002052623741148,5.164872083812952,158,1207617488
current-to-best1bin,GD,Griewank,50,18,-888.5245057395196,5.422656465321779,4800,1207617488
current-to-best1bin,GenSA,Griewank,50,18,-3.335762110978635e-09,2.9570527970790863,300,1207617488
current-to-best1bin,BOBYQA,Griewank,50,15,-96.47652523427459,23.150433719158173,2400,770290126
current-to-best1bin,ADAM,Griewank,50,18,-1170.1571244015174,5.65246102027595,4800,1207617488
current-to-best1bin,DEoptim,Griewank,50,14,-0.20743124108344957,28.665219761431217,300,30285366
current-to-best1bin,SA,Griewank,50,15,-2.930438114390199e-10,23.448949897661805,300,770290126
current-to-best1bin,SPSA,Griewank,50,19,-1256.9541184668863,0.21651222370564938,3438,729266428
current-to-best1bin,optimLBFGS,Griewank,50,19,-2.3835522444670687e-10,0.32148035801947117,80,729266428
current-to-best1bin,SMCO,Griewank,50,19,-0.8376032520724829,4.812500264495611,308,729266428
current-to-best1bin,SMCO_R,Griewank,50,19,-0.1407624116829851,4.85112251713872,158,729266428
current-to-best1bin,optimNM,Griewank,50,19,-1158.6651561183023,0.2994717191904783,2400,729266428
current-to-best1bin,SMCO_BR,Griewank,50,19,-0.11527679465502993,4.929085003212094,83,729266428
current-to-best1bin,SignGD,Griewank,50,19,-1158.4672754106768,2.6937210261821747,2305,729266428
current-to-best1bin,SMCO_EVO,Griewank,50,19,-0.7662460913896723,5.02573430351913,308,729266428
current-to-best1bin,GA,Griewank,50,19,-10.02271488254668,0.8958628587424755,300,729266428
current-to-best1bin,SMCO_R_EVO,Griewank,50,19,-0.1262625263724254,4.850072467699647,308,729266428
current-to-best1bin,PSO,Griewank,50,19,-92.14174799125958,0.3027944266796112,300,729266428
current-to-best1bin,SMCO_BR_EVO,Griewank,50,19,-0.14215947658370653,4.949578924104571,158,729266428
current-to-best1bin,GenSA,Griewank,50,19,-7.479796781950654e-10,2.9428662080317736,300,729266428
current-to-best1bin,GD,Griewank,50,19,-939.7419944217881,5.582574380561709,4800,729266428
current-to-best1bin,ADAM,Griewank,50,19,-1238.7786775162347,5.450532168149948,4800,729266428
current-to-best1bin,GD,Zakharov,50,0,-1009599715340.7566,0.07142034731805325,56,1736315813
current-to-best1bin,SA,Griewank,50,16,-1.8483259367485516e-10,22.387525621801615,300,91254650
current-to-best1bin,DEoptim,Griewank,50,15,-0.025471712940636992,28.973254373297095,300,770290126
current-to-best1bin,SPSA,Zakharov,50,0,-5745.3125,0.18655562587082386,3108,1736315813
current-to-best1bin,BOBYQA,Griewank,50,16,-226.75352797405407,23.164126751944423,2400,91254650
current-to-best1bin,SignGD,Zakharov,50,0,-841.1698381660987,1.507026156410575,1353,1736315813
current-to-best1bin,optimNM,Zakharov,50,0,-587306946467.841,0.2946740984916687,2400,1736315813
current-to-best1bin,optimLBFGS,Zakharov,50,0,-9.383129934222552e-12,1.1003674529492855,429,1736315813
current-to-best1bin,SMCO_R,Zakharov,50,0,-1.5751040703695758,5.012879004701972,158,1736315813
current-to-best1bin,SMCO,Zakharov,50,0,-0.5480834996962862,5.091207556426525,308,1736315813
current-to-best1bin,SMCO_BR,Zakharov,50,0,-6.5473522437424325,5.100208727642894,83,1736315813
current-to-best1bin,SMCO_EVO,Zakharov,50,0,-0.5407076033331274,5.011069413274527,308,1736315813
current-to-best1bin,PSO,Zakharov,50,0,-1270.2111953120755,0.27908537350595,300,1736315813
current-to-best1bin,GA,Zakharov,50,0,-377.81390795595416,0.8678492605686188,300,1736315813
current-to-best1bin,SMCO_R_EVO,Zakharov,50,0,-1.9405153681344318,5.005802063271403,308,1736315813
current-to-best1bin,SMCO_BR_EVO,Zakharov,50,0,-7.0005706344051175,5.162389552220702,158,1736315813
current-to-best1bin,GenSA,Zakharov,50,0,-1.1005772525474858e-11,2.971669916063547,300,1736315813
current-to-best1bin,ADAM,Zakharov,50,0,-8890000164.964672,5.383041905239224,4800,1736315813
current-to-best1bin,GD,Zakharov,50,1,-2412158143341.7764,0.0723907146602869,56,532465420
current-to-best1bin,DEoptim,Griewank,50,16,-0.34908682410027725,28.43226271495223,300,91254650
current-to-best1bin,SignGD,Zakharov,50,1,-784.9484357946861,1.0583934001624584,930,532465420
current-to-best1bin,SPSA,Zakharov,50,1,-2675.0,0.27655600383877754,4639,532465420
current-to-best1bin,SMCO,Zakharov,50,1,-0.4018075535634017,4.957201812416315,308,532465420
current-to-best1bin,SA,Griewank,50,17,-3.659208491768595e-10,23.751638658344746,300,1840808294
current-to-best1bin,SMCO_R,Zakharov,50,1,-1.5559293325596113,5.070484738796949,158,532465420
current-to-best1bin,optimNM,Zakharov,50,1,-1593400740721.4036,0.29084631614387035,2400,532465420
current-to-best1bin,optimLBFGS,Zakharov,50,1,-1.5033166454169523e-11,1.083101399242878,416,532465420
current-to-best1bin,SMCO_BR,Zakharov,50,1,-6.62445739859477,5.140649795532227,83,532465420
current-to-best1bin,BOBYQA,Griewank,50,17,-105.43178571612658,26.513562459498644,2400,1840808294
current-to-best1bin,SMCO_EVO,Zakharov,50,1,-0.6098360848625524,4.987028641626239,308,532465420
current-to-best1bin,PSO,Zakharov,50,1,-1001.1803848030233,0.38638753443956375,300,532465420
current-to-best1bin,GA,Zakharov,50,1,-394.87567712066675,0.8578975796699524,300,532465420
current-to-best1bin,SMCO_R_EVO,Zakharov,50,1,-1.5072567126281229,5.101841254159808,308,532465420
current-to-best1bin,SMCO_BR_EVO,Zakharov,50,1,-5.472013600964135,5.047225851565599,158,532465420
current-to-best1bin,GenSA,Zakharov,50,1,-3.877114193658658e-11,3.0306506771594286,300,532465420
current-to-best1bin,ADAM,Zakharov,50,1,-40920163914.75083,5.410322234034538,4800,532465420
current-to-best1bin,GD,Zakharov,50,2,-2152821430847.3958,0.07266205549240112,56,1729431029
current-to-best1bin,BOBYQA,Griewank,50,18,-198.04478375142216,23.38135431520641,2400,1207617488
current-to-best1bin,SignGD,Zakharov,50,2,-700.1645767669887,1.532900307327509,1377,1729431029
current-to-best1bin,SPSA,Zakharov,50,2,-2525.0,0.25261257588863373,4320,1729431029
current-to-best1bin,DEoptim,Griewank,50,17,-0.8785020445846312,29.673623595386744,300,1840808294
current-to-best1bin,SA,Griewank,50,18,-4.4335335402934106e-10,23.78876532614231,300,1207617488
current-to-best1bin,SMCO,Zakharov,50,2,-0.5425073473802072,4.953470414504409,308,1729431029
current-to-best1bin,optimNM,Zakharov,50,2,-1528037478755.6243,0.305022157728672,2400,1729431029
current-to-best1bin,SMCO_BR,Zakharov,50,2,-7.2472858141271566,5.113703362643719,83,1729431029
current-to-best1bin,SMCO_R_EVO,Zakharov,50,2,-1.1153429623605995,4.990519801154733,308,1729431029
current-to-best1bin,SMCO_EVO,Zakharov,50,2,-0.46370882645288547,5.07345125451684,308,1729431029
current-to-best1bin,PSO,Zakharov,50,2,-902.1656146707259,0.27967754378914833,300,1729431029
current-to-best1bin,optimLBFGS,Zakharov,50,2,-5.87336806163371e-12,1.0463537983596325,413,1729431029
current-to-best1bin,GA,Zakharov,50,2,-194.74045471663206,0.8447004482150078,300,1729431029
current-to-best1bin,SMCO_BR_EVO,Zakharov,50,2,-8.47032492353705,5.151338841766119,158,1729431029
current-to-best1bin,SMCO_R,Zakharov,50,2,-1.783311014172225,7.369799952954054,158,1729431029
current-to-best1bin,GenSA,Zakharov,50,2,-2.3748521501846346e-11,2.927673816680908,300,1729431029
current-to-best1bin,BOBYQA,Griewank,50,19,-92.81481379174805,23.320815324783325,2400,729266428
current-to-best1bin,ADAM,Zakharov,50,2,-32087920927.65779,5.469963528215885,4800,1729431029
current-to-best1bin,GD,Zakharov,50,3,-341534915443.1475,0.07251009717583656,56,2134221050
current-to-best1bin,SA,Griewank,50,19,-3.294984285417968e-10,22.62620329670608,300,729266428
current-to-best1bin,SPSA,Zakharov,50,3,-2450.0,0.25223227217793465,4306,2134221050
current-to-best1bin,DEoptim,Griewank,50,18,-0.02086473895946872,29.08286553248763,300,1207617488
current-to-best1bin,SMCO,Zakharov,50,3,-0.5685399380490362,5.060841845348477,308,2134221050
current-to-best1bin,SMCO_R,Zakharov,50,3,-1.6992359780993502,5.060830634087324,158,2134221050
current-to-best1bin,optimLBFGS,Zakharov,50,3,-1.8198856103016393e-11,1.0303237363696098,419,2134221050
current-to-best1bin,optimNM,Zakharov,50,3,-165545538697.742,0.29936600662767887,2400,2134221050
current-to-best1bin,SignGD,Zakharov,50,3,-656.816257641302,1.7137349918484688,1507,2134221050
current-to-best1bin,SMCO_BR,Zakharov,50,3,-7.282493451640193,5.025390651077032,83,2134221050
current-to-best1bin,PSO,Zakharov,50,3,-1118.8351048598647,0.27398981899023056,300,2134221050
current-to-best1bin,SMCO_EVO,Zakharov,50,3,-0.7423222214431102,5.063088774681091,308,2134221050
current-to-best1bin,GA,Zakharov,50,3,-221.20700333123014,0.8570696692913771,300,2134221050
current-to-best1bin,SMCO_BR_EVO,Zakharov,50,3,-6.926163956627354,5.067379903048277,158,2134221050
current-to-best1bin,GenSA,Zakharov,50,3,-1.3336238714751864e-11,2.974674357101321,300,2134221050
current-to-best1bin,BOBYQA,Zakharov,50,0,-1003244290802.0873,21.98480460047722,2400,1736315813
current-to-best1bin,SMCO_R_EVO,Zakharov,50,3,-2.0859123081609563,7.332527667284012,308,2134221050
current-to-best1bin,GD,Zakharov,50,4,-7794587688003.526,0.1042083352804184,56,1277360052
current-to-best1bin,ADAM,Zakharov,50,3,-1430492195.0316124,5.395626584067941,4800,2134221050
current-to-best1bin,DEoptim,Griewank,50,19,-0.18874189449263357,28.65144356712699,300,729266428
current-to-best1bin,SPSA,Zakharov,50,4,-2525.0,0.24808951281011105,4237,1277360052
current-to-best1bin,SMCO,Zakharov,50,4,-0.6102262848234372,4.9546891544014215,308,1277360052
current-to-best1bin,SignGD,Zakharov,50,4,-616.0603078524009,2.1463072951883078,1307,1277360052
current-to-best1bin,SMCO_R,Zakharov,50,4,-1.5891380897537741,5.04978209733963,158,1277360052
current-to-best1bin,SMCO_BR,Zakharov,50,4,-5.49969766894531,5.1491695288568735,83,1277360052
current-to-best1bin,optimLBFGS,Zakharov,50,4,-5.219050856928514e-11,1.0550014488399029,429,1277360052
current-to-best1bin,optimNM,Zakharov,50,4,-5817121574906.333,0.38837664388120174,2400,1277360052
current-to-best1bin,SMCO_EVO,Zakharov,50,4,-0.5664729597394066,5.0136797819286585,308,1277360052
current-to-best1bin,PSO,Zakharov,50,4,-1013.8674062528851,0.27884046733379364,300,1277360052
current-to-best1bin,GA,Zakharov,50,4,-228.17104617253767,1.182828726246953,300,1277360052
current-to-best1bin,SMCO_R_EVO,Zakharov,50,4,-4.44863293722199,5.076303128153086,308,1277360052
current-to-best1bin,SMCO_BR_EVO,Zakharov,50,4,-6.851197051456507,5.101192217320204,158,1277360052
current-to-best1bin,GenSA,Zakharov,50,4,-1.1505526869525486e-11,3.0335350017994642,300,1277360052
current-to-best1bin,BOBYQA,Zakharov,50,1,-2399939073564.1353,21.552170425653458,2400,532465420
current-to-best1bin,ADAM,Zakharov,50,4,-259128870085.77667,5.392260501161218,4800,1277360052
current-to-best1bin,GD,Zakharov,50,5,-956759957446.1713,0.07130518928170204,56,766100541
current-to-best1bin,SignGD,Zakharov,50,5,-847.616836946275,1.460892641916871,1307,766100541
current-to-best1bin,DEoptim,Zakharov,50,0,-274.8840882190636,29.477570159360766,300,1736315813
current-to-best1bin,SPSA,Zakharov,50,5,-2525.0,0.24952061474323273,4251,766100541
current-to-best1bin,SMCO,Zakharov,50,5,-0.5576769893919508,4.990340746939182,308,766100541
current-to-best1bin,SMCO_BR,Zakharov,50,5,-6.964382189504548,5.084442971274257,83,766100541
current-to-best1bin,SMCO_EVO,Zakharov,50,5,-0.566992772943635,5.077598553150892,308,766100541
current-to-best1bin,optimLBFGS,Zakharov,50,5,-6.43138720339898e-12,1.031197076663375,417,766100541
current-to-best1bin,optimNM,Zakharov,50,5,-596318818982.3812,0.2923613525927067,2400,766100541
current-to-best1bin,SMCO_R_EVO,Zakharov,50,5,-1.8422440757434455,5.076131671667099,308,766100541
current-to-best1bin,SMCO_BR_EVO,Zakharov,50,5,-8.181727648803912,5.070571791380644,158,766100541
current-to-best1bin,PSO,Zakharov,50,5,-1393.7363932200883,0.2758303973823786,300,766100541
current-to-best1bin,SMCO_R,Zakharov,50,5,-2.0190283383851284,7.351224679499865,158,766100541
current-to-best1bin,GA,Zakharov,50,5,-169.11567689735057,0.8552320078015327,300,766100541
current-to-best1bin,BOBYQA,Zakharov,50,2,-2141602125507.2344,22.127258848398924,2400,1729431029
current-to-best1bin,GenSA,Zakharov,50,5,-2.591615206312049e-09,3.036306930705905,300,766100541
current-to-best1bin,ADAM,Zakharov,50,5,-8271730195.762833,5.394822623580694,4800,766100541
current-to-best1bin,DEoptim,Zakharov,50,1,-231.34133918272113,28.905331736430526,300,532465420
current-to-best1bin,GD,Zakharov,50,6,-1538909648445.6387,0.07088658958673477,56,372074673
current-to-best1bin,SignGD,Zakharov,50,6,-589.9504934675591,1.5107750743627548,1363,372074673
current-to-best1bin,SMCO,Zakharov,50,6,-0.5558665983350042,4.975607927888632,308,372074673
current-to-best1bin,SPSA,Zakharov,50,6,-2900.0,0.2745051123201847,4705,372074673
current-to-best1bin,SMCO_BR,Zakharov,50,6,-6.143857229301093,5.109952917322516,83,372074673
current-to-best1bin,SA,Zakharov,50,0,-3.0443426113010746e-12,38.78742687217891,300,1736315813
current-to-best1bin,optimLBFGS,Zakharov,50,6,-6.524487368014188e-12,1.0355280824005604,422,372074673
current-to-best1bin,SMCO_EVO,Zakharov,50,6,-0.5266927740744626,5.0664311815053225,308,372074673
current-to-best1bin,optimNM,Zakharov,50,6,-910662298148.5955,0.2961813509464264,2400,372074673
current-to-best1bin,SMCO_R_EVO,Zakharov,50,6,-1.285912954446826,5.113072499632835,308,372074673
current-to-best1bin,SMCO_BR_EVO,Zakharov,50,6,-8.170060884990791,5.150914087891579,158,372074673
current-to-best1bin,PSO,Zakharov,50,6,-795.1750828751667,0.2786188293248415,300,372074673
current-to-best1bin,GA,Zakharov,50,6,-323.1978416247743,0.8653733879327774,300,372074673
current-to-best1bin,SMCO_R,Zakharov,50,6,-1.5849990318435248,7.300559315830469,158,372074673
current-to-best1bin,BOBYQA,Zakharov,50,3,-338717901617.6078,24.149275477975607,2400,2134221050
current-to-best1bin,DEoptim,Zakharov,50,2,-224.9374029472721,29.13109845854342,300,1729431029
current-to-best1bin,GenSA,Zakharov,50,6,-1.651957570531033e-11,2.9760536160320044,300,372074673
current-to-best1bin,ADAM,Zakharov,50,6,-16867973828.941515,5.345142403617501,4800,372074673
current-to-best1bin,GD,Zakharov,50,7,-4646768826432.58,0.07124435342848301,56,1107253899
current-to-best1bin,SA,Zakharov,50,1,-2.985966139740596e-12,37.494825188070536,300,532465420
current-to-best1bin,SignGD,Zakharov,50,7,-699.1148172844523,1.6214903872460127,1463,1107253899
current-to-best1bin,SPSA,Zakharov,50,7,-2675.0,0.219486553221941,3717,1107253899
current-to-best1bin,SMCO,Zakharov,50,7,-0.6639969812684217,5.067782033234835,308,1107253899
current-to-best1bin,optimLBFGS,Zakharov,50,7,-4.340988630191324e-11,1.0540670547634363,429,1107253899
current-to-best1bin,SMCO_R,Zakharov,50,7,-1.4366780258419192,5.087659304961562,158,1107253899
current-to-best1bin,optimNM,Zakharov,50,7,-3319539264670.1353,0.2890807781368494,2400,1107253899
current-to-best1bin,SMCO_EVO,Zakharov,50,7,-0.5403789786212265,5.080688901245594,308,1107253899
current-to-best1bin,SMCO_R_EVO,Zakharov,50,7,-1.4311599596240703,5.106860622763634,308,1107253899
current-to-best1bin,SMCO_BR_EVO,Zakharov,50,7,-6.529652244544873,5.071497444063425,158,1107253899
current-to-best1bin,DEoptim,Zakharov,50,3,-262.7545127734011,29.031760232523084,300,2134221050
current-to-best1bin,PSO,Zakharov,50,7,-1472.9442265565187,0.2784829866141081,300,1107253899
current-to-best1bin,GA,Zakharov,50,7,-349.0513627267766,0.8608074318617582,300,1107253899
current-to-best1bin,SMCO_BR,Zakharov,50,7,-6.363111616901994,7.377201648429036,83,1107253899
current-to-best1bin,GenSA,Zakharov,50,7,-7.0956146073757895e-12,2.9654784966260195,300,1107253899
current-to-best1bin,ADAM,Zakharov,50,7,-122206302573.67702,5.335089908912778,4800,1107253899
current-to-best1bin,BOBYQA,Zakharov,50,4,-80413457595.2297,26.406480187550187,2400,1277360052
current-to-best1bin,GD,Zakharov,50,8,-75188131160.45976,0.07068339921534061,56,1968297226
current-to-best1bin,SA,Zakharov,50,2,-2.7991441471937463e-12,39.060630820691586,300,1729431029
current-to-best1bin,BOBYQA,Zakharov,50,5,-950655866654.3578,21.600369377061725,2400,766100541
current-to-best1bin,SignGD,Zakharov,50,8,-681.8374398565172,1.9950905311852694,1806,1968297226
current-to-best1bin,SPSA,Zakharov,50,8,-2375.0,0.28119747154414654,4800,1968297226
current-to-best1bin,SMCO,Zakharov,50,8,-0.5316244375695286,5.068368287757039,308,1968297226
current-to-best1bin,SMCO_R,Zakharov,50,8,-1.6189527053934853,5.01093852892518,158,1968297226
current-to-best1bin,optimNM,Zakharov,50,8,-20291873028.801388,0.2981803398579359,2400,1968297226
current-to-best1bin,SMCO_BR,Zakharov,50,8,-7.1109608226829355,5.10774664953351,83,1968297226
current-to-best1bin,optimLBFGS,Zakharov,50,8,-8.28041482470962e-12,0.9887795466929674,407,1968297226
current-to-best1bin,SMCO_R_EVO,Zakharov,50,8,-1.3804544352163106,5.0969159714877605,308,1968297226
current-to-best1bin,PSO,Zakharov,50,8,-1491.3247226920307,0.27792132645845413,300,1968297226
current-to-best1bin,DEoptim,Zakharov,50,4,-284.4732247835046,29.42116804420948,300,1277360052
current-to-best1bin,GA,Zakharov,50,8,-282.7276816284809,0.8443975038826466,300,1968297226
current-to-best1bin,SMCO_BR_EVO,Zakharov,50,8,-7.031282887258994,5.050611594691873,158,1968297226
current-to-best1bin,SA,Zakharov,50,3,-2.9827855647124217e-12,36.94966707751155,300,2134221050
current-to-best1bin,SMCO_EVO,Zakharov,50,8,-0.5438264572525858,7.3567689917981625,308,1968297226
current-to-best1bin,GenSA,Zakharov,50,8,-4.205744484023895e-11,2.992445020005107,300,1968297226
current-to-best1bin,GD,Zakharov,50,9,-3289449136842.6533,0.07206295989453793,56,531219359
current-to-best1bin,SignGD,Zakharov,50,9,-1228.5120267053774,0.9581663329154253,858,531219359
current-to-best1bin,ADAM,Zakharov,50,8,-127636656.02298531,5.527641274034977,4800,1968297226
current-to-best1bin,SPSA,Zakharov,50,9,-2450.0,0.27766192331910133,4603,531219359
current-to-best1bin,optimLBFGS,Zakharov,50,9,-3.2171194816264085e-10,1.0812795329838991,422,531219359
current-to-best1bin,SMCO,Zakharov,50,9,-0.5756816142897194,5.074304439127445,308,531219359
current-to-best1bin,SMCO_R,Zakharov,50,9,-1.5362388633890107,5.028222046792507,158,531219359
current-to-best1bin,optimNM,Zakharov,50,9,-2113957709062.1252,0.2964352760463953,2400,531219359
current-to-best1bin,SMCO_BR,Zakharov,50,9,-8.66810451247879,5.082794800400734,83,531219359
current-to-best1bin,SMCO_EVO,Zakharov,50,9,-0.4708613360497859,4.974013352766633,308,531219359
current-to-best1bin,GA,Zakharov,50,9,-253.9496719939965,0.8469132352620363,300,531219359
current-to-best1bin,SMCO_R_EVO,Zakharov,50,9,-3.6520647822514305,5.037890803068876,308,531219359
current-to-best1bin,PSO,Zakharov,50,9,-1365.7859777753315,0.27471718564629555,300,531219359
current-to-best1bin,BOBYQA,Zakharov,50,6,-1530189069429.3179,22.005313904955983,2400,372074673
current-to-best1bin,DEoptim,Zakharov,50,5,-240.80248834679858,29.37686340138316,300,766100541
current-to-best1bin,ADAM,Zakharov,50,9,-72304920329.80934,5.367876378819346,4800,531219359
current-to-best1bin,GenSA,Zakharov,50,9,-2.9005393512204008e-11,2.983349610120058,300,531219359
current-to-best1bin,SMCO_BR_EVO,Zakharov,50,9,-6.297611889225365,7.4824695363640785,158,531219359
current-to-best1bin,GD,Zakharov,50,10,-1755108670376.0017,0.10589611902832985,56,985809678
current-to-best1bin,SA,Zakharov,50,4,-2.784722274431102e-12,38.64611176028848,300,1277360052
current-to-best1bin,SignGD,Zakharov,50,10,-738.1590940150124,1.4997851327061653,906,985809678
current-to-best1bin,SPSA,Zakharov,50,10,-2675.0,0.3414351548999548,4237,985809678
current-to-best1bin,SMCO,Zakharov,50,10,-0.3637722712224474,4.980882192030549,308,985809678
current-to-best1bin,SMCO_R,Zakharov,50,10,-1.157107033181174,5.0149138905107975,158,985809678
current-to-best1bin,SMCO_BR,Zakharov,50,10,-4.78345794466356,5.098292412236333,83,985809678
current-to-best1bin,optimNM,Zakharov,50,10,-1079853797803.9364,0.2883806526660919,2400,985809678
current-to-best1bin,SMCO_EVO,Zakharov,50,10,-0.41013528482525347,5.064726969227195,308,985809678
current-to-best1bin,optimLBFGS,Zakharov,50,10,-2.1478026475209007e-11,1.4033372476696968,419,985809678
current-to-best1bin,SMCO_R_EVO,Zakharov,50,10,-1.82521991338959,5.040301200002432,308,985809678
current-to-best1bin,SMCO_BR_EVO,Zakharov,50,10,-4.496528036477137,5.065279647707939,158,985809678
current-to-best1bin,PSO,Zakharov,50,10,-1095.6945206079952,0.27609803155064583,300,985809678
current-to-best1bin,GA,Zakharov,50,10,-269.75698404702297,1.1748805027455091,300,985809678
current-to-best1bin,DEoptim,Zakharov,50,6,-246.617694611929,29.129216976463795,300,372074673
current-to-best1bin,ADAM,Zakharov,50,10,-25322424571.573944,5.364457311108708,4800,985809678
current-to-best1bin,GenSA,Zakharov,50,10,-2.7108042308979247e-11,3.046635402366519,300,985809678
current-to-best1bin,SA,Zakharov,50,5,-2.6740117149790526e-12,37.36257112212479,300,766100541
current-to-best1bin,GD,Zakharov,50,11,-41351200246.94809,0.07192654348909855,56,1874678441
current-to-best1bin,BOBYQA,Zakharov,50,7,-171536024174.963,24.486351415514946,2400,1107253899
current-to-best1bin,SignGD,Zakharov,50,11,-888.8330652897139,0.9825577177107334,880,1874678441
current-to-best1bin,SPSA,Zakharov,50,11,-2525.0,0.24860935658216476,4269,1874678441
current-to-best1bin,optimLBFGS,Zakharov,50,11,-5.938662625127857e-12,1.0170977842062712,414,1874678441
current-to-best1bin,SMCO,Zakharov,50,11,-0.5870204467726864,4.944875180721283,308,1874678441
current-to-best1bin,SMCO_R,Zakharov,50,11,-1.4496419168948733,4.992818847298622,158,1874678441
current-to-best1bin,optimNM,Zakharov,50,11,-13824579573.160933,0.2905140556395054,2400,1874678441
current-to-best1bin,SMCO_EVO,Zakharov,50,11,-0.508819173435481,5.091446328908205,308,1874678441
current-to-best1bin,SMCO_R_EVO,Zakharov,50,11,-1.4152646473626973,5.120486615225673,308,1874678441
current-to-best1bin,SMCO_BR_EVO,Zakharov,50,11,-7.664069595443453,5.1699563674628735,158,1874678441
current-to-best1bin,PSO,Zakharov,50,11,-1161.7136653749928,0.27739789336919785,300,1874678441
current-to-best1bin,GA,Zakharov,50,11,-167.16768487479072,0.869045639410615,300,1874678441
current-to-best1bin,SMCO_BR,Zakharov,50,11,-6.49427057318286,7.405849777162075,83,1874678441
current-to-best1bin,ADAM,Zakharov,50,11,-37327704.08314927,5.354569561779499,4800,1874678441
current-to-best1bin,GenSA,Zakharov,50,11,-1.1221960859771975e-11,2.9597130101174116,300,1874678441
current-to-best1bin,DEoptim,Zakharov,50,7,-248.73470862674952,29.460503896698356,300,1107253899
current-to-best1bin,SA,Zakharov,50,6,-3.010786055149002e-12,38.11947003006935,300,372074673
current-to-best1bin,GD,Zakharov,50,12,-682675486040.9427,0.07262814044952393,56,1457034830
current-to-best1bin,BOBYQA,Zakharov,50,8,-46242056668.77945,26.07284534163773,2400,1968297226
current-to-best1bin,SignGD,Zakharov,50,12,-596.9935900787939,1.4642909057438374,1307,1457034830
current-to-best1bin,SPSA,Zakharov,50,12,-2525.0,0.27915571071207523,4723,1457034830
current-to-best1bin,SMCO,Zakharov,50,12,-0.6897136523642857,5.063546031713486,308,1457034830
current-to-best1bin,SMCO_R,Zakharov,50,12,-1.6930623298059824,5.123545506969094,158,1457034830
current-to-best1bin,optimNM,Zakharov,50,12,-361854897843.30896,0.29848657362163067,2400,1457034830
current-to-best1bin,SMCO_EVO,Zakharov,50,12,-0.6098072963829627,5.08520288951695,308,1457034830
current-to-best1bin,SMCO_R_EVO,Zakharov,50,12,-1.539969920176348,4.9901987966150045,308,1457034830
current-to-best1bin,optimLBFGS,Zakharov,50,12,-6.566151694630953e-12,1.0345674436539412,411,1457034830
current-to-best1bin,BOBYQA,Zakharov,50,9,-3274027236468.599,22.23232177644968,2400,531219359
current-to-best1bin,PSO,Zakharov,50,12,-1321.6763484183045,0.2822311483323574,300,1457034830
current-to-best1bin,GA,Zakharov,50,12,-277.0084033877673,0.8668781388550997,300,1457034830
current-to-best1bin,SMCO_BR_EVO,Zakharov,50,12,-7.316642589125164,5.161690339446068,158,1457034830
current-to-best1bin,DEoptim,Zakharov,50,8,-244.05667041995255,28.857556652277708,300,1968297226
current-to-best1bin,SMCO_BR,Zakharov,50,12,-6.914740922762228,7.380896771326661,83,1457034830
current-to-best1bin,SA,Zakharov,50,7,-2.8625778867474184e-12,37.267271887511015,300,1107253899
current-to-best1bin,GenSA,Zakharov,50,12,-1.0863182058989946e-11,3.0755864027887583,300,1457034830
current-to-best1bin,GD,Zakharov,50,13,-1855676566212.5867,0.07281130738556385,56,2073019890
current-to-best1bin,ADAM,Zakharov,50,12,-4633576311.818874,5.3504880126565695,4800,1457034830
current-to-best1bin,SignGD,Zakharov,50,13,-661.5755196630588,1.4863149970769882,1307,2073019890
current-to-best1bin,SPSA,Zakharov,50,13,-5895.3125,0.24598924070596695,4106,2073019890
current-to-best1bin,optimLBFGS,Zakharov,50,13,-1.4529339789473376e-11,1.0896443631500006,424,2073019890
current-to-best1bin,SMCO,Zakharov,50,13,-0.3550990140504759,5.153987584635615,308,2073019890
current-to-best1bin,SMCO_R,Zakharov,50,13,-1.6187008266383882,5.092624804005027,158,2073019890
current-to-best1bin,optimNM,Zakharov,50,13,-1292892926361.9587,0.30886006727814674,2400,2073019890
current-to-best1bin,SMCO_BR,Zakharov,50,13,-7.818372457877635,5.14031869545579,83,2073019890
current-to-best1bin,SMCO_EVO,Zakharov,50,13,-0.8033197368399713,5.098556300625205,308,2073019890
current-to-best1bin,GA,Zakharov,50,13,-384.9181046570255,0.8587059006094933,300,2073019890
current-to-best1bin,DEoptim,Zakharov,50,9,-183.4188094371083,28.67528761923313,300,531219359
current-to-best1bin,SMCO_BR_EVO,Zakharov,50,13,-5.6153801459361885,5.080054976046085,158,2073019890
current-to-best1bin,PSO,Zakharov,50,13,-789.7232603689009,0.27714663557708263,300,2073019890
current-to-best1bin,ADAM,Zakharov,50,13,-25835076093.749718,5.372277891263366,4800,2073019890
current-to-best1bin,GenSA,Zakharov,50,13,-2.315074139894559e-09,3.0095859989523888,300,2073019890
current-to-best1bin,SMCO_R_EVO,Zakharov,50,13,-1.9247321600866703,7.350727703422308,308,2073019890
current-to-best1bin,BOBYQA,Zakharov,50,10,-59478075577.96233,24.69128790870309,2400,985809678
current-to-best1bin,GD,Zakharov,50,14,-239518797004.3565,0.0708918496966362,56,226955490
current-to-best1bin,SA,Zakharov,50,8,-2.935359769581236e-12,38.53601431287825,300,1968297226
current-to-best1bin,SignGD,Zakharov,50,14,-563.6751353476702,1.4566014893352985,1307,226955490
current-to-best1bin,SPSA,Zakharov,50,14,-2300.0,0.2436676174402237,4160,226955490
current-to-best1bin,BOBYQA,Zakharov,50,11,-36972751793.372536,21.624108981341124,2400,1874678441
current-to-best1bin,optimLBFGS,Zakharov,50,14,-9.125787480343555e-12,1.0592415165156126,427,226955490
current-to-best1bin,SMCO,Zakharov,50,14,-0.6133662668608447,4.974944656714797,308,226955490
current-to-best1bin,SMCO_R,Zakharov,50,14,-1.7678404623677313,5.020532540977001,158,226955490
current-to-best1bin,SMCO_BR,Zakharov,50,14,-6.71199618476797,5.103547504171729,83,226955490
current-to-best1bin,optimNM,Zakharov,50,14,-101473898248.28098,0.2914529871195555,2400,226955490
current-to-best1bin,GA,Zakharov,50,14,-419.71248988229206,0.8444864302873611,300,226955490
current-to-best1bin,SMCO_EVO,Zakharov,50,14,-0.4973316979233713,4.99444348923862,308,226955490
current-to-best1bin,PSO,Zakharov,50,14,-1115.4490523771278,0.27362126111984253,300,226955490
current-to-best1bin,SMCO_R_EVO,Zakharov,50,14,-1.7036670769966835,5.10083088837564,308,226955490
current-to-best1bin,DEoptim,Zakharov,50,10,-229.20292361774992,28.490964667871594,300,985809678
current-to-best1bin,GenSA,Zakharov,50,14,-3.1407466055767046e-11,2.974871449172497,300,226955490
current-to-best1bin,ADAM,Zakharov,50,14,-1086665522.4908707,5.432944621890783,4800,226955490
current-to-best1bin,SMCO_BR_EVO,Zakharov,50,14,-6.00372305738836,7.437051743268967,158,226955490
current-to-best1bin,GD,Zakharov,50,15,-2422545618490.8423,0.10505720041692257,56,747708629
current-to-best1bin,SA,Zakharov,50,9,-2.8189796179599037e-12,38.40499725937843,300,531219359
current-to-best1bin,SMCO,Zakharov,50,15,-0.6209166390564956,5.00166810490191,308,747708629
current-to-best1bin,SMCO_R,Zakharov,50,15,-1.6834040952363483,4.966554418206215,158,747708629
current-to-best1bin,SMCO_BR,Zakharov,50,15,-6.626918482808224,5.106240576133132,83,747708629
current-to-best1bin,SignGD,Zakharov,50,15,-678.3313444444572,2.3583319075405598,1455,747708629
current-to-best1bin,SPSA,Zakharov,50,15,-5745.3125,0.28095296770334244,4800,747708629
current-to-best1bin,SMCO_EVO,Zakharov,50,15,-0.5714795642998949,5.024824287742376,308,747708629
current-to-best1bin,optimNM,Zakharov,50,15,-1513934879080.346,0.3883169759064913,2400,747708629
current-to-best1bin,optimLBFGS,Zakharov,50,15,-2.0237130535500945e-10,0.9894234761595726,402,747708629
current-to-best1bin,SMCO_R_EVO,Zakharov,50,15,-1.9284832764320374,5.028535442426801,308,747708629
current-to-best1bin,GA,Zakharov,50,15,-379.9473317682731,0.8448402192443609,300,747708629
current-to-best1bin,PSO,Zakharov,50,15,-747.2661776471705,0.27267443761229515,300,747708629
current-to-best1bin,BOBYQA,Zakharov,50,12,-677937566038.5007,22.084019942209125,2400,1457034830
current-to-best1bin,SMCO_BR_EVO,Zakharov,50,15,-7.324844558996135,5.141738999634981,158,747708629
current-to-best1bin,GenSA,Zakharov,50,15,-4.792365178512497e-11,2.953161545097828,300,747708629
current-to-best1bin,DEoptim,Zakharov,50,11,-285.0772293087696,28.973103111609817,300,1874678441
current-to-best1bin,ADAM,Zakharov,50,15,-47187671897.91201,5.4273788798600435,4800,747708629
current-to-best1bin,GD,Zakharov,50,16,-1782838961706.645,0.07264567166566849,56,1256461935
current-to-best1bin,SA,Zakharov,50,10,-2.773754959776689e-12,37.364714089781046,300,985809678
current-to-best1bin,SignGD,Zakharov,50,16,-643.2490452811992,1.5414844639599323,1359,1256461935
current-to-best1bin,SPSA,Zakharov,50,16,-2825.0,0.14894805662333965,2482,1256461935
current-to-best1bin,optimLBFGS,Zakharov,50,16,-7.283303097639012e-12,1.1002819538116455,427,1256461935
current-to-best1bin,SMCO,Zakharov,50,16,-0.5048898623636213,4.982940131798387,308,1256461935
current-to-best1bin,SMCO_R,Zakharov,50,16,-1.4279638839290463,4.983453191816807,158,1256461935
current-to-best1bin,optimNM,Zakharov,50,16,-1137398088136.643,0.2918863222002983,2400,1256461935
current-to-best1bin,SMCO_BR,Zakharov,50,16,-6.324340547622999,5.131809124723077,83,1256461935
current-to-best1bin,SMCO_EVO,Zakharov,50,16,-0.5168432357173693,5.085176162421703,308,1256461935
current-to-best1bin,SMCO_R_EVO,Zakharov,50,16,-1.2243105507319425,5.0029705334454775,308,1256461935
current-to-best1bin,SMCO_BR_EVO,Zakharov,50,16,-6.258445743732377,5.144169393926859,158,1256461935
current-to-best1bin,PSO,Zakharov,50,16,-1280.607394111179,0.27759999595582485,300,1256461935
current-to-best1bin,GA,Zakharov,50,16,-244.95252617981672,0.8581322710961103,300,1256461935
current-to-best1bin,BOBYQA,Zakharov,50,13,-1845640708615.3364,22.10006840713322,2400,2073019890
current-to-best1bin,ADAM,Zakharov,50,16,-22256911520.70739,5.33616828173399,4800,1256461935
current-to-best1bin,DEoptim,Zakharov,50,12,-265.3022141306162,28.7126394957304,300,1457034830
current-to-best1bin,GenSA,Zakharov,50,16,-1.1193201359291549e-11,2.9481794219464064,300,1256461935
current-to-best1bin,GD,Zakharov,50,17,-562213449602.5535,0.0710771307349205,56,901397575
current-to-best1bin,SA,Zakharov,50,11,-2.7397386578004487e-12,36.87849816121161,300,1874678441
current-to-best1bin,SignGD,Zakharov,50,17,-543.914256888932,1.441732283681631,1307,901397575
current-to-best1bin,SPSA,Zakharov,50,17,-5745.3125,0.21209317445755005,3607,901397575
current-to-best1bin,optimLBFGS,Zakharov,50,17,-1.9852718024783662e-11,0.9968117959797382,408,901397575
current-to-best1bin,SMCO,Zakharov,50,17,-0.8005388412230791,5.033615252003074,308,901397575
current-to-best1bin,SMCO_R,Zakharov,50,17,-1.491316942751078,5.027336345985532,158,901397575
current-to-best1bin,SMCO_BR,Zakharov,50,17,-6.090446506995402,5.092669220641255,83,901397575
current-to-best1bin,optimNM,Zakharov,50,17,-303855197595.86444,0.2955712489783764,2400,901397575
current-to-best1bin,SMCO_EVO,Zakharov,50,17,-0.6079167649672944,5.101942164823413,308,901397575
current-to-best1bin,SMCO_R_EVO,Zakharov,50,17,-1.8403627824662858,4.9894143138080835,308,901397575
current-to-best1bin,PSO,Zakharov,50,17,-1379.2189854816481,0.2736230678856373,300,901397575
current-to-best1bin,SMCO_BR_EVO,Zakharov,50,17,-7.750881035591315,5.061498688533902,158,901397575
current-to-best1bin,GA,Zakharov,50,17,-355.1273383940854,0.8580773454159498,300,901397575
current-to-best1bin,ADAM,Zakharov,50,17,-3809210109.74849,5.34782918356359,4800,901397575
current-to-best1bin,GenSA,Zakharov,50,17,-3.997043464445397e-11,2.9768907837569714,300,901397575
current-to-best1bin,DEoptim,Zakharov,50,13,-239.01595202444807,30.093980241566896,300,2073019890
current-to-best1bin,BOBYQA,Zakharov,50,14,-190648201178.17294,25.05805711634457,2400,226955490
current-to-best1bin,GD,Zakharov,50,18,-1338310466378.529,0.07174273207783699,56,954354235
current-to-best1bin,SA,Zakharov,50,12,-3.031965277941518e-12,38.3896120544523,300,1457034830
current-to-best1bin,SMCO,Zakharov,50,18,-0.5988725877619662,4.922564348205924,308,954354235
current-to-best1bin,SPSA,Zakharov,50,18,-2525.0,0.2793882992118597,4793,954354235
current-to-best1bin,SMCO_R,Zakharov,50,18,-1.37561078916649,4.981574855744839,158,954354235
current-to-best1bin,SMCO_BR,Zakharov,50,18,-5.633752500001696,5.1373449843376875,83,954354235
current-to-best1bin,SignGD,Zakharov,50,18,-677.7227890521445,1.540253147482872,1387,954354235
current-to-best1bin,optimNM,Zakharov,50,18,-859834418332.6635,0.2980099692940712,2400,954354235
current-to-best1bin,SMCO_EVO,Zakharov,50,18,-0.5200028143493461,5.004807583987713,308,954354235
current-to-best1bin,optimLBFGS,Zakharov,50,18,-8.8423957278485e-12,1.041001396253705,419,954354235
current-to-best1bin,SMCO_R_EVO,Zakharov,50,18,-2.775678245003961,4.998676830902696,308,954354235
current-to-best1bin,GA,Zakharov,50,18,-225.43345758791608,0.8443923965096474,300,954354235
current-to-best1bin,PSO,Zakharov,50,18,-1207.218079357838,0.2793552540242672,300,954354235
current-to-best1bin,BOBYQA,Zakharov,50,15,-2410287080628.7734,22.160289427265525,2400,747708629
current-to-best1bin,SMCO_BR_EVO,Zakharov,50,18,-7.3094165508425135,5.167588546872139,158,954354235
current-to-best1bin,GenSA,Zakharov,50,18,-1.5745229909340074e-11,2.9830644726753235,300,954354235
current-to-best1bin,DEoptim,Zakharov,50,14,-298.80026383436444,29.585800226777792,300,226955490
current-to-best1bin,ADAM,Zakharov,50,18,-16899193917.855099,5.449093146249652,4800,954354235
current-to-best1bin,GD,Zakharov,50,19,-962164751887.789,0.07214594259858131,56,278911145
current-to-best1bin,SA,Zakharov,50,13,-3.376493896935282e-12,38.095952179282904,300,2073019890
current-to-best1bin,SignGD,Zakharov,50,19,-723.9944437488458,1.480546833947301,1307,278911145
current-to-best1bin,SMCO,Zakharov,50,19,-0.41096718453050923,4.92501181550324,308,278911145
current-to-best1bin,SPSA,Zakharov,50,19,-2450.0,0.24620972387492657,4134,278911145
current-to-best1bin,SMCO_R,Zakharov,50,19,-1.4808231591444982,4.964527029544115,158,278911145
current-to-best1bin,optimNM,Zakharov,50,19,-592569092887.6099,0.2912886366248131,2400,278911145
current-to-best1bin,SMCO_BR,Zakharov,50,19,-6.834197322187729,5.116576040163636,83,278911145
current-to-best1bin,optimLBFGS,Zakharov,50,19,-7.37450361261743e-12,1.0849651247262955,445,278911145
current-to-best1bin,SMCO_EVO,Zakharov,50,19,-0.5885934575336831,5.0914448369294405,308,278911145
current-to-best1bin,SMCO_R_EVO,Zakharov,50,19,-1.5016029323728042,4.985226403921843,308,278911145
current-to-best1bin,PSO,Zakharov,50,19,-1210.9373148897992,0.27297438867390156,300,278911145
current-to-best1bin,GA,Zakharov,50,19,-132.19449659761906,0.8598968125879765,300,278911145
current-to-best1bin,SMCO_BR_EVO,Zakharov,50,19,-6.9163520858927185,5.166895244270563,158,278911145
current-to-best1bin,GenSA,Zakharov,50,19,-7.550161266502708e-11,2.9725868459790945,300,278911145
current-to-best1bin,ADAM,Zakharov,50,19,-9381637656.163843,5.312896028161049,4800,278911145
current-to-best1bin,SA,Zakharov,50,14,-3.009216236751262e-12,38.26063157245517,300,226955490
current-to-best1bin,BOBYQA,Zakharov,50,16,-456947626679.7362,25.840517511591315,2400,1256461935
current-to-best1bin,BOBYQA,Zakharov,50,17,-558118047702.9818,21.523089276626706,2400,901397575
current-to-best1bin,DEoptim,Zakharov,50,15,-272.5228441619558,35.65174775198102,300,747708629
current-to-best1bin,DEoptim,Zakharov,50,16,-270.3896566634833,30.205082945525646,300,1256461935
current-to-best1bin,SA,Zakharov,50,15,-2.7299551215449783e-12,37.82916860841215,300,747708629
current-to-best1bin,BOBYQA,Zakharov,50,18,-1330457743743.214,22.329682672396302,2400,954354235
current-to-best1bin,DEoptim,Zakharov,50,17,-285.33514328886207,28.557423308491707,300,901397575
current-to-best1bin,SA,Zakharov,50,16,-2.5053732483609373e-12,37.536260072141886,300,1256461935
current-to-best1bin,BOBYQA,Zakharov,50,19,-956034796835.4385,22.179176284000278,2400,278911145
current-to-best1bin,DEoptim,Zakharov,50,18,-286.6247056774919,29.64250505156815,300,954354235
current-to-best1bin,SA,Zakharov,50,17,-3.182829472444676e-12,38.85151473991573,300,901397575
current-to-best1bin,DEoptim,Zakharov,50,19,-281.17483090365863,29.727738317102194,300,278911145
current-to-best1bin,SA,Zakharov,50,18,-2.82741059825898e-12,40.326615056023,300,954354235
current-to-best1bin,SA,Zakharov,50,19,-1.6323502885212506e-12,42.87280168570578,300,278911145
best1bin,SPSA,Rastrigin,50,0,-696.5816411959756,0.2588623948395252,4800,647279673
best1bin,PSO,Rastrigin,50,0,-322.80324824956926,0.26312575675547123,300,647279673
best1bin,optimNM,Rastrigin,50,0,-627.0054155897019,0.2933226265013218,2400,647279673
best1bin,optimLBFGS,Rastrigin,50,0,-327.3390776015438,0.36676476150751114,113,647279673
best1bin,GA,Rastrigin,50,0,-305.55608658575295,0.8673875089734793,300,647279673
best1bin,SignGD,Rastrigin,50,0,-404.72334943592114,1.2668295186012983,1307,647279673
best1bin,SignGD,Rastrigin,50,1,-391.97782945068855,1.2843575347214937,1307,1677437249
best1bin,GD,Rastrigin,50,0,-646.7192561469828,3.4935910031199455,3584,647279673
best1bin,GD,Rastrigin,50,1,-596.9712816935732,2.7301343884319067,2764,1677437249
best1bin,GenSA,Rastrigin,50,0,-1.9899181141885265,3.651950802654028,300,647279673
best1bin,SPSA,Rastrigin,50,1,-677.9300264906421,0.26678686775267124,4800,1677437249
best1bin,ADAM,Rastrigin,50,0,-402.95582051043846,3.797301061451435,3890,647279673
best1bin,optimLBFGS,Rastrigin,50,1,-304.45567719337555,0.37337443232536316,115,1677437249
best1bin,optimNM,Rastrigin,50,1,-635.8525902934448,0.28744721598923206,2400,1677437249
best1bin,SMCO,Rastrigin,50,0,-12.702037352161938,4.117903845384717,308,647279673
best1bin,SMCO_R,Rastrigin,50,0,-12.983470511058442,4.120252802968025,158,647279673
best1bin,SMCO_R,Rastrigin,50,1,-11.994607102260204,4.150272578001022,158,1677437249
best1bin,SMCO_R_EVO,Rastrigin,50,0,-12.987007327093295,4.1893356293439865,308,647279673
best1bin,SMCO,Rastrigin,50,1,-14.583889225342375,4.156026836484671,308,1677437249
best1bin,SMCO_EVO,Rastrigin,50,0,-13.672659668565188,4.2864636313170195,308,647279673
best1bin,PSO,Rastrigin,50,1,-367.1766515663104,0.24515528976917267,300,1677437249
best1bin,SMCO_BR_EVO,Rastrigin,50,0,-14.978883975284816,4.390498338267207,158,647279673
best1bin,SMCO_EVO,Rastrigin,50,1,-11.76758555264314,4.158794246613979,308,1677437249
best1bin,SMCO_R_EVO,Rastrigin,50,1,-11.990289117240138,4.272884596139193,308,1677437249
best1bin,SMCO_BR,Rastrigin,50,1,-13.993358156819454,4.334958491846919,83,1677437249
best1bin,SMCO_BR_EVO,Rastrigin,50,1,-11.01450757579181,4.387534290552139,158,1677437249
best1bin,GA,Rastrigin,50,1,-292.2739170827202,0.8091848324984312,300,1677437249
best1bin,SPSA,Rastrigin,50,2,-698.0711211258897,0.26458453945815563,4800,315387377
best1bin,optimLBFGS,Rastrigin,50,2,-275.6021576322113,0.370738735422492,117,315387377
best1bin,optimNM,Rastrigin,50,2,-673.5628196878989,0.27864713966846466,2400,315387377
best1bin,SMCO_BR,Rastrigin,50,0,-13.989995449718663,5.561651322990656,83,647279673
best1bin,SignGD,Rastrigin,50,2,-419.8660255732947,1.7503285259008408,1806,315387377
best1bin,ADAM,Rastrigin,50,1,-390.0212411146445,3.823646927252412,3898,1677437249
best1bin,GD,Rastrigin,50,2,-559.1645207232775,2.5659676920622587,2706,315387377
best1bin,GA,Rastrigin,50,2,-313.01515479389985,0.8169735353440046,300,315387377
best1bin,PSO,Rastrigin,50,2,-325.2496431099913,0.24438514187932014,300,315387377
best1bin,GenSA,Rastrigin,50,1,-0.9949590570942064,3.542512087151408,300,1677437249
best1bin,SMCO,Rastrigin,50,2,-14.63847608451448,4.114823028445244,308,315387377
best1bin,SMCO_R,Rastrigin,50,2,-10.988599611781865,4.121259331703186,158,315387377
best1bin,ADAM,Rastrigin,50,2,-417.88001457151154,3.76245897077024,3898,315387377
best1bin,SMCO_BR,Rastrigin,50,2,-11.990796147688457,4.202154349535704,83,315387377
best1bin,SMCO_EVO,Rastrigin,50,2,-11.709162680760983,4.223872929811478,308,315387377
best1bin,SMCO_R_EVO,Rastrigin,50,2,-11.00341495830071,4.156743632629514,308,315387377
best1bin,SMCO_BR_EVO,Rastrigin,50,2,-11.016172969990123,4.320244412869215,158,315387377
best1bin,SPSA,Rastrigin,50,3,-684.731163267766,0.263151329010725,4800,991992466
best1bin,GenSA,Rastrigin,50,2,-9.663381206337363e-13,3.43107015453279,300,315387377
best1bin,optimLBFGS,Rastrigin,50,3,-312.41543909618224,0.3178974464535713,97,991992466
best1bin,optimNM,Rastrigin,50,3,-552.5277237863818,0.2797350473701954,2400,991992466
best1bin,GD,Rastrigin,50,3,-692.4876401242165,2.55057168379426,2689,991992466
best1bin,SignGD,Rastrigin,50,3,-324.96532731936014,2.6951906345784664,2804,991992466
best1bin,SMCO_R,Rastrigin,50,3,-11.993969186692766,4.1048950012773275,158,991992466
best1bin,SMCO,Rastrigin,50,3,-12.609909339406443,4.183120399713516,308,991992466
best1bin,SMCO_BR,Rastrigin,50,3,-12.005032693774638,4.262290291488171,83,991992466
best1bin,PSO,Rastrigin,50,3,-343.6837015947244,0.24641337804496288,300,991992466
best1bin,GA,Rastrigin,50,3,-286.06165501126463,0.8096218649297953,300,991992466
best1bin,ADAM,Rastrigin,50,3,-323.36003462883065,3.7357922568917274,3884,991992466
best1bin,SMCO_EVO,Rastrigin,50,3,-11.828625952357072,4.139285074546933,308,991992466
best1bin,SMCO_R_EVO,Rastrigin,50,3,-13.979131495481909,4.133053259924054,308,991992466
best1bin,SMCO_BR_EVO,Rastrigin,50,3,-12.004439591402843,4.294657858088613,158,991992466
best1bin,GenSA,Rastrigin,50,3,-3.410605131648481e-13,3.4029672611504793,300,991992466
best1bin,SA,Rastrigin,50,0,-19.899176104047683,13.630482556298375,300,647279673
best1bin,SignGD,Rastrigin,50,4,-380.2899030653071,1.7528293915092945,1806,659688733
best1bin,GD,Rastrigin,50,4,-631.795062821106,2.2831077966839075,2375,659688733
best1bin,SPSA,Rastrigin,50,4,-691.1289102582552,0.26167929358780384,4800,659688733
best1bin,optimLBFGS,Rastrigin,50,4,-275.60206464237365,0.3617083840072155,119,659688733
best1bin,BOBYQA,Rastrigin,50,0,-412.9133260903785,15.448916988447309,2400,647279673
best1bin,optimNM,Rastrigin,50,4,-688.4015350571271,0.283626614138484,2400,659688733
best1bin,SMCO_R,Rastrigin,50,4,-13.98928436982095,4.159340580925345,158,659688733
best1bin,SMCO,Rastrigin,50,4,-14.71349267497277,4.180863553658128,308,659688733
best1bin,SMCO_BR,Rastrigin,50,4,-13.992686723902295,4.199703803285956,83,659688733
best1bin,SMCO_EVO,Rastrigin,50,4,-14.67140463963949,4.127529697492719,308,659688733
best1bin,GA,Rastrigin,50,4,-322.38813177391194,0.8208795487880707,300,659688733
best1bin,SMCO_R_EVO,Rastrigin,50,4,-13.98381245709146,4.167949464172125,308,659688733
best1bin,PSO,Rastrigin,50,4,-286.3452984820384,0.24385897628962994,300,659688733
best1bin,SMCO_BR_EVO,Rastrigin,50,4,-11.995004783321747,4.237193809822202,158,659688733
best1bin,ADAM,Rastrigin,50,4,-378.08192519594576,3.7451589796692133,3898,659688733
best1bin,SA,Rastrigin,50,1,-20.89413516114115,13.93319938518107,300,1677437249
best1bin,GenSA,Rastrigin,50,4,-0.9949590570934674,3.492360770702362,300,659688733
best1bin,BOBYQA,Rastrigin,50,1,-389.00451570229495,15.908436715602875,2400,1677437249
best1bin,SignGD,Rastrigin,50,5,-375.14549536759836,1.2529687564820051,1307,1940103363
best1bin,SPSA,Rastrigin,50,5,-689.8620080206418,0.26070597767829895,4800,1940103363
best1bin,SMCO,Rastrigin,50,5,-10.567443464319751,4.112769398838282,308,1940103363
best1bin,BOBYQA,Rastrigin,50,2,-424.17966606917844,15.73794699460268,2400,315387377
best1bin,SMCO_EVO,Rastrigin,50,5,-10.737090377739491,4.146692095324397,308,1940103363
best1bin,SMCO_R,Rastrigin,50,5,-10.007216601894527,4.168451061472297,158,1940103363
best1bin,optimLBFGS,Rastrigin,50,5,-287.5416139547694,0.33545964024960995,112,1940103363
best1bin,SMCO_BR,Rastrigin,50,5,-10.007635662159885,4.199603987857699,83,1940103363
best1bin,SMCO_R_EVO,Rastrigin,50,5,-10.010070751926605,4.155233841389418,308,1940103363
best1bin,GD,Rastrigin,50,5,-602.3829823264047,3.0815370678901672,3186,1940103363
best1bin,optimNM,Rastrigin,50,5,-679.6908059293519,0.2861775569617748,2400,1940103363
best1bin,PSO,Rastrigin,50,5,-346.76200441077515,0.24359525740146637,300,1940103363
best1bin,GA,Rastrigin,50,5,-305.6862528836993,0.8069867510348558,300,1940103363
best1bin,SMCO_BR_EVO,Rastrigin,50,5,-10.015659373441508,4.238186441361904,158,1940103363
best1bin,ADAM,Rastrigin,50,5,-368.1327156655739,3.794819423928857,3902,1940103363
best1bin,SA,Rastrigin,50,3,-15.919344913492864,13.121016597375274,300,991992466
best1bin,GenSA,Rastrigin,50,5,-0.994959057093638,3.297613626345992,300,1940103363
best1bin,SA,Rastrigin,50,2,-14.92438585640474,18.709812799468637,300,315387377
best1bin,BOBYQA,Rastrigin,50,3,-334.22433658429577,15.431792935356498,2400,991992466
best1bin,SPSA,Rastrigin,50,6,-650.4286241417842,0.25896139815449715,4800,814411795
best1bin,optimLBFGS,Rastrigin,50,6,-283.5617990324247,0.3594458419829607,121,814411795
best1bin,SMCO,Rastrigin,50,6,-12.722190614516478,4.18540577031672,308,814411795
best1bin,SMCO_R,Rastrigin,50,6,-12.987192960285995,4.172046206891537,158,814411795
best1bin,SMCO_BR,Rastrigin,50,6,-12.994404723685363,4.1631748508661985,83,814411795
best1bin,optimNM,Rastrigin,50,6,-589.5228467278387,0.281982384622097,2400,814411795
best1bin,SMCO_EVO,Rastrigin,50,6,-11.778998234531116,4.149647599086165,308,814411795
best1bin,SMCO_R_EVO,Rastrigin,50,6,-11.982727784754957,4.174773724749684,308,814411795
best1bin,PSO,Rastrigin,50,6,-320.4809363666111,0.23932106606662273,300,814411795
best1bin,SignGD,Rastrigin,50,6,-371.2110273538345,2.1871718801558018,2305,814411795
best1bin,GA,Rastrigin,50,6,-301.9596007316869,0.8085585962980986,300,814411795
best1bin,GD,Rastrigin,50,6,-596.970677037187,2.6413288451731205,2781,814411795
best1bin,DEoptim,Rastrigin,50,0,-390.50394519491743,27.202310137450695,300,647279673
best1bin,SMCO_BR_EVO,Rastrigin,50,6,-11.014259953205283,4.2858149744570255,158,814411795
best1bin,GenSA,Rastrigin,50,6,-6.252776074688882e-13,3.4009259156882763,300,814411795
best1bin,SA,Rastrigin,50,4,-19.899176104047115,13.402374677360058,300,659688733
best1bin,ADAM,Rastrigin,50,6,-357.18833916433437,5.25691151432693,3862,814411795
best1bin,SMCO,Rastrigin,50,7,-14.644958851911213,4.152382928878069,308,1838791539
best1bin,SMCO_R,Rastrigin,50,7,-10.008578978271714,4.140971560031176,158,1838791539
best1bin,SPSA,Rastrigin,50,7,-624.1437591794204,0.25926714576780796,4800,1838791539
best1bin,optimLBFGS,Rastrigin,50,7,-303.4608591049139,0.3523761164397001,116,1838791539
best1bin,SMCO_BR,Rastrigin,50,7,-13.984147451477952,4.21115056052804,83,1838791539
best1bin,SMCO_EVO,Rastrigin,50,7,-14.68477355202782,4.154505683109164,308,1838791539
best1bin,optimNM,Rastrigin,50,7,-653.5942074305904,0.27441419661045074,2400,1838791539
best1bin,BOBYQA,Rastrigin,50,4,-385.07281838634833,16.099242758005857,2400,659688733
best1bin,SMCO_R_EVO,Rastrigin,50,7,-15.98259618874448,4.155942006036639,308,1838791539
best1bin,DEoptim,Rastrigin,50,1,-382.56553411476,27.462307980284095,300,1677437249
best1bin,PSO,Rastrigin,50,7,-328.2913673571011,0.24282899312675,300,1838791539
best1bin,SignGD,Rastrigin,50,7,-371.5707635590643,2.727533236145973,2804,1838791539
best1bin,GA,Rastrigin,50,7,-296.21619044009014,0.8313656002283096,300,1838791539
best1bin,SMCO_BR_EVO,Rastrigin,50,7,-13.00152237996025,4.301354631781578,158,1838791539
best1bin,GD,Rastrigin,50,7,-590.0061167873832,3.8273219037801027,3973,1838791539
best1bin,DEoptim,Rastrigin,50,2,-401.95335054554874,27.805980380624533,300,315387377
best1bin,GenSA,Rastrigin,50,7,-2.2737367544323206e-13,3.4495749305933714,300,1838791539
best1bin,ADAM,Rastrigin,50,7,-370.1227304602346,5.24852342531085,3894,1838791539
best1bin,SA,Rastrigin,50,5,-16.914303970587923,14.028278840705752,300,1940103363
best1bin,SPSA,Rastrigin,50,8,-649.8820668158697,0.2654049638658762,4800,563824817
best1bin,optimLBFGS,Rastrigin,50,8,-345.2487856049427,0.32168133929371834,99,563824817
best1bin,SMCO,Rastrigin,50,8,-11.552316994088756,4.195055220276117,308,563824817
best1bin,SMCO_R,Rastrigin,50,8,-12.984083418837713,4.116681585088372,158,563824817
best1bin,BOBYQA,Rastrigin,50,5,-371.75314508942535,15.42554952390492,2400,1940103363
best1bin,SignGD,Rastrigin,50,8,-368.6270790924509,1.7279888726770878,1806,563824817
best1bin,optimNM,Rastrigin,50,8,-646.5133638892926,0.283420680090785,2400,563824817
best1bin,SMCO_BR,Rastrigin,50,8,-10.013148883902602,4.302443090826273,83,563824817
best1bin,SMCO_EVO,Rastrigin,50,8,-12.762461742782023,4.218585340306163,308,563824817
best1bin,SMCO_R_EVO,Rastrigin,50,8,-11.995041202684376,4.2087580524384975,308,563824817
best1bin,PSO,Rastrigin,50,8,-324.34409788283267,0.24994205310940742,300,563824817
best1bin,SMCO_BR_EVO,Rastrigin,50,8,-10.007619254365807,4.2897652592509985,158,563824817
best1bin,GA,Rastrigin,50,8,-269.40201537861265,0.8343101944774389,300,563824817
best1bin,GD,Rastrigin,50,8,-604.9318824973326,3.076286857947707,3173,563824817
best1bin,SA,Rastrigin,50,6,-19.899176104047058,12.905432870611548,300,814411795
best1bin,GenSA,Rastrigin,50,8,-3.410605131648481e-13,3.44667143560946,300,563824817
best1bin,DEoptim,Rastrigin,50,3,-367.4599916846058,28.120250701904297,300,991992466
best1bin,ADAM,Rastrigin,50,8,-367.13749669858066,5.2920777928084135,3904,563824817
best1bin,BOBYQA,Rastrigin,50,6,-369.95609373626706,15.030113874003291,2400,814411795
best1bin,SMCO,Rastrigin,50,9,-9.749115410525633,4.184650387614965,308,872684961
best1bin,SMCO_R,Rastrigin,50,9,-10.002933151385662,4.192177785560489,158,872684961
best1bin,optimLBFGS,Rastrigin,50,9,-298.4861153045679,0.32472012005746365,106,872684961
best1bin,SPSA,Rastrigin,50,9,-738.4953730852492,0.3427260462194681,4800,872684961
best1bin,SMCO_BR,Rastrigin,50,9,-12.991546960916594,4.286233235150576,83,872684961
best1bin,optimNM,Rastrigin,50,9,-646.3524716502858,0.2805207036435604,2400,872684961
best1bin,SMCO_EVO,Rastrigin,50,9,-12.67926419401499,4.173284383490682,308,872684961
best1bin,SMCO_R_EVO,Rastrigin,50,9,-13.980292703168857,4.23091547191143,308,872684961
best1bin,GD,Rastrigin,50,9,-491.5081861656815,2.952977456152439,3106,872684961
best1bin,PSO,Rastrigin,50,9,-358.5155388302663,0.2510557472705841,300,872684961
best1bin,SignGD,Rastrigin,50,9,-314.4247090684932,2.1845374535769224,2305,872684961
best1bin,GA,Rastrigin,50,9,-301.82975805393363,0.8275993037968874,300,872684961
best1bin,SMCO_BR_EVO,Rastrigin,50,9,-13.000237960905338,4.336069541051984,158,872684961
best1bin,DEoptim,Rastrigin,50,4,-336.9550262200844,27.35445070080459,300,659688733
best1bin,ADAM,Rastrigin,50,9,-312.4153982130942,3.841785753145814,3916,872684961
best1bin,SA,Rastrigin,50,7,-18.90422208477281,12.919263562187552,300,1838791539
best1bin,GenSA,Rastrigin,50,9,-0.9949590570944906,3.51040949113667,300,872684961
best1bin,SPSA,Rastrigin,50,10,-665.6042727375209,0.2645848374813795,4800,95159912
best1bin,optimLBFGS,Rastrigin,50,10,-264.65784686931215,0.3917637076228857,130,95159912
best1bin,SignGD,Rastrigin,50,10,-345.6352973899674,1.7636839654296637,1806,95159912
best1bin,optimNM,Rastrigin,50,10,-707.1336297838384,0.2816550265997648,2400,95159912
best1bin,SMCO,Rastrigin,50,10,-9.784708027842044,4.172286294400692,308,95159912
best1bin,SMCO_R,Rastrigin,50,10,-11.006555146787719,4.128061739727855,158,95159912
best1bin,SMCO_BR,Rastrigin,50,10,-11.99526552632301,4.240935679525137,83,95159912
best1bin,SMCO_EVO,Rastrigin,50,10,-11.738307759690485,4.144339095801115,308,95159912
best1bin,SMCO_R_EVO,Rastrigin,50,10,-10.999944007592262,4.178593056276441,308,95159912
best1bin,BOBYQA,Rastrigin,50,7,-377.259395665092,15.213087301701307,2400,1838791539
best1bin,PSO,Rastrigin,50,10,-301.27700471573837,0.24595453962683678,300,95159912
best1bin,GD,Rastrigin,50,10,-548.7089760379984,2.6771077923476696,2771,95159912
best1bin,SMCO_BR_EVO,Rastrigin,50,10,-9.01662186007627,4.327530812472105,158,95159912
best1bin,GA,Rastrigin,50,10,-311.7403916073621,0.8246817030012608,300,95159912
best1bin,ADAM,Rastrigin,50,10,-344.2539719847766,3.802410876378417,3942,95159912
best1bin,DEoptim,Rastrigin,50,5,-393.45080620149605,27.53949690796435,300,1940103363
best1bin,GenSA,Rastrigin,50,10,-6.821210263296962e-13,3.3668572772294283,300,95159912
best1bin,SA,Rastrigin,50,8,-20.894135161141207,13.411674780771136,300,563824817
best1bin,SPSA,Rastrigin,50,11,-683.9751246608257,0.2547833677381277,4800,877196067
best1bin,SMCO_R,Rastrigin,50,11,-12.988368429535228,4.1225144397467375,158,877196067
best1bin,SMCO,Rastrigin,50,11,-9.69941843218686,4.150223504751921,308,877196067
best1bin,optimLBFGS,Rastrigin,50,11,-252.718398920495,0.3833657633513212,126,877196067
best1bin,SMCO_EVO,Rastrigin,50,11,-13.65044531611278,4.178027233108878,308,877196067
best1bin,SMCO_BR,Rastrigin,50,11,-11.01370927929878,4.225573731586337,83,877196067
best1bin,SMCO_R_EVO,Rastrigin,50,11,-14.97839787985987,4.211909256875515,308,877196067
best1bin,optimNM,Rastrigin,50,11,-599.0116028059878,0.28020702488720417,2400,877196067
best1bin,PSO,Rastrigin,50,11,-379.96757370770456,0.2493794560432434,300,877196067
best1bin,SMCO_BR_EVO,Rastrigin,50,11,-10.016386327547764,4.248097928240895,158,877196067
best1bin,SignGD,Rastrigin,50,11,-332.9870347554181,2.205986451357603,2305,877196067
best1bin,GA,Rastrigin,50,11,-311.3468573210017,0.8289416208863258,300,877196067
best1bin,GD,Rastrigin,50,11,-646.0480449450102,3.7857661340385675,3986,877196067
best1bin,BOBYQA,Rastrigin,50,8,-376.4506317216586,16.006763469427824,2400,563824817
best1bin,ADAM,Rastrigin,50,11,-331.3194944922891,3.7962295040488243,3882,877196067
best1bin,DEoptim,Rastrigin,50,6,-389.7048535490632,27.623255101963878,300,814411795
best1bin,GenSA,Rastrigin,50,11,-2.2737367544323206e-13,3.527830470353365,300,877196067
best1bin,SMCO,Rastrigin,50,12,-12.74993596509745,4.193642728030682,308,1525490646
best1bin,SMCO_R,Rastrigin,50,12,-11.991114227248602,4.183604018762708,158,1525490646
best1bin,SMCO_BR,Rastrigin,50,12,-10.014655795209876,4.2119741681963205,83,1525490646
best1bin,SPSA,Rastrigin,50,12,-706.3113876773091,0.263403095304966,4800,1525490646
best1bin,SignGD,Rastrigin,50,12,-313.96655260612954,1.761336736381054,1806,1525490646
best1bin,optimLBFGS,Rastrigin,50,12,-258.6881726910541,0.33695589005947113,112,1525490646
best1bin,optimNM,Rastrigin,50,12,-619.5824235828893,0.28164961002767086,2400,1525490646
best1bin,SMCO_EVO,Rastrigin,50,12,-10.762182052193566,4.20792356133461,308,1525490646
best1bin,GD,Rastrigin,50,12,-572.0966391825979,3.0421373322606087,3147,1525490646
best1bin,SMCO_R_EVO,Rastrigin,50,12,-11.000132679628678,4.140318259596825,308,1525490646
best1bin,PSO,Rastrigin,50,12,-281.8416897822146,0.24730666540563107,300,1525490646
best1bin,SMCO_BR_EVO,Rastrigin,50,12,-11.007501605156051,4.295153578743339,158,1525490646
best1bin,GA,Rastrigin,50,12,-297.8690479019766,0.8235713541507721,300,1525490646
best1bin,BOBYQA,Rastrigin,50,9,-308.06498909260324,15.749218478798866,2400,872684961
best1bin,ADAM,Rastrigin,50,12,-312.41550011470986,3.7029527574777603,3886,1525490646
best1bin,SA,Rastrigin,50,9,-22.884053275327005,17.156212294474244,300,872684961
best1bin,DEoptim,Rastrigin,50,7,-387.0950264621696,27.257515048608184,300,1838791539
best1bin,GenSA,Rastrigin,50,12,-1.989918114187276,3.504616776481271,300,1525490646
best1bin,SignGD,Rastrigin,50,13,-366.2307413386778,1.2469024267047644,1307,1904583440
best1bin,SA,Rastrigin,50,10,-30.843720694254955,14.307907771319151,300,95159912
best1bin,SMCO,Rastrigin,50,13,-10.715207319984415,4.120951449498534,308,1904583440
best1bin,SPSA,Rastrigin,50,13,-693.0268725680343,0.2578895539045334,4800,1904583440
best1bin,SMCO_R,Rastrigin,50,13,-12.984811367501436,4.227217448875308,158,1904583440
best1bin,optimLBFGS,Rastrigin,50,13,-286.54663958270123,0.3692979793995619,117,1904583440
best1bin,BOBYQA,Rastrigin,50,10,-345.1943584407866,15.34870234131813,2400,95159912
best1bin,SMCO_BR,Rastrigin,50,13,-12.002546885601873,4.275363951921463,83,1904583440
best1bin,optimNM,Rastrigin,50,13,-640.7887142977158,0.27566181868314743,2400,1904583440
best1bin,SMCO_EVO,Rastrigin,50,13,-11.683645745080867,4.2212731428444386,308,1904583440
best1bin,SMCO_R_EVO,Rastrigin,50,13,-10.005936574888665,4.209541944786906,308,1904583440
best1bin,PSO,Rastrigin,50,13,-335.940792858127,0.2443467080593109,300,1904583440
best1bin,GA,Rastrigin,50,13,-324.8408374362832,0.8326788861304522,300,1904583440
best1bin,SMCO_BR_EVO,Rastrigin,50,13,-14.985275474991568,4.180550828576088,158,1904583440
best1bin,ADAM,Rastrigin,50,13,-364.1529557389073,3.8510246258229017,3902,1904583440
best1bin,GD,Rastrigin,50,13,-604.4975559745836,5.302395356819034,3978,1904583440
best1bin,DEoptim,Rastrigin,50,8,-393.6970152163573,27.323649939149618,300,563824817
best1bin,GenSA,Rastrigin,50,13,-0.9949590570937517,3.677493404597044,300,1904583440
best1bin,SA,Rastrigin,50,11,-22.88405327532695,13.83553127758205,300,877196067
best1bin,SPSA,Rastrigin,50,14,-679.620467888961,0.26460782438516617,4800,703381016
best1bin,SMCO,Rastrigin,50,14,-12.812148173315734,4.201666681095958,308,703381016
best1bin,optimLBFGS,Rastrigin,50,14,-314.4052101497076,0.322955459356308,103,703381016
best1bin,SMCO_BR,Rastrigin,50,14,-13.007693721403086,4.1730630081146955,83,703381016
best1bin,SMCO_R,Rastrigin,50,14,-13.99020058884662,4.2124646846205,158,703381016
best1bin,optimNM,Rastrigin,50,14,-637.215291743401,0.2826882805675268,2400,703381016
best1bin,BOBYQA,Rastrigin,50,11,-345.7366722108146,15.047405419871211,2400,877196067
best1bin,SMCO_EVO,Rastrigin,50,14,-13.583207410822354,4.193546252325177,308,703381016
best1bin,SignGD,Rastrigin,50,14,-388.1457123150225,1.728674203157425,1806,703381016
best1bin,PSO,Rastrigin,50,14,-359.142264951745,0.2490981388837099,300,703381016
best1bin,SMCO_R_EVO,Rastrigin,50,14,-12.000127050689855,4.107135634869337,308,703381016
best1bin,GA,Rastrigin,50,14,-296.0095682151044,0.8109652493149042,300,703381016
best1bin,GD,Rastrigin,50,14,-544.2399980441573,3.696879493072629,2764,703381016
best1bin,SMCO_BR_EVO,Rastrigin,50,14,-9.018416544593947,4.340761743485928,158,703381016
best1bin,ADAM,Rastrigin,50,14,-386.0417051927178,3.834175869822502,3914,703381016
best1bin,GenSA,Rastrigin,50,14,-0.994959057093638,3.427760176360607,300,703381016
best1bin,DEoptim,Rastrigin,50,9,-406.3734968025437,27.805199559777975,300,872684961
best1bin,SA,Rastrigin,50,12,-21.889089180415,13.658570438623428,300,1525490646
best1bin,SPSA,Rastrigin,50,15,-694.239697366022,0.2632406670600176,4800,858292637
best1bin,SMCO,Rastrigin,50,15,-12.661463969024396,4.124943094328046,308,858292637
best1bin,optimLBFGS,Rastrigin,50,15,-317.39016505016144,0.34527548030018806,107,858292637
best1bin,SMCO_R,Rastrigin,50,15,-9.004929884128558,4.193371532484889,158,858292637
best1bin,optimNM,Rastrigin,50,15,-629.6049145330228,0.2873721867799759,2400,858292637
best1bin,SignGD,Rastrigin,50,15,-370.6791081732762,1.7120324354618788,1806,858292637
best1bin,SMCO_BR,Rastrigin,50,15,-12.99903415402241,4.187471479177475,83,858292637
best1bin,SMCO_EVO,Rastrigin,50,15,-12.619270969701063,4.134686222299933,308,858292637
best1bin,BOBYQA,Rastrigin,50,12,-307.16618413961874,15.19942681118846,2400,1525490646
best1bin,PSO,Rastrigin,50,15,-268.26755697346437,0.24546778574585915,300,858292637
best1bin,GD,Rastrigin,50,15,-575.0815472229143,3.009595226496458,3093,858292637
best1bin,GA,Rastrigin,50,15,-294.08489921097055,0.8048055488616228,300,858292637
best1bin,SMCO_BR_EVO,Rastrigin,50,15,-13.993891318224826,4.336719024926424,158,858292637
best1bin,ADAM,Rastrigin,50,15,-369.12751205054485,3.827575944364071,3898,858292637
best1bin,DEoptim,Rastrigin,50,10,-394.1260488523726,26.975085776299238,300,95159912
best1bin,SMCO_R_EVO,Rastrigin,50,15,-12.988517817539332,5.856218239292502,308,858292637
best1bin,GenSA,Rastrigin,50,15,-2.8421709430404007e-13,3.4837166536599398,300,858292637
best1bin,SA,Rastrigin,50,13,-16.914303970586843,13.784176155924797,300,1904583440
best1bin,SPSA,Rastrigin,50,16,-705.7100562606598,0.2643057368695736,4800,1089980771
best1bin,SMCO,Rastrigin,50,16,-9.687990283004524,4.113785708323121,308,1089980771
best1bin,SMCO_R,Rastrigin,50,16,-10.998370101167552,4.135255033150315,158,1089980771
best1bin,optimLBFGS,Rastrigin,50,16,-245.7536781635114,0.3398272357881069,110,1089980771
best1bin,optimNM,Rastrigin,50,16,-586.2423085356845,0.2774902991950512,2400,1089980771
best1bin,SMCO_EVO,Rastrigin,50,16,-11.786178605987402,4.094886852428317,308,1089980771
best1bin,SMCO_BR,Rastrigin,50,16,-12.997348758697058,4.299867236986756,83,1089980771
best1bin,BOBYQA,Rastrigin,50,13,-366.7026542355728,15.26619984395802,2400,1904583440
best1bin,SMCO_R_EVO,Rastrigin,50,16,-7.017786640477198,4.225958546623588,308,1089980771
best1bin,GD,Rastrigin,50,16,-583.146460417509,2.937289509922266,3088,1089980771
best1bin,PSO,Rastrigin,50,16,-259.7063205410714,0.24435813166201115,300,1089980771
best1bin,GA,Rastrigin,50,16,-313.1294203694987,0.8329338636249304,300,1089980771
best1bin,SignGD,Rastrigin,50,16,-312.3737307211187,3.756064845249057,2804,1089980771
best1bin,SMCO_BR_EVO,Rastrigin,50,16,-9.021902123774112,4.328781487420201,158,1089980771
best1bin,ADAM,Rastrigin,50,16,-310.42583123624354,3.7792292833328247,3886,1089980771
best1bin,DEoptim,Rastrigin,50,11,-390.63763257701385,27.471191961318254,300,877196067
best1bin,GenSA,Rastrigin,50,16,-2.8421709430404007e-13,3.5163231268525124,300,1089980771
best1bin,SA,Rastrigin,50,14,-19.899181141869633,13.94638486392796,300,703381016
best1bin,SignGD,Rastrigin,50,17,-345.89316425513096,1.2361719198524952,1307,171640614
best1bin,SPSA,Rastrigin,50,17,-666.5719005666276,0.2649617698043585,4800,171640614
best1bin,optimLBFGS,Rastrigin,50,17,-279.5820113267555,0.3412556406110525,108,171640614
best1bin,SMCO_R,Rastrigin,50,17,-11.99081400678483,4.12482856027782,158,171640614
best1bin,optimNM,Rastrigin,50,17,-588.1242977852286,0.27712337113916874,2400,171640614
best1bin,SMCO_BR,Rastrigin,50,17,-11.00730600799534,4.195620238780975,83,171640614
best1bin,SMCO,Rastrigin,50,17,-8.725847235474305,4.208264023065567,308,171640614
best1bin,GD,Rastrigin,50,17,-605.9249735134737,3.0614032819867134,3169,171640614
best1bin,SMCO_EVO,Rastrigin,50,17,-10.584454538155626,4.243026707321405,308,171640614
best1bin,PSO,Rastrigin,50,17,-371.47309778144347,0.24814711697399616,300,171640614
best1bin,GA,Rastrigin,50,17,-311.3623796838499,0.828491410240531,300,171640614
best1bin,BOBYQA,Rastrigin,50,14,-383.8944185096613,16.166744109243155,2400,703381016
best1bin,SMCO_BR_EVO,Rastrigin,50,17,-11.992667516245604,4.325089260935783,158,171640614
best1bin,ADAM,Rastrigin,50,17,-327.3396926499082,3.7987567223608494,3892,171640614
best1bin,SMCO_R_EVO,Rastrigin,50,17,-9.016577383676918,5.840598680078983,308,171640614
best1bin,DEoptim,Rastrigin,50,12,-376.6982583955816,27.435316782444715,300,1525490646
best1bin,GenSA,Rastrigin,50,17,-0.994959057093638,3.4356128480285406,300,171640614
best1bin,SA,Rastrigin,50,15,-15.919344913492864,13.425568083301187,300,858292637
best1bin,SPSA,Rastrigin,50,18,-719.7903083752841,0.2666342332959175,4800,1045330318
best1bin,optimLBFGS,Rastrigin,50,18,-281.57216924399086,0.32896375469863415,105,1045330318
best1bin,SMCO,Rastrigin,50,18,-10.698448801017435,4.233244193717837,308,1045330318
best1bin,SMCO_R,Rastrigin,50,18,-12.985834943065868,4.197254981845617,158,1045330318
best1bin,optimNM,Rastrigin,50,18,-664.6904639331852,0.2871970571577549,2400,1045330318
best1bin,SMCO_BR,Rastrigin,50,18,-7.025273439641808,4.279536996036768,83,1045330318
best1bin,BOBYQA,Rastrigin,50,15,-387.98867648250683,15.41143406368792,2400,858292637
best1bin,SMCO_EVO,Rastrigin,50,18,-7.8209419879491975,4.219278013333678,308,1045330318
best1bin,PSO,Rastrigin,50,18,-264.1154503991166,0.2495074737817049,300,1045330318
best1bin,SMCO_R_EVO,Rastrigin,50,18,-7.023133683600122,4.230607533827424,308,1045330318
best1bin,SignGD,Rastrigin,50,18,-305.01093061963707,2.711216703057289,2804,1045330318
best1bin,GA,Rastrigin,50,18,-300.6290559038782,0.8042158409953117,300,1045330318
best1bin,SMCO_BR_EVO,Rastrigin,50,18,-10.01314906790185,4.3111477345228195,158,1045330318
best1bin,GD,Rastrigin,50,18,-504.1428024813955,4.179409492760897,3117,1045330318
best1bin,ADAM,Rastrigin,50,18,-303.4613051933643,3.779075425118208,3896,1045330318
best1bin,DEoptim,Rastrigin,50,13,-401.2603039120747,26.71178723871708,300,1904583440
best1bin,SA,Rastrigin,50,16,-15.919344913493035,13.197593307122588,300,1089980771
best1bin,GenSA,Rastrigin,50,18,-9.094947017729282e-13,3.5467570815235376,300,1045330318
best1bin,SPSA,Rastrigin,50,19,-711.0367263280157,0.2613029684871435,4800,1468294424
best1bin,SignGD,Rastrigin,50,19,-410.89017502741353,1.7218529246747494,1806,1468294424
best1bin,optimLBFGS,Rastrigin,50,19,-271.6222392087409,0.3413929380476475,111,1468294424
best1bin,optimNM,Rastrigin,50,19,-666.7032797819617,0.28158413618803024,2400,1468294424
best1bin,SMCO,Rastrigin,50,19,-14.694884554368116,4.162919307127595,308,1468294424
best1bin,SMCO_R,Rastrigin,50,19,-13.989141027939695,4.186461647972465,158,1468294424
best1bin,BOBYQA,Rastrigin,50,16,-332.4052664825816,15.257773883640766,2400,1089980771
best1bin,SMCO_EVO,Rastrigin,50,19,-10.678771271761207,4.082180637866259,308,1468294424
best1bin,SMCO_BR,Rastrigin,50,19,-11.997800354557569,4.24540352076292,83,1468294424
best1bin,PSO,Rastrigin,50,19,-325.21865349681264,0.2427099533379078,300,1468294424
best1bin,GD,Rastrigin,50,19,-619.4151623274958,3.3852006383240223,3562,1468294424
best1bin,GA,Rastrigin,50,19,-290.12549973711714,0.8131881877779961,300,1468294424
best1bin,SMCO_R_EVO,Rastrigin,50,19,-15.965164113873755,4.218801291659474,308,1468294424
best1bin,ADAM,Rastrigin,50,19,-408.92545390438755,3.755019159987569,3898,1468294424
best1bin,GenSA,Rastrigin,50,19,-1.989918114187276,3.410846695303917,300,1468294424
best1bin,DEoptim,Rastrigin,50,14,-416.0114086673378,27.430392427369952,300,703381016
best1bin,SMCO_BR_EVO,Rastrigin,50,19,-13.98930357804494,5.975276144221425,158,1468294424
best1bin,SA,Rastrigin,50,17,-22.884048237507898,13.2564681712538,300,171640614
best1bin,SPSA,Ackley,50,0,-19.903814314709898,0.24530604481697083,3418,1758196856
best1bin,optimLBFGS,Ackley,50,0,-19.24641060449284,0.29671479761600494,79,1758196856
best1bin,BOBYQA,Rastrigin,50,17,-333.2697744772742,15.31585804745555,2400,171640614
best1bin,optimNM,Ackley,50,0,-20.265701206965428,0.38920271024107933,2400,1758196856
best1bin,SignGD,Ackley,50,0,-19.28846745122666,2.7172264344990253,1806,1758196856
best1bin,SMCO,Ackley,50,0,-0.35055752625428527,6.752485662698746,308,1758196856
best1bin,SMCO_R,Ackley,50,0,-0.0681900952533181,6.682999335229397,158,1758196856
best1bin,SMCO_BR,Ackley,50,0,-0.07290122349185468,6.754903223365545,83,1758196856
best1bin,SMCO_EVO,Ackley,50,0,-0.35426066591013283,6.698695510625839,308,1758196856
best1bin,DEoptim,Rastrigin,50,15,-360.01657937390905,27.22283839993179,300,858292637
best1bin,SMCO_R_EVO,Ackley,50,0,-0.06635118101224835,6.791535215452313,308,1758196856
best1bin,PSO,Ackley,50,0,-14.210409165722174,0.3732087519019842,300,1758196856
best1bin,GA,Ackley,50,0,-7.285430313909577,0.9700701236724854,300,1758196856
best1bin,GD,Ackley,50,0,-19.246411357153523,5.467416802421212,3685,1758196856
best1bin,SMCO_BR_EVO,Ackley,50,0,-0.07323797987513148,6.823185106739402,158,1758196856
best1bin,SA,Rastrigin,50,18,-22.884053275402096,14.135649787262082,300,1045330318
best1bin,BOBYQA,Rastrigin,50,18,-303.23649191261615,15.462044348940253,2400,1045330318
best1bin,GenSA,Ackley,50,0,-1.9994683686519465e-08,4.806367181241512,300,1758196856
best1bin,SPSA,Ackley,50,1,-20.284103929466813,0.17584934644401073,2412,302802249
best1bin,optimLBFGS,Ackley,50,1,-19.322859366068297,0.33495488949120045,90,302802249
best1bin,DEoptim,Rastrigin,50,16,-377.1313667365339,26.055114736780524,300,1089980771
best1bin,ADAM,Ackley,50,0,-19.246410528278897,8.604566955938935,3936,1758196856
best1bin,optimNM,Ackley,50,1,-20.419178288160076,0.38033053651452065,2400,302802249
best1bin,SignGD,Ackley,50,1,-19.334041863248412,2.7027201652526855,1806,302802249
best1bin,SA,Rastrigin,50,19,-14.924385856399681,13.226506743580103,300,1468294424
best1bin,GA,Ackley,50,1,-6.82015742039097,0.9920592065900564,300,302802249
best1bin,SMCO_R,Ackley,50,1,-0.06524236197400457,6.634638028219342,158,302802249
best1bin,SMCO,Ackley,50,1,-0.3717982679246217,6.650875229388475,308,302802249
best1bin,SMCO_EVO,Ackley,50,1,-0.37343190906844415,6.62555555999279,308,302802249
best1bin,PSO,Ackley,50,1,-17.053503555652043,0.3814378008246422,300,302802249
best1bin,SMCO_BR,Ackley,50,1,-0.07412717362042587,6.850283902138472,83,302802249
best1bin,BOBYQA,Rastrigin,50,19,-418.78543035252824,15.635150667279959,2400,1468294424
best1bin,SMCO_R_EVO,Ackley,50,1,-0.067719452160095,6.669860387220979,308,302802249
best1bin,SMCO_BR_EVO,Ackley,50,1,-0.07183111455484381,6.875950556248426,158,302802249
best1bin,GD,Ackley,50,1,-19.322859427566424,6.706091307103634,4354,302802249
best1bin,ADAM,Ackley,50,1,-19.322859365879467,5.982689242810011,3976,302802249
best1bin,SPSA,Ackley,50,2,-20.16585699382693,0.17092725075781345,2322,1073083343
best1bin,optimLBFGS,Ackley,50,2,-19.31373954636322,0.3284174595028162,86,1073083343
best1bin,DEoptim,Rastrigin,50,17,-349.0820027428593,26.665829084813595,300,171640614
best1bin,GenSA,Ackley,50,1,-1.9402236706156373e-08,5.389076109975576,300,302802249
best1bin,optimNM,Ackley,50,2,-20.283821364804343,0.39167202822864056,2400,1073083343
best1bin,SignGD,Ackley,50,2,-19.32537822136912,2.686401342973113,1806,1073083343
best1bin,BOBYQA,Ackley,50,0,-19.281476874436855,15.97829239629209,2400,1758196856
best1bin,GA,Ackley,50,2,-6.840067261273649,0.970374932512641,300,1073083343
best1bin,SMCO,Ackley,50,2,-0.35043546359378697,6.633263062685728,308,1073083343
best1bin,SMCO_BR,Ackley,50,2,-0.0736503158101951,6.7427172642201185,83,1073083343
best1bin,GD,Ackley,50,2,-19.314027925622074,6.419101199135184,4366,1073083343
best1bin,PSO,Ackley,50,2,-14.551987034757731,0.3771067690104246,300,1073083343
best1bin,SMCO_EVO,Ackley,50,2,-0.39397371084911414,6.741975584998727,308,1073083343
best1bin,SMCO_R_EVO,Ackley,50,2,-0.06794374360152178,6.757441999390721,308,1073083343
best1bin,SMCO_BR_EVO,Ackley,50,2,-0.07683924610513104,6.798562640324235,158,1073083343
best1bin,GenSA,Ackley,50,2,-1.9480296931106977e-08,4.8481206726282835,300,1073083343
best1bin,DEoptim,Rastrigin,50,18,-397.1550399857557,27.79221873730421,300,1045330318
best1bin,SMCO_R,Ackley,50,2,-0.07329915409318177,9.274020547047257,158,1073083343
best1bin,SPSA,Ackley,50,3,-20.531961468725196,0.15669560618698597,2156,1376058949
best1bin,optimLBFGS,Ackley,50,3,-19.363084962381855,0.3550085034221411,89,1376058949
best1bin,ADAM,Ackley,50,2,-19.31373953856102,8.644219255074859,3942,1073083343
best1bin,SA,Ackley,50,0,-19.22591740922662,18.844385335221887,300,1758196856
best1bin,SignGD,Ackley,50,3,-19.37237171390192,2.6811462864279747,1806,1376058949
best1bin,optimNM,Ackley,50,3,-20.332844412092026,0.505070436745882,2400,1376058949
best1bin,GD,Ackley,50,3,-19.363361630826294,5.751698536798358,3888,1376058949
best1bin,DEoptim,Rastrigin,50,19,-380.31062969078664,27.458577159792185,300,1468294424
best1bin,SMCO,Ackley,50,3,-0.3413167873961176,6.659660229459405,308,1376058949
best1bin,SMCO_R,Ackley,50,3,-0.06910828277566994,6.660935822874308,158,1376058949
best1bin,PSO,Ackley,50,3,-13.763590702357607,0.3801858890801668,300,1376058949
best1bin,SMCO_EVO,Ackley,50,3,-0.3367661715077088,6.675305619835854,308,1376058949
best1bin,SMCO_BR,Ackley,50,3,-0.06539671462365293,6.773897347971797,83,1376058949
best1bin,SMCO_R_EVO,Ackley,50,3,-0.0669427923262238,6.7528494745492935,308,1376058949
best1bin,SMCO_BR_EVO,Ackley,50,3,-0.07728536115453055,6.86620974726975,158,1376058949
best1bin,BOBYQA,Ackley,50,1,-19.348841929846206,17.760702775791287,2400,302802249
best1bin,GA,Ackley,50,3,-6.5844249652947795,0.9809320271015167,300,1376058949
best1bin,ADAM,Ackley,50,3,-19.36308476317549,5.8705401588231325,3932,1376058949
best1bin,SPSA,Ackley,50,4,-20.160737980716092,0.1827594805508852,2510,971522874
best1bin,GenSA,Ackley,50,3,-1.9756886349142633e-08,4.785425398498774,300,1376058949
best1bin,optimLBFGS,Ackley,50,4,-19.470550735764263,0.36029695533216,96,971522874
best1bin,optimNM,Ackley,50,4,-20.527780543031092,0.39094624295830727,2400,971522874
best1bin,SA,Ackley,50,1,-19.64872362406118,18.23129116371274,300,302802249
best1bin,SignGD,Ackley,50,4,-19.481773649192103,3.423609707504511,2305,971522874
best1bin,BOBYQA,Ackley,50,2,-19.351179139581795,16.090083131566644,2400,1073083343
best1bin,GA,Ackley,50,4,-6.719166127007236,0.9928365685045719,300,971522874
best1bin,PSO,Ackley,50,4,-17.33452049219698,0.38422373309731483,300,971522874
best1bin,ADAM,Ackley,50,4,-19.4705507357415,5.888104604557157,3964,971522874
best1bin,GD,Ackley,50,4,-19.470550839979577,5.9980467315763235,4029,971522874
best1bin,SMCO,Ackley,50,4,-0.3811627619824418,6.635331565514207,308,971522874
best1bin,SMCO_R,Ackley,50,4,-0.06806189392205342,6.632586730644107,158,971522874
best1bin,SMCO_EVO,Ackley,50,4,-0.377789043234245,6.668506613001227,308,971522874
best1bin,SMCO_BR,Ackley,50,4,-0.06674454126620732,6.802547890692949,83,971522874
best1bin,GenSA,Ackley,50,4,-1.9276388929512223e-08,4.903072401881218,300,971522874
best1bin,SMCO_BR_EVO,Ackley,50,4,-0.07491892982985648,6.885250365361571,158,971522874
best1bin,SA,Ackley,50,2,-19.65303593999528,17.823733443394303,300,1073083343
best1bin,SPSA,Ackley,50,5,-20.40540657157229,0.12483289651572704,1738,1541453820
best1bin,optimLBFGS,Ackley,50,5,-19.362423331747976,0.3526243604719639,99,1541453820
best1bin,SMCO_R_EVO,Ackley,50,4,-0.07078193956117618,8.38761412911117,308,971522874
best1bin,optimNM,Ackley,50,5,-20.341937189187433,0.38301780819892883,2400,1541453820
best1bin,SignGD,Ackley,50,5,-19.372792576527477,2.6936415154486895,1806,1541453820
best1bin,DEoptim,Ackley,50,0,-0.185084382090285,30.573483906686306,300,1758196856
best1bin,GD,Ackley,50,5,-19.362482284063002,5.003035355359316,3364,1541453820
best1bin,SMCO,Ackley,50,5,-0.37621354097308357,6.727090859785676,308,1541453820
best1bin,GA,Ackley,50,5,-7.1397289343553005,0.989998972043395,300,1541453820
best1bin,ADAM,Ackley,50,5,-19.362423231288265,5.903896344825625,3928,1541453820
best1bin,SMCO_R,Ackley,50,5,-0.0717678469075449,6.655543891713023,158,1541453820
best1bin,SMCO_EVO,Ackley,50,5,-0.3560053830443519,6.65972744859755,308,1541453820
best1bin,PSO,Ackley,50,5,-14.373344222283205,0.49825530499219894,300,1541453820
best1bin,SMCO_BR,Ackley,50,5,-0.07670384493456384,6.846195617690682,83,1541453820
best1bin,SMCO_R_EVO,Ackley,50,5,-0.06967008580252143,6.6398121155798435,308,1541453820
best1bin,SMCO_BR_EVO,Ackley,50,5,-0.076321196728792,6.771602110937238,158,1541453820
best1bin,GenSA,Ackley,50,5,-2.0110129117512088e-08,4.7191112488508224,300,1541453820
best1bin,DEoptim,Ackley,50,1,-0.1122743350156381,30.748841259628534,300,302802249
best1bin,SA,Ackley,50,3,-19.42608458831856,18.244433775544167,300,1376058949
best1bin,SPSA,Ackley,50,6,-19.856061178444094,0.2318758349865675,3167,487299904
best1bin,BOBYQA,Ackley,50,3,-19.39037108916517,18.93214898183942,2400,1376058949
best1bin,optimLBFGS,Ackley,50,6,-19.188392433393357,0.3974873647093773,97,487299904
best1bin,optimNM,Ackley,50,6,-20.005584321314718,0.3866971656680107,2400,487299904
best1bin,SignGD,Ackley,50,6,-19.20007845863058,3.3880365286022425,2305,487299904
best1bin,BOBYQA,Ackley,50,4,-19.498074312683652,16.316086737439036,2400,971522874
best1bin,GA,Ackley,50,6,-7.0472581687820846,0.9864302165806293,300,487299904
best1bin,PSO,Ackley,50,6,-14.007955534637235,0.37914898060262203,300,487299904
best1bin,ADAM,Ackley,50,6,-19.188392242443935,5.765951924026012,3910,487299904
best1bin,GD,Ackley,50,6,-19.188393157250058,6.15667574852705,4199,487299904
best1bin,SMCO,Ackley,50,6,-0.3547977331929073,6.678594566881657,308,487299904
best1bin,SMCO_EVO,Ackley,50,6,-0.34650069720772025,6.663914352655411,308,487299904
best1bin,SMCO_R,Ackley,50,6,-0.0655613737708447,6.727396501228213,158,487299904
best1bin,SMCO_BR,Ackley,50,6,-0.07383786759486854,6.754821598529816,83,487299904
best1bin,GenSA,Ackley,50,6,-1.9765263647997244e-08,4.6878935899585485,300,487299904
best1bin,SMCO_BR_EVO,Ackley,50,6,-0.07766453892901781,6.860547861084342,158,487299904
best1bin,SA,Ackley,50,4,-19.231792242182692,17.982200495898724,300,971522874
best1bin,SPSA,Ackley,50,7,-20.223641760753743,0.1310455147176981,1835,338391265
best1bin,optimLBFGS,Ackley,50,7,-19.336104058621277,0.35577735863626003,96,338391265
best1bin,DEoptim,Ackley,50,2,-0.039658980086436646,30.713115975260735,300,1073083343
best1bin,optimNM,Ackley,50,7,-20.410738292875482,0.3895200490951538,2400,338391265
best1bin,SignGD,Ackley,50,7,-19.34575525854632,2.650838976725936,1806,338391265
best1bin,SMCO_R_EVO,Ackley,50,6,-0.06816841962379572,9.58891368471086,308,487299904
best1bin,BOBYQA,Ackley,50,5,-19.393542587614217,16.157105213031173,2400,1541453820
best1bin,GA,Ackley,50,7,-6.8716576228829265,0.9764740169048309,300,338391265
best1bin,PSO,Ackley,50,7,-6.626039929420028,0.375610388815403,300,338391265
best1bin,GD,Ackley,50,7,-19.336104094953374,6.09932916238904,4140,338391265
best1bin,SMCO,Ackley,50,7,-0.38013892638958113,6.753085108473897,308,338391265
best1bin,ADAM,Ackley,50,7,-19.336104045730824,5.965864725410938,3962,338391265
best1bin,SMCO_R,Ackley,50,7,-0.06818951287304431,6.631211197003722,158,338391265
best1bin,SMCO_BR,Ackley,50,7,-0.07690432711307382,6.720669059082866,83,338391265
best1bin,SMCO_EVO,Ackley,50,7,-0.380233003810329,6.688487607985735,308,338391265
best1bin,GenSA,Ackley,50,7,-1.9424288399960687e-08,5.085811512544751,300,338391265
best1bin,SMCO_R_EVO,Ackley,50,7,-0.0654477959746953,6.675008248537779,308,338391265
best1bin,SMCO_BR_EVO,Ackley,50,7,-0.07412091846502067,6.88401829265058,158,338391265
best1bin,SPSA,Ackley,50,8,-20.5337757406203,0.14446754939854145,1969,2049854445
best1bin,optimLBFGS,Ackley,50,8,-19.39206747114037,0.30130865052342415,79,2049854445
best1bin,SignGD,Ackley,50,8,-19.40329768607684,1.9456465151160955,1307,2049854445
best1bin,optimNM,Ackley,50,8,-20.32517103579939,0.38668165542185307,2400,2049854445
best1bin,SA,Ackley,50,5,-19.514389691830015,19.238159906119108,300,1541453820
best1bin,BOBYQA,Ackley,50,6,-19.211458833935612,16.05472165904939,2400,487299904
best1bin,SMCO,Ackley,50,8,-0.3669253556221084,6.645291628316045,308,2049854445
best1bin,ADAM,Ackley,50,8,-19.39206742958018,5.887367820367217,3960,2049854445
best1bin,GD,Ackley,50,8,-19.39206828429836,6.114089544862509,4130,2049854445
best1bin,SMCO_R,Ackley,50,8,-0.06973670596143622,6.661275144666433,158,2049854445
best1bin,PSO,Ackley,50,8,-17.240965040973215,0.37377710081636906,300,2049854445
best1bin,SMCO_BR,Ackley,50,8,-0.07490070534445481,6.82431142218411,83,2049854445
best1bin,SMCO_R_EVO,Ackley,50,8,-0.06848562488538024,6.666252015158534,308,2049854445
best1bin,SMCO_EVO,Ackley,50,8,-0.3544437627567274,6.746460821479559,308,2049854445
best1bin,GA,Ackley,50,8,-7.264735234814138,0.975379753857851,300,2049854445
best1bin,SMCO_BR_EVO,Ackley,50,8,-0.07522538576706284,6.767164429649711,158,2049854445
best1bin,GenSA,Ackley,50,8,-1.9521625649332464e-08,5.071611389517784,300,2049854445
best1bin,SA,Ackley,50,6,-19.291039835593942,18.349114255979657,300,487299904
best1bin,SPSA,Ackley,50,9,-20.004575484165837,0.19268611446022987,2680,207954026
best1bin,optimLBFGS,Ackley,50,9,-19.447476553722712,0.3663013633340597,94,207954026
best1bin,DEoptim,Ackley,50,4,-0.12387971814123278,30.72102852538228,300,971522874
best1bin,SignGD,Ackley,50,9,-19.517913516364263,1.9231928437948227,1307,207954026
best1bin,DEoptim,Ackley,50,3,-0.2667123572341734,37.795217111706734,300,1376058949
best1bin,optimNM,Ackley,50,9,-20.253005900242727,0.38630347326397896,2400,207954026
best1bin,GD,Ackley,50,9,-19.448240346035156,5.94176028855145,4031,207954026
best1bin,SMCO,Ackley,50,9,-0.36313075645534143,6.69861145876348,308,207954026
best1bin,SMCO_R,Ackley,50,9,-0.07041223814714259,6.655170863494277,158,207954026
best1bin,SMCO_R_EVO,Ackley,50,9,-0.0665155516750322,6.659125426784158,308,207954026
best1bin,SMCO_BR,Ackley,50,9,-0.07561774840158764,6.750976696610451,83,207954026
best1bin,PSO,Ackley,50,9,-6.449621359490912,0.3814397156238556,300,207954026
best1bin,SMCO_EVO,Ackley,50,9,-0.36221786703279024,6.767556792125106,308,207954026
best1bin,ADAM,Ackley,50,9,-19.44747651462509,5.920664938166738,3952,207954026
best1bin,SMCO_BR_EVO,Ackley,50,9,-0.07346655090824727,6.878190999850631,158,207954026
best1bin,GenSA,Ackley,50,9,-1.9293672881559587e-08,4.843438256531954,300,207954026
best1bin,GA,Ackley,50,9,-6.372373210761626,0.977013947442174,300,207954026
best1bin,BOBYQA,Ackley,50,7,-19.414837106682555,19.192132534459233,2400,338391265
best1bin,SPSA,Ackley,50,10,-19.916758773007285,0.20326185785233974,2842,1343475621
best1bin,optimLBFGS,Ackley,50,10,-19.486620403426052,0.34025328047573566,90,1343475621
best1bin,DEoptim,Ackley,50,5,-0.08511466426075076,30.773515067994595,300,1541453820
best1bin,SA,Ackley,50,7,-19.308668034320725,18.008831091225147,300,338391265
best1bin,optimNM,Ackley,50,10,-20.34274921435963,0.39267756044864655,2400,1343475621
best1bin,SignGD,Ackley,50,10,-19.430744117268187,2.6467870585620403,1806,1343475621
best1bin,BOBYQA,Ackley,50,8,-19.424283909782336,17.752707110717893,2400,2049854445
best1bin,GenSA,Ackley,50,10,-1.9477934376510575e-08,4.555774137377739,300,1343475621
best1bin,PSO,Ackley,50,10,-16.168823340131905,0.37425230629742146,300,1343475621
best1bin,ADAM,Ackley,50,10,-19.421927591767155,5.877241348847747,3958,1343475621
best1bin,GA,Ackley,50,10,-6.449251265622095,0.99541787058115,300,1343475621
best1bin,SMCO,Ackley,50,10,-0.36436247644945796,6.640617404133081,308,1343475621
best1bin,GD,Ackley,50,10,-19.42192769013292,6.169656828045845,4140,1343475621
best1bin,SMCO_R,Ackley,50,10,-0.06925619767136526,6.640469264239073,158,1343475621
best1bin,SMCO_R_EVO,Ackley,50,10,-0.06765402008750998,6.774498745799065,308,1343475621
best1bin,SMCO_BR_EVO,Ackley,50,10,-0.07622824039692988,6.87555337138474,158,1343475621
best1bin,SMCO_EVO,Ackley,50,10,-0.38007205692693136,7.503231965005398,308,1343475621
best1bin,SMCO_BR,Ackley,50,10,-0.07436714563797198,7.607085390016437,83,1343475621
best1bin,SPSA,Ackley,50,11,-20.38863592781946,0.16113465279340744,2245,705973978
best1bin,SA,Ackley,50,8,-19.128832412663222,18.41955583356321,300,2049854445
best1bin,optimLBFGS,Ackley,50,11,-19.390882501019885,0.3234706986695528,89,705973978
best1bin,DEoptim,Ackley,50,6,-0.027845397589690624,30.638017861172557,300,487299904
best1bin,optimNM,Ackley,50,11,-20.355663130308265,0.3851104397326708,2400,705973978
best1bin,SignGD,Ackley,50,11,-19.434864574322823,2.6907835360616446,1806,705973978
best1bin,BOBYQA,Ackley,50,9,-19.48493681913199,16.253839263692498,2400,207954026
best1bin,GA,Ackley,50,11,-7.040263250217814,0.9764098096638918,300,705973978
best1bin,PSO,Ackley,50,11,-4.475682473413922,0.3739216923713684,300,705973978
best1bin,SMCO,Ackley,50,11,-0.34541764071719827,6.6098080314695835,308,705973978
best1bin,GenSA,Ackley,50,11,-1.8375431398709452e-08,4.688363458961248,300,705973978
best1bin,SMCO_R,Ackley,50,11,-0.06525986231042724,6.652826966717839,158,705973978
best1bin,SMCO_EVO,Ackley,50,11,-0.3677825403531263,6.6736007034778595,308,705973978
best1bin,SMCO_R_EVO,Ackley,50,11,-0.06024463597636087,6.7878007758408785,308,705973978
best1bin,SMCO_BR,Ackley,50,11,-0.07889923437547752,6.851957032456994,83,705973978
best1bin,SMCO_BR_EVO,Ackley,50,11,-0.06937580795474263,6.752739766612649,158,705973978
best1bin,ADAM,Ackley,50,11,-19.390882500996437,5.85743366740644,3918,705973978
best1bin,GD,Ackley,50,11,-19.39088256110053,6.639299746602774,4461,705973978
best1bin,SPSA,Ackley,50,12,-20.501723754260887,0.10561856627464294,1439,1031283771
best1bin,optimLBFGS,Ackley,50,12,-19.460158460718347,0.3431384786963463,88,1031283771
best1bin,DEoptim,Ackley,50,7,-0.044512423935732404,30.598277557641268,300,338391265
best1bin,optimNM,Ackley,50,12,-20.366800045655697,0.3933756351470947,2400,1031283771
best1bin,SignGD,Ackley,50,12,-19.472187346657257,2.6450405325740576,1806,1031283771
best1bin,BOBYQA,Ackley,50,10,-19.450867027320033,15.317720152437687,2400,1343475621
best1bin,SA,Ackley,50,9,-19.50148020072665,23.273070191964507,300,207954026
best1bin,GenSA,Ackley,50,12,-2.0024547797703462e-08,4.722165171056986,300,1031283771
best1bin,GD,Ackley,50,12,-19.460159248366487,5.830110028386116,3914,1031283771
best1bin,SMCO,Ackley,50,12,-0.35965551240300586,6.626728743314743,308,1031283771
best1bin,ADAM,Ackley,50,12,-19.460158331224246,5.951745903119445,3952,1031283771
best1bin,SMCO_R,Ackley,50,12,-0.07085277054658734,6.649070307612419,158,1031283771
best1bin,SMCO_EVO,Ackley,50,12,-0.36714678443267745,6.6463273130357265,308,1031283771
best1bin,PSO,Ackley,50,12,-4.250739738503338,0.4244722444564104,300,1031283771
best1bin,SMCO_BR,Ackley,50,12,-0.07904621953308721,6.767008079215884,83,1031283771
best1bin,GA,Ackley,50,12,-6.772305728253803,0.9772745594382286,300,1031283771
best1bin,SMCO_R_EVO,Ackley,50,12,-0.06026720088954862,6.678469356149435,308,1031283771
best1bin,SMCO_BR_EVO,Ackley,50,12,-0.06620224915515083,6.869277618825436,158,1031283771
best1bin,SA,Ackley,50,10,-19.435931516417643,18.697275523096323,300,1343475621
best1bin,SPSA,Ackley,50,13,-20.286499026803796,0.21322383917868137,2944,2060688600
best1bin,optimLBFGS,Ackley,50,13,-19.456798329668754,0.31892961263656616,83,2060688600
best1bin,optimNM,Ackley,50,13,-20.245550997189138,0.3824035357683897,2400,2060688600
best1bin,DEoptim,Ackley,50,8,-0.25138360038315755,31.01811085268855,300,2049854445
best1bin,SignGD,Ackley,50,13,-19.466810935827215,3.4269988276064396,2305,2060688600
best1bin,ADAM,Ackley,50,13,-19.456797128298202,5.859124265611172,3938,2060688600
best1bin,GenSA,Ackley,50,13,-1.961964146701689e-08,4.802721520885825,300,2060688600
best1bin,SMCO,Ackley,50,13,-0.34166403024002934,6.69135488756001,308,2060688600
best1bin,DEoptim,Ackley,50,9,-0.15454802099356657,30.257500510662794,300,207954026
best1bin,SMCO_R,Ackley,50,13,-0.06404078152365189,6.626391548663378,158,2060688600
best1bin,PSO,Ackley,50,13,-15.055266880034884,0.3815671559423208,300,2060688600
best1bin,SMCO_R_EVO,Ackley,50,13,-0.06503193250189243,6.662042398005724,308,2060688600
best1bin,GD,Ackley,50,13,-19.456797222382782,6.967971356585622,4122,2060688600
best1bin,GA,Ackley,50,13,-6.90783159966734,0.9779860563576221,300,2060688600
best1bin,BOBYQA,Ackley,50,11,-19.42915163668048,18.79088039882481,2400,705973978
best1bin,SA,Ackley,50,11,-19.29341245701707,18.542654279619455,300,705973978
best1bin,SMCO_BR_EVO,Ackley,50,13,-0.07574935222235313,8.284835323691368,158,2060688600
best1bin,SPSA,Ackley,50,14,-20.354128634634446,0.31696927919983864,4338,1658406150
best1bin,SMCO_BR,Ackley,50,13,-0.06793463944876565,8.859059451147914,83,2060688600
best1bin,SMCO_EVO,Ackley,50,13,-0.36778900386332625,8.781562129035592,308,2060688600
best1bin,optimLBFGS,Ackley,50,14,-19.31268030603839,0.31869555823504925,88,1658406150
best1bin,SignGD,Ackley,50,14,-19.3245728965972,1.9344789814203978,1307,1658406150
best1bin,optimNM,Ackley,50,14,-20.324782545894433,0.38364544324576855,2400,1658406150
best1bin,BOBYQA,Ackley,50,12,-19.489933045197468,17.295960184186697,2400,1031283771
best1bin,GA,Ackley,50,14,-6.949722295776452,0.9923714082688093,300,1658406150
best1bin,SMCO,Ackley,50,14,-0.36565496949560883,6.7022830825299025,308,1658406150
best1bin,SMCO_R,Ackley,50,14,-0.07148222752213629,6.734155399724841,158,1658406150
best1bin,PSO,Ackley,50,14,-13.825753104904306,0.3804228622466326,300,1658406150
best1bin,SMCO_R_EVO,Ackley,50,14,-0.07224634419510112,6.663812516257167,308,1658406150
best1bin,SMCO_EVO,Ackley,50,14,-0.3905249794749328,6.712061572819948,308,1658406150
best1bin,ADAM,Ackley,50,14,-19.31268016639873,5.881839899346232,3958,1658406150
best1bin,DEoptim,Ackley,50,10,-0.07564542285991793,30.173671532422304,300,1343475621
best1bin,GenSA,Ackley,50,14,-1.9653811467179594e-08,4.710666440427303,300,1658406150
best1bin,SMCO_BR_EVO,Ackley,50,14,-0.07654020299168751,6.80388829857111,158,1658406150
best1bin,GD,Ackley,50,14,-19.312680287353462,7.067818887531757,4800,1658406150
best1bin,SPSA,Ackley,50,15,-20.551043180422194,0.08905747532844543,1226,1339219110
best1bin,optimLBFGS,Ackley,50,15,-19.305618340980764,0.33636304922401905,94,1339219110
best1bin,SA,Ackley,50,12,-19.129721524104212,18.24699448235333,300,1031283771
best1bin,optimNM,Ackley,50,15,-20.22214166473054,0.3827008605003357,2400,1339219110
best1bin,SMCO_BR,Ackley,50,14,-0.07284422560014692,9.496119778603315,83,1658406150
best1bin,SignGD,Ackley,50,15,-19.31201187126327,2.6919490844011307,1806,1339219110
best1bin,BOBYQA,Ackley,50,13,-19.48415599905177,17.452561661601067,2400,2060688600
best1bin,GA,Ackley,50,15,-6.684104420110696,0.9965321626514196,300,1339219110
best1bin,PSO,Ackley,50,15,-13.3613385289961,0.3796175420284271,300,1339219110
best1bin,ADAM,Ackley,50,15,-19.30561831284635,5.824667474254966,3932,1339219110
best1bin,SMCO,Ackley,50,15,-0.3306397503970513,6.713762499392033,308,1339219110
best1bin,SMCO_R,Ackley,50,15,-0.06844499404849147,6.7513792384415865,158,1339219110
best1bin,SMCO_BR,Ackley,50,15,-0.07565414880162935,6.815469453111291,83,1339219110
best1bin,GenSA,Ackley,50,15,-1.979758623704697e-08,4.793109327554703,300,1339219110
best1bin,SMCO_EVO,Ackley,50,15,-0.3806541554197733,6.634688057005405,308,1339219110
best1bin,SMCO_R_EVO,Ackley,50,15,-0.06525654546171866,6.726291358470917,308,1339219110
best1bin,SMCO_BR_EVO,Ackley,50,15,-0.07377939867173611,6.794989190995693,158,1339219110
best1bin,GD,Ackley,50,15,-19.3059370946144,7.034115547314286,4800,1339219110
best1bin,SPSA,Ackley,50,16,-20.578339308621235,0.09366669692099094,1299,1428844295
best1bin,DEoptim,Ackley,50,11,-0.06629779347733278,30.8020772151649,300,705973978
best1bin,optimLBFGS,Ackley,50,16,-19.391580487299315,0.36785198375582695,96,1428844295
best1bin,optimNM,Ackley,50,16,-20.401705914684698,0.3842592667788267,2400,1428844295
best1bin,SA,Ackley,50,13,-18.65245994904277,18.304570369422436,300,2060688600
best1bin,SignGD,Ackley,50,16,-19.401817481790562,2.678241167217493,1806,1428844295
best1bin,GD,Ackley,50,16,-19.39157987722584,5.608381005004048,3802,1428844295
best1bin,BOBYQA,Ackley,50,14,-19.34087398282333,17.248367879539728,2400,1658406150
best1bin,ADAM,Ackley,50,16,-19.39157987724116,5.8836810402572155,3952,1428844295
best1bin,GenSA,Ackley,50,16,-2.0484432372569472e-08,4.798073580488563,300,1428844295
best1bin,PSO,Ackley,50,16,-14.018789259018096,0.3765961993485689,300,1428844295
best1bin,SMCO_R,Ackley,50,16,-0.06784766071668757,6.642360547557473,158,1428844295
best1bin,SMCO,Ackley,50,16,-0.3544859188284062,6.727418726310134,308,1428844295
best1bin,SMCO_BR,Ackley,50,16,-0.075701370251267,6.8131714053452015,83,1428844295
best1bin,GA,Ackley,50,16,-6.870988449082519,0.9801657311618328,300,1428844295
best1bin,SMCO_EVO,Ackley,50,16,-0.3483510141291366,6.729572961106896,308,1428844295
best1bin,SMCO_R_EVO,Ackley,50,16,-0.06505377299570769,6.73761029727757,308,1428844295
best1bin,SMCO_BR_EVO,Ackley,50,16,-0.07532179182194598,6.764348464086652,158,1428844295
best1bin,SPSA,Ackley,50,17,-20.243980555214996,0.21815057657659054,3055,1638370930
best1bin,DEoptim,Ackley,50,12,-0.36318265673925554,30.356583815068007,300,1031283771
best1bin,optimLBFGS,Ackley,50,17,-19.385407661446038,0.3303665742278099,91,1638370930
best1bin,optimNM,Ackley,50,17,-20.21910480655051,0.38274129666388035,2400,1638370930
best1bin,SA,Ackley,50,14,-19.551320418665213,18.7784211859107,300,1658406150
best1bin,SignGD,Ackley,50,17,-19.415630329687506,2.695221494883299,1806,1638370930
best1bin,GD,Ackley,50,17,-19.38644169726673,5.431138904765248,3707,1638370930
best1bin,GenSA,Ackley,50,17,-1.9140735663114583e-08,4.632795624434948,300,1638370930
best1bin,ADAM,Ackley,50,17,-19.385407511208303,5.897383799776435,3952,1638370930
best1bin,PSO,Ackley,50,17,-14.053447784186124,0.3731144443154335,300,1638370930
best1bin,SMCO,Ackley,50,17,-0.3184908477327757,6.623641651123762,308,1638370930
best1bin,BOBYQA,Ackley,50,15,-19.327432955972878,18.100745445117354,2400,1339219110
best1bin,SMCO_R,Ackley,50,17,-0.07229186425007272,6.597788015380502,158,1638370930
best1bin,GA,Ackley,50,17,-6.159084307101843,0.976986039429903,300,1638370930
best1bin,SMCO_EVO,Ackley,50,17,-0.38352169918783163,6.646793492138386,308,1638370930
best1bin,SMCO_BR,Ackley,50,17,-0.07887262232756997,6.768821315839887,83,1638370930
best1bin,SMCO_R_EVO,Ackley,50,17,-0.07369414522214912,6.757363060489297,308,1638370930
best1bin,DEoptim,Ackley,50,13,-0.08112826538183926,29.647859252989292,300,2060688600
best1bin,SMCO_BR_EVO,Ackley,50,17,-0.07211085511568571,6.859706860035658,158,1638370930
best1bin,SPSA,Ackley,50,18,-20.112092437880634,0.2145252786576748,2965,1453271538
best1bin,optimLBFGS,Ackley,50,18,-19.4152884528712,0.30043864250183105,83,1453271538
best1bin,optimNM,Ackley,50,18,-20.274037096269094,0.39015419222414494,2400,1453271538
best1bin,SA,Ackley,50,15,-19.486059125345722,18.304783202707767,300,1339219110
best1bin,SignGD,Ackley,50,18,-19.42650597353409,2.6730005126446486,1806,1453271538
best1bin,BOBYQA,Ackley,50,16,-19.408524611551172,17.53135179542005,2400,1428844295
best1bin,ADAM,Ackley,50,18,-19.41528844965834,5.917683728039265,3940,1453271538
best1bin,GenSA,Ackley,50,18,-2.0835071001812366e-08,4.974115448072553,300,1453271538
best1bin,SMCO,Ackley,50,18,-0.3468503712954534,6.713379301130772,308,1453271538
best1bin,SMCO_R,Ackley,50,18,-0.06405342311927287,6.670961672440171,158,1453271538
best1bin,DEoptim,Ackley,50,14,-0.049595570546860035,30.20858938060701,300,1658406150
best1bin,SMCO_EVO,Ackley,50,18,-0.3711738257598367,6.679356951266527,308,1453271538
best1bin,PSO,Ackley,50,18,-5.558826108474637,0.3812926821410656,300,1453271538
best1bin,SMCO_BR,Ackley,50,18,-0.08164574501575617,6.763520380482078,83,1453271538
best1bin,SMCO_R_EVO,Ackley,50,18,-0.06683219823525777,6.648959489539266,308,1453271538
best1bin,GA,Ackley,50,18,-6.843576472131607,0.998256865888834,300,1453271538
best1bin,SMCO_BR_EVO,Ackley,50,18,-0.07924294532855969,6.79623793438077,158,1453271538
best1bin,SPSA,Ackley,50,19,-20.29349243416138,0.19719923846423626,2744,1243640658
best1bin,GD,Ackley,50,18,-19.42391671009794,7.058602845296264,4800,1453271538
best1bin,SA,Ackley,50,16,-19.181975999805555,18.59309607371688,300,1428844295
best1bin,optimLBFGS,Ackley,50,19,-19.420101790931085,0.33608619309961796,86,1243640658
best1bin,optimNM,Ackley,50,19,-20.262885420333028,0.39815210737288,2400,1243640658
best1bin,SignGD,Ackley,50,19,-19.431548601925645,2.6547458339482546,1806,1243640658
best1bin,BOBYQA,Ackley,50,17,-19.4160562226406,17.454304227605462,2400,1638370930
best1bin,GenSA,Ackley,50,19,-1.9439852838587512e-08,4.72972222045064,300,1243640658
best1bin,GD,Ackley,50,19,-19.420101520929332,5.793423350900412,3942,1243640658
best1bin,PSO,Ackley,50,19,-9.22869629287814,0.47076431661844254,300,1243640658
best1bin,ADAM,Ackley,50,19,-19.42010148116321,5.957614136859775,3966,1243640658
best1bin,GA,Ackley,50,19,-6.787359268830016,0.9763132631778717,300,1243640658
best1bin,SMCO_EVO,Ackley,50,19,-0.35072565130736466,6.6405799854546785,308,1243640658
best1bin,SMCO_R,Ackley,50,19,-0.06983849659932817,6.726266629993916,158,1243640658
best1bin,SMCO_BR,Ackley,50,19,-0.07905170623689317,6.748104186728597,83,1243640658
best1bin,SMCO_R_EVO,Ackley,50,19,-0.06752279473630596,6.688295545056462,308,1243640658
best1bin,SMCO_BR_EVO,Ackley,50,19,-0.07434181123390049,6.872396692633629,158,1243640658
best1bin,SA,Ackley,50,17,-19.215930230362336,18.526074454188347,300,1638370930
best1bin,SPSA,Rosenbrock,50,0,-4659352.241517704,0.09202181734144688,1617,1119737176
best1bin,DEoptim,Ackley,50,15,-0.05724095576549404,30.615545768290758,300,1339219110
best1bin,SignGD,Rosenbrock,50,0,-152.5289007708275,1.3554774541407824,1307,1119737176
best1bin,SMCO,Ackley,50,19,-0.36211466666535275,8.494392538443208,308,1243640658
best1bin,optimNM,Rosenbrock,50,0,-3567693.9123782804,0.2841103747487068,2400,1119737176
best1bin,optimLBFGS,Rosenbrock,50,0,-9.327683575671595e-08,2.5695340409874916,1018,1119737176
best1bin,BOBYQA,Ackley,50,18,-19.447008725935277,16.098401729017496,2400,1453271538
best1bin,SMCO,Rosenbrock,50,0,-9.822498791697324,4.56221991032362,308,1119737176
best1bin,SMCO_R,Rosenbrock,50,0,-1.8112929157049855,4.571358317509294,158,1119737176
best1bin,PSO,Rosenbrock,50,0,-223633.67659396565,0.2573584206402302,300,1119737176
best1bin,SMCO_EVO,Rosenbrock,50,0,-10.570946002130738,4.550503790378571,308,1119737176
best1bin,SMCO_BR,Rosenbrock,50,0,-53.83117204342615,4.665349965915084,83,1119737176
best1bin,GA,Rosenbrock,50,0,-1085.775490607633,0.8262692615389824,300,1119737176
best1bin,SMCO_R_EVO,Rosenbrock,50,0,-70.72307384121109,4.596120031550527,308,1119737176
best1bin,SMCO_BR_EVO,Rosenbrock,50,0,-39.00046529667004,4.674989150837064,158,1119737176
best1bin,GD,Rosenbrock,50,0,-163.78373377184747,4.861378563567996,4800,1119737176
best1bin,GenSA,Rosenbrock,50,0,-1.7808977955755517e-05,3.468193808570504,300,1119737176
best1bin,ADAM,Rosenbrock,50,0,-1015071.4274612005,5.010093035176396,4800,1119737176
best1bin,SPSA,Rosenbrock,50,1,-5579629.43993925,0.14655539393424988,2569,2121000757
best1bin,SignGD,Rosenbrock,50,1,-278.04140615654586,1.3372440934181213,1307,2121000757
best1bin,DEoptim,Ackley,50,16,-0.11097517762662124,30.3279497474432,300,1428844295
best1bin,optimNM,Rosenbrock,50,1,-4157306.289260071,0.2850545458495617,2400,2121000757
best1bin,optimLBFGS,Rosenbrock,50,1,-2.0221167240669013e-08,2.6972845681011677,1030,2121000757
best1bin,SMCO,Rosenbrock,50,1,-12.712571263253922,4.539155857637525,308,2121000757
best1bin,SMCO_R,Rosenbrock,50,1,-1.3372987575985453,4.583758436143398,158,2121000757
best1bin,SMCO_BR,Rosenbrock,50,1,-36.67960605245231,4.5932390838861465,83,2121000757
best1bin,SMCO_EVO,Rosenbrock,50,1,-10.626674397412275,4.627127379179001,308,2121000757
best1bin,SMCO_R_EVO,Rosenbrock,50,1,-27.345044038702927,4.573270780965686,308,2121000757
best1bin,PSO,Rosenbrock,50,1,-221082.9261864129,0.26011435128748417,300,2121000757
best1bin,SMCO_BR_EVO,Rosenbrock,50,1,-38.118610758893,4.65170956030488,158,2121000757
best1bin,SA,Ackley,50,18,-19.48040472664265,21.241303907707334,300,1453271538
best1bin,GA,Rosenbrock,50,1,-859.4475052166903,0.8187422379851341,300,2121000757
best1bin,GD,Rosenbrock,50,1,-326.05988260887426,4.970537146553397,4800,2121000757
best1bin,ADAM,Rosenbrock,50,1,-1301227.9822551725,5.048046471551061,4800,2121000757
best1bin,GenSA,Rosenbrock,50,1,-3.9866238560176486,3.3638921603560448,300,2121000757
best1bin,SignGD,Rosenbrock,50,2,-208.81771561747536,1.3727578967809677,1307,401074330
best1bin,SPSA,Rosenbrock,50,2,-4256803.789818891,0.10752394236624241,1874,401074330
best1bin,BOBYQA,Ackley,50,19,-19.446790647299377,17.817285815253854,2400,1243640658
best1bin,SA,Ackley,50,19,-19.28566345693457,18.52199816145003,300,1243640658
best1bin,optimNM,Rosenbrock,50,2,-3196212.8056853097,0.29505174420773983,2400,401074330
best1bin,SMCO,Rosenbrock,50,2,-10.960372465702847,4.579413378611207,308,401074330
best1bin,SMCO_R,Rosenbrock,50,2,-1.8018628196706885,4.5611931793391705,158,401074330
best1bin,SMCO_BR,Rosenbrock,50,2,-24.22125440952613,4.583629252389073,83,401074330
best1bin,DEoptim,Ackley,50,17,-0.07256829950324262,30.401376832276583,300,1638370930
best1bin,SMCO_EVO,Rosenbrock,50,2,-10.685186738652916,4.57962017133832,308,401074330
best1bin,PSO,Rosenbrock,50,2,-335134.5720814873,0.26551264338195324,300,401074330
best1bin,SMCO_BR_EVO,Rosenbrock,50,2,-34.79572895468218,4.634793270379305,158,401074330
best1bin,GA,Rosenbrock,50,2,-914.5422098299254,0.8230728153139353,300,401074330
best1bin,optimLBFGS,Rosenbrock,50,2,-1.068141747580205e-07,2.9130394868552685,1126,401074330
best1bin,GD,Rosenbrock,50,2,-215.9580818184138,4.986160466447473,4800,401074330
best1bin,ADAM,Rosenbrock,50,2,-915043.9246741496,5.014937866479158,4800,401074330
best1bin,SMCO_R_EVO,Rosenbrock,50,2,-31.43221204974348,6.448567107319832,308,401074330
best1bin,GenSA,Rosenbrock,50,2,-7.461428562785501e-10,3.2188288494944572,300,401074330
best1bin,SignGD,Rosenbrock,50,3,-260.48609025051417,1.888475451618433,1307,285390872
best1bin,SPSA,Rosenbrock,50,3,-3501900.007539898,0.14320559427142143,1906,285390872
best1bin,SMCO,Rosenbrock,50,3,-11.698369114885416,4.5165630634874105,308,285390872
best1bin,SMCO_R,Rosenbrock,50,3,-33.36692857281464,4.657801939174533,158,285390872
best1bin,SMCO_BR,Rosenbrock,50,3,-22.54058505778624,4.562390897423029,83,285390872
best1bin,optimNM,Rosenbrock,50,3,-2779865.17118328,0.28674992732703686,2400,285390872
best1bin,SMCO_EVO,Rosenbrock,50,3,-9.942155019721506,4.527219692245126,308,285390872
best1bin,SMCO_R_EVO,Rosenbrock,50,3,-33.13976028100987,4.653896050527692,308,285390872
best1bin,SMCO_BR_EVO,Rosenbrock,50,3,-95.24712272377465,4.696321707218885,158,285390872
best1bin,PSO,Rosenbrock,50,3,-169717.03220424216,0.2640270125120878,300,285390872
best1bin,GA,Rosenbrock,50,3,-1064.5214622607957,0.8456267677247524,300,285390872
best1bin,GD,Rosenbrock,50,3,-341.18861306030465,4.9738202933222055,4800,285390872
best1bin,DEoptim,Ackley,50,18,-0.09010252889669035,31.734166711568832,300,1453271538
best1bin,ADAM,Rosenbrock,50,3,-649419.494355325,5.059920342639089,4800,285390872
best1bin,GenSA,Rosenbrock,50,3,-3.5958886453173973e-10,3.218696840107441,300,285390872
best1bin,optimLBFGS,Rosenbrock,50,3,-1.1736438916169004e-07,4.572896771132946,1398,285390872
best1bin,BOBYQA,Rosenbrock,50,0,-102328.22164507901,22.8719069249928,2400,1119737176
best1bin,SMCO,Rosenbrock,50,4,-10.108211853694522,4.638877680525184,308,1597020703
best1bin,SMCO_R,Rosenbrock,50,4,-1.4562379092275706,4.659883122891188,158,1597020703
best1bin,SPSA,Rosenbrock,50,4,-4618497.84169102,0.13575329445302486,2334,1597020703
best1bin,SignGD,Rosenbrock,50,4,-79.42992214091208,1.3873252272605896,1307,1597020703
best1bin,SMCO_BR,Rosenbrock,50,4,-9.428288970941116,4.69416974298656,83,1597020703
best1bin,optimNM,Rosenbrock,50,4,-3709457.7561720493,0.2864674273878336,2400,1597020703
best1bin,SMCO_EVO,Rosenbrock,50,4,-10.023042861151067,4.661250298842788,308,1597020703
best1bin,SMCO_R_EVO,Rosenbrock,50,4,-29.311016958104865,4.713306212797761,308,1597020703
best1bin,SMCO_BR_EVO,Rosenbrock,50,4,-37.12208860117892,4.609727680683136,158,1597020703
best1bin,DEoptim,Ackley,50,19,-0.05687858655297662,30.632941618561745,300,1243640658
best1bin,PSO,Rosenbrock,50,4,-167328.73038057858,0.25700933299958706,300,1597020703
best1bin,GA,Rosenbrock,50,4,-852.8403073675054,0.8199941758066416,300,1597020703
best1bin,optimLBFGS,Rosenbrock,50,4,-9.79480693626179e-08,2.5674095135182142,1001,1597020703
best1bin,BOBYQA,Rosenbrock,50,1,-101812.93605543055,22.194919602945447,2400,2121000757
best1bin,GenSA,Rosenbrock,50,4,-5.297385396767981,3.465420890599489,300,1597020703
best1bin,ADAM,Rosenbrock,50,4,-974855.7385843653,5.048861024901271,4800,1597020703
best1bin,GD,Rosenbrock,50,4,-116.00260164369166,6.925900958478451,4800,1597020703
best1bin,DEoptim,Rosenbrock,50,0,-47.16261428082307,27.138060936704278,300,1119737176
best1bin,SignGD,Rosenbrock,50,5,-209.011298532465,1.3681110460311174,1307,1986140176
best1bin,SMCO,Rosenbrock,50,5,-12.132515057802436,4.548388313502073,308,1986140176
best1bin,SPSA,Rosenbrock,50,5,-3660899.675982913,0.13928082771599293,2496,1986140176
best1bin,SMCO_R,Rosenbrock,50,5,-1.3702548701135653,4.530853234231472,158,1986140176
best1bin,SMCO_BR,Rosenbrock,50,5,-29.58055738374257,4.679745705798268,83,1986140176
best1bin,optimNM,Rosenbrock,50,5,-2828470.6440354586,0.2895040921866894,2400,1986140176
best1bin,SMCO_EVO,Rosenbrock,50,5,-10.586015826189108,4.507196795195341,308,1986140176
best1bin,SMCO_R_EVO,Rosenbrock,50,5,-18.561947099180987,4.664090888574719,308,1986140176
best1bin,BOBYQA,Rosenbrock,50,2,-72226.01995480199,21.9677267447114,2400,401074330
best1bin,SMCO_BR_EVO,Rosenbrock,50,5,-37.13163125840768,4.701547248288989,158,1986140176
best1bin,optimLBFGS,Rosenbrock,50,5,-9.945840305313531e-08,2.2919311244040728,927,1986140176
best1bin,PSO,Rosenbrock,50,5,-58415.432654883414,0.2645220123231411,300,1986140176
best1bin,GA,Rosenbrock,50,5,-845.4463622740727,0.8249602690339088,300,1986140176
best1bin,DEoptim,Rosenbrock,50,1,-47.8029794004619,26.41563732177019,300,2121000757
best1bin,GenSA,Rosenbrock,50,5,-4.5258728788506193e-10,3.3339880630373955,300,1986140176
best1bin,GD,Rosenbrock,50,5,-376.0820936913337,6.904816700145602,4800,1986140176
best1bin,ADAM,Rosenbrock,50,5,-786743.951687313,5.03619852848351,4800,1986140176
best1bin,SA,Rosenbrock,50,0,-1.0122691021284084e-10,35.85990957170725,300,1119737176
best1bin,SMCO,Rosenbrock,50,6,-9.603540155577786,4.542587570846081,308,1315031634
best1bin,SMCO_R,Rosenbrock,50,6,-1.845778042106588,4.622745763510466,158,1315031634
best1bin,SignGD,Rosenbrock,50,6,-161.07887894079772,1.3365056402981281,1307,1315031634
best1bin,SPSA,Rosenbrock,50,6,-4277289.340648412,0.15720172971487045,2736,1315031634
best1bin,SMCO_BR,Rosenbrock,50,6,-79.33001243099316,4.566472977399826,83,1315031634
best1bin,optimNM,Rosenbrock,50,6,-3223085.3277913923,0.28033993393182755,2400,1315031634
best1bin,SMCO_EVO,Rosenbrock,50,6,-8.968778122890367,4.575346799567342,308,1315031634
best1bin,BOBYQA,Rosenbrock,50,3,-36805.50933089272,21.81700132600963,2400,285390872
best1bin,SMCO_R_EVO,Rosenbrock,50,6,-25.038239821619943,4.634896419942379,308,1315031634
best1bin,DEoptim,Rosenbrock,50,2,-47.02165177609391,27.533160595223308,300,401074330
best1bin,GA,Rosenbrock,50,6,-1015.9906599798867,0.8463861718773842,300,1315031634
best1bin,PSO,Rosenbrock,50,6,-390182.64623630245,0.2596437633037567,300,1315031634
best1bin,optimLBFGS,Rosenbrock,50,6,-4.710236641689165e-08,2.610674012452364,1064,1315031634
best1bin,GD,Rosenbrock,50,6,-126.05546706192372,4.974760297685862,4800,1315031634
best1bin,SMCO_BR_EVO,Rosenbrock,50,6,-43.66338898343851,6.503648687154055,158,1315031634
best1bin,GenSA,Rosenbrock,50,6,-2.9380376611827663,3.428824631497264,300,1315031634
best1bin,ADAM,Rosenbrock,50,6,-957747.4360418707,4.995339088141918,4800,1315031634
best1bin,SA,Rosenbrock,50,1,-1.2486377185197908e-10,36.546518014743924,300,2121000757
best1bin,DEoptim,Rosenbrock,50,3,-102.17955416658963,26.22593793645501,300,285390872
best1bin,SMCO,Rosenbrock,50,7,-11.577835624854893,4.610324701294303,308,177930642
best1bin,SPSA,Rosenbrock,50,7,-4970944.27448472,0.09663785994052887,1681,177930642
best1bin,SMCO_R,Rosenbrock,50,7,-1.9225254569808015,4.5872115585953,158,177930642
best1bin,SignGD,Rosenbrock,50,7,-140.89669963182973,1.3670486379414797,1307,177930642
best1bin,SMCO_BR,Rosenbrock,50,7,-36.50432504361772,4.5983712580055,83,177930642
best1bin,SMCO_EVO,Rosenbrock,50,7,-33.263607129610754,4.625570982694626,308,177930642
best1bin,optimNM,Rosenbrock,50,7,-3778589.513953077,0.2868491876870394,2400,177930642
best1bin,SMCO_BR_EVO,Rosenbrock,50,7,-29.325883850925127,4.6613141763955355,158,177930642
best1bin,BOBYQA,Rosenbrock,50,4,-67587.10205174753,22.79787860251963,2400,1597020703
best1bin,PSO,Rosenbrock,50,7,-223434.4293042517,0.2655496597290039,300,177930642
best1bin,optimLBFGS,Rosenbrock,50,7,-1.0223287438542279e-07,2.613994438201189,1044,177930642
best1bin,GA,Rosenbrock,50,7,-887.2607096925376,0.8281017877161503,300,177930642
best1bin,GD,Rosenbrock,50,7,-220.65882090169293,4.933446137234569,4800,177930642
best1bin,SMCO_R_EVO,Rosenbrock,50,7,-21.64708124018874,6.435220789164305,308,177930642
best1bin,GenSA,Rosenbrock,50,7,-0.004687472836214141,3.4275691602379084,300,177930642
best1bin,ADAM,Rosenbrock,50,7,-1135237.1131245466,4.928394287824631,4800,177930642
best1bin,SA,Rosenbrock,50,2,-6.90022559949578e-11,36.78988292440772,300,401074330
best1bin,SignGD,Rosenbrock,50,8,-506.80564959710506,1.3693211432546377,1307,1805203638
best1bin,SMCO,Rosenbrock,50,8,-11.320846655527186,4.633689073845744,308,1805203638
best1bin,SMCO_BR,Rosenbrock,50,8,-8.910426549893426,4.611724488437176,83,1805203638
best1bin,SMCO_R,Rosenbrock,50,8,-1.4627014186462057,4.650764079764485,158,1805203638
best1bin,SPSA,Rosenbrock,50,8,-3953748.483559886,0.1841412764042616,3191,1805203638
best1bin,SMCO_EVO,Rosenbrock,50,8,-8.495044123820977,4.589946091175079,308,1805203638
best1bin,optimNM,Rosenbrock,50,8,-2949734.7820336395,0.2864645905792713,2400,1805203638
best1bin,DEoptim,Rosenbrock,50,4,-50.72460777980549,27.481189431622624,300,1597020703
best1bin,BOBYQA,Rosenbrock,50,5,-87847.19874403454,22.028813460841775,2400,1986140176
best1bin,SMCO_BR_EVO,Rosenbrock,50,8,-28.879187833072322,4.645576747134328,158,1805203638
best1bin,PSO,Rosenbrock,50,8,-279549.70956072124,0.26057269237935543,300,1805203638
best1bin,GA,Rosenbrock,50,8,-843.4191283980127,0.8252942282706499,300,1805203638
best1bin,GD,Rosenbrock,50,8,-390.8747522551141,4.858486074954271,4800,1805203638
best1bin,optimLBFGS,Rosenbrock,50,8,-7.536232927418323e-08,2.5056765228509903,1006,1805203638
best1bin,SMCO_R_EVO,Rosenbrock,50,8,-9.996835225141142,6.439815511927009,308,1805203638
best1bin,SA,Rosenbrock,50,3,-7.986184095616282e-11,37.10129488632083,300,285390872
best1bin,GenSA,Rosenbrock,50,8,-1.5922149866875303e-09,3.13444347307086,300,1805203638
best1bin,ADAM,Rosenbrock,50,8,-886907.1608957696,5.025130495429039,4800,1805203638
best1bin,SignGD,Rosenbrock,50,9,-236.83314586865652,1.3638885784894228,1307,1076661710
best1bin,SMCO,Rosenbrock,50,9,-10.663181396560375,4.568689169362187,308,1076661710
best1bin,SPSA,Rosenbrock,50,9,-3330559.5622471375,0.1564850676804781,2744,1076661710
best1bin,SMCO_R,Rosenbrock,50,9,-1.4577860331404258,4.587481860071421,158,1076661710
best1bin,SMCO_BR,Rosenbrock,50,9,-1.6859718393559073,4.614894863218069,83,1076661710
best1bin,optimNM,Rosenbrock,50,9,-2438596.068870543,0.27956873551011086,2400,1076661710
best1bin,SMCO_EVO,Rosenbrock,50,9,-9.11720243388264,4.56488124653697,308,1076661710
best1bin,SMCO_BR_EVO,Rosenbrock,50,9,-95.47386427699449,4.7158091850578785,158,1076661710
best1bin,GD,Rosenbrock,50,9,-230.8294378418043,4.925441294908524,4800,1076661710
best1bin,optimLBFGS,Rosenbrock,50,9,-5.751714529896334e-08,2.1896252408623695,883,1076661710
best1bin,DEoptim,Rosenbrock,50,5,-110.72658456469189,27.609278613701463,300,1986140176
best1bin,PSO,Rosenbrock,50,9,-393650.9957790159,0.26094559766352177,300,1076661710
best1bin,BOBYQA,Rosenbrock,50,6,-89510.2726882666,22.743566907942295,2400,1315031634
best1bin,GA,Rosenbrock,50,9,-862.997056646431,0.8233876526355743,300,1076661710
best1bin,SMCO_R_EVO,Rosenbrock,50,9,-31.19638448075787,6.4615175891667604,308,1076661710
best1bin,SA,Rosenbrock,50,4,-7.309418511215496e-11,36.39152495004237,300,1597020703
best1bin,ADAM,Rosenbrock,50,9,-691016.1256708857,5.016957314684987,4800,1076661710
best1bin,GenSA,Rosenbrock,50,9,-0.750143712079739,3.4053142592310905,300,1076661710
best1bin,SignGD,Rosenbrock,50,10,-239.5610610070801,1.342409435659647,1307,1619532864
best1bin,SMCO,Rosenbrock,50,10,-10.313522872530243,4.622840575873852,308,1619532864
best1bin,SPSA,Rosenbrock,50,10,-5044856.33628965,0.12528868950903416,2203,1619532864
best1bin,SMCO_R,Rosenbrock,50,10,-1.7922781892885904,4.53073837980628,158,1619532864
best1bin,SMCO_BR,Rosenbrock,50,10,-1.7694382882145296,4.6627883315086365,83,1619532864
best1bin,SMCO_EVO,Rosenbrock,50,10,-11.556249092403448,4.5268757455050945,308,1619532864
best1bin,optimNM,Rosenbrock,50,10,-3687540.4160096226,0.2873648088425398,2400,1619532864
best1bin,DEoptim,Rosenbrock,50,6,-50.39159814842643,26.68191258609295,300,1315031634
best1bin,SMCO_BR_EVO,Rosenbrock,50,10,-36.78220071149839,4.706827519461513,158,1619532864
best1bin,GD,Rosenbrock,50,10,-316.80021948209605,4.958566032350063,4800,1619532864
best1bin,GA,Rosenbrock,50,10,-887.4430037253899,0.839931657537818,300,1619532864
best1bin,PSO,Rosenbrock,50,10,-316241.63122707634,0.26569458842277527,300,1619532864
best1bin,BOBYQA,Rosenbrock,50,7,-115352.60084382318,22.360469859093428,2400,177930642
best1bin,optimLBFGS,Rosenbrock,50,10,-1.643242107951188e-07,2.371801855042577,939,1619532864
best1bin,SMCO_R_EVO,Rosenbrock,50,10,-23.80531946650613,6.425741348415613,308,1619532864
best1bin,SA,Rosenbrock,50,5,-1.081802316826128e-10,35.795431196689606,300,1986140176
best1bin,ADAM,Rosenbrock,50,10,-1213887.9951374014,4.919035339727998,4800,1619532864
best1bin,GenSA,Rosenbrock,50,10,-1.1354280096001355,3.384515965357423,300,1619532864
best1bin,SignGD,Rosenbrock,50,11,-74.90768600420638,1.3432885184884071,1307,957333877
best1bin,SMCO,Rosenbrock,50,11,-11.7346156470359,4.631161717697978,308,957333877
best1bin,SMCO_R,Rosenbrock,50,11,-1.3856433450767174,4.622146395966411,158,957333877
best1bin,SMCO_BR,Rosenbrock,50,11,-43.210125371503345,4.565736558288336,83,957333877
best1bin,SPSA,Rosenbrock,50,11,-3910561.0886321287,0.14983503706753254,2626,957333877
best1bin,SMCO_EVO,Rosenbrock,50,11,-8.851235968847654,4.604989441111684,308,957333877
best1bin,optimNM,Rosenbrock,50,11,-2854252.8293001307,0.2874177601188421,2400,957333877
best1bin,SMCO_BR_EVO,Rosenbrock,50,11,-37.100341817245514,4.650050321593881,158,957333877
best1bin,DEoptim,Rosenbrock,50,7,-47.812329672530105,27.181537674739957,300,177930642
best1bin,GA,Rosenbrock,50,11,-590.6960040876188,0.841604558750987,300,957333877
best1bin,GD,Rosenbrock,50,11,-181.25254020574715,4.8578090108931065,4800,957333877
best1bin,PSO,Rosenbrock,50,11,-280247.5315472393,0.2620823886245489,300,957333877
best1bin,SA,Rosenbrock,50,6,-1.0514748753128253e-10,35.38202342391014,300,1315031634
best1bin,SMCO_R_EVO,Rosenbrock,50,11,-33.2047914690199,6.412509355694056,308,957333877
best1bin,optimLBFGS,Rosenbrock,50,11,-1.912153876313944e-07,2.6993752475827932,1059,957333877
best1bin,BOBYQA,Rosenbrock,50,8,-25477.712304406585,22.628799548372626,2400,1805203638
best1bin,ADAM,Rosenbrock,50,11,-890344.1521406445,4.9665620643645525,4800,957333877
best1bin,GenSA,Rosenbrock,50,11,-4.757766819356425,3.4589362163096666,300,957333877
best1bin,SignGD,Rosenbrock,50,12,-99.0089649195926,1.373357491567731,1307,2006086311
best1bin,SMCO,Rosenbrock,50,12,-9.551619708350966,4.552632808685303,308,2006086311
best1bin,SPSA,Rosenbrock,50,12,-3586879.658270939,0.15869303047657013,2852,2006086311
best1bin,SMCO_R,Rosenbrock,50,12,-2.1765963087618,4.6518722623586655,158,2006086311
best1bin,SMCO_BR,Rosenbrock,50,12,-80.53066965861625,4.590201733633876,83,2006086311
best1bin,optimNM,Rosenbrock,50,12,-2600249.3303913665,0.2752187941223383,2400,2006086311
best1bin,SMCO_R_EVO,Rosenbrock,50,12,-27.99627194686889,4.679230870679021,308,2006086311
best1bin,SMCO_BR_EVO,Rosenbrock,50,12,-83.06998721318061,4.753369115293026,158,2006086311
best1bin,GD,Rosenbrock,50,12,-268.5439494829072,4.934179753065109,4800,2006086311
best1bin,DEoptim,Rosenbrock,50,8,-106.28346929434738,27.332803273573518,300,1805203638
best1bin,BOBYQA,Rosenbrock,50,9,-83318.33324433131,21.994712345302105,2400,1076661710
best1bin,SMCO_EVO,Rosenbrock,50,12,-26.751941909542825,6.3865466844290495,308,2006086311
best1bin,PSO,Rosenbrock,50,12,-535097.7564248379,0.26484354212880135,300,2006086311
best1bin,optimLBFGS,Rosenbrock,50,12,-1.336801665393838e-07,2.7063998747617006,1096,2006086311
best1bin,GA,Rosenbrock,50,12,-809.9894095216287,0.8256238792091608,300,2006086311
best1bin,SA,Rosenbrock,50,7,-9.300191161687652e-11,36.46390971541405,300,177930642
best1bin,ADAM,Rosenbrock,50,12,-793703.0689697395,5.027527369558811,4800,2006086311
best1bin,GenSA,Rosenbrock,50,12,-3.9866238578768227,3.2813766188919544,300,2006086311
best1bin,SignGD,Rosenbrock,50,13,-239.55093673929198,1.3438346087932587,1307,440383467
best1bin,SMCO,Rosenbrock,50,13,-10.975903633798247,4.5073829889297485,308,440383467
best1bin,SPSA,Rosenbrock,50,13,-4108774.5618210644,0.13005736470222473,2295,440383467
best1bin,SMCO_BR,Rosenbrock,50,13,-73.66177017564941,4.728585781529546,83,440383467
best1bin,SMCO_EVO,Rosenbrock,50,13,-10.727996298807083,4.535546014085412,308,440383467
best1bin,SMCO_R_EVO,Rosenbrock,50,13,-15.178415185849719,4.590963512659073,308,440383467
best1bin,optimNM,Rosenbrock,50,13,-3429185.878570285,0.27884225361049175,2400,440383467
best1bin,SMCO_BR_EVO,Rosenbrock,50,13,-94.72858978778225,4.700267126783729,158,440383467
best1bin,DEoptim,Rosenbrock,50,9,-48.44900587460492,27.08660787716508,300,1076661710
best1bin,SMCO_R,Rosenbrock,50,13,-69.4691890757552,6.402634063735604,158,440383467
best1bin,GD,Rosenbrock,50,13,-339.0360280278348,4.952781975269318,4800,440383467
best1bin,PSO,Rosenbrock,50,13,-225331.0169827254,0.348945589736104,300,440383467
best1bin,BOBYQA,Rosenbrock,50,10,-84684.64566335003,22.20587831363082,2400,1619532864
best1bin,optimLBFGS,Rosenbrock,50,13,-1.0120064276334455e-07,2.5504152216017246,1043,440383467
best1bin,GA,Rosenbrock,50,13,-872.230227850562,0.8461830597370863,300,440383467
best1bin,ADAM,Rosenbrock,50,13,-932866.297649238,5.007324706763029,4800,440383467
best1bin,SA,Rosenbrock,50,8,-1.0564084467614558e-10,36.37847519107163,300,1805203638
best1bin,GenSA,Rosenbrock,50,13,-0.05912991712953125,3.3838908802717924,300,440383467
best1bin,SignGD,Rosenbrock,50,14,-145.04328847480232,1.3521357588469982,1307,1125102255
best1bin,SMCO,Rosenbrock,50,14,-14.06481466824475,4.630248999223113,308,1125102255
best1bin,SPSA,Rosenbrock,50,14,-3980690.6247753147,0.10391835309565067,1824,1125102255
best1bin,SMCO_EVO,Rosenbrock,50,14,-9.44399176999064,4.514089772477746,308,1125102255
best1bin,SMCO_BR,Rosenbrock,50,14,-24.65914722675975,4.6174630504101515,83,1125102255
best1bin,optimNM,Rosenbrock,50,14,-3056198.1881148824,0.28149132058024406,2400,1125102255
best1bin,SMCO_R_EVO,Rosenbrock,50,14,-27.337147636981246,4.662190483883023,308,1125102255
best1bin,SMCO_BR_EVO,Rosenbrock,50,14,-39.752828388399195,4.615478964522481,158,1125102255
best1bin,DEoptim,Rosenbrock,50,10,-52.031865952604846,27.34745500423014,300,1619532864
best1bin,SMCO_R,Rosenbrock,50,14,-1.4083921965996464,6.368222698569298,158,1125102255
best1bin,GD,Rosenbrock,50,14,-332.75916173868734,4.978994842618704,4800,1125102255
best1bin,BOBYQA,Rosenbrock,50,11,-52776.436170709225,21.953666241839528,2400,957333877
best1bin,PSO,Rosenbrock,50,14,-395302.6786306846,0.3487337362021208,300,1125102255
best1bin,GA,Rosenbrock,50,14,-909.437145992505,0.824004527181387,300,1125102255
best1bin,optimLBFGS,Rosenbrock,50,14,-7.487011839589702e-08,2.5180938504636288,999,1125102255
best1bin,SA,Rosenbrock,50,9,-1.3266288517013672e-10,35.69975521788001,300,1076661710
best1bin,ADAM,Rosenbrock,50,14,-927670.0023459515,4.967842033132911,4800,1125102255
best1bin,GenSA,Rosenbrock,50,14,-1.0552562021347488e-09,3.139024356380105,300,1125102255
best1bin,SignGD,Rosenbrock,50,15,-211.5841216408746,1.3500722795724869,1307,191089557
best1bin,SMCO,Rosenbrock,50,15,-11.91060763994899,4.618255514651537,308,191089557
best1bin,SMCO_R,Rosenbrock,50,15,-1.5634197075673466,4.55495922639966,158,191089557
best1bin,SMCO_EVO,Rosenbrock,50,15,-12.831501002025835,4.53333480283618,308,191089557
best1bin,SPSA,Rosenbrock,50,15,-4213897.033553856,0.20683131366968155,3638,191089557
best1bin,optimNM,Rosenbrock,50,15,-3284291.1948458413,0.2884973883628845,2400,191089557
best1bin,SMCO_R_EVO,Rosenbrock,50,15,-72.40822858585412,4.63959701731801,308,191089557
best1bin,DEoptim,Rosenbrock,50,11,-109.71331825163504,26.936350433155894,300,957333877
best1bin,SMCO_BR_EVO,Rosenbrock,50,15,-85.23204151326806,4.6509379129856825,158,191089557
best1bin,GD,Rosenbrock,50,15,-514.7342799492314,4.906881937757134,4800,191089557
best1bin,GA,Rosenbrock,50,15,-891.2082007345739,0.8235331121832132,300,191089557
best1bin,SMCO_BR,Rosenbrock,50,15,-83.11936859112309,6.4128589034080505,83,191089557
best1bin,PSO,Rosenbrock,50,15,-167202.67997842014,0.25632163882255554,300,191089557
best1bin,optimLBFGS,Rosenbrock,50,15,-1.3806119428467057e-07,2.2312204763293266,905,191089557
best1bin,BOBYQA,Rosenbrock,50,12,-71106.5600549244,22.6814445797354,2400,2006086311
best1bin,ADAM,Rosenbrock,50,15,-916437.5655698878,4.968411140143871,4800,191089557
best1bin,SA,Rosenbrock,50,10,-8.776530472803999e-11,36.093096911907196,300,1619532864
best1bin,GenSA,Rosenbrock,50,15,-1.9587171019262827e-09,3.3207978680729866,300,191089557
best1bin,SignGD,Rosenbrock,50,16,-152.9745288770786,1.3656494691967964,1307,944059549
best1bin,SMCO,Rosenbrock,50,16,-9.809947743672335,4.541026223450899,308,944059549
best1bin,SPSA,Rosenbrock,50,16,-2743465.375116137,0.14809145592153072,2668,944059549
best1bin,SMCO_BR,Rosenbrock,50,16,-10.473598155060266,4.582557808607817,83,944059549
best1bin,SMCO_EVO,Rosenbrock,50,16,-17.69231928239053,4.546456264331937,308,944059549
best1bin,optimNM,Rosenbrock,50,16,-2034970.2350428817,0.28002399392426014,2400,944059549
best1bin,SMCO_R_EVO,Rosenbrock,50,16,-24.036351358153677,4.6426056157797575,308,944059549
best1bin,SMCO_BR_EVO,Rosenbrock,50,16,-87.48755890154693,4.63065248914063,158,944059549
best1bin,SMCO_R,Rosenbrock,50,16,-34.12575153821795,6.360334178432822,158,944059549
best1bin,GD,Rosenbrock,50,16,-401.43105386496813,5.002479875460267,4800,944059549
best1bin,PSO,Rosenbrock,50,16,-56865.03434202995,0.26595781929790974,300,944059549
best1bin,DEoptim,Rosenbrock,50,12,-53.732303720293125,28.006619542837143,300,2006086311
best1bin,optimLBFGS,Rosenbrock,50,16,-6.436654018481185e-08,2.6359144430607557,1064,944059549
best1bin,GA,Rosenbrock,50,16,-786.1580673953888,1.1284130327403545,300,944059549
best1bin,BOBYQA,Rosenbrock,50,13,-76070.28119445851,22.91380230896175,2400,440383467
best1bin,GenSA,Rosenbrock,50,16,-6.010954758895367e-10,3.1114097852259874,300,944059549
best1bin,ADAM,Rosenbrock,50,16,-522421.6489576952,5.043298572301865,4800,944059549
best1bin,SA,Rosenbrock,50,11,-8.326579801326417e-11,36.929589645937085,300,957333877
best1bin,SignGD,Rosenbrock,50,17,-79.49522000129515,1.3822577130049467,1307,292178471
best1bin,SMCO,Rosenbrock,50,17,-10.947214471317157,4.692642191424966,308,292178471
best1bin,SPSA,Rosenbrock,50,17,-5622394.022237147,0.15736105665564537,2746,292178471
best1bin,SMCO_R,Rosenbrock,50,17,-9.15810108600588,4.705195175483823,158,292178471
best1bin,SMCO_BR,Rosenbrock,50,17,-35.38083551020744,4.584899054840207,83,292178471
best1bin,optimNM,Rosenbrock,50,17,-4385345.161266614,0.2806735020130873,2400,292178471
best1bin,SMCO_R_EVO,Rosenbrock,50,17,-33.26916580621943,4.7467083893716335,308,292178471
best1bin,DEoptim,Rosenbrock,50,13,-48.3745166136279,26.719222463667393,300,440383467
best1bin,SMCO_BR_EVO,Rosenbrock,50,17,-22.34627942727867,4.604957403615117,158,292178471
best1bin,GD,Rosenbrock,50,17,-371.0008260097565,5.019222347065806,4800,292178471
best1bin,PSO,Rosenbrock,50,17,-203831.36986607546,0.2651955373585224,300,292178471
best1bin,optimLBFGS,Rosenbrock,50,17,-8.852539019770385e-08,1.9457651991397142,769,292178471
best1bin,GA,Rosenbrock,50,17,-732.238503540855,0.8204284198582172,300,292178471
best1bin,SMCO_EVO,Rosenbrock,50,17,-10.730213244407382,6.358631193637848,308,292178471
best1bin,BOBYQA,Rosenbrock,50,14,-79178.07487653136,22.17200099863112,2400,1125102255
best1bin,SA,Rosenbrock,50,12,-1.0829847690791785e-10,36.3099263664335,300,2006086311
best1bin,ADAM,Rosenbrock,50,17,-1357829.0951695645,5.055391062051058,4800,292178471
best1bin,GenSA,Rosenbrock,50,17,-0.018515984604154538,3.3980790339410305,300,292178471
best1bin,SignGD,Rosenbrock,50,18,-148.17191804684134,1.3327194266021252,1307,1365370332
best1bin,SMCO,Rosenbrock,50,18,-12.777498446004527,4.639550760388374,308,1365370332
best1bin,SMCO_BR,Rosenbrock,50,18,-26.067333767554985,4.5775707475841045,83,1365370332
best1bin,SMCO_R,Rosenbrock,50,18,-34.86852209561609,4.675431655719876,158,1365370332
best1bin,SMCO_R_EVO,Rosenbrock,50,18,-26.20334599090068,4.558995423838496,308,1365370332
best1bin,SPSA,Rosenbrock,50,18,-2959090.1345443204,0.24018096551299095,4206,1365370332
best1bin,optimNM,Rosenbrock,50,18,-2133693.6421672567,0.2791866008192301,2400,1365370332
best1bin,DEoptim,Rosenbrock,50,14,-102.30260079799292,26.192121805623174,300,1125102255
best1bin,SMCO_BR_EVO,Rosenbrock,50,18,-39.99218537111082,4.701426573097706,158,1365370332
best1bin,BOBYQA,Rosenbrock,50,15,-80971.23276315528,21.783373661339283,2400,191089557
best1bin,GD,Rosenbrock,50,18,-390.5040618543753,4.968853037804365,4800,1365370332
best1bin,SMCO_EVO,Rosenbrock,50,18,-10.590351091723974,6.388616599142551,308,1365370332
best1bin,PSO,Rosenbrock,50,18,-489171.26378683676,0.2596592102199793,300,1365370332
best1bin,GA,Rosenbrock,50,18,-1079.9310355683613,0.8384248372167349,300,1365370332
best1bin,SA,Rosenbrock,50,13,-7.075154640244029e-11,35.77799324132502,300,440383467
best1bin,optimLBFGS,Rosenbrock,50,18,-5.551871178359466e-08,3.086142161861062,1250,1365370332
best1bin,GenSA,Rosenbrock,50,18,-7.018884109334482e-10,3.206995889544487,300,1365370332
best1bin,ADAM,Rosenbrock,50,18,-552960.7290949898,4.938296617940068,4800,1365370332
best1bin,SignGD,Rosenbrock,50,19,-311.4551683598805,1.3267360366880894,1307,1769702579
best1bin,SMCO_BR,Rosenbrock,50,19,-77.26338720592005,4.562788994982839,83,1769702579
best1bin,SMCO,Rosenbrock,50,19,-10.290286659183309,4.627900253981352,308,1769702579
best1bin,SPSA,Rosenbrock,50,19,-3426290.8833659035,0.1128059159964323,1982,1769702579
best1bin,SMCO_EVO,Rosenbrock,50,19,-10.54974887086091,4.617129439488053,308,1769702579
best1bin,optimNM,Rosenbrock,50,19,-2479400.8938159784,0.2834821827709675,2400,1769702579
best1bin,SMCO_R_EVO,Rosenbrock,50,19,-28.79547172285414,4.5824261493980885,308,1769702579
best1bin,SMCO_BR_EVO,Rosenbrock,50,19,-34.51012366835752,4.63380466029048,158,1769702579
best1bin,DEoptim,Rosenbrock,50,15,-122.64452330141256,27.08073540404439,300,191089557
best1bin,GD,Rosenbrock,50,19,-264.35046337839793,4.965695280581713,4800,1769702579
best1bin,SMCO_R,Rosenbrock,50,19,-1.762483080438736,6.399828908964992,158,1769702579
best1bin,BOBYQA,Rosenbrock,50,16,-38909.46295377554,21.987438613548875,2400,944059549
best1bin,PSO,Rosenbrock,50,19,-115109.73632481706,0.2620296683162451,300,1769702579
best1bin,GA,Rosenbrock,50,19,-846.9922207173589,0.8258649650961161,300,1769702579
best1bin,optimLBFGS,Rosenbrock,50,19,-8.307848055586857e-08,2.637482289224863,1030,1769702579
best1bin,SA,Rosenbrock,50,14,-3.986623854562086,35.753552205860615,300,1125102255
best1bin,ADAM,Rosenbrock,50,19,-735292.3110071641,4.935212539508939,4800,1769702579
best1bin,GenSA,Rosenbrock,50,19,-3.404759715550657,3.4766290299594402,300,1769702579
best1bin,SignGD,Griewank,50,0,-1121.4872059369584,2.121294643729925,1806,1277616696
best1bin,SMCO_R,Griewank,50,0,-0.12736295142298992,4.857036119326949,158,1277616696
best1bin,SPSA,Griewank,50,0,-1221.0215877626047,0.18105831183493137,2975,1277616696
best1bin,SMCO_EVO,Griewank,50,0,-0.8285905145850678,4.861282531172037,308,1277616696
best1bin,SMCO_BR,Griewank,50,0,-0.16892505908796107,5.137886818498373,83,1277616696
best1bin,optimLBFGS,Griewank,50,0,-1.2747255473399832e-09,0.29018272273242474,76,1277616696
best1bin,optimNM,Griewank,50,0,-1126.6994198129041,0.31024081259965897,2400,1277616696
best1bin,SMCO_R_EVO,Griewank,50,0,-0.12035272569693523,5.071660816669464,308,1277616696
best1bin,DEoptim,Rosenbrock,50,16,-113.68640164886206,26.78825163654983,300,944059549
best1bin,SMCO_BR_EVO,Griewank,50,0,-0.1235763442533484,5.184953883290291,158,1277616696
best1bin,PSO,Griewank,50,0,-2.8460532611190663,0.3076156545430422,300,1277616696
best1bin,GD,Griewank,50,0,-912.6659892098766,5.40194515325129,4800,1277616696
best1bin,SMCO,Griewank,50,0,-0.8047687485565147,6.929970374330878,308,1277616696
best1bin,GA,Griewank,50,0,-10.585109158326334,0.8708664514124393,300,1277616696
best1bin,BOBYQA,Rosenbrock,50,17,-84196.90796109529,22.814459575340152,2400,292178471
best1bin,GenSA,Griewank,50,0,-3.964697348202151e-09,2.911148378625512,300,1277616696
best1bin,SA,Rosenbrock,50,15,-9.485931735980796e-11,36.64552448876202,300,191089557
best1bin,ADAM,Griewank,50,0,-1202.3678659796735,5.665471589192748,4800,1277616696
best1bin,SMCO_R,Griewank,50,1,-0.1137206183441195,4.763669919222593,158,566780982
best1bin,SMCO,Griewank,50,1,-0.7342048399174893,5.098920030519366,308,566780982
best1bin,SignGD,Griewank,50,1,-1210.6602809573794,1.5449000000953674,1307,566780982
best1bin,SPSA,Griewank,50,1,-1241.5091520012654,0.19037354737520218,3053,566780982
best1bin,SMCO_EVO,Griewank,50,1,-0.7639020219641665,4.825599579140544,308,566780982
best1bin,optimLBFGS,Griewank,50,1,-1.6082973175457482e-08,0.38537317886948586,99,566780982
best1bin,optimNM,Griewank,50,1,-1169.0745240856018,0.29985388927161694,2400,566780982
best1bin,SMCO_R_EVO,Griewank,50,1,-0.13599230793597827,5.10722790658474,308,566780982
best1bin,SMCO_BR_EVO,Griewank,50,1,-0.12378113230886068,4.9343749806284904,158,566780982
best1bin,BOBYQA,Rosenbrock,50,18,-45684.69942492821,22.32410654425621,2400,1365370332
best1bin,SMCO_BR,Griewank,50,1,-0.10824689476013716,7.016256088390946,83,566780982
best1bin,GA,Griewank,50,1,-7.445917958260889,0.8695812113583088,300,566780982
best1bin,GD,Griewank,50,1,-928.3292249712458,5.574873302131891,4800,566780982
best1bin,PSO,Griewank,50,1,-91.19070131330689,0.30353973247110844,300,566780982
best1bin,DEoptim,Rosenbrock,50,17,-50.32968630282924,28.67647948116064,300,292178471
best1bin,GenSA,Griewank,50,1,-2.2925028542175596e-10,2.960904525592923,300,566780982
best1bin,SA,Rosenbrock,50,16,-7.559545124415356e-11,36.73131995275617,300,944059549
best1bin,ADAM,Griewank,50,1,-1222.329280903257,5.505098046734929,4800,566780982
best1bin,SignGD,Griewank,50,2,-1176.2210795975009,1.4954605493694544,1307,88855235
best1bin,SMCO_R,Griewank,50,2,-0.1128079550517832,4.8253714963793755,158,88855235
best1bin,SPSA,Griewank,50,2,-1224.5601023140357,0.21467855758965015,3544,88855235
best1bin,DEoptim,Rosenbrock,50,18,-41.12179577740703,26.970745908096433,300,1365370332
best1bin,SMCO_BR,Griewank,50,2,-0.12696362087209156,5.239018063992262,83,88855235
best1bin,SMCO_EVO,Griewank,50,2,-0.780889725768013,5.168583417311311,308,88855235
best1bin,optimLBFGS,Griewank,50,2,-1.1947506206588798e-08,0.3157338220626116,86,88855235
best1bin,optimNM,Griewank,50,2,-1135.4056701667698,0.30561415292322636,2400,88855235
best1bin,SMCO_R_EVO,Griewank,50,2,-0.13230832196123254,5.1696649845689535,308,88855235
best1bin,BOBYQA,Rosenbrock,50,19,-63966.01604317438,21.873133823275566,2400,1769702579
best1bin,SMCO_BR_EVO,Griewank,50,2,-0.14345910202851508,5.267443869262934,158,88855235
best1bin,PSO,Griewank,50,2,-3.4634122685355915,0.30063016526401043,300,88855235
best1bin,SMCO,Griewank,50,2,-0.8007405073231223,6.908798787742853,308,88855235
best1bin,GA,Griewank,50,2,-9.986682382337555,0.8940522372722626,300,88855235
best1bin,GD,Griewank,50,2,-915.3610421154441,5.643761921674013,4800,88855235
best1bin,GenSA,Griewank,50,2,-1.0566781893928123e-09,2.9737716782838106,300,88855235
best1bin,SA,Rosenbrock,50,17,-7.504307326734303e-11,37.19001601450145,300,292178471
best1bin,ADAM,Griewank,50,2,-1206.1883381177242,5.533175302669406,4800,88855235
best1bin,SMCO_R,Griewank,50,3,-0.13848391929471482,4.799322593957186,158,613048780
best1bin,SMCO,Griewank,50,3,-0.8090853980096036,5.07190746255219,308,613048780
best1bin,SPSA,Griewank,50,3,-1241.8860580377611,0.16753436997532845,2671,613048780
best1bin,DEoptim,Rosenbrock,50,19,-47.371369984769565,26.4358423165977,300,1769702579
best1bin,SMCO_EVO,Griewank,50,3,-0.8123896937124,5.105421839281917,308,613048780
best1bin,optimLBFGS,Griewank,50,3,-3.4366876011659997e-10,0.461862176656723,117,613048780
best1bin,SMCO_R_EVO,Griewank,50,3,-0.0917545115520082,5.1194583754986525,308,613048780
best1bin,optimNM,Griewank,50,3,-1143.985815591816,0.31256621330976486,2400,613048780
best1bin,SignGD,Griewank,50,3,-1171.630297206381,2.5933831334114075,2305,613048780
best1bin,SMCO_BR_EVO,Griewank,50,3,-0.1660034414698971,5.24171207472682,158,613048780
best1bin,GA,Griewank,50,3,-9.010872342960255,0.87326530367136,300,613048780
best1bin,SA,Rosenbrock,50,18,-7.26368649563833e-11,35.73723647557199,300,1365370332
best1bin,BOBYQA,Griewank,50,0,-166.3492910226498,22.690487219020724,2400,1277616696
best1bin,SMCO_BR,Griewank,50,3,-0.12924246298062192,7.041993768885732,83,613048780
best1bin,PSO,Griewank,50,3,-1.5835961777607372,0.30436891689896584,300,613048780
best1bin,GD,Griewank,50,3,-928.4571213320249,5.654521886259317,4800,613048780
best1bin,GenSA,Griewank,50,3,-5.583841167222658e-10,2.9784673675894737,300,613048780
best1bin,SA,Griewank,50,0,-2.8008040331428674e-10,23.42361976020038,300,1277616696
best1bin,ADAM,Griewank,50,3,-1223.0711442031647,5.457123341038823,4800,613048780
best1bin,SignGD,Griewank,50,4,-1408.9438483195859,2.7183204740285873,2305,42369045
best1bin,SPSA,Griewank,50,4,-1518.868366527065,0.23443994112312794,3731,42369045
best1bin,SMCO,Griewank,50,4,-0.749990655512232,4.788045395165682,308,42369045
best1bin,optimLBFGS,Griewank,50,4,-6.361916549124658e-10,0.3916688356548548,98,42369045
best1bin,SMCO_R,Griewank,50,4,-0.12489899512457892,4.825520157814026,158,42369045
best1bin,optimNM,Griewank,50,4,-1416.5972318107017,0.3097525741904974,2400,42369045
best1bin,SMCO_BR,Griewank,50,4,-0.11448090403000799,4.913414167240262,83,42369045
best1bin,SMCO_R_EVO,Griewank,50,4,-0.11815503977396691,5.095818042755127,308,42369045
best1bin,GA,Griewank,50,4,-10.116030853949875,0.8927394207566977,300,42369045
best1bin,SMCO_BR_EVO,Griewank,50,4,-0.12871531647988388,5.246233424171805,158,42369045
best1bin,PSO,Griewank,50,4,-93.4927564825952,0.30535622127354145,300,42369045
best1bin,SA,Rosenbrock,50,19,-9.650314208292981e-11,35.193324415013194,300,1769702579
best1bin,GD,Griewank,50,4,-1134.8671280148658,5.611987471580505,4800,42369045
best1bin,SA,Griewank,50,1,-4.249217644414216e-10,22.535241171717644,300,566780982
best1bin,SMCO_EVO,Griewank,50,4,-0.7791317296335245,6.93959042057395,308,42369045
best1bin,DEoptim,Griewank,50,0,-0.10803732456658999,28.98355688713491,300,1277616696
best1bin,BOBYQA,Griewank,50,1,-129.65293427791312,23.518580531701446,2400,566780982
best1bin,GenSA,Griewank,50,4,-0.039458690334965074,2.9979506880044937,300,42369045
best1bin,ADAM,Griewank,50,4,-1498.0497378607,5.430151456966996,4800,42369045
best1bin,SPSA,Griewank,50,5,-1233.4538641571648,0.15856077894568443,2600,1684629731
best1bin,optimLBFGS,Griewank,50,5,-4.095070615939278e-09,0.34015199542045593,93,1684629731
best1bin,SignGD,Griewank,50,5,-1132.3098611076207,2.1551440693438053,1806,1684629731
best1bin,optimNM,Griewank,50,5,-1139.793181046367,0.31335048377513885,2400,1684629731
best1bin,SMCO_BR,Griewank,50,5,-0.16036634153681273,4.878564655780792,83,1684629731
best1bin,SMCO,Griewank,50,5,-0.8182995645382369,5.131421087309718,308,1684629731
best1bin,SMCO_R,Griewank,50,5,-0.11691861658303793,5.118352271616459,158,1684629731
best1bin,SMCO_R_EVO,Griewank,50,5,-0.110146112376729,4.81517843529582,308,1684629731
best1bin,SMCO_EVO,Griewank,50,5,-0.8087957452092369,5.097677581012249,308,1684629731
best1bin,PSO,Griewank,50,5,-181.80355597968963,0.29724513180553913,300,1684629731
best1bin,GA,Griewank,50,5,-10.725388607865101,0.8918267842382193,300,1684629731
best1bin,GD,Griewank,50,5,-921.6500149737082,5.650743804872036,4800,1684629731
best1bin,GenSA,Griewank,50,5,-1.3996194203613754e-09,2.9774782452732325,300,1684629731
best1bin,ADAM,Griewank,50,5,-1214.1633337710582,5.462972924113274,4800,1684629731
best1bin,SA,Griewank,50,2,-4.5093540013141364e-10,22.347399288788438,300,88855235
best1bin,SMCO_BR_EVO,Griewank,50,5,-0.13727829633704003,7.055164596065879,158,1684629731
best1bin,DEoptim,Griewank,50,1,-0.038471526080553486,28.74907319806516,300,566780982
best1bin,BOBYQA,Griewank,50,2,-180.8687487497505,22.624817442148924,2400,88855235
best1bin,SPSA,Griewank,50,6,-1197.1396502099572,0.2363650295883417,3896,1820019912
best1bin,optimLBFGS,Griewank,50,6,-9.135354583911237e-09,0.23383531160652637,63,1820019912
best1bin,SMCO_R,Griewank,50,6,-0.11275157868709706,4.8092836774885654,158,1820019912
best1bin,SignGD,Griewank,50,6,-1139.2468445339478,2.9058511331677437,1806,1820019912
best1bin,SMCO,Griewank,50,6,-0.8348529051773914,5.156488511711359,308,1820019912
best1bin,optimNM,Griewank,50,6,-1122.0033973828592,0.3019901867955923,2400,1820019912
best1bin,SMCO_BR,Griewank,50,6,-0.14727557047044293,5.295369856059551,83,1820019912
best1bin,SMCO_EVO,Griewank,50,6,-0.7936041071912902,5.20633470825851,308,1820019912
best1bin,SMCO_BR_EVO,Griewank,50,6,-0.1264331241748925,4.939855080097914,158,1820019912
best1bin,PSO,Griewank,50,6,-91.11190782921845,0.30654526501893997,300,1820019912
best1bin,SMCO_R_EVO,Griewank,50,6,-0.1268197824719054,5.242186140269041,308,1820019912
best1bin,GA,Griewank,50,6,-10.170325665570529,0.9060213919728994,300,1820019912
best1bin,GD,Griewank,50,6,-895.3856338905479,5.396454760804772,4800,1820019912
best1bin,ADAM,Griewank,50,6,-1179.2277153911896,5.786735504865646,4800,1820019912
best1bin,DEoptim,Griewank,50,2,-0.1623161374236335,28.40260091237724,300,88855235
best1bin,BOBYQA,Griewank,50,3,-133.47036032933448,22.539363503456116,2400,613048780
best1bin,GenSA,Griewank,50,6,-8.493731273873095e-10,3.8588615637272596,300,1820019912
best1bin,SA,Griewank,50,3,-2.830603529346831e-10,23.67770734615624,300,613048780
best1bin,SPSA,Griewank,50,7,-1113.2660496882545,0.2002095803618431,3170,449929952
best1bin,optimLBFGS,Griewank,50,7,-3.688158667358721e-10,0.3204875234514475,78,449929952
best1bin,SMCO,Griewank,50,7,-0.8317982111729547,4.785245906561613,308,449929952
best1bin,SignGD,Griewank,50,7,-1020.7693007377551,2.5998791810125113,2305,449929952
best1bin,optimNM,Griewank,50,7,-1020.9044812865234,0.30349934101104736,2400,449929952
best1bin,SMCO_R,Griewank,50,7,-0.12555282911821253,5.226149369031191,158,449929952
best1bin,SMCO_BR,Griewank,50,7,-0.15443042532956153,5.332674575969577,83,449929952
best1bin,SMCO_EVO,Griewank,50,7,-0.7475006020295558,5.236023271456361,308,449929952
best1bin,PSO,Griewank,50,7,-3.214814497665977,0.30841478519141674,300,449929952
best1bin,SMCO_R_EVO,Griewank,50,7,-0.10388972518055739,4.836154764518142,308,449929952
best1bin,GA,Griewank,50,7,-11.432850134892865,0.8989917039871216,300,449929952
best1bin,SMCO_BR_EVO,Griewank,50,7,-0.15897408564479332,5.324508106335998,158,449929952
best1bin,GD,Griewank,50,7,-831.9691861369416,5.68073352240026,4800,449929952
best1bin,GenSA,Griewank,50,7,-3.491197886340558e-09,2.919091083109379,300,449929952
best1bin,BOBYQA,Griewank,50,4,-311.00215705775986,22.472251504659653,2400,42369045
best1bin,DEoptim,Griewank,50,3,-0.1601983980190641,29.193643808364868,300,613048780
best1bin,ADAM,Griewank,50,7,-1095.6916878927677,7.763733206316829,4800,449929952
best1bin,SA,Griewank,50,4,-3.177058616188333e-10,23.816682988777757,300,42369045
best1bin,SPSA,Griewank,50,8,-1127.7099514849626,0.18732547760009766,2967,1323267174
best1bin,SMCO_R,Griewank,50,8,-0.10381706610947883,4.827004265040159,158,1323267174
best1bin,optimLBFGS,Griewank,50,8,-2.3772076529482433e-09,0.3311972860246897,81,1323267174
best1bin,SMCO,Griewank,50,8,-0.811242936128893,5.160518862307072,308,1323267174
best1bin,optimNM,Griewank,50,8,-1044.585352565398,0.31212200224399567,2400,1323267174
best1bin,SMCO_BR,Griewank,50,8,-0.1524971010111913,5.251471504569054,83,1323267174
best1bin,SignGD,Griewank,50,8,-1032.5598385140938,2.133032849058509,1806,1323267174
best1bin,SMCO_EVO,Griewank,50,8,-0.809307946475772,5.118580108508468,308,1323267174
best1bin,PSO,Griewank,50,8,-91.67686447735665,0.30507044680416584,300,1323267174
best1bin,GA,Griewank,50,8,-10.790859524818387,0.8923495952039957,300,1323267174
best1bin,SMCO_BR_EVO,Griewank,50,8,-0.1393821674763409,4.936750719323754,158,1323267174
best1bin,SMCO_R_EVO,Griewank,50,8,-0.1274386848296809,5.124184515327215,308,1323267174
best1bin,BOBYQA,Griewank,50,5,-170.20028450905366,22.528175899758935,2400,1684629731
best1bin,GenSA,Griewank,50,8,-3.409216420280359e-08,2.9603230096399784,300,1323267174
best1bin,GD,Griewank,50,8,-843.0936125570381,5.341350624337792,4800,1323267174
best1bin,SA,Griewank,50,5,-3.2909341918241353e-10,22.385908037424088,300,1684629731
best1bin,DEoptim,Griewank,50,4,-0.03139860861450128,28.765026347711682,300,42369045
best1bin,SMCO,Griewank,50,9,-0.7512379056762043,5.076026499271393,308,414742165
best1bin,SMCO_R,Griewank,50,9,-0.10594178695667944,5.096989542245865,158,414742165
best1bin,SMCO_BR,Griewank,50,9,-0.1238931205422199,4.877764485776424,83,414742165
best1bin,SPSA,Griewank,50,9,-1163.837025523618,0.2521362714469433,3995,414742165
best1bin,SMCO_R_EVO,Griewank,50,9,-0.11803760530325014,4.813998598605394,308,414742165
best1bin,SMCO_EVO,Griewank,50,9,-0.8307083377572274,5.110475672408938,308,414742165
best1bin,optimLBFGS,Griewank,50,9,-5.447710726969035e-09,0.443495349958539,112,414742165
best1bin,optimNM,Griewank,50,9,-1086.5125582825017,0.30889089591801167,2400,414742165
best1bin,SignGD,Griewank,50,9,-1075.4442541100857,2.6056694835424423,2305,414742165
best1bin,ADAM,Griewank,50,8,-1109.9974812242622,7.773543713614345,4800,1323267174
best1bin,PSO,Griewank,50,9,-181.1606216667835,0.2977114748209715,300,414742165
best1bin,BOBYQA,Griewank,50,6,-165.30836895787644,22.55695323832333,2400,1820019912
best1bin,GA,Griewank,50,9,-10.202962124525655,0.897480072453618,300,414742165
best1bin,SMCO_BR_EVO,Griewank,50,9,-0.1199878638400308,5.242063403129578,158,414742165
best1bin,GD,Griewank,50,9,-870.305241007734,5.4032081961631775,4800,414742165
best1bin,GenSA,Griewank,50,9,-6.593322554593328e-10,2.93329475261271,300,414742165
best1bin,ADAM,Griewank,50,9,-1146.4791506700765,5.467734400182962,4800,414742165
best1bin,DEoptim,Griewank,50,5,-0.36734043193273636,28.68508837930858,300,1684629731
best1bin,SA,Griewank,50,6,-3.830995520814895e-10,23.487666023895144,300,1820019912
best1bin,SignGD,Griewank,50,10,-1104.6340404306566,1.486461602151394,1307,768085052
best1bin,SPSA,Griewank,50,10,-1198.0036759024622,0.22867495194077492,3668,768085052
best1bin,optimLBFGS,Griewank,50,10,-3.998744668720633e-10,0.2749594021588564,73,768085052
best1bin,optimNM,Griewank,50,10,-1103.2997061773954,0.3039164487272501,2400,768085052
best1bin,SMCO_R,Griewank,50,10,-0.12880872666574805,4.780520269647241,158,768085052
best1bin,SMCO_BR,Griewank,50,10,-0.14106817252749926,4.900461943820119,83,768085052
best1bin,SMCO_EVO,Griewank,50,10,-0.878303880395268,5.074581107124686,308,768085052
best1bin,SMCO_R_EVO,Griewank,50,10,-0.1271463633869807,5.081440212205052,308,768085052
best1bin,SMCO_BR_EVO,Griewank,50,10,-0.14774353808324736,4.917523294687271,158,768085052
best1bin,PSO,Griewank,50,10,-2.5261849290996485,0.305575305595994,300,768085052
best1bin,GA,Griewank,50,10,-10.708242181884103,0.8961851131170988,300,768085052
best1bin,SMCO,Griewank,50,10,-0.8027719456593061,6.886120617389679,308,768085052
best1bin,GenSA,Griewank,50,10,-0.00986467449465911,3.0116910822689533,300,768085052
best1bin,GD,Griewank,50,10,-895.7596774017477,5.376930074766278,4800,768085052
best1bin,ADAM,Griewank,50,10,-1180.8448907975778,5.690878411754966,4800,768085052
best1bin,SA,Griewank,50,7,-2.264550769126572e-10,22.48628766834736,300,449929952
best1bin,DEoptim,Griewank,50,6,-0.3640727647080204,28.789599204435945,300,1820019912
best1bin,BOBYQA,Griewank,50,7,-162.84881530125216,23.409448113292456,2400,449929952
best1bin,SPSA,Griewank,50,11,-1250.6642691282439,0.2159578613936901,3454,1843412226
best1bin,optimLBFGS,Griewank,50,11,-6.440173283550621e-09,0.3396146893501282,83,1843412226
best1bin,SMCO,Griewank,50,11,-0.8519589444766461,4.761390516534448,308,1843412226
best1bin,optimNM,Griewank,50,11,-1149.285269518589,0.30006927624344826,2400,1843412226
best1bin,SMCO_R,Griewank,50,11,-0.12607233451959743,5.071329217404127,158,1843412226
best1bin,SMCO_BR,Griewank,50,11,-0.1382033770130593,5.142974473536015,83,1843412226
best1bin,SignGD,Griewank,50,11,-1152.7862630761604,2.6031153928488493,2305,1843412226
best1bin,SMCO_R_EVO,Griewank,50,11,-0.10555053606657372,4.828762426972389,308,1843412226
best1bin,GA,Griewank,50,11,-9.626705945506295,0.8694837410002947,300,1843412226
best1bin,PSO,Griewank,50,11,-91.06394859330189,0.29766588658094406,300,1843412226
best1bin,SMCO_BR_EVO,Griewank,50,11,-0.15025121910442296,4.927551381289959,158,1843412226
best1bin,SMCO_EVO,Griewank,50,11,-0.7110335792358694,6.912025475874543,308,1843412226
best1bin,GenSA,Griewank,50,11,-1.4368668477260371e-09,2.9635144900530577,300,1843412226
best1bin,GD,Griewank,50,11,-934.8662414296327,5.648135391995311,4800,1843412226
best1bin,ADAM,Griewank,50,11,-1232.4015726001717,5.496670639142394,4800,1843412226
best1bin,BOBYQA,Griewank,50,8,-195.38602608368313,22.65521222911775,2400,1323267174
best1bin,DEoptim,Griewank,50,7,-0.029905682286783475,28.96103947609663,300,449929952
best1bin,SA,Griewank,50,8,-2.7600521868009764e-10,23.292699765414,300,1323267174
best1bin,SPSA,Griewank,50,12,-969.4631141404215,0.18960422091186047,3030,1504238764
best1bin,optimLBFGS,Griewank,50,12,-2.024642453690717e-09,0.5116305276751518,135,1504238764
best1bin,SMCO,Griewank,50,12,-0.7771876668080104,4.838487952947617,308,1504238764
best1bin,SMCO_R,Griewank,50,12,-0.13194831869493517,4.83868539147079,158,1504238764
best1bin,SMCO_BR,Griewank,50,12,-0.1411976030111165,4.920145036652684,83,1504238764
best1bin,SignGD,Griewank,50,12,-882.1208378436397,2.6245990488678217,2305,1504238764
best1bin,optimNM,Griewank,50,12,-892.3738530793111,0.30420697666704655,2400,1504238764
best1bin,GA,Griewank,50,12,-8.698878402040197,0.8725755419582129,300,1504238764
best1bin,PSO,Griewank,50,12,-91.25461945242294,0.2996315937489271,300,1504238764
best1bin,SMCO_R_EVO,Griewank,50,12,-0.13469555685380685,4.834764970466495,308,1504238764
best1bin,SMCO_BR_EVO,Griewank,50,12,-0.13452191638290412,5.1588401440531015,158,1504238764
best1bin,GD,Griewank,50,12,-724.4993829936748,5.4287182204425335,4800,1504238764
best1bin,SMCO_EVO,Griewank,50,12,-0.8159424373488298,6.953263254836202,308,1504238764
best1bin,GenSA,Griewank,50,12,-4.969036182522757e-09,2.9380577839910984,300,1504238764
best1bin,ADAM,Griewank,50,12,-952.7533509622602,5.611255494877696,4800,1504238764
best1bin,BOBYQA,Griewank,50,9,-300.14832325493,22.74509298428893,2400,414742165
best1bin,DEoptim,Griewank,50,8,-0.09669813498409185,29.518847158178687,300,1323267174
best1bin,SA,Griewank,50,9,-2.644616747815576e-10,23.22736155241728,300,414742165
best1bin,SPSA,Griewank,50,13,-1267.8046094376855,0.21968152560293674,3533,41188443
best1bin,optimLBFGS,Griewank,50,13,-3.6543745807193773e-10,0.33939855359494686,83,41188443
best1bin,SMCO,Griewank,50,13,-0.7496038963414455,4.83197708427906,308,41188443
best1bin,SMCO_R,Griewank,50,13,-0.1514808616594291,4.817943248897791,158,41188443
best1bin,SignGD,Griewank,50,13,-1162.2147437620226,2.0517203882336617,1806,41188443
best1bin,optimNM,Griewank,50,13,-1200.6810113790284,0.30493184365332127,2400,41188443
best1bin,SMCO_BR,Griewank,50,13,-0.14643801262353262,5.139989098533988,83,41188443
best1bin,SMCO_EVO,Griewank,50,13,-0.751752910052105,4.836307801306248,308,41188443
best1bin,PSO,Griewank,50,13,-1.1550577637664832,0.29813195765018463,300,41188443
best1bin,SMCO_BR_EVO,Griewank,50,13,-0.15705400943591263,4.9648279789835215,158,41188443
best1bin,GA,Griewank,50,13,-9.993253063840147,0.8931131530553102,300,41188443
best1bin,GenSA,Griewank,50,13,-3.05603209405092e-10,2.935181936249137,300,41188443
best1bin,GD,Griewank,50,13,-947.9187705697917,5.560053825378418,4800,41188443
best1bin,SA,Griewank,50,10,-3.1721014703833816e-10,22.61073188483715,300,768085052
best1bin,SMCO_R_EVO,Griewank,50,13,-0.11080320267740584,6.972211765125394,308,41188443
best1bin,BOBYQA,Griewank,50,10,-177.80900677167867,23.25823450833559,2400,768085052
best1bin,DEoptim,Griewank,50,9,-0.3245524563716331,28.229417534545064,300,414742165
best1bin,ADAM,Griewank,50,13,-1248.337665333091,5.655780673027039,4800,41188443
best1bin,SPSA,Griewank,50,14,-1220.0091655788558,0.159669054672122,2558,30285366
best1bin,optimLBFGS,Griewank,50,14,-1.1459463378216128e-09,0.3925647437572479,95,30285366
best1bin,SignGD,Griewank,50,14,-1123.336128284512,2.6819896157830954,2305,30285366
best1bin,SMCO,Griewank,50,14,-0.7425842010843692,4.807847457006574,308,30285366
best1bin,SMCO_R,Griewank,50,14,-0.11466485178859454,4.831185085698962,158,30285366
best1bin,optimNM,Griewank,50,14,-1117.9039400963525,0.3081145863980055,2400,30285366
best1bin,SMCO_BR,Griewank,50,14,-0.11026717953938003,5.133645469322801,83,30285366
best1bin,SMCO_EVO,Griewank,50,14,-0.7907835598971353,4.826385160908103,308,30285366
best1bin,PSO,Griewank,50,14,-1.1365366531880137,0.2970685791224241,300,30285366
best1bin,GA,Griewank,50,14,-11.13370350676032,0.8927844818681479,300,30285366
best1bin,SMCO_R_EVO,Griewank,50,14,-0.1151689629569913,5.011511340737343,308,30285366
best1bin,SMCO_BR_EVO,Griewank,50,14,-0.1458146787507527,4.9252697713673115,158,30285366
best1bin,BOBYQA,Griewank,50,11,-260.3543757430855,23.19089992530644,2400,1843412226
best1bin,GenSA,Griewank,50,14,-1.292467355362703e-09,3.030285933986306,300,30285366
best1bin,ADAM,Griewank,50,14,-1201.3373354057069,5.613989012315869,4800,30285366
best1bin,DEoptim,Griewank,50,10,-0.10550325149195094,28.48621292039752,300,768085052
best1bin,SA,Griewank,50,11,-3.264936099256488e-10,22.914440819993615,300,1843412226
best1bin,GD,Griewank,50,14,-911.3815852180014,7.788256132975221,4800,30285366
best1bin,SPSA,Griewank,50,15,-1146.9819369545173,0.35739327408373356,4368,770290126
best1bin,optimLBFGS,Griewank,50,15,-1.4056273922591345e-09,0.3962141778320074,76,770290126
best1bin,SMCO,Griewank,50,15,-0.7697124881978463,4.790208287537098,308,770290126
best1bin,optimNM,Griewank,50,15,-1069.975532181325,0.30084247700870037,2400,770290126
best1bin,SMCO_R,Griewank,50,15,-0.10721354069888389,5.071132302284241,158,770290126
best1bin,SignGD,Griewank,50,15,-1056.5531485317163,3.153720371425152,2804,770290126
best1bin,SMCO_EVO,Griewank,50,15,-0.7524888778101432,4.806080603972077,308,770290126
best1bin,SMCO_BR,Griewank,50,15,-0.10293282149270688,5.1414064690470695,83,770290126
best1bin,PSO,Griewank,50,15,-91.1659330598754,0.30426761507987976,300,770290126
best1bin,GA,Griewank,50,15,-10.418090000761293,0.8662082999944687,300,770290126
best1bin,SMCO_BR_EVO,Griewank,50,15,-0.1427181358761963,4.947980372235179,158,770290126
best1bin,SMCO_R_EVO,Griewank,50,15,-0.10236148138553325,5.091860072687268,308,770290126
best1bin,GD,Griewank,50,15,-857.6845692117881,5.570893827825785,4800,770290126
best1bin,GenSA,Griewank,50,15,-2.1356483248524682e-10,2.932478403672576,300,770290126
best1bin,ADAM,Griewank,50,15,-1130.4096650348072,5.616916663944721,4800,770290126
best1bin,BOBYQA,Griewank,50,12,-72.05341271377566,23.12218065187335,2400,1504238764
best1bin,SA,Griewank,50,12,-4.134840247971283e-10,22.390394819900393,300,1504238764
best1bin,DEoptim,Griewank,50,11,-0.02882796927401854,29.30766437575221,300,1843412226
best1bin,SPSA,Griewank,50,16,-1310.6435663751356,0.09415345452725887,1472,91254650
best1bin,optimLBFGS,Griewank,50,16,-4.944744613766261e-10,0.2972462084144354,71,91254650
best1bin,SMCO,Griewank,50,16,-0.7356452504539489,5.048992186784744,308,91254650
best1bin,SMCO_R,Griewank,50,16,-0.1325271575100322,4.763126544654369,158,91254650
best1bin,optimNM,Griewank,50,16,-1225.0302818909179,0.3114898167550564,2400,91254650
best1bin,SignGD,Griewank,50,16,-1205.486766800121,2.7084162030369043,2305,91254650
best1bin,SMCO_BR,Griewank,50,16,-0.11618717636611997,4.871950833126903,83,91254650
best1bin,SMCO_EVO,Griewank,50,16,-0.803016143248717,5.073832295835018,308,91254650
best1bin,PSO,Griewank,50,16,-1.654975150249145,0.30324582755565643,300,91254650
best1bin,GA,Griewank,50,16,-10.281798590118592,0.8680858667939901,300,91254650
best1bin,SMCO_R_EVO,Griewank,50,16,-0.11531109559024577,5.064256090670824,308,91254650
best1bin,SMCO_BR_EVO,Griewank,50,16,-0.13950912589803277,4.893771734088659,158,91254650
best1bin,GD,Griewank,50,16,-978.7767383825483,5.5741072576493025,4800,91254650
best1bin,ADAM,Griewank,50,16,-1290.0532092329481,5.407131642103195,4800,91254650
best1bin,GenSA,Griewank,50,16,-9.706886405780324e-10,2.933372313156724,300,91254650
best1bin,DEoptim,Griewank,50,12,-0.004421313628649282,28.541672725230455,300,1504238764
best1bin,SA,Griewank,50,13,-3.0077762502855876e-10,22.422552470117807,300,41188443
best1bin,BOBYQA,Griewank,50,13,-212.56575286204134,23.120455980300903,2400,41188443
best1bin,SPSA,Griewank,50,17,-1163.8328611765214,0.2267920020967722,3659,1840808294
best1bin,optimLBFGS,Griewank,50,17,-4.425630972804129e-10,0.33138195239007473,83,1840808294
best1bin,SignGD,Griewank,50,17,-1067.9096277865065,2.045159438624978,1806,1840808294
best1bin,SMCO,Griewank,50,17,-0.8496084015609792,4.994974920526147,308,1840808294
best1bin,optimNM,Griewank,50,17,-1075.5429044191837,0.30530982092022896,2400,1840808294
best1bin,SMCO_R,Griewank,50,17,-0.12622730283641848,4.822373246774077,158,1840808294
best1bin,SMCO_BR,Griewank,50,17,-0.10788865897382771,5.082289461046457,83,1840808294
best1bin,SMCO_EVO,Griewank,50,17,-0.8030728948450575,4.795547587797046,308,1840808294
best1bin,PSO,Griewank,50,17,-90.8136366286299,0.2976298164576292,300,1840808294
best1bin,GA,Griewank,50,17,-12.109890430388022,0.8857006635516882,300,1840808294
best1bin,SMCO_BR_EVO,Griewank,50,17,-0.14344937883014752,4.935901738703251,158,1840808294
best1bin,SMCO_R_EVO,Griewank,50,17,-0.0693857048555232,4.999934203922749,308,1840808294
best1bin,GD,Griewank,50,17,-870.3653148263296,5.420123899355531,4800,1840808294
best1bin,GenSA,Griewank,50,17,-1.3945820054317437e-09,3.0483700055629015,300,1840808294
best1bin,ADAM,Griewank,50,17,-1146.2992593809302,5.460759336128831,4800,1840808294
best1bin,BOBYQA,Griewank,50,14,-167.09413887615665,23.147749049589038,2400,30285366
best1bin,DEoptim,Griewank,50,13,-0.14702864039655117,27.98339081183076,300,41188443
best1bin,SA,Griewank,50,14,-4.0624781316722647e-10,22.33234889432788,300,30285366
best1bin,SPSA,Griewank,50,18,-1188.7607425870406,0.14644734375178814,2429,1207617488
best1bin,optimLBFGS,Griewank,50,18,-1.014000661214709e-09,0.32451036758720875,87,1207617488
best1bin,SignGD,Griewank,50,18,-1089.7963532465483,2.1321145445108414,1806,1207617488
best1bin,optimNM,Griewank,50,18,-1106.306508887906,0.30847571417689323,2400,1207617488
best1bin,SMCO,Griewank,50,18,-0.7368834912065384,4.777092879638076,308,1207617488
best1bin,SMCO_R,Griewank,50,18,-0.1288408139463696,5.029737368226051,158,1207617488
best1bin,SMCO_BR,Griewank,50,18,-0.13884585123321425,4.876980060711503,83,1207617488
best1bin,SMCO_EVO,Griewank,50,18,-0.7876759876862729,5.017637252807617,308,1207617488
best1bin,PSO,Griewank,50,18,-91.20714345979549,0.30084830336272717,300,1207617488
best1bin,SMCO_R_EVO,Griewank,50,18,-0.10566659795538669,4.809580238536,308,1207617488
best1bin,GA,Griewank,50,18,-11.296653899844495,0.8690596763044596,300,1207617488
best1bin,SMCO_BR_EVO,Griewank,50,18,-0.12891677150948466,5.1521325167268515,158,1207617488
best1bin,GD,Griewank,50,18,-888.5245057395196,5.397665109485388,4800,1207617488
best1bin,GenSA,Griewank,50,18,-3.335762110978635e-09,2.978604832664132,300,1207617488
best1bin,ADAM,Griewank,50,18,-1170.1571244015174,5.462731163948774,4800,1207617488
best1bin,DEoptim,Griewank,50,14,-0.20743124108344957,29.300758073106408,300,30285366
best1bin,SA,Griewank,50,15,-2.930438114390199e-10,23.6008890401572,300,770290126
best1bin,SMCO_R,Griewank,50,19,-0.1407624116829851,4.7855950724333525,158,729266428
best1bin,SMCO,Griewank,50,19,-0.8376032520724829,5.015274623408914,308,729266428
best1bin,SPSA,Griewank,50,19,-1256.9541184668863,0.20497938618063927,3438,729266428
best1bin,SMCO_BR,Griewank,50,19,-0.11527679465502993,4.873750187456608,83,729266428
best1bin,optimLBFGS,Griewank,50,19,-2.3835522444670687e-10,0.3155107032507658,80,729266428
best1bin,optimNM,Griewank,50,19,-1158.6651561183023,0.2981908395886421,2400,729266428
best1bin,SMCO_EVO,Griewank,50,19,-0.7613633735581942,5.059029147028923,308,729266428
best1bin,SMCO_R_EVO,Griewank,50,19,-0.11631546813349669,4.802032569423318,308,729266428
best1bin,SignGD,Griewank,50,19,-1158.4672754106768,2.6884089075028896,2305,729266428
best1bin,SMCO_BR_EVO,Griewank,50,19,-0.12858353606192352,5.161754917353392,158,729266428
best1bin,PSO,Griewank,50,19,-92.14174799125958,0.30223811976611614,300,729266428
best1bin,GD,Griewank,50,19,-939.7419944217881,5.371524151414633,4800,729266428
best1bin,GA,Griewank,50,19,-10.02271488254668,0.8697704523801804,300,729266428
best1bin,GenSA,Griewank,50,19,-7.479796781950654e-10,2.9876215029507875,300,729266428
best1bin,BOBYQA,Griewank,50,16,-226.75352797405407,23.17612551152706,2400,91254650
best1bin,BOBYQA,Griewank,50,15,-96.47652523427459,28.56135211698711,2400,770290126
best1bin,GD,Zakharov,50,0,-1009599715340.7566,0.10491303913295269,56,1736315813
best1bin,DEoptim,Griewank,50,15,-0.025471712940636992,28.03479024209082,300,770290126
best1bin,SA,Griewank,50,16,-1.8483259367485516e-10,23.26550965756178,300,91254650
best1bin,ADAM,Griewank,50,19,-1238.7786775162347,5.62830931507051,4800,729266428
best1bin,SPSA,Zakharov,50,0,-5745.3125,0.18659918196499348,3108,1736315813
best1bin,SignGD,Zakharov,50,0,-841.1698381660987,2.2111349534243345,1353,1736315813
best1bin,optimNM,Zakharov,50,0,-587306946467.841,0.3934337105602026,2400,1736315813
best1bin,optimLBFGS,Zakharov,50,0,-9.383129934222552e-12,1.1145877558737993,429,1736315813
best1bin,SMCO,Zakharov,50,0,-0.5480834996962862,5.049872539937496,308,1736315813
best1bin,SMCO_R,Zakharov,50,0,-1.5751040703695758,5.085923844948411,158,1736315813
best1bin,SMCO_EVO,Zakharov,50,0,-0.556509851848611,4.96381432749331,308,1736315813
best1bin,SMCO_BR,Zakharov,50,0,-6.5473522437424325,5.061609860509634,83,1736315813
best1bin,PSO,Zakharov,50,0,-1270.2111953120755,0.27453571930527687,300,1736315813
best1bin,GA,Zakharov,50,0,-377.81390795595416,0.8568362183868885,300,1736315813
best1bin,SMCO_R_EVO,Zakharov,50,0,-1.5592352038412847,5.095286700874567,308,1736315813
best1bin,SMCO_BR_EVO,Zakharov,50,0,-7.310378465132838,5.130507616326213,158,1736315813
best1bin,BOBYQA,Griewank,50,17,-105.43178571612658,23.219892552122474,2400,1840808294
best1bin,ADAM,Zakharov,50,0,-8890000164.964672,5.291027979925275,4800,1736315813
best1bin,GD,Zakharov,50,1,-2412158143341.7764,0.07107323035597801,56,532465420
best1bin,SA,Griewank,50,17,-3.659208491768595e-10,21.98705185763538,300,1840808294
best1bin,GenSA,Zakharov,50,0,-1.1005772525474858e-11,3.936319101601839,300,1736315813
best1bin,SignGD,Zakharov,50,1,-784.9484357946861,1.030418748036027,930,532465420
best1bin,DEoptim,Griewank,50,16,-0.34908682410027725,28.75466277077794,300,91254650
best1bin,SPSA,Zakharov,50,1,-2675.0,0.3720631133764982,4639,532465420
best1bin,optimNM,Zakharov,50,1,-1593400740721.4036,0.3922067005187273,2400,532465420
best1bin,optimLBFGS,Zakharov,50,1,-1.5033166454169523e-11,1.0197126921266317,416,532465420
best1bin,SMCO,Zakharov,50,1,-0.4018075535634017,4.981578025966883,308,532465420
best1bin,SMCO_R,Zakharov,50,1,-1.5559293325596113,4.949649777263403,158,532465420
best1bin,SMCO_BR,Zakharov,50,1,-6.62445739859477,5.100044161081314,83,532465420
best1bin,GA,Zakharov,50,1,-394.87567712066675,0.84351403452456,300,532465420
best1bin,PSO,Zakharov,50,1,-1001.1803848030233,0.2769585866481066,300,532465420
best1bin,SMCO_EVO,Zakharov,50,1,-0.5030484618445686,5.076818339526653,308,532465420
best1bin,SMCO_R_EVO,Zakharov,50,1,-1.4592748802588036,5.089456953108311,308,532465420
best1bin,SMCO_BR_EVO,Zakharov,50,1,-6.138977206500705,5.141669951379299,158,532465420
best1bin,BOBYQA,Griewank,50,18,-198.04478375142216,22.659635124728084,2400,1207617488
best1bin,GenSA,Zakharov,50,1,-3.877114193658658e-11,3.940928366035223,300,532465420
best1bin,ADAM,Zakharov,50,1,-40920163914.75083,5.341352654621005,4800,532465420
best1bin,GD,Zakharov,50,2,-2152821430847.3958,0.10448997654020786,56,1729431029
best1bin,SA,Griewank,50,18,-4.4335335402934106e-10,22.34307511523366,300,1207617488
best1bin,DEoptim,Griewank,50,17,-0.8785020445846312,28.28423250094056,300,1840808294
best1bin,SPSA,Zakharov,50,2,-2525.0,0.25505457632243633,4320,1729431029
best1bin,SignGD,Zakharov,50,2,-700.1645767669887,1.5500471089035273,1377,1729431029
best1bin,optimNM,Zakharov,50,2,-1528037478755.6243,0.2938584927469492,2400,1729431029
best1bin,optimLBFGS,Zakharov,50,2,-5.87336806163371e-12,1.016068495810032,413,1729431029
best1bin,SMCO,Zakharov,50,2,-0.5425073473802072,4.970969073474407,308,1729431029
best1bin,SMCO_R,Zakharov,50,2,-1.783311014172225,5.0642666313797235,158,1729431029
best1bin,SMCO_BR,Zakharov,50,2,-7.2472858141271566,5.1115860138088465,83,1729431029
best1bin,PSO,Zakharov,50,2,-902.1656146707259,0.27965119294822216,300,1729431029
best1bin,SMCO_EVO,Zakharov,50,2,-0.4501675738685321,5.06313425116241,308,1729431029
best1bin,GA,Zakharov,50,2,-194.74045471663206,0.862730547785759,300,1729431029
best1bin,SMCO_R_EVO,Zakharov,50,2,-1.2630035382088178,5.08922440931201,308,1729431029
best1bin,GenSA,Zakharov,50,2,-2.3748521501846346e-11,2.93502832390368,300,1729431029
best1bin,SMCO_BR_EVO,Zakharov,50,2,-8.264775525060632,5.042692651972175,158,1729431029
best1bin,ADAM,Zakharov,50,2,-32087920927.65779,6.836032787337899,4800,1729431029
best1bin,GD,Zakharov,50,3,-341534915443.1475,0.0701567754149437,56,2134221050
best1bin,BOBYQA,Griewank,50,19,-92.81481379174805,22.697034690529108,2400,729266428
best1bin,DEoptim,Griewank,50,18,-0.02086473895946872,28.80081138573587,300,1207617488
best1bin,SA,Griewank,50,19,-3.294984285417968e-10,22.56999020650983,300,729266428
best1bin,SPSA,Zakharov,50,3,-2450.0,0.2566949762403965,4306,2134221050
best1bin,SignGD,Zakharov,50,3,-656.816257641302,1.6714208107441664,1507,2134221050
best1bin,SMCO,Zakharov,50,3,-0.5685399380490362,5.072989549487829,308,2134221050
best1bin,SMCO_R,Zakharov,50,3,-1.6992359780993502,5.060686353594065,158,2134221050
best1bin,optimNM,Zakharov,50,3,-165545538697.742,0.29678355902433395,2400,2134221050
best1bin,optimLBFGS,Zakharov,50,3,-1.8198856103016393e-11,1.026180049404502,419,2134221050
best1bin,SMCO_BR,Zakharov,50,3,-7.282493451640193,5.0939195938408375,83,2134221050
best1bin,PSO,Zakharov,50,3,-1118.8351048598647,0.27485905960202217,300,2134221050
best1bin,SMCO_EVO,Zakharov,50,3,-0.5602298518253178,5.063139893114567,308,2134221050
best1bin,SMCO_R_EVO,Zakharov,50,3,-1.6691835550908047,5.016603652387857,308,2134221050
best1bin,GA,Zakharov,50,3,-221.20700333123014,0.8473557289689779,300,2134221050
best1bin,SMCO_BR_EVO,Zakharov,50,3,-6.651322415143548,5.057873863726854,158,2134221050
best1bin,GenSA,Zakharov,50,3,-1.3336238714751864e-11,2.9745171554386616,300,2134221050
best1bin,BOBYQA,Zakharov,50,0,-1003244290802.0873,22.109283223748207,2400,1736315813
best1bin,GD,Zakharov,50,4,-7794587688003.526,0.07258280739188194,56,1277360052
best1bin,ADAM,Zakharov,50,3,-1430492195.0316124,5.298980455845594,4800,2134221050
best1bin,SignGD,Zakharov,50,4,-616.0603078524009,1.4802717715501785,1307,1277360052
best1bin,SPSA,Zakharov,50,4,-2525.0,0.253098476678133,4237,1277360052
best1bin,SMCO,Zakharov,50,4,-0.6102262848234372,5.019357996061444,308,1277360052
best1bin,SMCO_R,Zakharov,50,4,-1.5891380897537741,5.058395469561219,158,1277360052
best1bin,DEoptim,Griewank,50,19,-0.18874189449263357,28.836905602365732,300,729266428
best1bin,SMCO_BR,Zakharov,50,4,-5.49969766894531,4.999739175662398,83,1277360052
best1bin,SMCO_EVO,Zakharov,50,4,-0.612623929692729,4.994463961571455,308,1277360052
best1bin,optimNM,Zakharov,50,4,-5817121574906.333,0.2976233456283808,2400,1277360052
best1bin,SMCO_R_EVO,Zakharov,50,4,-2.2925919055614856,5.006596444174647,308,1277360052
best1bin,PSO,Zakharov,50,4,-1013.8674062528851,0.2743343114852905,300,1277360052
best1bin,optimLBFGS,Zakharov,50,4,-5.219050856928514e-11,1.0730556976050138,429,1277360052
best1bin,GA,Zakharov,50,4,-228.17104617253767,0.8575112149119377,300,1277360052
best1bin,SMCO_BR_EVO,Zakharov,50,4,-7.235672821369309,5.140410976484418,158,1277360052
best1bin,BOBYQA,Zakharov,50,1,-2399939073564.1353,22.041059212759137,2400,532465420
best1bin,GenSA,Zakharov,50,4,-1.1505526869525486e-11,2.9909123443067074,300,1277360052
best1bin,ADAM,Zakharov,50,4,-259128870085.77667,5.290459711104631,4800,1277360052
best1bin,GD,Zakharov,50,5,-956759957446.1713,0.07036365382373333,56,766100541
best1bin,SignGD,Zakharov,50,5,-847.616836946275,1.4394309595227242,1307,766100541
best1bin,SMCO,Zakharov,50,5,-0.5576769893919508,4.970765540376306,308,766100541
best1bin,SMCO_R,Zakharov,50,5,-2.0190283383851284,5.07370082475245,158,766100541
best1bin,SPSA,Zakharov,50,5,-2525.0,0.24326816573739052,4251,766100541
best1bin,SMCO_BR,Zakharov,50,5,-6.964382189504548,5.101439543068409,83,766100541
best1bin,DEoptim,Zakharov,50,0,-274.8840882190636,29.41795569099486,300,1736315813
best1bin,optimNM,Zakharov,50,5,-596318818982.3812,0.2975471243262291,2400,766100541
best1bin,optimLBFGS,Zakharov,50,5,-6.43138720339898e-12,1.0476249605417252,417,766100541
best1bin,SMCO_EVO,Zakharov,50,5,-0.5986727824269021,5.078386515378952,308,766100541
best1bin,SMCO_R_EVO,Zakharov,50,5,-2.4895838555643044,5.1220463663339615,308,766100541
best1bin,BOBYQA,Zakharov,50,2,-2141602125507.2344,21.53406194038689,2400,1729431029
best1bin,SMCO_BR_EVO,Zakharov,50,5,-6.81124150975783,5.1492594089359045,158,766100541
best1bin,GA,Zakharov,50,5,-169.11567689735057,0.8628247082233429,300,766100541
best1bin,PSO,Zakharov,50,5,-1393.7363932200883,0.28059663996100426,300,766100541
best1bin,GenSA,Zakharov,50,5,-2.591615206312049e-09,3.057327974587679,300,766100541
best1bin,ADAM,Zakharov,50,5,-8271730195.762833,5.277327930554748,4800,766100541
best1bin,DEoptim,Zakharov,50,1,-231.34133918272113,28.269725441932678,300,532465420
best1bin,GD,Zakharov,50,6,-1538909648445.6387,0.07086209021508694,56,372074673
best1bin,SignGD,Zakharov,50,6,-589.9504934675591,1.5050872173160315,1363,372074673
best1bin,SMCO,Zakharov,50,6,-0.5558665983350042,4.959687417373061,308,372074673
best1bin,SMCO_R,Zakharov,50,6,-1.5849990318435248,5.082564229145646,158,372074673
best1bin,SMCO_BR,Zakharov,50,6,-6.143857229301093,5.115246459841728,83,372074673
best1bin,SPSA,Zakharov,50,6,-2900.0,0.2772470507770777,4705,372074673
best1bin,SMCO_EVO,Zakharov,50,6,-0.5706644168847936,5.096655433997512,308,372074673
best1bin,optimNM,Zakharov,50,6,-910662298148.5955,0.2940335441380739,2400,372074673
best1bin,optimLBFGS,Zakharov,50,6,-6.524487368014188e-12,1.0436344724148512,422,372074673
best1bin,SMCO_R_EVO,Zakharov,50,6,-1.307860448006772,5.084657052531838,308,372074673
best1bin,SMCO_BR_EVO,Zakharov,50,6,-7.762771914574043,5.0479896534234285,158,372074673
best1bin,GA,Zakharov,50,6,-323.1978416247743,0.8570434935390949,300,372074673
best1bin,PSO,Zakharov,50,6,-795.1750828751667,0.2738520931452513,300,372074673
best1bin,SA,Zakharov,50,0,-3.0443426113010746e-12,39.00692435540259,300,1736315813
best1bin,GenSA,Zakharov,50,6,-1.651957570531033e-11,2.994141723960638,300,372074673
best1bin,DEoptim,Zakharov,50,2,-224.9374029472721,29.069291401654482,300,1729431029
best1bin,ADAM,Zakharov,50,6,-16867973828.941515,5.322767397388816,4800,372074673
best1bin,BOBYQA,Zakharov,50,3,-338717901617.6078,24.116951279342175,2400,2134221050
best1bin,GD,Zakharov,50,7,-4646768826432.58,0.07259984128177166,56,1107253899
best1bin,SA,Zakharov,50,1,-2.985966139740596e-12,36.84951685369015,300,532465420
best1bin,SignGD,Zakharov,50,7,-699.1148172844523,1.6674833167344332,1463,1107253899
best1bin,SPSA,Zakharov,50,7,-2675.0,0.22392266057431698,3717,1107253899
best1bin,SMCO,Zakharov,50,7,-0.6639969812684217,5.026207938790321,308,1107253899
best1bin,SMCO_R,Zakharov,50,7,-1.4366780258419192,4.9507010113447905,158,1107253899
best1bin,optimLBFGS,Zakharov,50,7,-4.340988630191324e-11,1.0866300221532583,429,1107253899
best1bin,optimNM,Zakharov,50,7,-3319539264670.1353,0.2911436017602682,2400,1107253899
best1bin,SMCO_BR,Zakharov,50,7,-6.363111616901994,5.1684837862849236,83,1107253899
best1bin,SMCO_EVO,Zakharov,50,7,-0.567150018999436,5.043880181387067,308,1107253899
best1bin,GA,Zakharov,50,7,-349.0513627267766,0.8580185361206532,300,1107253899
best1bin,SMCO_R_EVO,Zakharov,50,7,-1.6273432562011347,4.9918852634727955,308,1107253899
best1bin,SMCO_BR_EVO,Zakharov,50,7,-6.411641553899422,5.094141256064177,158,1107253899
best1bin,PSO,Zakharov,50,7,-1472.9442265565187,0.27807850018143654,300,1107253899
best1bin,DEoptim,Zakharov,50,3,-262.7545127734011,29.094668051227927,300,2134221050
best1bin,GenSA,Zakharov,50,7,-7.0956146073757895e-12,2.975650418549776,300,1107253899
best1bin,ADAM,Zakharov,50,7,-122206302573.67702,5.309384828433394,4800,1107253899
best1bin,SA,Zakharov,50,2,-2.7991441471937463e-12,36.9596157874912,300,1729431029
best1bin,GD,Zakharov,50,8,-75188131160.45976,0.07111185416579247,56,1968297226
best1bin,SignGD,Zakharov,50,8,-681.8374398565172,1.9971720892935991,1806,1968297226
best1bin,BOBYQA,Zakharov,50,4,-80413457595.2297,26.902272164821625,2400,1277360052
best1bin,SPSA,Zakharov,50,8,-2375.0,0.2851934749633074,4800,1968297226
best1bin,SMCO,Zakharov,50,8,-0.5316244375695286,4.919722834601998,308,1968297226
best1bin,BOBYQA,Zakharov,50,5,-950655866654.3578,21.644784109666944,2400,766100541
best1bin,SMCO_R,Zakharov,50,8,-1.6189527053934853,4.999728642404079,158,1968297226
best1bin,optimNM,Zakharov,50,8,-20291873028.801388,0.3001476153731346,2400,1968297226
best1bin,SMCO_BR,Zakharov,50,8,-7.1109608226829355,5.105166658759117,83,1968297226
best1bin,optimLBFGS,Zakharov,50,8,-8.28041482470962e-12,1.0145986508578062,407,1968297226
best1bin,SMCO_EVO,Zakharov,50,8,-0.4746426599910715,5.023866830393672,308,1968297226
best1bin,PSO,Zakharov,50,8,-1491.3247226920307,0.2765950560569763,300,1968297226
best1bin,SMCO_R_EVO,Zakharov,50,8,-1.6364512817564412,5.083745187148452,308,1968297226
best1bin,GA,Zakharov,50,8,-282.7276816284809,0.8599726539105177,300,1968297226
best1bin,SMCO_BR_EVO,Zakharov,50,8,-7.430005672170283,5.059049827978015,158,1968297226
best1bin,DEoptim,Zakharov,50,4,-284.4732247835046,29.15802418254316,300,1277360052
best1bin,GenSA,Zakharov,50,8,-4.205744484023895e-11,2.9734588023275137,300,1968297226
best1bin,SA,Zakharov,50,3,-2.9827855647124217e-12,37.480117900297046,300,2134221050
best1bin,ADAM,Zakharov,50,8,-127636656.02298531,5.32523038238287,4800,1968297226
best1bin,GD,Zakharov,50,9,-3289449136842.6533,0.07157957553863525,56,531219359
best1bin,SignGD,Zakharov,50,9,-1228.5120267053774,0.9515578802675009,858,531219359
best1bin,SPSA,Zakharov,50,9,-2450.0,0.26344261690974236,4603,531219359
best1bin,SMCO,Zakharov,50,9,-0.5756816142897194,4.993539240211248,308,531219359
best1bin,SMCO_R,Zakharov,50,9,-1.5362388633890107,5.084977403283119,158,531219359
best1bin,SMCO_BR,Zakharov,50,9,-8.66810451247879,5.0914294477552176,83,531219359
best1bin,optimLBFGS,Zakharov,50,9,-3.2171194816264085e-10,1.041343193501234,422,531219359
best1bin,SMCO_EVO,Zakharov,50,9,-0.4527788957488673,4.984614320099354,308,531219359
best1bin,optimNM,Zakharov,50,9,-2113957709062.1252,0.30062210932374,2400,531219359
best1bin,SMCO_R_EVO,Zakharov,50,9,-3.483833950182608,5.0429206266999245,308,531219359
best1bin,PSO,Zakharov,50,9,-1365.7859777753315,0.27630010433495045,300,531219359
best1bin,GA,Zakharov,50,9,-253.9496719939965,0.8606960494071245,300,531219359
best1bin,BOBYQA,Zakharov,50,6,-1530189069429.3179,21.94388577155769,2400,372074673
best1bin,SMCO_BR_EVO,Zakharov,50,9,-6.67988722606205,5.077190138399601,158,531219359
best1bin,DEoptim,Zakharov,50,5,-240.80248834679858,28.993856254965067,300,766100541
best1bin,GenSA,Zakharov,50,9,-2.9005393512204008e-11,3.0255306269973516,300,531219359
best1bin,SA,Zakharov,50,4,-2.784722274431102e-12,37.0357260722667,300,1277360052
best1bin,ADAM,Zakharov,50,9,-72304920329.80934,5.394493589177728,4800,531219359
best1bin,GD,Zakharov,50,10,-1755108670376.0017,0.07081088051199913,56,985809678
best1bin,SignGD,Zakharov,50,10,-738.1590940150124,1.0221917405724525,906,985809678
best1bin,SPSA,Zakharov,50,10,-2675.0,0.2529879678040743,4237,985809678
best1bin,optimLBFGS,Zakharov,50,10,-2.1478026475209007e-11,1.072011686861515,419,985809678
best1bin,SMCO,Zakharov,50,10,-0.3637722712224474,4.975637739524245,308,985809678
best1bin,optimNM,Zakharov,50,10,-1079853797803.9364,0.29150709323585033,2400,985809678
best1bin,SMCO_R,Zakharov,50,10,-1.157107033181174,5.103607380762696,158,985809678
best1bin,SMCO_BR,Zakharov,50,10,-4.78345794466356,5.124339750036597,83,985809678
best1bin,SMCO_EVO,Zakharov,50,10,-0.6532970743202946,5.002014044672251,308,985809678
best1bin,SMCO_R_EVO,Zakharov,50,10,-1.360026811843609,5.082507925108075,308,985809678
best1bin,PSO,Zakharov,50,10,-1095.6945206079952,0.27752481773495674,300,985809678
best1bin,GA,Zakharov,50,10,-269.75698404702297,0.8449871242046356,300,985809678
best1bin,SMCO_BR_EVO,Zakharov,50,10,-4.628958749892358,5.149920247495174,158,985809678
best1bin,ADAM,Zakharov,50,10,-25322424571.573944,5.373134415596724,4800,985809678
best1bin,DEoptim,Zakharov,50,6,-246.617694611929,28.481057124212384,300,372074673
best1bin,GenSA,Zakharov,50,10,-2.7108042308979247e-11,2.98293998837471,300,985809678
best1bin,SA,Zakharov,50,5,-2.6740117149790526e-12,38.05697838589549,300,766100541
best1bin,GD,Zakharov,50,11,-41351200246.94809,0.07236000336706638,56,1874678441
best1bin,BOBYQA,Zakharov,50,7,-171536024174.963,24.55843309313059,2400,1107253899
best1bin,SignGD,Zakharov,50,11,-888.8330652897139,0.9935527965426445,880,1874678441
best1bin,SPSA,Zakharov,50,11,-2525.0,0.25621502846479416,4269,1874678441
best1bin,SMCO,Zakharov,50,11,-0.5870204467726864,5.065237695351243,308,1874678441
best1bin,SMCO_R,Zakharov,50,11,-1.4496419168948733,5.0053916200995445,158,1874678441
best1bin,optimNM,Zakharov,50,11,-13824579573.160933,0.2923769820481539,2400,1874678441
best1bin,optimLBFGS,Zakharov,50,11,-5.938662625127857e-12,1.052759913727641,414,1874678441
best1bin,SMCO_BR,Zakharov,50,11,-6.49427057318286,5.116455102339387,83,1874678441
best1bin,SMCO_EVO,Zakharov,50,11,-0.6386841477047698,5.032774867489934,308,1874678441
best1bin,SMCO_R_EVO,Zakharov,50,11,-1.382195035488888,5.121128045022488,308,1874678441
best1bin,SMCO_BR_EVO,Zakharov,50,11,-6.477565137867062,5.041979379951954,158,1874678441
best1bin,PSO,Zakharov,50,11,-1161.7136653749928,0.27811828441917896,300,1874678441
best1bin,GA,Zakharov,50,11,-167.16768487479072,0.8486437052488327,300,1874678441
best1bin,GenSA,Zakharov,50,11,-1.1221960859771975e-11,2.9708156157284975,300,1874678441
best1bin,DEoptim,Zakharov,50,7,-248.73470862674952,28.96108720265329,300,1107253899
best1bin,SA,Zakharov,50,6,-3.010786055149002e-12,36.63134077005088,300,372074673
best1bin,ADAM,Zakharov,50,11,-37327704.08314927,5.393239799886942,4800,1874678441
best1bin,GD,Zakharov,50,12,-682675486040.9427,0.07250774651765823,56,1457034830
best1bin,SignGD,Zakharov,50,12,-596.9935900787939,1.473658874630928,1307,1457034830
best1bin,SMCO,Zakharov,50,12,-0.6897136523642857,4.939670104533434,308,1457034830
best1bin,SPSA,Zakharov,50,12,-2525.0,0.2745757717639208,4723,1457034830
best1bin,SMCO_R,Zakharov,50,12,-1.6930623298059824,5.0995235331356525,158,1457034830
best1bin,SMCO_BR,Zakharov,50,12,-6.914740922762228,5.064443340525031,83,1457034830
best1bin,BOBYQA,Zakharov,50,8,-46242056668.77945,26.262844370678067,2400,1968297226
best1bin,optimNM,Zakharov,50,12,-361854897843.30896,0.2929716929793358,2400,1457034830
best1bin,optimLBFGS,Zakharov,50,12,-6.566151694630953e-12,0.9957328513264656,411,1457034830
best1bin,SMCO_EVO,Zakharov,50,12,-0.6095541395903658,4.9855161514133215,308,1457034830
best1bin,SMCO_R_EVO,Zakharov,50,12,-1.5639639996399646,5.126842940226197,308,1457034830
best1bin,PSO,Zakharov,50,12,-1321.6763484183045,0.28240438736975193,300,1457034830
best1bin,BOBYQA,Zakharov,50,9,-3274027236468.599,21.62294932641089,2400,531219359
best1bin,SMCO_BR_EVO,Zakharov,50,12,-7.290544424560921,5.044482687488198,158,1457034830
best1bin,GA,Zakharov,50,12,-277.0084033877673,0.8463731594383717,300,1457034830
best1bin,DEoptim,Zakharov,50,8,-244.05667041995255,28.501678152009845,300,1968297226
best1bin,GenSA,Zakharov,50,12,-1.0863182058989946e-11,2.9996822010725737,300,1457034830
best1bin,ADAM,Zakharov,50,12,-4633576311.818874,5.416814187541604,4800,1457034830
best1bin,GD,Zakharov,50,13,-1855676566212.5867,0.07266827672719955,56,2073019890
best1bin,SA,Zakharov,50,7,-2.8625778867474184e-12,37.10554921627045,300,1107253899
best1bin,SignGD,Zakharov,50,13,-661.5755196630588,1.458552798256278,1307,2073019890
best1bin,SPSA,Zakharov,50,13,-5895.3125,0.24387501180171967,4106,2073019890
best1bin,optimLBFGS,Zakharov,50,13,-1.4529339789473376e-11,1.0620998702943325,424,2073019890
best1bin,SMCO_R,Zakharov,50,13,-1.6187008266383882,5.0235558450222015,158,2073019890
best1bin,SMCO,Zakharov,50,13,-0.3550990140504759,5.113788714632392,308,2073019890
best1bin,SMCO_BR,Zakharov,50,13,-7.818372457877635,5.030625719577074,83,2073019890
best1bin,optimNM,Zakharov,50,13,-1292892926361.9587,0.2989521399140358,2400,2073019890
best1bin,SMCO_EVO,Zakharov,50,13,-0.6435501891002766,5.043363599106669,308,2073019890
best1bin,SMCO_R_EVO,Zakharov,50,13,-1.2784810583437771,5.04641249589622,308,2073019890
best1bin,GA,Zakharov,50,13,-384.9181046570255,0.8457610122859478,300,2073019890
best1bin,PSO,Zakharov,50,13,-789.7232603689009,0.2754344269633293,300,2073019890
best1bin,SMCO_BR_EVO,Zakharov,50,13,-5.598623460730849,5.087858369573951,158,2073019890
best1bin,DEoptim,Zakharov,50,9,-183.4188094371083,28.713606663048267,300,531219359
best1bin,ADAM,Zakharov,50,13,-25835076093.749718,5.2993569280952215,4800,2073019890
best1bin,GenSA,Zakharov,50,13,-2.315074139894559e-09,3.0202807523310184,300,2073019890
best1bin,BOBYQA,Zakharov,50,10,-59478075577.96233,25.127376588061452,2400,985809678
best1bin,GD,Zakharov,50,14,-239518797004.3565,0.07106942310929298,56,226955490
best1bin,SA,Zakharov,50,8,-2.935359769581236e-12,37.141625709831715,300,1968297226
best1bin,SignGD,Zakharov,50,14,-563.6751353476702,1.450141053646803,1307,226955490
best1bin,SPSA,Zakharov,50,14,-2300.0,0.24523243866860867,4160,226955490
best1bin,SMCO,Zakharov,50,14,-0.6133662668608447,5.010787757113576,308,226955490
best1bin,SMCO_R,Zakharov,50,14,-1.7678404623677313,5.031385915353894,158,226955490
best1bin,SMCO_BR,Zakharov,50,14,-6.71199618476797,5.079976147040725,83,226955490
best1bin,optimNM,Zakharov,50,14,-101473898248.28098,0.29810611717402935,2400,226955490
best1bin,optimLBFGS,Zakharov,50,14,-9.125787480343555e-12,1.0621637757867575,427,226955490
best1bin,SMCO_EVO,Zakharov,50,14,-0.5199428648134172,4.993131514638662,308,226955490
best1bin,BOBYQA,Zakharov,50,11,-36972751793.372536,21.959527114406228,2400,1874678441
best1bin,SMCO_R_EVO,Zakharov,50,14,-1.4496856345122504,5.018248388543725,308,226955490
best1bin,PSO,Zakharov,50,14,-1115.4490523771278,0.27810030803084373,300,226955490
best1bin,SMCO_BR_EVO,Zakharov,50,14,-6.4707478158413325,5.164446298032999,158,226955490
best1bin,GA,Zakharov,50,14,-419.71248988229206,0.8474617786705494,300,226955490
best1bin,DEoptim,Zakharov,50,10,-229.20292361774992,28.938195010647178,300,985809678
best1bin,GenSA,Zakharov,50,14,-3.1407466055767046e-11,2.972446497529745,300,226955490
best1bin,ADAM,Zakharov,50,14,-1086665522.4908707,5.324256379157305,4800,226955490
best1bin,GD,Zakharov,50,15,-2422545618490.8423,0.07108576223254204,56,747708629
best1bin,SA,Zakharov,50,9,-2.8189796179599037e-12,36.67571985721588,300,531219359
best1bin,SignGD,Zakharov,50,15,-678.3313444444572,1.6146940719336271,1455,747708629
best1bin,SPSA,Zakharov,50,15,-5745.3125,0.28133483976125717,4800,747708629
best1bin,optimLBFGS,Zakharov,50,15,-2.0237130535500945e-10,0.9907892644405365,402,747708629
best1bin,SMCO,Zakharov,50,15,-0.6209166390564956,4.991640808060765,308,747708629
best1bin,SMCO_R,Zakharov,50,15,-1.6834040952363483,5.0703136790543795,158,747708629
best1bin,optimNM,Zakharov,50,15,-1513934879080.346,0.2893603891134262,2400,747708629
best1bin,SMCO_EVO,Zakharov,50,15,-0.5892922422578646,4.97171089053154,308,747708629
best1bin,SMCO_BR,Zakharov,50,15,-6.626918482808224,5.171025596559048,83,747708629
best1bin,SMCO_R_EVO,Zakharov,50,15,-1.721349903327007,5.095434000715613,308,747708629
best1bin,GA,Zakharov,50,15,-379.9473317682731,0.8645404055714607,300,747708629
best1bin,PSO,Zakharov,50,15,-747.2661776471705,0.276990320533514,300,747708629
best1bin,SMCO_BR_EVO,Zakharov,50,15,-6.138043499832474,5.05509158782661,158,747708629
best1bin,BOBYQA,Zakharov,50,12,-677937566038.5007,21.9450788423419,2400,1457034830
best1bin,ADAM,Zakharov,50,15,-47187671897.91201,5.3003076165914536,4800,747708629
best1bin,DEoptim,Zakharov,50,11,-285.0772293087696,29.160203732550144,300,1874678441
best1bin,GenSA,Zakharov,50,15,-4.792365178512497e-11,2.9836629517376423,300,747708629
best1bin,GD,Zakharov,50,16,-1782838961706.645,0.07279871217906475,56,1256461935
best1bin,SignGD,Zakharov,50,16,-643.2490452811992,1.5444942004978657,1359,1256461935
best1bin,SA,Zakharov,50,10,-2.773754959776689e-12,38.33491177111864,300,985809678
best1bin,SPSA,Zakharov,50,16,-2825.0,0.14530988782644272,2482,1256461935
best1bin,optimLBFGS,Zakharov,50,16,-7.283303097639012e-12,1.0805327612906694,427,1256461935
best1bin,SMCO_BR,Zakharov,50,16,-6.324340547622999,4.998533938080072,83,1256461935
best1bin,SMCO,Zakharov,50,16,-0.5048898623636213,5.158330040052533,308,1256461935
best1bin,SMCO_R,Zakharov,50,16,-1.4279638839290463,5.113974738866091,158,1256461935
best1bin,optimNM,Zakharov,50,16,-1137398088136.643,0.29350052960217,2400,1256461935
best1bin,SMCO_EVO,Zakharov,50,16,-0.5319120858382094,5.094041757285595,308,1256461935
best1bin,SMCO_R_EVO,Zakharov,50,16,-0.9156993183198247,4.968338865786791,308,1256461935
best1bin,GA,Zakharov,50,16,-244.95252617981672,0.865912264212966,300,1256461935
best1bin,PSO,Zakharov,50,16,-1280.607394111179,0.27195663563907146,300,1256461935
best1bin,SMCO_BR_EVO,Zakharov,50,16,-5.5229710294334575,5.158257072791457,158,1256461935
best1bin,BOBYQA,Zakharov,50,13,-1845640708615.3364,22.085612781345844,2400,2073019890
best1bin,GenSA,Zakharov,50,16,-1.1193201359291549e-11,3.049425957724452,300,1256461935
best1bin,DEoptim,Zakharov,50,12,-265.3022141306162,28.674269624054432,300,1457034830
best1bin,ADAM,Zakharov,50,16,-22256911520.70739,5.451210428029299,4800,1256461935
best1bin,GD,Zakharov,50,17,-562213449602.5535,0.07294370234012604,56,901397575
best1bin,SA,Zakharov,50,11,-2.7397386578004487e-12,37.89190686494112,300,1874678441
best1bin,SignGD,Zakharov,50,17,-543.914256888932,1.4807944912463427,1307,901397575
best1bin,SPSA,Zakharov,50,17,-5745.3125,0.21703071147203445,3607,901397575
best1bin,SMCO_R,Zakharov,50,17,-1.491316942751078,4.969405312091112,158,901397575
best1bin,SMCO,Zakharov,50,17,-0.8005388412230791,5.111757446080446,308,901397575
best1bin,optimLBFGS,Zakharov,50,17,-1.9852718024783662e-11,1.0489512644708157,408,901397575
best1bin,optimNM,Zakharov,50,17,-303855197595.86444,0.30323751643300056,2400,901397575
best1bin,SMCO_BR,Zakharov,50,17,-6.090446506995402,5.137255707755685,83,901397575
best1bin,SMCO_EVO,Zakharov,50,17,-0.6084224951596543,5.087155487388372,308,901397575
best1bin,SMCO_BR_EVO,Zakharov,50,17,-7.348936570021196,5.030987054109573,158,901397575
best1bin,SMCO_R_EVO,Zakharov,50,17,-1.862596865549356,5.175080383196473,308,901397575
best1bin,PSO,Zakharov,50,17,-1379.2189854816481,0.2743579614907503,300,901397575
best1bin,GA,Zakharov,50,17,-355.1273383940854,0.8677561283111572,300,901397575
best1bin,DEoptim,Zakharov,50,13,-239.01595202444807,28.486940206959844,300,2073019890
best1bin,GenSA,Zakharov,50,17,-3.997043464445397e-11,3.0399302393198013,300,901397575
best1bin,ADAM,Zakharov,50,17,-3809210109.74849,5.458246434107423,4800,901397575
best1bin,SA,Zakharov,50,12,-3.031965277941518e-12,36.890176018700004,300,1457034830
best1bin,GD,Zakharov,50,18,-1338310466378.529,0.0713093001395464,56,954354235
best1bin,BOBYQA,Zakharov,50,14,-190648201178.17294,25.031522853299975,2400,226955490
best1bin,SignGD,Zakharov,50,18,-677.7227890521445,1.5348903480917215,1387,954354235
best1bin,SPSA,Zakharov,50,18,-2525.0,0.2821385767310858,4793,954354235
best1bin,SMCO_R,Zakharov,50,18,-1.37561078916649,4.972707802429795,158,954354235
best1bin,SMCO,Zakharov,50,18,-0.5988725877619662,5.157509399577975,308,954354235
best1bin,SMCO_BR,Zakharov,50,18,-5.633752500001696,5.131882583722472,83,954354235
best1bin,optimNM,Zakharov,50,18,-859834418332.6635,0.3034248948097229,2400,954354235
best1bin,optimLBFGS,Zakharov,50,18,-8.8423957278485e-12,1.0246046539396048,419,954354235
best1bin,SMCO_EVO,Zakharov,50,18,-0.33170652865541594,4.999141493812203,308,954354235
best1bin,SMCO_R_EVO,Zakharov,50,18,-1.6676725123140779,5.1247259471565485,308,954354235
best1bin,BOBYQA,Zakharov,50,15,-2410287080628.7734,21.540825247764587,2400,747708629
best1bin,PSO,Zakharov,50,18,-1207.218079357838,0.2787626087665558,300,954354235
best1bin,GA,Zakharov,50,18,-225.43345758791608,0.845716493204236,300,954354235
best1bin,SMCO_BR_EVO,Zakharov,50,18,-10.06097761428073,5.148193484172225,158,954354235
best1bin,GenSA,Zakharov,50,18,-1.5745229909340074e-11,3.0308177173137665,300,954354235
best1bin,DEoptim,Zakharov,50,14,-298.80026383436444,29.27856212668121,300,226955490
best1bin,ADAM,Zakharov,50,18,-16899193917.855099,5.33438660018146,4800,954354235
best1bin,SA,Zakharov,50,13,-3.376493896935282e-12,36.50466010160744,300,2073019890
best1bin,GD,Zakharov,50,19,-962164751887.789,0.07052215188741684,56,278911145
best1bin,SignGD,Zakharov,50,19,-723.9944437488458,1.4274263475090265,1307,278911145
best1bin,SPSA,Zakharov,50,19,-2450.0,0.24050494842231274,4134,278911145
best1bin,optimLBFGS,Zakharov,50,19,-7.37450361261743e-12,1.077161230146885,445,278911145
best1bin,SMCO,Zakharov,50,19,-0.41096718453050923,4.97097267024219,308,278911145
best1bin,SMCO_R,Zakharov,50,19,-1.4808231591444982,5.10599478520453,158,278911145
best1bin,optimNM,Zakharov,50,19,-592569092887.6099,0.29500702396035194,2400,278911145
best1bin,SMCO_BR,Zakharov,50,19,-6.834197322187729,5.03686898201704,83,278911145
best1bin,SMCO_EVO,Zakharov,50,19,-0.5298557036776218,5.093477433547378,308,278911145
best1bin,GA,Zakharov,50,19,-132.19449659761906,0.8680776078253984,300,278911145
best1bin,SMCO_R_EVO,Zakharov,50,19,-2.1951408471430796,5.116954173892736,308,278911145
best1bin,PSO,Zakharov,50,19,-1210.9373148897992,0.2811422571539879,300,278911145
best1bin,SMCO_BR_EVO,Zakharov,50,19,-6.9291404353109876,5.178401665762067,158,278911145
best1bin,DEoptim,Zakharov,50,15,-272.5228441619558,28.36859406530857,300,747708629
best1bin,ADAM,Zakharov,50,19,-9381637656.163843,5.280375998467207,4800,278911145
best1bin,GenSA,Zakharov,50,19,-7.550161266502708e-11,3.02102823369205,300,278911145
best1bin,SA,Zakharov,50,14,-3.009216236751262e-12,37.98582509346306,300,226955490
best1bin,BOBYQA,Zakharov,50,16,-456947626679.7362,25.853283941745758,2400,1256461935
best1bin,BOBYQA,Zakharov,50,17,-558118047702.9818,21.51742155663669,2400,901397575
best1bin,DEoptim,Zakharov,50,16,-270.3896566634833,27.934752130880952,300,1256461935
best1bin,SA,Zakharov,50,15,-2.7299551215449783e-12,36.9175750464201,300,747708629
best1bin,BOBYQA,Zakharov,50,18,-1330457743743.214,22.213705526664853,2400,954354235
best1bin,DEoptim,Zakharov,50,17,-285.33514328886207,29.081218283623457,300,901397575
best1bin,SA,Zakharov,50,16,-2.5053732483609373e-12,38.244010826572776,300,1256461935
best1bin,BOBYQA,Zakharov,50,19,-956034796835.4385,21.855479957535863,2400,278911145
best1bin,DEoptim,Zakharov,50,18,-286.6247056774919,29.866828368976712,300,954354235
best1bin,SA,Zakharov,50,17,-3.182829472444676e-12,39.00692681595683,300,901397575
best1bin,DEoptim,Zakharov,50,19,-281.17483090365863,29.909767106175423,300,278911145
best1bin,SA,Zakharov,50,18,-2.82741059825898e-12,40.12302275188267,300,954354235
best1bin,SA,Zakharov,50,19,-1.6323502885212506e-12,39.21475359238684,300,278911145
sobol,SPSA,Rastrigin,50,0,-696.5816411959756,0.25551668368279934,4800,647279673
sobol,optimNM,Rastrigin,50,0,-627.0054155897019,0.31810916773974895,2400,647279673
sobol,PSO,Rastrigin,50,0,-322.80324824956926,0.39519204944372177,300,647279673
sobol,optimLBFGS,Rastrigin,50,0,-327.3390776015438,0.45995862409472466,113,647279673
sobol,GA,Rastrigin,50,0,-305.55608658575295,0.9148776885122061,300,647279673
sobol,SignGD,Rastrigin,50,0,-404.72334943592114,1.3388809468597174,1307,647279673
sobol,SignGD,Rastrigin,50,1,-391.97782945068855,1.2736177444458008,1307,1677437249
sobol,GD,Rastrigin,50,0,-646.7192561469828,3.4332997109740973,3584,647279673
sobol,GD,Rastrigin,50,1,-596.9712816935732,2.7034153882414103,2764,1677437249
sobol,SPSA,Rastrigin,50,1,-677.9300264906421,0.2607797607779503,4800,1677437249
sobol,ADAM,Rastrigin,50,0,-402.95582051043846,3.749572277069092,3890,647279673
sobol,GenSA,Rastrigin,50,0,-1.9899181141885265,3.9039067588746548,300,647279673
sobol,optimNM,Rastrigin,50,1,-635.8525902934448,0.27566258050501347,2400,1677437249
sobol,optimLBFGS,Rastrigin,50,1,-304.45567719337555,0.37449110858142376,115,1677437249
sobol,SMCO_R,Rastrigin,50,0,-12.983470511058442,4.163447415456176,158,647279673
sobol,SMCO,Rastrigin,50,1,-14.583889225342375,4.131664514541626,308,1677437249
sobol,SMCO,Rastrigin,50,0,-12.702037352161938,4.217458348721266,308,647279673
sobol,SMCO_BR,Rastrigin,50,0,-13.989995449718663,4.225754749029875,83,647279673
sobol,SMCO_R_EVO,Rastrigin,50,0,-12.986646706604972,4.289677586406469,308,647279673
sobol,SMCO_R,Rastrigin,50,1,-11.994607102260204,4.262058939784765,158,1677437249
sobol,SMCO_BR_EVO,Rastrigin,50,0,-14.980888744817094,4.356283875182271,158,647279673
sobol,PSO,Rastrigin,50,1,-367.1766515663104,0.2462099026888609,300,1677437249
sobol,SMCO_BR,Rastrigin,50,1,-13.993358156819454,4.210652181878686,83,1677437249
sobol,SMCO_EVO,Rastrigin,50,0,-13.704149208647664,4.502152791246772,308,647279673
sobol,SMCO_EVO,Rastrigin,50,1,-11.658458603597126,4.297317145392299,308,1677437249
sobol,SMCO_R_EVO,Rastrigin,50,1,-11.989181087166344,4.273415133357048,308,1677437249
sobol,SMCO_BR_EVO,Rastrigin,50,1,-10.995186697920246,4.439989656209946,158,1677437249
sobol,SPSA,Rastrigin,50,2,-698.0711211258897,0.25702138990163803,4800,315387377
sobol,GA,Rastrigin,50,1,-292.2739170827202,0.8094592802226543,300,1677437249
sobol,optimNM,Rastrigin,50,2,-673.5628196878989,0.27479893155395985,2400,315387377
sobol,optimLBFGS,Rastrigin,50,2,-275.6021576322113,0.3854746613651514,117,315387377
sobol,SignGD,Rastrigin,50,2,-419.8660255732947,1.758549327030778,1806,315387377
sobol,ADAM,Rastrigin,50,1,-390.0212411146445,3.8433294370770454,3898,1677437249
sobol,GD,Rastrigin,50,2,-559.1645207232775,2.549746122211218,2706,315387377
sobol,PSO,Rastrigin,50,2,-325.2496431099913,0.24494310468435287,300,315387377
sobol,GA,Rastrigin,50,2,-313.01515479389985,0.8253432512283325,300,315387377
sobol,GenSA,Rastrigin,50,1,-0.9949590570942064,3.566644672304392,300,1677437249
sobol,SMCO,Rastrigin,50,2,-14.63847608451448,4.105091705918312,308,315387377
sobol,SMCO_R,Rastrigin,50,2,-10.988599611781865,4.111194584518671,158,315387377
sobol,ADAM,Rastrigin,50,2,-417.88001457151154,3.808408545330167,3898,315387377
sobol,SMCO_BR,Rastrigin,50,2,-11.990796147688457,4.216225100681186,83,315387377
sobol,SMCO_R_EVO,Rastrigin,50,2,-10.994553867435059,4.159217415377498,308,315387377
sobol,SMCO_EVO,Rastrigin,50,2,-11.774663271654958,4.284701945260167,308,315387377
sobol,GenSA,Rastrigin,50,2,-9.663381206337363e-13,3.420487990602851,300,315387377
sobol,SMCO_BR_EVO,Rastrigin,50,2,-11.008541087272647,4.306383084505796,158,315387377
sobol,SPSA,Rastrigin,50,3,-684.731163267766,0.2565304897725582,4800,991992466
sobol,optimLBFGS,Rastrigin,50,3,-312.41543909618224,0.3073875643312931,97,991992466
sobol,optimNM,Rastrigin,50,3,-552.5277237863818,0.27622699551284313,2400,991992466
sobol,GD,Rastrigin,50,3,-692.4876401242165,2.5528179313987494,2689,991992466
sobol,SignGD,Rastrigin,50,3,-324.96532731936014,2.633781986311078,2804,991992466
sobol,SMCO,Rastrigin,50,3,-12.609909339406443,4.087444176897407,308,991992466
sobol,SMCO_R,Rastrigin,50,3,-11.993969186692766,4.222850853577256,158,991992466
sobol,PSO,Rastrigin,50,3,-343.6837015947244,0.24774249456822872,300,991992466
sobol,SMCO_BR,Rastrigin,50,3,-12.005032693774638,4.291280312463641,83,991992466
sobol,GA,Rastrigin,50,3,-286.06165501126463,0.8043789882212877,300,991992466
sobol,ADAM,Rastrigin,50,3,-323.36003462883065,3.7906952928751707,3884,991992466
sobol,SMCO_R_EVO,Rastrigin,50,3,-13.981960303725543,4.212919361889362,308,991992466
sobol,GenSA,Rastrigin,50,3,-3.410605131648481e-13,3.3556619696319103,300,991992466
sobol,SMCO_BR_EVO,Rastrigin,50,3,-11.996199772950263,4.34936673566699,158,991992466
sobol,SMCO_EVO,Rastrigin,50,3,-11.640826714089485,5.578715153038502,308,991992466
sobol,SA,Rastrigin,50,0,-19.899176104047683,14.267589284107089,300,647279673
sobol,GD,Rastrigin,50,4,-631.795062821106,2.279982816427946,2375,659688733
sobol,SPSA,Rastrigin,50,4,-691.1289102582552,0.26155832782387733,4800,659688733
sobol,optimLBFGS,Rastrigin,50,4,-275.60206464237365,0.3652951605618,119,659688733
sobol,SMCO,Rastrigin,50,4,-14.71349267497277,4.1940614096820354,308,659688733
sobol,SMCO_R,Rastrigin,50,4,-13.98928436982095,4.208793669939041,158,659688733
sobol,optimNM,Rastrigin,50,4,-688.4015350571271,0.27744271978735924,2400,659688733
sobol,SignGD,Rastrigin,50,4,-380.2899030653071,2.3786908462643623,1806,659688733
sobol,SMCO_BR,Rastrigin,50,4,-13.992686723902295,4.187795996665955,83,659688733
sobol,BOBYQA,Rastrigin,50,0,-412.9133260903785,16.552462719380856,2400,647279673
sobol,SMCO_EVO,Rastrigin,50,4,-14.50835455143897,4.233179235830903,308,659688733
sobol,SMCO_R_EVO,Rastrigin,50,4,-13.981100501964136,4.184370219707489,308,659688733
sobol,PSO,Rastrigin,50,4,-286.3452984820384,0.24831030517816544,300,659688733
sobol,SMCO_BR_EVO,Rastrigin,50,4,-12.002296316377794,4.268069203943014,158,659688733
sobol,GA,Rastrigin,50,4,-322.38813177391194,0.8009236343204975,300,659688733
sobol,SA,Rastrigin,50,1,-20.89413516114115,13.56478090211749,300,1677437249
sobol,ADAM,Rastrigin,50,4,-378.08192519594576,3.8189579527825117,3898,659688733
sobol,BOBYQA,Rastrigin,50,1,-389.00451570229495,15.660800725221634,2400,1677437249
sobol,GenSA,Rastrigin,50,4,-0.9949590570934674,3.547997897490859,300,659688733
sobol,SA,Rastrigin,50,2,-14.92438585640474,14.47072926349938,300,315387377
sobol,SPSA,Rastrigin,50,5,-689.8620080206418,0.2624661885201931,4800,1940103363
sobol,BOBYQA,Rastrigin,50,2,-424.17966606917844,15.365974690765142,2400,315387377
sobol,optimLBFGS,Rastrigin,50,5,-287.5416139547694,0.3535693921148777,112,1940103363
sobol,SignGD,Rastrigin,50,5,-375.14549536759836,1.2287370543926954,1307,1940103363
sobol,optimNM,Rastrigin,50,5,-679.6908059293519,0.2814911622554064,2400,1940103363
sobol,SMCO,Rastrigin,50,5,-10.567443464319751,4.1652463208884,308,1940103363
sobol,SMCO_R,Rastrigin,50,5,-10.007216601894527,4.098735097795725,158,1940103363
sobol,SMCO_BR,Rastrigin,50,5,-10.007635662159885,4.272706542164087,83,1940103363
sobol,SMCO_EVO,Rastrigin,50,5,-10.694123661718152,4.156963726505637,308,1940103363
sobol,GD,Rastrigin,50,5,-602.3829823264047,3.089076779782772,3186,1940103363
sobol,SMCO_R_EVO,Rastrigin,50,5,-9.993993929063777,4.187501512467861,308,1940103363
sobol,PSO,Rastrigin,50,5,-346.76200441077515,0.24840137735009193,300,1940103363
sobol,GA,Rastrigin,50,5,-305.6862528836993,0.8088439181447029,300,1940103363
sobol,SMCO_BR_EVO,Rastrigin,50,5,-10.010227495787717,4.302722159773111,158,1940103363
sobol,ADAM,Rastrigin,50,5,-368.1327156655739,3.806927153840661,3902,1940103363
sobol,GenSA,Rastrigin,50,5,-0.994959057093638,3.326660605147481,300,1940103363
sobol,SA,Rastrigin,50,3,-15.919344913492864,13.166205868124962,300,991992466
sobol,BOBYQA,Rastrigin,50,3,-334.22433658429577,15.453225815668702,2400,991992466
sobol,SPSA,Rastrigin,50,6,-650.4286241417842,0.2580139562487602,4800,814411795
sobol,optimLBFGS,Rastrigin,50,6,-283.5617990324247,0.36204918846488,121,814411795
sobol,SMCO,Rastrigin,50,6,-12.722190614516478,4.098500391468406,308,814411795
sobol,SMCO_R,Rastrigin,50,6,-12.987192960285995,4.206746734678745,158,814411795
sobol,optimNM,Rastrigin,50,6,-589.5228467278387,0.27483072504401207,2400,814411795
sobol,SMCO_BR,Rastrigin,50,6,-12.994404723685363,4.1824000626802444,83,814411795
sobol,SMCO_EVO,Rastrigin,50,6,-11.770328532496023,4.285814581438899,308,814411795
sobol,SMCO_R_EVO,Rastrigin,50,6,-11.983149554565273,4.1738295797258615,308,814411795
sobol,GD,Rastrigin,50,6,-596.970677037187,2.6765421498566866,2781,814411795
sobol,PSO,Rastrigin,50,6,-320.4809363666111,0.24186103977262974,300,814411795
sobol,SignGD,Rastrigin,50,6,-371.2110273538345,2.1925792153924704,2305,814411795
sobol,SMCO_BR_EVO,Rastrigin,50,6,-11.008556728239625,4.280225304886699,158,814411795
sobol,GA,Rastrigin,50,6,-301.9596007316869,0.8214117977768183,300,814411795
sobol,ADAM,Rastrigin,50,6,-357.18833916433437,3.728608163073659,3862,814411795
sobol,DEoptim,Rastrigin,50,0,-390.50394519491743,27.939908592030406,300,647279673
sobol,GenSA,Rastrigin,50,6,-6.252776074688882e-13,3.383570233359933,300,814411795
sobol,SA,Rastrigin,50,4,-19.899176104047115,13.413968799635768,300,659688733
sobol,SMCO_R,Rastrigin,50,7,-10.008578978271714,4.114064741879702,158,1838791539
sobol,SMCO,Rastrigin,50,7,-14.644958851911213,4.1796628423035145,308,1838791539
sobol,SMCO_BR,Rastrigin,50,7,-13.984147451477952,4.221718048676848,83,1838791539
sobol,SMCO_EVO,Rastrigin,50,7,-14.690453909599,4.173691174015403,308,1838791539
sobol,SPSA,Rastrigin,50,7,-624.1437591794204,0.25794793851673603,4800,1838791539
sobol,optimLBFGS,Rastrigin,50,7,-303.4608591049139,0.36901598051190376,116,1838791539
sobol,optimNM,Rastrigin,50,7,-653.5942074305904,0.271521732211113,2400,1838791539
sobol,SMCO_R_EVO,Rastrigin,50,7,-15.980191787777756,4.263324899598956,308,1838791539
sobol,SignGD,Rastrigin,50,7,-371.5707635590643,2.6957662869244814,2804,1838791539
sobol,DEoptim,Rastrigin,50,1,-382.56553411476,27.49323669821024,300,1677437249
sobol,GA,Rastrigin,50,7,-296.21619044009014,0.8322727754712105,300,1838791539
sobol,PSO,Rastrigin,50,7,-328.2913673571011,0.2488010637462139,300,1838791539
sobol,GD,Rastrigin,50,7,-590.0061167873832,3.8637142330408096,3973,1838791539
sobol,BOBYQA,Rastrigin,50,4,-385.07281838634833,16.15237419307232,2400,659688733
sobol,SMCO_BR_EVO,Rastrigin,50,7,-12.999014282346309,4.2904577273875475,158,1838791539
sobol,ADAM,Rastrigin,50,7,-370.1227304602346,3.811173912137747,3894,1838791539
sobol,GenSA,Rastrigin,50,7,-2.2737367544323206e-13,3.440365230664611,300,1838791539
sobol,SA,Rastrigin,50,5,-16.914303970587923,14.122148610651493,300,1940103363
sobol,DEoptim,Rastrigin,50,2,-401.95335054554874,28.687777834013104,300,315387377
sobol,SPSA,Rastrigin,50,8,-649.8820668158697,0.26835823990404606,4800,563824817
sobol,optimLBFGS,Rastrigin,50,8,-345.2487856049427,0.3319245781749487,99,563824817
sobol,SignGD,Rastrigin,50,8,-368.6270790924509,1.719556163996458,1806,563824817
sobol,SMCO,Rastrigin,50,8,-11.552316994088756,4.222004102542996,308,563824817
sobol,SMCO_R,Rastrigin,50,8,-12.984083418837713,4.244069814682007,158,563824817
sobol,optimNM,Rastrigin,50,8,-646.5133638892926,0.27179351076483727,2400,563824817
sobol,BOBYQA,Rastrigin,50,5,-371.75314508942535,15.54215763695538,2400,1940103363
sobol,SMCO_BR,Rastrigin,50,8,-10.013148883902602,4.298268226906657,83,563824817
sobol,SMCO_R_EVO,Rastrigin,50,8,-11.994888934644393,4.299585822969675,308,563824817
sobol,SMCO_EVO,Rastrigin,50,8,-12.71920394252237,4.3355782721191645,308,563824817
sobol,PSO,Rastrigin,50,8,-324.34409788283267,0.24815429002046585,300,563824817
sobol,GD,Rastrigin,50,8,-604.9318824973326,3.0671523474156857,3173,563824817
sobol,SMCO_BR_EVO,Rastrigin,50,8,-10.0129146169553,4.27623213455081,158,563824817
sobol,GA,Rastrigin,50,8,-269.40201537861265,0.8113924004137516,300,563824817
sobol,DEoptim,Rastrigin,50,3,-367.4599916846058,26.829988833516836,300,991992466
sobol,SA,Rastrigin,50,6,-19.899176104047058,12.990256192162633,300,814411795
sobol,ADAM,Rastrigin,50,8,-367.13749669858066,3.8250709008425474,3904,563824817
sobol,GenSA,Rastrigin,50,8,-3.410605131648481e-13,3.5230168011039495,300,563824817
sobol,SPSA,Rastrigin,50,9,-738.4953730852492,0.263168515637517,4800,872684961
sobol,optimLBFGS,Rastrigin,50,9,-298.4861153045679,0.3373769633471966,106,872684961
sobol,BOBYQA,Rastrigin,50,6,-369.95609373626706,15.102842703461647,2400,814411795
sobol,SMCO,Rastrigin,50,9,-9.749115410525633,4.19960031658411,308,872684961
sobol,optimNM,Rastrigin,50,9,-646.3524716502858,0.27879077568650246,2400,872684961
sobol,SMCO_R,Rastrigin,50,9,-10.002933151385662,4.261742988601327,158,872684961
sobol,SMCO_BR,Rastrigin,50,9,-12.991546960916594,4.2956113535910845,83,872684961
sobol,SignGD,Rastrigin,50,9,-314.4247090684932,2.1821390092372894,2305,872684961
sobol,SMCO_R_EVO,Rastrigin,50,9,-13.979794328618937,4.195998324081302,308,872684961
sobol,SMCO_EVO,Rastrigin,50,9,-12.705012636878848,4.280834438279271,308,872684961
sobol,PSO,Rastrigin,50,9,-358.5155388302663,0.24359837733209133,300,872684961
sobol,GD,Rastrigin,50,9,-491.5081861656815,2.94743175804615,3106,872684961
sobol,SMCO_BR_EVO,Rastrigin,50,9,-12.995869697750493,4.2782332096248865,158,872684961
sobol,GA,Rastrigin,50,9,-301.82975805393363,0.8226407486945391,300,872684961
sobol,ADAM,Rastrigin,50,9,-312.4153982130942,3.8222713321447372,3916,872684961
sobol,GenSA,Rastrigin,50,9,-0.9949590570944906,3.5637685731053352,300,872684961
sobol,SA,Rastrigin,50,7,-18.90422208477281,13.445525569841266,300,1838791539
sobol,DEoptim,Rastrigin,50,4,-336.9550262200844,28.194859525188804,300,659688733
sobol,SPSA,Rastrigin,50,10,-665.6042727375209,0.2565773632377386,4800,95159912
sobol,SMCO,Rastrigin,50,10,-9.784708027842044,4.140038376674056,308,95159912
sobol,SMCO_R,Rastrigin,50,10,-11.006555146787719,4.180837228894234,158,95159912
sobol,SMCO_EVO,Rastrigin,50,10,-11.709047065130733,4.142530005425215,308,95159912
sobol,SMCO_BR,Rastrigin,50,10,-11.99526552632301,4.196185864508152,83,95159912
sobol,GD,Rastrigin,50,10,-548.7089760379984,2.666962606832385,2771,95159912
sobol,optimLBFGS,Rastrigin,50,10,-264.65784686931215,0.3990181051194668,130,95159912
sobol,SMCO_R_EVO,Rastrigin,50,10,-10.992396928799792,4.187355164438486,308,95159912
sobol,optimNM,Rastrigin,50,10,-707.1336297838384,0.2790162246674299,2400,95159912
sobol,PSO,Rastrigin,50,10,-301.27700471573837,0.24530678428709507,300,95159912
sobol,BOBYQA,Rastrigin,50,7,-377.259395665092,15.309462701901793,2400,1838791539
sobol,SignGD,Rastrigin,50,10,-345.6352973899674,1.7449176162481308,1806,95159912
sobol,SMCO_BR_EVO,Rastrigin,50,10,-9.025983786463826,4.369488719850779,158,95159912
sobol,GA,Rastrigin,50,10,-311.7403916073621,0.8071957621723413,300,95159912
sobol,ADAM,Rastrigin,50,10,-344.2539719847766,3.8487574364989996,3942,95159912
sobol,GenSA,Rastrigin,50,10,-6.821210263296962e-13,3.323904598131776,300,95159912
sobol,DEoptim,Rastrigin,50,5,-393.45080620149605,27.917506968602538,300,1940103363
sobol,SMCO,Rastrigin,50,11,-9.69941843218686,4.170915396884084,308,877196067
sobol,SMCO_R,Rastrigin,50,11,-12.988368429535228,4.126789031550288,158,877196067
sobol,SPSA,Rastrigin,50,11,-683.9751246608257,0.2634478434920311,4800,877196067
sobol,SMCO_BR,Rastrigin,50,11,-11.01370927929878,4.204495267942548,83,877196067
sobol,SMCO_EVO,Rastrigin,50,11,-13.809549557501555,4.223003340885043,308,877196067
sobol,SA,Rastrigin,50,8,-20.894135161141207,14.113377880305052,300,563824817
sobol,optimLBFGS,Rastrigin,50,11,-252.718398920495,0.38804104551672935,126,877196067
sobol,SMCO_R_EVO,Rastrigin,50,11,-14.980500739192166,4.250406712293625,308,877196067
sobol,optimNM,Rastrigin,50,11,-599.0116028059878,0.27962954714894295,2400,877196067
sobol,SMCO_BR_EVO,Rastrigin,50,11,-10.012426223108946,4.281268294900656,158,877196067
sobol,PSO,Rastrigin,50,11,-379.96757370770456,0.24901550076901913,300,877196067
sobol,SignGD,Rastrigin,50,11,-332.9870347554181,2.1805714145302773,2305,877196067
sobol,GA,Rastrigin,50,11,-311.3468573210017,0.8212587013840675,300,877196067
sobol,BOBYQA,Rastrigin,50,8,-376.4506317216586,15.957734752446413,2400,563824817
sobol,GD,Rastrigin,50,11,-646.0480449450102,3.804064581170678,3986,877196067
sobol,ADAM,Rastrigin,50,11,-331.3194944922891,3.7820048946887255,3882,877196067
sobol,DEoptim,Rastrigin,50,6,-389.7048535490632,27.342200610786676,300,814411795
sobol,SA,Rastrigin,50,9,-22.884053275327005,13.012852808460593,300,872684961
sobol,GenSA,Rastrigin,50,11,-2.2737367544323206e-13,3.6075337789952755,300,877196067
sobol,SPSA,Rastrigin,50,12,-706.3113876773091,0.2633318640291691,4800,1525490646
sobol,optimLBFGS,Rastrigin,50,12,-258.6881726910541,0.3435485400259495,112,1525490646
sobol,SMCO,Rastrigin,50,12,-12.74993596509745,4.122223464772105,308,1525490646
sobol,SMCO_R,Rastrigin,50,12,-11.991114227248602,4.126557435840368,158,1525490646
sobol,SignGD,Rastrigin,50,12,-313.96655260612954,1.720202138647437,1806,1525490646
sobol,optimNM,Rastrigin,50,12,-619.5824235828893,0.274692976847291,2400,1525490646
sobol,SMCO_BR,Rastrigin,50,12,-10.014655795209876,4.188750121742487,83,1525490646
sobol,SMCO_EVO,Rastrigin,50,12,-10.70754454690666,4.212986320257187,308,1525490646
sobol,PSO,Rastrigin,50,12,-281.8416897822146,0.24479332379996777,300,1525490646
sobol,GD,Rastrigin,50,12,-572.0966391825979,3.0032017808407545,3147,1525490646
sobol,GA,Rastrigin,50,12,-297.8690479019766,0.8027311023324728,300,1525490646
sobol,BOBYQA,Rastrigin,50,9,-308.06498909260324,15.701103955507278,2400,872684961
sobol,SMCO_R_EVO,Rastrigin,50,12,-10.9957175414458,4.243649726733565,308,1525490646
sobol,SMCO_BR_EVO,Rastrigin,50,12,-11.006537576752237,4.3592682760208845,158,1525490646
sobol,ADAM,Rastrigin,50,12,-312.41550011470986,3.7015251386910677,3886,1525490646
sobol,DEoptim,Rastrigin,50,7,-387.0950264621696,26.862610157579184,300,1838791539
sobol,GenSA,Rastrigin,50,12,-1.989918114187276,3.440812636166811,300,1525490646
sobol,SignGD,Rastrigin,50,13,-366.2307413386778,1.2416996341198683,1307,1904583440
sobol,SPSA,Rastrigin,50,13,-693.0268725680343,0.258126936852932,4800,1904583440
sobol,SA,Rastrigin,50,10,-30.843720694254955,13.977219553664327,300,95159912
sobol,optimLBFGS,Rastrigin,50,13,-286.54663958270123,0.36232143454253674,117,1904583440
sobol,SMCO,Rastrigin,50,13,-10.715207319984415,4.173853246495128,308,1904583440
sobol,optimNM,Rastrigin,50,13,-640.7887142977158,0.2723283525556326,2400,1904583440
sobol,SMCO_R,Rastrigin,50,13,-12.984811367501436,4.193735072389245,158,1904583440
sobol,SMCO_BR,Rastrigin,50,13,-12.002546885601873,4.1951705403625965,83,1904583440
sobol,SMCO_EVO,Rastrigin,50,13,-11.825036964403012,4.263368681073189,308,1904583440
sobol,SMCO_R_EVO,Rastrigin,50,13,-10.007210657586427,4.245718574151397,308,1904583440
sobol,PSO,Rastrigin,50,13,-335.940792858127,0.24752108752727509,300,1904583440
sobol,BOBYQA,Rastrigin,50,10,-345.1943584407866,15.440057251602411,2400,95159912
sobol,SMCO_BR_EVO,Rastrigin,50,13,-14.983085367625165,4.334868768230081,158,1904583440
sobol,GA,Rastrigin,50,13,-324.8408374362832,0.8122041299939156,300,1904583440
sobol,GD,Rastrigin,50,13,-604.4975559745836,3.751394359394908,3978,1904583440
sobol,ADAM,Rastrigin,50,13,-364.1529557389073,3.7307301107794046,3902,1904583440
sobol,DEoptim,Rastrigin,50,8,-393.6970152163573,27.17797983624041,300,563824817
sobol,GenSA,Rastrigin,50,13,-0.9949590570937517,3.654989507049322,300,1904583440
sobol,SA,Rastrigin,50,11,-22.88405327532695,13.887058448046446,300,877196067
sobol,SPSA,Rastrigin,50,14,-679.620467888961,0.2615448571741581,4800,703381016
sobol,SMCO,Rastrigin,50,14,-12.812148173315734,4.174380103126168,308,703381016
sobol,SMCO_R,Rastrigin,50,14,-13.99020058884662,4.177416577935219,158,703381016
sobol,GD,Rastrigin,50,14,-544.2399980441573,2.629268689081073,2764,703381016
sobol,optimLBFGS,Rastrigin,50,14,-314.4052101497076,0.32294452004134655,103,703381016
sobol,optimNM,Rastrigin,50,14,-637.215291743401,0.2802178729325533,2400,703381016
sobol,SMCO_BR,Rastrigin,50,14,-13.007693721403086,4.25402407720685,83,703381016
sobol,SMCO_EVO,Rastrigin,50,14,-13.689518752168567,4.223153570666909,308,703381016
sobol,SMCO_R_EVO,Rastrigin,50,14,-11.993345165549329,4.166341472417116,308,703381016
sobol,SignGD,Rastrigin,50,14,-388.1457123150225,1.723759202286601,1806,703381016
sobol,PSO,Rastrigin,50,14,-359.142264951745,0.24588848277926445,300,703381016
sobol,SMCO_BR_EVO,Rastrigin,50,14,-9.017334037152636,4.300971081480384,158,703381016
sobol,BOBYQA,Rastrigin,50,11,-345.7366722108146,15.522734694182873,2400,877196067
sobol,GA,Rastrigin,50,14,-296.0095682151044,0.8138678073883057,300,703381016
sobol,ADAM,Rastrigin,50,14,-386.0417051927178,3.7874891981482506,3914,703381016
sobol,GenSA,Rastrigin,50,14,-0.994959057093638,3.4319515954703093,300,703381016
sobol,SMCO,Rastrigin,50,15,-12.661463969024396,4.076660253107548,308,858292637
sobol,DEoptim,Rastrigin,50,9,-406.3734968025437,28.425635835155845,300,872684961
sobol,SMCO_R,Rastrigin,50,15,-9.004929884128558,4.132323587313294,158,858292637
sobol,SMCO_BR,Rastrigin,50,15,-12.99903415402241,4.252013836055994,83,858292637
sobol,SPSA,Rastrigin,50,15,-694.239697366022,0.26543148420751095,4800,858292637
sobol,optimLBFGS,Rastrigin,50,15,-317.39016505016144,0.3394156116992235,107,858292637
sobol,SMCO_EVO,Rastrigin,50,15,-12.609690448796073,4.1659622602164745,308,858292637
sobol,optimNM,Rastrigin,50,15,-629.6049145330228,0.28348176553845406,2400,858292637
sobol,SignGD,Rastrigin,50,15,-370.6791081732762,1.7121824100613594,1806,858292637
sobol,SMCO_R_EVO,Rastrigin,50,15,-12.989165931172977,4.262571467086673,308,858292637
sobol,BOBYQA,Rastrigin,50,12,-307.16618413961874,15.55504596233368,2400,1525490646
sobol,SMCO_BR_EVO,Rastrigin,50,15,-13.986524368000175,4.310719383880496,158,858292637
sobol,PSO,Rastrigin,50,15,-268.26755697346437,0.25101250410079956,300,858292637
sobol,GD,Rastrigin,50,15,-575.0815472229143,2.938923306763172,3093,858292637
sobol,SA,Rastrigin,50,12,-21.889089180415,15.379080122336745,300,1525490646
sobol,GA,Rastrigin,50,15,-294.08489921097055,0.8129137046635151,300,858292637
sobol,ADAM,Rastrigin,50,15,-369.12751205054485,3.744285322725773,3898,858292637
sobol,GenSA,Rastrigin,50,15,-2.8421709430404007e-13,3.424447387456894,300,858292637
sobol,SA,Rastrigin,50,13,-16.914303970586843,13.546281423419714,300,1904583440
sobol,DEoptim,Rastrigin,50,10,-394.1260488523726,28.382281145080924,300,95159912
sobol,SPSA,Rastrigin,50,16,-705.7100562606598,0.2621433939784765,4800,1089980771
sobol,SMCO,Rastrigin,50,16,-9.687990283004524,4.147363483905792,308,1089980771
sobol,SMCO_R,Rastrigin,50,16,-10.998370101167552,4.171002224087715,158,1089980771
sobol,SMCO_BR,Rastrigin,50,16,-12.997348758697058,4.260349439457059,83,1089980771
sobol,SMCO_EVO,Rastrigin,50,16,-11.811963595237273,4.198137778788805,308,1089980771
sobol,optimLBFGS,Rastrigin,50,16,-245.7536781635114,0.33899356611073017,110,1089980771
sobol,optimNM,Rastrigin,50,16,-586.2423085356845,0.27634429559111595,2400,1089980771
sobol,BOBYQA,Rastrigin,50,13,-366.7026542355728,15.32491535693407,2400,1904583440
sobol,SMCO_BR_EVO,Rastrigin,50,16,-9.010561725749255,4.312191169708967,158,1089980771
sobol,PSO,Rastrigin,50,16,-259.7063205410714,0.24690924771130085,300,1089980771
sobol,GA,Rastrigin,50,16,-313.1294203694987,0.8182040490210056,300,1089980771
sobol,SignGD,Rastrigin,50,16,-312.3737307211187,2.664670003578067,2804,1089980771
sobol,GD,Rastrigin,50,16,-583.146460417509,2.9229822270572186,3088,1089980771
sobol,SMCO_R_EVO,Rastrigin,50,16,-7.01966289339822,5.894968558102846,308,1089980771
sobol,ADAM,Rastrigin,50,16,-310.42583123624354,3.7563132513314486,3886,1089980771
sobol,DEoptim,Rastrigin,50,11,-390.63763257701385,27.478822387754917,300,877196067
sobol,GenSA,Rastrigin,50,16,-2.8421709430404007e-13,3.46224432438612,300,1089980771
sobol,SA,Rastrigin,50,14,-19.899181141869633,14.1192595846951,300,703381016
sobol,SignGD,Rastrigin,50,17,-345.89316425513096,1.2545922584831715,1307,171640614
sobol,SMCO,Rastrigin,50,17,-8.725847235474305,4.147691639140248,308,171640614
sobol,SPSA,Rastrigin,50,17,-666.5719005666276,0.26038049161434174,4800,171640614
sobol,SMCO_R,Rastrigin,50,17,-11.99081400678483,4.171635087579489,158,171640614
sobol,optimLBFGS,Rastrigin,50,17,-279.5820113267555,0.34496053867042065,108,171640614
sobol,optimNM,Rastrigin,50,17,-588.1242977852286,0.2802194934338331,2400,171640614
sobol,SMCO_BR,Rastrigin,50,17,-11.00730600799534,4.278062282130122,83,171640614
sobol,SMCO_EVO,Rastrigin,50,17,-10.616855277327204,4.185879284515977,308,171640614
sobol,SMCO_R_EVO,Rastrigin,50,17,-9.01903679892132,4.19955557025969,308,171640614
sobol,PSO,Rastrigin,50,17,-371.47309778144347,0.24316422641277313,300,171640614
sobol,GD,Rastrigin,50,17,-605.9249735134737,3.044880786910653,3169,171640614
sobol,GA,Rastrigin,50,17,-311.3623796838499,0.8145234528928995,300,171640614
sobol,BOBYQA,Rastrigin,50,14,-383.8944185096613,15.884765386581421,2400,703381016
sobol,ADAM,Rastrigin,50,17,-327.3396926499082,3.778611682355404,3892,171640614
sobol,DEoptim,Rastrigin,50,12,-376.6982583955816,26.971786718815565,300,1525490646
sobol,SMCO_BR_EVO,Rastrigin,50,17,-12.00452402072051,6.012084789574146,158,171640614
sobol,GenSA,Rastrigin,50,17,-0.994959057093638,3.4808578677475452,300,171640614
sobol,SA,Rastrigin,50,15,-15.919344913492864,13.278947545215487,300,858292637
sobol,SPSA,Rastrigin,50,18,-719.7903083752841,0.25948155857622623,4800,1045330318
sobol,optimLBFGS,Rastrigin,50,18,-281.57216924399086,0.32192990742623806,105,1045330318
sobol,SMCO,Rastrigin,50,18,-10.698448801017435,4.102350572124124,308,1045330318
sobol,SMCO_R,Rastrigin,50,18,-12.985834943065868,4.13037190772593,158,1045330318
sobol,optimNM,Rastrigin,50,18,-664.6904639331852,0.2752142194658518,2400,1045330318
sobol,SMCO_BR,Rastrigin,50,18,-7.025273439641808,4.228033619001508,83,1045330318
sobol,SMCO_EVO,Rastrigin,50,18,-7.714085644090119,4.200404545292258,308,1045330318
sobol,SMCO_R_EVO,Rastrigin,50,18,-7.027970722481314,4.226499227806926,308,1045330318
sobol,PSO,Rastrigin,50,18,-264.1154503991166,0.24679197184741497,300,1045330318
sobol,GD,Rastrigin,50,18,-504.1428024813955,2.9835802409797907,3117,1045330318
sobol,BOBYQA,Rastrigin,50,15,-387.98867648250683,15.818407261744142,2400,858292637
sobol,GA,Rastrigin,50,18,-300.6290559038782,0.8136911038309336,300,1045330318
sobol,SMCO_BR_EVO,Rastrigin,50,18,-10.020456976301944,4.3422383442521095,158,1045330318
sobol,SignGD,Rastrigin,50,18,-305.01093061963707,3.7875232566148043,2804,1045330318
sobol,ADAM,Rastrigin,50,18,-303.4613051933643,3.7397862896323204,3896,1045330318
sobol,DEoptim,Rastrigin,50,13,-401.2603039120747,27.31590163335204,300,1904583440
sobol,GenSA,Rastrigin,50,18,-9.094947017729282e-13,3.5139791034162045,300,1045330318
sobol,SA,Rastrigin,50,16,-15.919344913493035,13.481123248115182,300,1089980771
sobol,SPSA,Rastrigin,50,19,-711.0367263280157,0.26383771002292633,4800,1468294424
sobol,optimLBFGS,Rastrigin,50,19,-271.6222392087409,0.34904250502586365,111,1468294424
sobol,SMCO_R,Rastrigin,50,19,-13.989141027939695,4.124228896573186,158,1468294424
sobol,SMCO,Rastrigin,50,19,-14.694884554368116,4.161475567147136,308,1468294424
sobol,SignGD,Rastrigin,50,19,-410.89017502741353,1.7433805167675018,1806,1468294424
sobol,optimNM,Rastrigin,50,19,-666.7032797819617,0.27145975455641747,2400,1468294424
sobol,SMCO_BR,Rastrigin,50,19,-11.997800354557569,4.26865990459919,83,1468294424
sobol,SMCO_EVO,Rastrigin,50,19,-10.739743951722517,4.195993239060044,308,1468294424
sobol,BOBYQA,Rastrigin,50,16,-332.4052664825816,15.539094895124435,2400,1089980771
sobol,GD,Rastrigin,50,19,-619.4151623274958,3.3802697733044624,3562,1468294424
sobol,PSO,Rastrigin,50,19,-325.21865349681264,0.24500884301960468,300,1468294424
sobol,SMCO_R_EVO,Rastrigin,50,19,-15.960617398500176,4.265626581385732,308,1468294424
sobol,GA,Rastrigin,50,19,-290.12549973711714,0.8284018766134977,300,1468294424
sobol,ADAM,Rastrigin,50,19,-408.92545390438755,3.7213240768760443,3898,1468294424
sobol,SMCO_BR_EVO,Rastrigin,50,19,-13.995104691766642,5.97765632905066,158,1468294424
sobol,DEoptim,Rastrigin,50,14,-416.0114086673378,27.289901176467538,300,703381016
sobol,GenSA,Rastrigin,50,19,-1.989918114187276,3.4271986056119204,300,1468294424
sobol,SA,Rastrigin,50,17,-22.884048237507898,13.285079704597592,300,171640614
sobol,SPSA,Ackley,50,0,-19.903814314709898,0.2436248753219843,3418,1758196856
sobol,optimLBFGS,Ackley,50,0,-19.24641060449284,0.2983500584959984,79,1758196856
sobol,BOBYQA,Rastrigin,50,17,-333.2697744772742,15.01259777136147,2400,171640614
sobol,optimNM,Ackley,50,0,-20.265701206965428,0.38209136575460434,2400,1758196856
sobol,SignGD,Ackley,50,0,-19.28846745122666,2.8940909560769796,1806,1758196856
sobol,SMCO,Ackley,50,0,-0.35055752625428527,6.733821475878358,308,1758196856
sobol,SMCO_R,Ackley,50,0,-0.0681900952533181,6.701666546985507,158,1758196856
sobol,SMCO_BR,Ackley,50,0,-0.07290122349185468,6.790217591449618,83,1758196856
sobol,PSO,Ackley,50,0,-14.210409165722174,0.376300934702158,300,1758196856
sobol,SMCO_EVO,Ackley,50,0,-0.3850885093653855,6.825366919860244,308,1758196856
sobol,SMCO_R_EVO,Ackley,50,0,-0.06292566490552831,6.854467323049903,308,1758196856
sobol,GA,Ackley,50,0,-7.285430313909577,0.9824457876384258,300,1758196856
sobol,DEoptim,Rastrigin,50,15,-360.01657937390905,28.07128576003015,300,858292637
sobol,SA,Rastrigin,50,18,-22.884053275402096,13.73471973836422,300,1045330318
sobol,SMCO_BR_EVO,Ackley,50,0,-0.0740328170509561,6.843129647895694,158,1758196856
sobol,ADAM,Ackley,50,0,-19.246410528278897,5.912465322762728,3936,1758196856
sobol,BOBYQA,Rastrigin,50,18,-303.23649191261615,15.077415714040399,2400,1045330318
sobol,GenSA,Ackley,50,0,-1.9994683686519465e-08,4.745699781924486,300,1758196856
sobol,SPSA,Ackley,50,1,-20.284103929466813,0.17538370192050934,2412,302802249
sobol,optimLBFGS,Ackley,50,1,-19.322859366068297,0.33448492363095284,90,302802249
sobol,GD,Ackley,50,0,-19.246411357153523,8.10878288000822,3685,1758196856
sobol,optimNM,Ackley,50,1,-20.419178288160076,0.49902085959911346,2400,302802249
sobol,SignGD,Ackley,50,1,-19.334041863248412,2.692510213702917,1806,302802249
sobol,DEoptim,Rastrigin,50,16,-377.1313667365339,27.299220832064748,300,1089980771
sobol,SA,Rastrigin,50,19,-14.924385856399681,13.544258680194616,300,1468294424
sobol,GA,Ackley,50,1,-6.82015742039097,0.9952469766139984,300,302802249
sobol,SMCO,Ackley,50,1,-0.3717982679246217,6.669529847800732,308,302802249
sobol,SMCO_R,Ackley,50,1,-0.06524236197400457,6.747382052242756,158,302802249
sobol,PSO,Ackley,50,1,-17.053503555652043,0.380440104752779,300,302802249
sobol,SMCO_BR,Ackley,50,1,-0.07412717362042587,6.830251658335328,83,302802249
sobol,SMCO_EVO,Ackley,50,1,-0.36581442603379033,6.737715035676956,308,302802249
sobol,ADAM,Ackley,50,1,-19.322859365879467,5.9096431862562895,3976,302802249
sobol,BOBYQA,Rastrigin,50,19,-418.78543035252824,16.067828625440598,2400,1468294424
sobol,SMCO_R_EVO,Ackley,50,1,-0.07321148268537359,6.850037172436714,308,302802249
sobol,GD,Ackley,50,1,-19.322859427566424,6.401293436065316,4354,302802249
sobol,SMCO_BR_EVO,Ackley,50,1,-0.0743342387822854,6.8460935559123755,158,302802249
sobol,SPSA,Ackley,50,2,-20.16585699382693,0.16833754442632198,2322,1073083343
sobol,optimLBFGS,Ackley,50,2,-19.31373954636322,0.3216318544000387,86,1073083343
sobol,DEoptim,Rastrigin,50,17,-349.0820027428593,27.25377620384097,300,171640614
sobol,GenSA,Ackley,50,1,-1.9402236706156373e-08,6.349316937848926,300,302802249
sobol,optimNM,Ackley,50,2,-20.283821364804343,0.3969531115144491,2400,1073083343
sobol,SignGD,Ackley,50,2,-19.32537822136912,2.703663220629096,1806,1073083343
sobol,BOBYQA,Ackley,50,0,-19.281476874436855,15.997417096048594,2400,1758196856
sobol,GA,Ackley,50,2,-6.840067261273649,0.9743560291826725,300,1073083343
sobol,SMCO,Ackley,50,2,-0.35043546359378697,6.66184582747519,308,1073083343
sobol,SMCO_R,Ackley,50,2,-0.07329915409318177,6.725100737065077,158,1073083343
sobol,ADAM,Ackley,50,2,-19.31373953856102,5.831921931356192,3942,1073083343
sobol,PSO,Ackley,50,2,-14.551987034757731,0.4198351167142391,300,1073083343
sobol,SMCO_BR,Ackley,50,2,-0.0736503158101951,6.830797720700502,83,1073083343
sobol,SMCO_EVO,Ackley,50,2,-0.31580668431742653,6.787889437749982,308,1073083343
sobol,SMCO_R_EVO,Ackley,50,2,-0.072550490181158,6.72768197208643,308,1073083343
sobol,GD,Ackley,50,2,-19.314027925622074,6.480405542999506,4366,1073083343
sobol,SMCO_BR_EVO,Ackley,50,2,-0.07346788972137164,6.846247175708413,158,1073083343
sobol,DEoptim,Rastrigin,50,18,-397.1550399857557,27.661054933443666,300,1045330318
sobol,SPSA,Ackley,50,3,-20.531961468725196,0.15662408247590065,2156,1376058949
sobol,optimLBFGS,Ackley,50,3,-19.363084962381855,0.35202945955097675,89,1376058949
sobol,GenSA,Ackley,50,2,-1.9480296931106977e-08,6.454463751986623,300,1073083343
sobol,SignGD,Ackley,50,3,-19.37237171390192,2.6915628723800182,1806,1376058949
sobol,optimNM,Ackley,50,3,-20.332844412092026,0.5002151839435101,2400,1376058949
sobol,SA,Ackley,50,0,-19.22591740922662,18.988286403939128,300,1758196856
sobol,DEoptim,Rastrigin,50,19,-380.31062969078664,26.43947670608759,300,1468294424
sobol,GD,Ackley,50,3,-19.363361630826294,5.7203649040311575,3888,1376058949
sobol,GA,Ackley,50,3,-6.5844249652947795,0.9678190611302853,300,1376058949
sobol,PSO,Ackley,50,3,-13.763590702357607,0.3771497309207916,300,1376058949
sobol,SMCO,Ackley,50,3,-0.3413167873961176,6.666648210957646,308,1376058949
sobol,BOBYQA,Ackley,50,1,-19.348841929846206,17.45644020102918,2400,302802249
sobol,ADAM,Ackley,50,3,-19.36308476317549,5.82621063105762,3932,1376058949
sobol,SMCO_R,Ackley,50,3,-0.06910828277566994,6.729910517111421,158,1376058949
sobol,SMCO_BR,Ackley,50,3,-0.06539671462365293,6.736316179856658,83,1376058949
sobol,SMCO_R_EVO,Ackley,50,3,-0.0692307265961678,6.82371792756021,308,1376058949
sobol,SMCO_BR_EVO,Ackley,50,3,-0.07590180239007127,6.9129457753151655,158,1376058949
sobol,GenSA,Ackley,50,3,-1.9756886349142633e-08,4.80697264149785,300,1376058949
sobol,SMCO_EVO,Ackley,50,3,-0.3780753154523748,8.071202838793397,308,1376058949
sobol,SPSA,Ackley,50,4,-20.160737980716092,0.18389444798231125,2510,971522874
sobol,optimLBFGS,Ackley,50,4,-19.470550735764263,0.35602921433746815,96,971522874
sobol,optimNM,Ackley,50,4,-20.527780543031092,0.38142833299934864,2400,971522874
sobol,SA,Ackley,50,1,-19.64872362406118,18.800312984734774,300,302802249
sobol,SignGD,Ackley,50,4,-19.481773649192103,3.421344941481948,2305,971522874
sobol,BOBYQA,Ackley,50,2,-19.351179139581795,15.686295296996832,2400,1073083343
sobol,GA,Ackley,50,4,-6.719166127007236,0.9840502124279737,300,971522874
sobol,PSO,Ackley,50,4,-17.33452049219698,0.3802876118570566,300,971522874
sobol,GD,Ackley,50,4,-19.470550839979577,5.926598370075226,4029,971522874
sobol,SMCO,Ackley,50,4,-0.3811627619824418,6.654514553025365,308,971522874
sobol,SMCO_R,Ackley,50,4,-0.06806189392205342,6.669874545186758,158,971522874
sobol,ADAM,Ackley,50,4,-19.4705507357415,5.97407335601747,3964,971522874
sobol,SMCO_BR,Ackley,50,4,-0.06674454126620732,6.7946112006902695,83,971522874
sobol,SMCO_EVO,Ackley,50,4,-0.38205973098112667,6.711912985891104,308,971522874
sobol,SMCO_R_EVO,Ackley,50,4,-0.07075395028385545,6.7525210827589035,308,971522874
sobol,SMCO_BR_EVO,Ackley,50,4,-0.07901285710683625,6.939041307196021,158,971522874
sobol,GenSA,Ackley,50,4,-1.9276388929512223e-08,4.868909545242786,300,971522874
sobol,SPSA,Ackley,50,5,-20.40540657157229,0.12553183361887932,1738,1541453820
sobol,optimLBFGS,Ackley,50,5,-19.362423331747976,0.35946856811642647,99,1541453820
sobol,SA,Ackley,50,2,-19.65303593999528,18.404644306749105,300,1073083343
sobol,optimNM,Ackley,50,5,-20.341937189187433,0.3888798002153635,2400,1541453820
sobol,SignGD,Ackley,50,5,-19.372792576527477,2.675863228738308,1806,1541453820
sobol,DEoptim,Ackley,50,0,-0.185084382090285,30.994013188406825,300,1758196856
sobol,GD,Ackley,50,5,-19.362482284063002,4.947298215702176,3364,1541453820
sobol,SMCO,Ackley,50,5,-0.37621354097308357,6.648605627939105,308,1541453820
sobol,PSO,Ackley,50,5,-14.373344222283205,0.37778945080935955,300,1541453820
sobol,GA,Ackley,50,5,-7.1397289343553005,0.9763659816235304,300,1541453820
sobol,SMCO_R,Ackley,50,5,-0.0717678469075449,6.652451425790787,158,1541453820
sobol,ADAM,Ackley,50,5,-19.362423231288265,5.883148729801178,3928,1541453820
sobol,SMCO_BR,Ackley,50,5,-0.07670384493456384,6.732879068702459,83,1541453820
sobol,SMCO_EVO,Ackley,50,5,-0.3776148320366599,6.711262756958604,308,1541453820
sobol,SMCO_R_EVO,Ackley,50,5,-0.06319157628254901,6.804058751091361,308,1541453820
sobol,GenSA,Ackley,50,5,-2.0110129117512088e-08,4.815961999818683,300,1541453820
sobol,SMCO_BR_EVO,Ackley,50,5,-0.08157903667372368,6.850090971216559,158,1541453820
sobol,BOBYQA,Ackley,50,3,-19.39037108916517,19.034544721245766,2400,1376058949
sobol,SPSA,Ackley,50,6,-19.856061178444094,0.22799153253436089,3167,487299904
sobol,optimLBFGS,Ackley,50,6,-19.188392433393357,0.397242933511734,97,487299904
sobol,DEoptim,Ackley,50,1,-0.1122743350156381,31.092418681830168,300,302802249
sobol,optimNM,Ackley,50,6,-20.005584321314718,0.3852714113891125,2400,487299904
sobol,SignGD,Ackley,50,6,-19.20007845863058,3.9276245161890984,2305,487299904
sobol,BOBYQA,Ackley,50,4,-19.498074312683652,16.245031516999006,2400,971522874
sobol,SMCO,Ackley,50,6,-0.3547977331929073,6.625499388203025,308,487299904
sobol,SMCO_R,Ackley,50,6,-0.0655613737708447,6.643936252221465,158,487299904
sobol,ADAM,Ackley,50,6,-19.188392242443935,5.824123337864876,3910,487299904
sobol,SMCO_BR,Ackley,50,6,-0.07383786759486854,6.730240326374769,83,487299904
sobol,GD,Ackley,50,6,-19.188393157250058,6.214910909533501,4199,487299904
sobol,SMCO_R_EVO,Ackley,50,6,-0.07000366953431625,6.676780769601464,308,487299904
sobol,PSO,Ackley,50,6,-14.007955534637235,0.37680125050246716,300,487299904
sobol,SMCO_EVO,Ackley,50,6,-0.35530772022601953,6.788737040013075,308,487299904
sobol,GA,Ackley,50,6,-7.0472581687820846,0.9813281204551458,300,487299904
sobol,SMCO_BR_EVO,Ackley,50,6,-0.06806981997829498,6.832100255414844,158,487299904
sobol,GenSA,Ackley,50,6,-1.9765263647997244e-08,4.819336397573352,300,487299904
sobol,SA,Ackley,50,4,-19.231792242182692,18.70221253298223,300,971522874
sobol,SPSA,Ackley,50,7,-20.223641760753743,0.13377839513123035,1835,338391265
sobol,SA,Ackley,50,3,-19.42608458831856,24.994772724807262,300,1376058949
sobol,DEoptim,Ackley,50,2,-0.039658980086436646,31.52045371197164,300,1073083343
sobol,optimLBFGS,Ackley,50,7,-19.336104058621277,0.3677781540900469,96,338391265
sobol,optimNM,Ackley,50,7,-20.410738292875482,0.3932127431035042,2400,338391265
sobol,SignGD,Ackley,50,7,-19.34575525854632,2.6641727034002542,1806,338391265
sobol,BOBYQA,Ackley,50,5,-19.393542587614217,16.254901070147753,2400,1541453820
sobol,GA,Ackley,50,7,-6.8716576228829265,0.9760810006409883,300,338391265
sobol,PSO,Ackley,50,7,-6.626039929420028,0.37285342812538147,300,338391265
sobol,SMCO_R,Ackley,50,7,-0.06818951287304431,6.6109731663018465,158,338391265
sobol,GD,Ackley,50,7,-19.336104094953374,6.072611503303051,4140,338391265
sobol,SMCO,Ackley,50,7,-0.38013892638958113,6.9143369402736425,308,338391265
sobol,SMCO_EVO,Ackley,50,7,-0.31608864884825794,6.660564575344324,308,338391265
sobol,SMCO_BR,Ackley,50,7,-0.07690432711307382,6.849609464406967,83,338391265
sobol,SMCO_BR_EVO,Ackley,50,7,-0.07439042892779257,6.935788426548243,158,338391265
sobol,ADAM,Ackley,50,7,-19.336104045730824,5.930673107504845,3962,338391265
sobol,GenSA,Ackley,50,7,-1.9424288399960687e-08,5.091826938092709,300,338391265
sobol,SMCO_R_EVO,Ackley,50,7,-0.07799136426428221,7.736592683941126,308,338391265
sobol,DEoptim,Ackley,50,3,-0.2667123572341734,30.59572517685592,300,1376058949
sobol,SPSA,Ackley,50,8,-20.5337757406203,0.14212412014603615,1969,2049854445
sobol,optimLBFGS,Ackley,50,8,-19.39206747114037,0.3041965812444687,79,2049854445
sobol,optimNM,Ackley,50,8,-20.32517103579939,0.39162563160061836,2400,2049854445
sobol,SA,Ackley,50,5,-19.514389691830015,18.984080893918872,300,1541453820
sobol,SignGD,Ackley,50,8,-19.40329768607684,1.9447833802551031,1307,2049854445
sobol,BOBYQA,Ackley,50,6,-19.211458833935612,15.631819099187851,2400,487299904
sobol,SMCO,Ackley,50,8,-0.3669253556221084,6.607280528172851,308,2049854445
sobol,GA,Ackley,50,8,-7.264735234814138,0.9800340849906206,300,2049854445
sobol,PSO,Ackley,50,8,-17.240965040973215,0.3735955450683832,300,2049854445
sobol,SMCO_R,Ackley,50,8,-0.06973670596143622,6.637066124007106,158,2049854445
sobol,GD,Ackley,50,8,-19.39206828429836,6.142804188653827,4130,2049854445
sobol,SMCO_BR,Ackley,50,8,-0.07490070534445481,6.74736025556922,83,2049854445
sobol,SMCO_EVO,Ackley,50,8,-0.35482775834701075,6.702975356951356,308,2049854445
sobol,ADAM,Ackley,50,8,-19.39206742958018,5.9263784401118755,3960,2049854445
sobol,SMCO_R_EVO,Ackley,50,8,-0.07093633676041877,6.6800843719393015,308,2049854445
sobol,GenSA,Ackley,50,8,-1.9521625649332464e-08,5.1344885379076,300,2049854445
sobol,SMCO_BR_EVO,Ackley,50,8,-0.0710206202929311,6.934139605611563,158,2049854445
sobol,SPSA,Ackley,50,9,-20.004575484165837,0.19569310918450356,2680,207954026
sobol,optimLBFGS,Ackley,50,9,-19.447476553722712,0.38029762730002403,94,207954026
sobol,DEoptim,Ackley,50,4,-0.12387971814123278,30.656336275860667,300,971522874
sobol,SignGD,Ackley,50,9,-19.517913516364263,1.925179310142994,1307,207954026
sobol,optimNM,Ackley,50,9,-20.253005900242727,0.3885656241327524,2400,207954026
sobol,SA,Ackley,50,6,-19.291039835593942,18.923974430188537,300,487299904
sobol,SMCO,Ackley,50,9,-0.36313075645534143,6.660797668620944,308,207954026
sobol,SMCO_R,Ackley,50,9,-0.07041223814714259,6.639542318880558,158,207954026
sobol,GD,Ackley,50,9,-19.448240346035156,5.935392240062356,4031,207954026
sobol,PSO,Ackley,50,9,-6.449621359490912,0.3737529180943966,300,207954026
sobol,ADAM,Ackley,50,9,-19.44747651462509,5.871417865157127,3952,207954026
sobol,GA,Ackley,50,9,-6.372373210761626,0.9777915738523006,300,207954026
sobol,SMCO_EVO,Ackley,50,9,-0.3571787004546292,6.757025023922324,308,207954026
sobol,GenSA,Ackley,50,9,-1.9293672881559587e-08,4.8670939560979605,300,207954026
sobol,SMCO_BR_EVO,Ackley,50,9,-0.07281630238660641,6.866868739947677,158,207954026
sobol,SMCO_R_EVO,Ackley,50,9,-0.06966895567628173,7.071965996176004,308,207954026
sobol,SMCO_BR,Ackley,50,9,-0.07561774840158764,7.493097392842174,83,207954026
sobol,DEoptim,Ackley,50,5,-0.08511466426075076,30.306544914841652,300,1541453820
sobol,SPSA,Ackley,50,10,-19.916758773007285,0.20460324175655842,2842,1343475621
sobol,SA,Ackley,50,7,-19.308668034320725,18.820658089593053,300,338391265
sobol,optimLBFGS,Ackley,50,10,-19.486620403426052,0.3514754008501768,90,1343475621
sobol,optimNM,Ackley,50,10,-20.34274921435963,0.39660679548978806,2400,1343475621
sobol,SignGD,Ackley,50,10,-19.430744117268187,2.6644973643124104,1806,1343475621
sobol,BOBYQA,Ackley,50,8,-19.424283909782336,17.312413660809398,2400,2049854445
sobol,SMCO,Ackley,50,10,-0.36436247644945796,6.683186665177345,308,1343475621
sobol,SMCO_R,Ackley,50,10,-0.06925619767136526,6.627428028732538,158,1343475621
sobol,SMCO_BR,Ackley,50,10,-0.07436714563797198,6.8025373835116625,83,1343475621
sobol,ADAM,Ackley,50,10,-19.421927591767155,5.8386591244488955,3958,1343475621
sobol,BOBYQA,Ackley,50,7,-19.414837106682555,24.382828779518604,2400,338391265
sobol,GD,Ackley,50,10,-19.42192769013292,6.309436298906803,4140,1343475621
sobol,SMCO_EVO,Ackley,50,10,-0.35160008408996335,6.702221564948559,308,1343475621
sobol,PSO,Ackley,50,10,-16.168823340131905,0.37307500652968884,300,1343475621
sobol,GenSA,Ackley,50,10,-1.9477934376510575e-08,4.708366682752967,300,1343475621
sobol,SMCO_R_EVO,Ackley,50,10,-0.07350940043677712,6.804873716086149,308,1343475621
sobol,GA,Ackley,50,10,-6.449251265622095,0.9909638594835997,300,1343475621
sobol,SMCO_BR_EVO,Ackley,50,10,-0.07613654380137236,6.802272306755185,158,1343475621
sobol,SA,Ackley,50,8,-19.128832412663222,18.135494148358703,300,2049854445
sobol,SPSA,Ackley,50,11,-20.38863592781946,0.16039393469691277,2245,705973978
sobol,optimLBFGS,Ackley,50,11,-19.390882501019885,0.3268264215439558,89,705973978
sobol,optimNM,Ackley,50,11,-20.355663130308265,0.38466915488243103,2400,705973978
sobol,DEoptim,Ackley,50,6,-0.027845397589690624,31.04174960963428,300,487299904
sobol,SignGD,Ackley,50,11,-19.434864574322823,2.6822619568556547,1806,705973978
sobol,BOBYQA,Ackley,50,9,-19.48493681913199,16.807219304144382,2400,207954026
sobol,GA,Ackley,50,11,-7.040263250217814,1.0027920566499233,300,705973978
sobol,GenSA,Ackley,50,11,-1.8375431398709452e-08,4.727958345785737,300,705973978
sobol,PSO,Ackley,50,11,-4.475682473413922,0.38233939930796623,300,705973978
sobol,ADAM,Ackley,50,11,-19.390882500996437,5.846424460411072,3918,705973978
sobol,SMCO_R,Ackley,50,11,-0.06525986231042724,6.630405083298683,158,705973978
sobol,SMCO,Ackley,50,11,-0.34541764071719827,6.734115904197097,308,705973978
sobol,SMCO_EVO,Ackley,50,11,-0.37100833315523163,6.721574252471328,308,705973978
sobol,GD,Ackley,50,11,-19.39088256110053,6.6503672152757645,4461,705973978
sobol,SMCO_R_EVO,Ackley,50,11,-0.07047916195198001,6.744537651538849,308,705973978
sobol,SMCO_BR_EVO,Ackley,50,11,-0.07575401033399176,6.820888737216592,158,705973978
sobol,SA,Ackley,50,9,-19.50148020072665,18.896457467228174,300,207954026
sobol,SPSA,Ackley,50,12,-20.501723754260887,0.10649587213993073,1439,1031283771
sobol,DEoptim,Ackley,50,7,-0.044512423935732404,31.52485697902739,300,338391265
sobol,optimLBFGS,Ackley,50,12,-19.460158460718347,0.3460574224591255,88,1031283771
sobol,optimNM,Ackley,50,12,-20.366800045655697,0.38974362052977085,2400,1031283771
sobol,SignGD,Ackley,50,12,-19.472187346657257,2.6603160593658686,1806,1031283771
sobol,SMCO_BR,Ackley,50,11,-0.07889923437547752,9.931420888751745,83,705973978
sobol,BOBYQA,Ackley,50,10,-19.450867027320033,15.748213648796082,2400,1343475621
sobol,GA,Ackley,50,12,-6.772305728253803,0.9984224140644073,300,1031283771
sobol,PSO,Ackley,50,12,-4.250739738503338,0.38386649638414383,300,1031283771
sobol,SMCO,Ackley,50,12,-0.35965551240300586,6.642411395907402,308,1031283771
sobol,GD,Ackley,50,12,-19.460159248366487,5.836711063981056,3914,1031283771
sobol,ADAM,Ackley,50,12,-19.460158331224246,5.8461947701871395,3952,1031283771
sobol,SMCO_R,Ackley,50,12,-0.07085277054658734,6.744227584451437,158,1031283771
sobol,SMCO_BR,Ackley,50,12,-0.07904621953308721,6.798248168081045,83,1031283771
sobol,SMCO_EVO,Ackley,50,12,-0.3513744912893597,6.687990391626954,308,1031283771
sobol,GenSA,Ackley,50,12,-2.0024547797703462e-08,4.783530373126268,300,1031283771
sobol,SMCO_R_EVO,Ackley,50,12,-0.07136030310952224,6.806340154260397,308,1031283771
sobol,SMCO_BR_EVO,Ackley,50,12,-0.08075155642641052,6.8478069715201855,158,1031283771
sobol,DEoptim,Ackley,50,8,-0.25138360038315755,31.097735134884715,300,2049854445
sobol,SPSA,Ackley,50,13,-20.286499026803796,0.21175197511911392,2944,2060688600
sobol,optimLBFGS,Ackley,50,13,-19.456798329668754,0.3241702988743782,83,2060688600
sobol,optimNM,Ackley,50,13,-20.245550997189138,0.38863430730998516,2400,2060688600
sobol,SA,Ackley,50,10,-19.435931516417643,18.429303091019392,300,1343475621
sobol,SignGD,Ackley,50,13,-19.466810935827215,3.4283990282565355,2305,2060688600
sobol,SMCO,Ackley,50,13,-0.34166403024002934,6.749937968328595,308,2060688600
sobol,BOBYQA,Ackley,50,11,-19.42915163668048,18.408641286194324,2400,705973978
sobol,SMCO_R,Ackley,50,13,-0.06404078152365189,6.598436377942562,158,2060688600
sobol,GD,Ackley,50,13,-19.456797222382782,6.00563208386302,4122,2060688600
sobol,GenSA,Ackley,50,13,-1.961964146701689e-08,4.893183317035437,300,2060688600
sobol,ADAM,Ackley,50,13,-19.456797128298202,5.909935710951686,3938,2060688600
sobol,PSO,Ackley,50,13,-15.055266880034884,0.37523081712424755,300,2060688600
sobol,SMCO_EVO,Ackley,50,13,-0.3678403257871037,6.662495866417885,308,2060688600
sobol,SMCO_BR,Ackley,50,13,-0.06793463944876565,6.877345269545913,83,2060688600
sobol,SMCO_R_EVO,Ackley,50,13,-0.072811186845684,6.8307978212833405,308,2060688600
sobol,GA,Ackley,50,13,-6.90783159966734,1.0024422593414783,300,2060688600
sobol,SMCO_BR_EVO,Ackley,50,13,-0.07115024913501289,6.912919692695141,158,2060688600
sobol,SPSA,Ackley,50,14,-20.354128634634446,0.31435495242476463,4338,1658406150
sobol,optimLBFGS,Ackley,50,14,-19.31268030603839,0.3210252206772566,88,1658406150
sobol,DEoptim,Ackley,50,9,-0.15454802099356657,30.849777540192008,300,207954026
sobol,optimNM,Ackley,50,14,-20.324782545894433,0.3930428083986044,2400,1658406150
sobol,SignGD,Ackley,50,14,-19.3245728965972,1.9570828974246979,1307,1658406150
sobol,SA,Ackley,50,11,-19.29341245701707,19.103288741782308,300,705973978
sobol,BOBYQA,Ackley,50,12,-19.489933045197468,17.168013364076614,2400,1031283771
sobol,ADAM,Ackley,50,14,-19.31268016639873,5.954604523256421,3958,1658406150
sobol,SMCO,Ackley,50,14,-0.36565496949560883,6.60390510968864,308,1658406150
sobol,SMCO_R,Ackley,50,14,-0.07148222752213629,6.608374582603574,158,1658406150
sobol,PSO,Ackley,50,14,-13.825753104904306,0.38096179626882076,300,1658406150
sobol,SMCO_R_EVO,Ackley,50,14,-0.06727460201470281,6.687294140458107,308,1658406150
sobol,SMCO_EVO,Ackley,50,14,-0.39573996940216505,6.786367682740092,308,1658406150
sobol,SMCO_BR,Ackley,50,14,-0.07284422560014692,6.831424722447991,83,1658406150
sobol,SMCO_BR_EVO,Ackley,50,14,-0.0735799903541623,6.786553114652634,158,1658406150
sobol,GenSA,Ackley,50,14,-1.9653811467179594e-08,4.7564985156059265,300,1658406150
sobol,GA,Ackley,50,14,-6.949722295776452,0.9754575062543154,300,1658406150
sobol,GD,Ackley,50,14,-19.312680287353462,7.152928365394473,4800,1658406150
sobol,SPSA,Ackley,50,15,-20.551043180422194,0.0910899993032217,1226,1339219110
sobol,optimLBFGS,Ackley,50,15,-19.305618340980764,0.3477206155657768,94,1339219110
sobol,SA,Ackley,50,12,-19.129721524104212,18.357086524367332,300,1031283771
sobol,optimNM,Ackley,50,15,-20.22214166473054,0.3813429456204176,2400,1339219110
sobol,SignGD,Ackley,50,15,-19.31201187126327,2.6810185965150595,1806,1339219110
sobol,DEoptim,Ackley,50,10,-0.07564542285991793,30.510872028768063,300,1343475621
sobol,BOBYQA,Ackley,50,13,-19.48415599905177,17.09871208667755,2400,2060688600
sobol,GA,Ackley,50,15,-6.684104420110696,0.9826167915016413,300,1339219110
sobol,ADAM,Ackley,50,15,-19.30561831284635,5.830850634723902,3932,1339219110
sobol,PSO,Ackley,50,15,-13.3613385289961,0.3762583825737238,300,1339219110
sobol,SMCO,Ackley,50,15,-0.3306397503970513,6.707493208348751,308,1339219110
sobol,SMCO_R,Ackley,50,15,-0.06844499404849147,6.65581339597702,158,1339219110
sobol,SA,Ackley,50,13,-18.65245994904277,18.020170494914055,300,2060688600
sobol,SMCO_BR,Ackley,50,15,-0.07565414880162935,6.840718794614077,83,1339219110
sobol,SMCO_R_EVO,Ackley,50,15,-0.07125133688670404,6.7882069163024426,308,1339219110
sobol,GenSA,Ackley,50,15,-1.979758623704697e-08,4.819711212068796,300,1339219110
sobol,SMCO_BR_EVO,Ackley,50,15,-0.07815062805312367,6.917878191918135,158,1339219110
sobol,GD,Ackley,50,15,-19.3059370946144,7.0526427552104,4800,1339219110
sobol,SPSA,Ackley,50,16,-20.578339308621235,0.09376765042543411,1299,1428844295
sobol,optimLBFGS,Ackley,50,16,-19.391580487299315,0.37652504816651344,96,1428844295
sobol,SMCO_EVO,Ackley,50,15,-0.3655336077978295,7.98768406547606,308,1339219110
sobol,DEoptim,Ackley,50,11,-0.06629779347733278,31.389558730646968,300,705973978
sobol,optimNM,Ackley,50,16,-20.401705914684698,0.38290701247751713,2400,1428844295
sobol,SignGD,Ackley,50,16,-19.401817481790562,2.680906629189849,1806,1428844295
sobol,BOBYQA,Ackley,50,14,-19.34087398282333,17.27954256720841,2400,1658406150
sobol,GD,Ackley,50,16,-19.39157987722584,5.626854468137026,3802,1428844295
sobol,SMCO,Ackley,50,16,-0.3544859188284062,6.643620511516929,308,1428844295
sobol,GA,Ackley,50,16,-6.870988449082519,0.9904152508825064,300,1428844295
sobol,SMCO_R,Ackley,50,16,-0.06784766071668757,6.671969683840871,158,1428844295
sobol,PSO,Ackley,50,16,-14.018789259018096,0.3774308990687132,300,1428844295
sobol,ADAM,Ackley,50,16,-19.39157987724116,5.893124241381884,3952,1428844295
sobol,GenSA,Ackley,50,16,-2.0484432372569472e-08,4.883503220975399,300,1428844295
sobol,SMCO_EVO,Ackley,50,16,-0.3573573042097853,6.705773623660207,308,1428844295
sobol,SMCO_BR,Ackley,50,16,-0.075701370251267,6.764287514612079,83,1428844295
sobol,SMCO_R_EVO,Ackley,50,16,-0.06630306254207996,6.847321107983589,308,1428844295
sobol,SMCO_BR_EVO,Ackley,50,16,-0.0675519950499468,6.919602541252971,158,1428844295
sobol,SPSA,Ackley,50,17,-20.243980555214996,0.2234550565481186,3055,1638370930
sobol,optimLBFGS,Ackley,50,17,-19.385407661446038,0.340531712397933,91,1638370930
sobol,SA,Ackley,50,14,-19.551320418665213,19.125998307019472,300,1658406150
sobol,optimNM,Ackley,50,17,-20.21910480655051,0.3935369346290827,2400,1638370930
sobol,SignGD,Ackley,50,17,-19.415630329687506,2.656180500984192,1806,1638370930
sobol,DEoptim,Ackley,50,12,-0.36318265673925554,32.77145880647004,300,1031283771
sobol,GD,Ackley,50,17,-19.38644169726673,5.4155045840889215,3707,1638370930
sobol,SMCO,Ackley,50,17,-0.3184908477327757,6.619304768741131,308,1638370930
sobol,SMCO_R,Ackley,50,17,-0.07229186425007272,6.685503017157316,158,1638370930
sobol,GA,Ackley,50,17,-6.159084307101843,0.9686359260231256,300,1638370930
sobol,ADAM,Ackley,50,17,-19.385407511208303,5.86462239921093,3952,1638370930
sobol,SMCO_BR,Ackley,50,17,-0.07887262232756997,6.744580768048763,83,1638370930
sobol,BOBYQA,Ackley,50,15,-19.327432955972878,18.64022915996611,2400,1339219110
sobol,PSO,Ackley,50,17,-14.053447784186124,0.37548303231596947,300,1638370930
sobol,SMCO_R_EVO,Ackley,50,17,-0.07016920448905895,6.820130506530404,308,1638370930
sobol,GenSA,Ackley,50,17,-1.9140735663114583e-08,4.769697172567248,300,1638370930
sobol,SMCO_BR_EVO,Ackley,50,17,-0.07463740423600074,6.902515895664692,158,1638370930
sobol,SMCO_EVO,Ackley,50,17,-0.4019206971548006,7.741971114650369,308,1638370930
sobol,SPSA,Ackley,50,18,-20.112092437880634,0.2155670002102852,2965,1453271538
sobol,optimLBFGS,Ackley,50,18,-19.4152884528712,0.30630326084792614,83,1453271538
sobol,SA,Ackley,50,15,-19.486059125345722,18.89587631635368,300,1339219110
sobol,DEoptim,Ackley,50,13,-0.08112826538183926,31.147937297821045,300,2060688600
sobol,optimNM,Ackley,50,18,-20.274037096269094,0.39255628548562527,2400,1453271538
sobol,SignGD,Ackley,50,18,-19.42650597353409,2.6955650970339775,1806,1453271538
sobol,BOBYQA,Ackley,50,16,-19.408524611551172,17.02321220189333,2400,1428844295
sobol,GA,Ackley,50,18,-6.843576472131607,0.9723932426422834,300,1453271538
sobol,ADAM,Ackley,50,18,-19.41528844965834,5.882404876872897,3940,1453271538
sobol,PSO,Ackley,50,18,-5.558826108474637,0.3745562992990017,300,1453271538
sobol,SMCO_R,Ackley,50,18,-0.06405342311927287,6.626938940957189,158,1453271538
sobol,SMCO,Ackley,50,18,-0.3468503712954534,6.684514252468944,308,1453271538
sobol,SMCO_EVO,Ackley,50,18,-0.3930776074086535,6.690158288925886,308,1453271538
sobol,SMCO_BR,Ackley,50,18,-0.08164574501575617,6.758534660562873,83,1453271538
sobol,SMCO_BR_EVO,Ackley,50,18,-0.08438897007761925,6.809708911925554,158,1453271538
sobol,SMCO_R_EVO,Ackley,50,18,-0.07021457993080604,6.834045363590121,308,1453271538
sobol,GD,Ackley,50,18,-19.42391671009794,7.098530018702149,4800,1453271538
sobol,DEoptim,Ackley,50,14,-0.049595570546860035,31.060457471758127,300,1658406150
sobol,GenSA,Ackley,50,18,-2.0835071001812366e-08,4.997420646250248,300,1453271538
sobol,SPSA,Ackley,50,19,-20.29349243416138,0.19952852837741375,2744,1243640658
sobol,optimLBFGS,Ackley,50,19,-19.420101790931085,0.34545405581593513,86,1243640658
sobol,optimNM,Ackley,50,19,-20.262885420333028,0.385661032050848,2400,1243640658
sobol,SignGD,Ackley,50,19,-19.431548601925645,2.768811985850334,1806,1243640658
sobol,SA,Ackley,50,16,-19.181975999805555,23.01698835194111,300,1428844295
sobol,BOBYQA,Ackley,50,17,-19.4160562226406,17.7863879352808,2400,1638370930
sobol,GD,Ackley,50,19,-19.420101520929332,5.782748803496361,3942,1243640658
sobol,GenSA,Ackley,50,19,-1.9439852838587512e-08,4.831914901733398,300,1243640658
sobol,SMCO,Ackley,50,19,-0.36211466666535275,6.708624580875039,308,1243640658
sobol,SMCO_R,Ackley,50,19,-0.06983849659932817,6.639728780835867,158,1243640658
sobol,PSO,Ackley,50,19,-9.22869629287814,0.3766468223184347,300,1243640658
sobol,ADAM,Ackley,50,19,-19.42010148116321,5.930041395127773,3966,1243640658
sobol,SMCO_BR,Ackley,50,19,-0.07905170623689317,6.747114399448037,83,1243640658
sobol,SMCO_EVO,Ackley,50,19,-0.3683000030260897,6.735947212204337,308,1243640658
sobol,SMCO_R_EVO,Ackley,50,19,-0.07495910687513829,6.724019156768918,308,1243640658
sobol,GA,Ackley,50,19,-6.787359268830016,0.9988221991807222,300,1243640658
sobol,SMCO_BR_EVO,Ackley,50,19,-0.07780851086937135,6.857261283323169,158,1243640658
sobol,SPSA,Rosenbrock,50,0,-4659352.241517704,0.08997302874922752,1617,1119737176
sobol,DEoptim,Ackley,50,15,-0.05724095576549404,30.47172426432371,300,1339219110
sobol,SA,Ackley,50,17,-19.215930230362336,18.416862765327096,300,1638370930
sobol,SignGD,Rosenbrock,50,0,-152.5289007708275,1.3443705309182405,1307,1119737176
sobol,optimNM,Rosenbrock,50,0,-3567693.9123782804,0.27904907800257206,2400,1119737176
sobol,optimLBFGS,Rosenbrock,50,0,-9.327683575671595e-08,2.526848616078496,1018,1119737176
sobol,SMCO,Rosenbrock,50,0,-9.822498791697324,4.63497419655323,308,1119737176
sobol,SMCO_EVO,Rosenbrock,50,0,-11.399629083341773,4.55923911742866,308,1119737176
sobol,SMCO_BR,Rosenbrock,50,0,-53.83117204342615,4.589045127853751,83,1119737176
sobol,SMCO_R,Rosenbrock,50,0,-1.8112929157049855,4.665879338979721,158,1119737176
sobol,SMCO_R_EVO,Rosenbrock,50,0,-71.13259895939343,4.669652007520199,308,1119737176
sobol,PSO,Rosenbrock,50,0,-223633.67659396565,0.26135421358048916,300,1119737176
sobol,BOBYQA,Ackley,50,18,-19.447008725935277,16.387330666184425,2400,1453271538
sobol,SMCO_BR_EVO,Rosenbrock,50,0,-43.98076934431506,4.638242244720459,158,1119737176
sobol,GenSA,Rosenbrock,50,0,-1.7808977955755517e-05,3.4188622888177633,300,1119737176
sobol,GA,Rosenbrock,50,0,-1085.775490607633,0.8434744402766228,300,1119737176
sobol,GD,Rosenbrock,50,0,-163.78373377184747,4.996112711727619,4800,1119737176
sobol,ADAM,Rosenbrock,50,0,-1015071.4274612005,5.031954059377313,4800,1119737176
sobol,SPSA,Rosenbrock,50,1,-5579629.43993925,0.14773649536073208,2569,2121000757
sobol,SignGD,Rosenbrock,50,1,-278.04140615654586,1.3657167926430702,1307,2121000757
sobol,DEoptim,Ackley,50,16,-0.11097517762662124,29.938003025949,300,1428844295
sobol,optimNM,Rosenbrock,50,1,-4157306.289260071,0.28427345491945744,2400,2121000757
sobol,SA,Ackley,50,18,-19.48040472664265,18.62408039532602,300,1453271538
sobol,optimLBFGS,Rosenbrock,50,1,-2.0221167240669013e-08,2.748539447784424,1030,2121000757
sobol,SMCO,Rosenbrock,50,1,-12.712571263253922,4.532968580722809,308,2121000757
sobol,SMCO_R,Rosenbrock,50,1,-1.3372987575985453,4.662019371986389,158,2121000757
sobol,SMCO_EVO,Rosenbrock,50,1,-9.030885924665547,4.5627018250525,308,2121000757
sobol,SMCO_BR,Rosenbrock,50,1,-36.67960605245231,4.675138620659709,83,2121000757
sobol,SMCO_BR_EVO,Rosenbrock,50,1,-37.03175692420275,4.6367894653230906,158,2121000757
sobol,PSO,Rosenbrock,50,1,-221082.9261864129,0.2643247302621603,300,2121000757
sobol,SMCO_R_EVO,Rosenbrock,50,1,-28.398971175024272,4.670538458973169,308,2121000757
sobol,GA,Rosenbrock,50,1,-859.4475052166903,0.8197727836668491,300,2121000757
sobol,GD,Rosenbrock,50,1,-326.05988260887426,4.8994255140423775,4800,2121000757
sobol,ADAM,Rosenbrock,50,1,-1301227.9822551725,5.029542252421379,4800,2121000757
sobol,GenSA,Rosenbrock,50,1,-3.9866238560176486,3.3189477752894163,300,2121000757
sobol,SignGD,Rosenbrock,50,2,-208.81771561747536,1.3697588965296745,1307,401074330
sobol,SPSA,Rosenbrock,50,2,-4256803.789818891,0.106795160099864,1874,401074330
sobol,BOBYQA,Ackley,50,19,-19.446790647299377,18.147446321323514,2400,1243640658
sobol,SMCO,Rosenbrock,50,2,-10.960372465702847,4.543173037469387,308,401074330
sobol,SMCO_R,Rosenbrock,50,2,-1.8018628196706885,4.635546308010817,158,401074330
sobol,SMCO_BR,Rosenbrock,50,2,-24.22125440952613,4.583061506971717,83,401074330
sobol,SMCO_EVO,Rosenbrock,50,2,-8.163909972752759,4.651577951386571,308,401074330
sobol,SMCO_R_EVO,Rosenbrock,50,2,-31.243137418870162,4.674233045428991,308,401074330
sobol,optimNM,Rosenbrock,50,2,-3196212.8056853097,0.28068859688937664,2400,401074330
sobol,PSO,Rosenbrock,50,2,-335134.5720814873,0.2614363096654415,300,401074330
sobol,DEoptim,Ackley,50,17,-0.07256829950324262,30.510046176612377,300,1638370930
sobol,SMCO_BR_EVO,Rosenbrock,50,2,-89.67608814646462,4.658334655687213,158,401074330
sobol,optimLBFGS,Rosenbrock,50,2,-1.068141747580205e-07,2.9179547540843487,1126,401074330
sobol,GD,Rosenbrock,50,2,-215.9580818184138,4.8858570996671915,4800,401074330
sobol,GA,Rosenbrock,50,2,-914.5422098299254,0.8363491892814636,300,401074330
sobol,SA,Ackley,50,19,-19.28566345693457,18.75110019184649,300,1243640658
sobol,ADAM,Rosenbrock,50,2,-915043.9246741496,4.990855948999524,4800,401074330
sobol,SignGD,Rosenbrock,50,3,-260.48609025051417,1.3401925172656775,1307,285390872
sobol,GenSA,Rosenbrock,50,2,-7.461428562785501e-10,3.198868276551366,300,401074330
sobol,SPSA,Rosenbrock,50,3,-3501900.007539898,0.10806474462151527,1906,285390872
sobol,SMCO,Rosenbrock,50,3,-11.698369114885416,4.539776340126991,308,285390872
sobol,SMCO_R,Rosenbrock,50,3,-33.36692857281464,4.57642088085413,158,285390872
sobol,SMCO_BR,Rosenbrock,50,3,-22.54058505778624,4.600509226322174,83,285390872
sobol,optimNM,Rosenbrock,50,3,-2779865.17118328,0.2809826824814081,2400,285390872
sobol,SMCO_EVO,Rosenbrock,50,3,-11.247186859221669,4.64525287412107,308,285390872
sobol,SMCO_R_EVO,Rosenbrock,50,3,-33.98851911194015,4.602345567196608,308,285390872
sobol,SMCO_BR_EVO,Rosenbrock,50,3,-89.82384354551867,4.731968892738223,158,285390872
sobol,PSO,Rosenbrock,50,3,-169717.03220424216,0.26246349699795246,300,285390872
sobol,GA,Rosenbrock,50,3,-1064.5214622607957,0.8261708319187164,300,285390872
sobol,GD,Rosenbrock,50,3,-341.18861306030465,5.013530638068914,4800,285390872
sobol,optimLBFGS,Rosenbrock,50,3,-1.1736438916169004e-07,3.5967494379729033,1398,285390872
sobol,ADAM,Rosenbrock,50,3,-649419.494355325,4.958118751645088,4800,285390872
sobol,GenSA,Rosenbrock,50,3,-3.5958886453173973e-10,3.2462451215833426,300,285390872
sobol,DEoptim,Ackley,50,18,-0.09010252889669035,33.01717220433056,300,1453271538
sobol,BOBYQA,Rosenbrock,50,0,-102328.22164507901,22.251132713630795,2400,1119737176
sobol,SignGD,Rosenbrock,50,4,-79.42992214091208,1.3417513947933912,1307,1597020703
sobol,SMCO,Rosenbrock,50,4,-10.108211853694522,4.6088886577636,308,1597020703
sobol,SPSA,Rosenbrock,50,4,-4618497.84169102,0.13495028764009476,2334,1597020703
sobol,SMCO_R,Rosenbrock,50,4,-1.4562379092275706,4.5660749562084675,158,1597020703
sobol,SMCO_BR,Rosenbrock,50,4,-9.428288970941116,4.712365260347724,83,1597020703
sobol,optimNM,Rosenbrock,50,4,-3709457.7561720493,0.28989619947969913,2400,1597020703
sobol,SMCO_EVO,Rosenbrock,50,4,-12.245006812129745,4.650548180565238,308,1597020703
sobol,SMCO_R_EVO,Rosenbrock,50,4,-30.427059983767204,4.611692067235708,308,1597020703
sobol,SMCO_BR_EVO,Rosenbrock,50,4,-39.94618895302651,4.664376163855195,158,1597020703
sobol,optimLBFGS,Rosenbrock,50,4,-9.79480693626179e-08,2.5746038779616356,1001,1597020703
sobol,PSO,Rosenbrock,50,4,-167328.73038057858,0.2633790150284767,300,1597020703
sobol,GD,Rosenbrock,50,4,-116.00260164369166,4.960689889267087,4800,1597020703
sobol,GA,Rosenbrock,50,4,-852.8403073675054,0.8183443266898394,300,1597020703
sobol,GenSA,Rosenbrock,50,4,-5.297385396767981,3.486558796837926,300,1597020703
sobol,BOBYQA,Rosenbrock,50,1,-101812.93605543055,22.830609695985913,2400,2121000757
sobol,ADAM,Rosenbrock,50,4,-974855.7385843653,4.931800624355674,4800,1597020703
sobol,DEoptim,Rosenbrock,50,0,-47.16261428082307,26.88620436191559,300,1119737176
sobol,SMCO,Rosenbrock,50,5,-12.132515057802436,4.620316486805677,308,1986140176
sobol,SMCO_R,Rosenbrock,50,5,-1.3702548701135653,4.650067795068026,158,1986140176
sobol,SMCO_BR,Rosenbrock,50,5,-29.58055738374257,4.5976411029696465,83,1986140176
sobol,SPSA,Rosenbrock,50,5,-3660899.675982913,0.13890890404582024,2496,1986140176
sobol,SMCO_EVO,Rosenbrock,50,5,-11.522855312146657,4.712567448616028,308,1986140176
sobol,SignGD,Rosenbrock,50,5,-209.011298532465,1.3657244704663754,1307,1986140176
sobol,optimNM,Rosenbrock,50,5,-2828470.6440354586,0.28647596202790737,2400,1986140176
sobol,SMCO_R_EVO,Rosenbrock,50,5,-18.504842658729554,4.697925994172692,308,1986140176
sobol,SMCO_BR_EVO,Rosenbrock,50,5,-38.07939073086866,4.676277678459883,158,1986140176
sobol,GD,Rosenbrock,50,5,-376.0820936913337,4.870972720906138,4800,1986140176
sobol,optimLBFGS,Rosenbrock,50,5,-9.945840305313531e-08,2.3083388675004244,927,1986140176
sobol,BOBYQA,Rosenbrock,50,2,-72226.01995480199,22.60257205553353,2400,401074330
sobol,PSO,Rosenbrock,50,5,-58415.432654883414,0.2578398734331131,300,1986140176
sobol,GA,Rosenbrock,50,5,-845.4463622740727,0.8281797878444195,300,1986140176
sobol,DEoptim,Rosenbrock,50,1,-47.8029794004619,27.41478531435132,300,2121000757
sobol,DEoptim,Ackley,50,19,-0.05687858655297662,37.74052707850933,300,1243640658
sobol,GenSA,Rosenbrock,50,5,-4.5258728788506193e-10,3.320034693926573,300,1986140176
sobol,ADAM,Rosenbrock,50,5,-786743.951687313,5.029191268607974,4800,1986140176
sobol,SA,Rosenbrock,50,0,-1.0122691021284084e-10,36.49534538760781,300,1119737176
sobol,SignGD,Rosenbrock,50,6,-161.07887894079772,1.3430819194763899,1307,1315031634
sobol,SMCO_R,Rosenbrock,50,6,-1.845778042106588,4.5689916759729385,158,1315031634
sobol,SMCO,Rosenbrock,50,6,-9.603540155577786,4.648099424317479,308,1315031634
sobol,SPSA,Rosenbrock,50,6,-4277289.340648412,0.1529908012598753,2736,1315031634
sobol,SMCO_BR,Rosenbrock,50,6,-79.33001243099316,4.62650715187192,83,1315031634
sobol,SMCO_EVO,Rosenbrock,50,6,-11.517055222185245,4.68242172151804,308,1315031634
sobol,optimNM,Rosenbrock,50,6,-3223085.3277913923,0.2791135311126709,2400,1315031634
sobol,BOBYQA,Rosenbrock,50,3,-36805.50933089272,21.869582392275333,2400,285390872
sobol,DEoptim,Rosenbrock,50,2,-47.02165177609391,26.839098626747727,300,401074330
sobol,GA,Rosenbrock,50,6,-1015.9906599798867,0.8448705263435841,300,1315031634
sobol,SMCO_BR_EVO,Rosenbrock,50,6,-42.072029396575154,4.763359377160668,158,1315031634
sobol,PSO,Rosenbrock,50,6,-390182.64623630245,0.2645171582698822,300,1315031634
sobol,GD,Rosenbrock,50,6,-126.05546706192372,4.9895586632192135,4800,1315031634
sobol,optimLBFGS,Rosenbrock,50,6,-4.710236641689165e-08,2.7065453734248877,1064,1315031634
sobol,SMCO_R_EVO,Rosenbrock,50,6,-34.72668766709995,6.461822737008333,308,1315031634
sobol,GenSA,Rosenbrock,50,6,-2.9380376611827663,3.4971972294151783,300,1315031634
sobol,ADAM,Rosenbrock,50,6,-957747.4360418707,4.964061524719,4800,1315031634
sobol,SA,Rosenbrock,50,1,-1.2486377185197908e-10,37.145040694624186,300,2121000757
sobol,SignGD,Rosenbrock,50,7,-140.89669963182973,1.3623397052288055,1307,177930642
sobol,SMCO,Rosenbrock,50,7,-11.577835624854893,4.643488680943847,308,177930642
sobol,DEoptim,Rosenbrock,50,3,-102.17955416658963,27.3129885494709,300,285390872
sobol,SPSA,Rosenbrock,50,7,-4970944.27448472,0.09776903130114079,1681,177930642
sobol,SMCO_R,Rosenbrock,50,7,-1.9225254569808015,4.654574703425169,158,177930642
sobol,BOBYQA,Rosenbrock,50,4,-67587.10205174753,22.063566856086254,2400,1597020703
sobol,optimNM,Rosenbrock,50,7,-3778589.513953077,0.2862516678869724,2400,177930642
sobol,SMCO_EVO,Rosenbrock,50,7,-34.97629051663325,4.673220060765743,308,177930642
sobol,SMCO_BR,Rosenbrock,50,7,-36.50432504361772,4.695611635223031,83,177930642
sobol,GA,Rosenbrock,50,7,-887.2607096925376,0.8497401159256697,300,177930642
sobol,PSO,Rosenbrock,50,7,-223434.4293042517,0.2652399055659771,300,177930642
sobol,SMCO_BR_EVO,Rosenbrock,50,7,-29.817057549227478,4.776906378567219,158,177930642
sobol,SMCO_R_EVO,Rosenbrock,50,7,-23.413998490151748,6.026865104213357,308,177930642
sobol,optimLBFGS,Rosenbrock,50,7,-1.0223287438542279e-07,2.6448392160236835,1044,177930642
sobol,GD,Rosenbrock,50,7,-220.65882090169293,4.903817981481552,4800,177930642
sobol,SA,Rosenbrock,50,2,-6.90022559949578e-11,35.87260619178414,300,401074330
sobol,GenSA,Rosenbrock,50,7,-0.004687472836214141,3.430211478844285,300,177930642
sobol,ADAM,Rosenbrock,50,7,-1135237.1131245466,5.009942593052983,4800,177930642
sobol,SMCO,Rosenbrock,50,8,-11.320846655527186,4.635398395359516,308,1805203638
sobol,SignGD,Rosenbrock,50,8,-506.80564959710506,1.3536256793886423,1307,1805203638
sobol,SPSA,Rosenbrock,50,8,-3953748.483559886,0.18146927654743195,3191,1805203638
sobol,DEoptim,Rosenbrock,50,4,-50.72460777980549,26.9654796756804,300,1597020703
sobol,SMCO_R,Rosenbrock,50,8,-1.4627014186462057,4.680213391780853,158,1805203638
sobol,SMCO_BR,Rosenbrock,50,8,-8.910426549893426,4.601366154849529,83,1805203638
sobol,optimNM,Rosenbrock,50,8,-2949734.7820336395,0.28573305532336235,2400,1805203638
sobol,SMCO_EVO,Rosenbrock,50,8,-10.121416340072862,4.680089658126235,308,1805203638
sobol,SMCO_R_EVO,Rosenbrock,50,8,-9.882956130736607,4.595120951533318,308,1805203638
sobol,SMCO_BR_EVO,Rosenbrock,50,8,-30.78076313052263,4.631152272224426,158,1805203638
sobol,PSO,Rosenbrock,50,8,-279549.70956072124,0.2569061517715454,300,1805203638
sobol,GA,Rosenbrock,50,8,-843.4191283980127,0.82478560321033,300,1805203638
sobol,GD,Rosenbrock,50,8,-390.8747522551141,4.880511283874512,4800,1805203638
sobol,optimLBFGS,Rosenbrock,50,8,-7.536232927418323e-08,2.569202184677124,1006,1805203638
sobol,SA,Rosenbrock,50,3,-7.986184095616282e-11,36.55710715800524,300,285390872
sobol,BOBYQA,Rosenbrock,50,5,-87847.19874403454,22.77983795851469,2400,1986140176
sobol,GenSA,Rosenbrock,50,8,-1.5922149866875303e-09,3.1324413120746613,300,1805203638
sobol,ADAM,Rosenbrock,50,8,-886907.1608957696,5.032897233963013,4800,1805203638
sobol,SignGD,Rosenbrock,50,9,-236.83314586865652,1.3612772449851036,1307,1076661710
sobol,SMCO,Rosenbrock,50,9,-10.663181396560375,4.522643631324172,308,1076661710
sobol,SPSA,Rosenbrock,50,9,-3330559.5622471375,0.15180029347538948,2744,1076661710
sobol,SMCO_R,Rosenbrock,50,9,-1.4577860331404258,4.566394876688719,158,1076661710
sobol,SMCO_BR,Rosenbrock,50,9,-1.6859718393559073,4.5910525023937225,83,1076661710
sobol,optimNM,Rosenbrock,50,9,-2438596.068870543,0.27884673699736595,2400,1076661710
sobol,SMCO_EVO,Rosenbrock,50,9,-9.278309172244215,4.656640492379665,308,1076661710
sobol,SMCO_R_EVO,Rosenbrock,50,9,-33.18943670527071,4.608021544292569,308,1076661710
sobol,DEoptim,Rosenbrock,50,5,-110.72658456469189,26.773294797167182,300,1986140176
sobol,SMCO_BR_EVO,Rosenbrock,50,9,-94.05141792970535,4.778492767363787,158,1076661710
sobol,PSO,Rosenbrock,50,9,-393650.9957790159,0.26933139748871326,300,1076661710
sobol,GD,Rosenbrock,50,9,-230.8294378418043,4.862013153731823,4800,1076661710
sobol,optimLBFGS,Rosenbrock,50,9,-5.751714529896334e-08,2.1999692786484957,883,1076661710
sobol,GA,Rosenbrock,50,9,-862.997056646431,0.827411275357008,300,1076661710
sobol,BOBYQA,Rosenbrock,50,6,-89510.2726882666,22.154289100319147,2400,1315031634
sobol,SA,Rosenbrock,50,4,-7.309418511215496e-11,36.87694426625967,300,1597020703
sobol,GenSA,Rosenbrock,50,9,-0.750143712079739,3.4093674197793007,300,1076661710
sobol,ADAM,Rosenbrock,50,9,-691016.1256708857,5.023391867056489,4800,1076661710
sobol,SignGD,Rosenbrock,50,10,-239.5610610070801,1.3577098958194256,1307,1619532864
sobol,SMCO,Rosenbrock,50,10,-10.313522872530243,4.664065286517143,308,1619532864
sobol,SMCO_R,Rosenbrock,50,10,-1.7922781892885904,4.547702642157674,158,1619532864
sobol,SPSA,Rosenbrock,50,10,-5044856.33628965,0.12760288268327713,2203,1619532864
sobol,SMCO_BR,Rosenbrock,50,10,-1.7694382882145296,4.571200169622898,83,1619532864
sobol,SMCO_EVO,Rosenbrock,50,10,-11.207827559150255,4.57800904288888,308,1619532864
sobol,optimNM,Rosenbrock,50,10,-3687540.4160096226,0.27762589789927006,2400,1619532864
sobol,SMCO_R_EVO,Rosenbrock,50,10,-25.80268056740053,4.592085195705295,308,1619532864
sobol,SMCO_BR_EVO,Rosenbrock,50,10,-38.409224685450766,4.742259217426181,158,1619532864
sobol,DEoptim,Rosenbrock,50,6,-50.39159814842643,26.979728382080793,300,1315031634
sobol,GA,Rosenbrock,50,10,-887.4430037253899,0.8456489276140928,300,1619532864
sobol,PSO,Rosenbrock,50,10,-316241.63122707634,0.26070231571793556,300,1619532864
sobol,GD,Rosenbrock,50,10,-316.80021948209605,4.841661620885134,4800,1619532864
sobol,optimLBFGS,Rosenbrock,50,10,-1.643242107951188e-07,2.33267773501575,939,1619532864
sobol,GenSA,Rosenbrock,50,10,-1.1354280096001355,3.3905217554420233,300,1619532864
sobol,BOBYQA,Rosenbrock,50,7,-115352.60084382318,23.079415952786803,2400,177930642
sobol,ADAM,Rosenbrock,50,10,-1213887.9951374014,5.026025507599115,4800,1619532864
sobol,SA,Rosenbrock,50,5,-1.081802316826128e-10,37.172537330538034,300,1986140176
sobol,SMCO_R,Rosenbrock,50,11,-1.3856433450767174,4.518461553379893,158,957333877
sobol,SignGD,Rosenbrock,50,11,-74.90768600420638,1.3702161833643913,1307,957333877
sobol,SMCO,Rosenbrock,50,11,-11.7346156470359,4.651795571669936,308,957333877
sobol,SPSA,Rosenbrock,50,11,-3910561.0886321287,0.14937921985983849,2626,957333877
sobol,SMCO_BR,Rosenbrock,50,11,-43.210125371503345,4.598502270877361,83,957333877
sobol,SMCO_EVO,Rosenbrock,50,11,-9.338977712742995,4.568916695192456,308,957333877
sobol,optimNM,Rosenbrock,50,11,-2854252.8293001307,0.2804977986961603,2400,957333877
sobol,SMCO_R_EVO,Rosenbrock,50,11,-35.13800870364609,4.595053508877754,308,957333877
sobol,SMCO_BR_EVO,Rosenbrock,50,11,-37.1894947798299,4.763490894809365,158,957333877
sobol,DEoptim,Rosenbrock,50,7,-47.812329672530105,27.42374219559133,300,177930642
sobol,PSO,Rosenbrock,50,11,-280247.5315472393,0.26395006477832794,300,957333877
sobol,GA,Rosenbrock,50,11,-590.6960040876188,0.8512988593429327,300,957333877
sobol,optimLBFGS,Rosenbrock,50,11,-1.912153876313944e-07,2.7582921013236046,1059,957333877
sobol,GD,Rosenbrock,50,11,-181.25254020574715,4.980718927457929,4800,957333877
sobol,SA,Rosenbrock,50,6,-1.0514748753128253e-10,35.703479800373316,300,1315031634
sobol,GenSA,Rosenbrock,50,11,-4.757766819356425,3.3972746022045612,300,957333877
sobol,ADAM,Rosenbrock,50,11,-890344.1521406445,4.910447012633085,4800,957333877
sobol,BOBYQA,Rosenbrock,50,8,-25477.712304406585,25.1575460806489,2400,1805203638
sobol,SMCO,Rosenbrock,50,12,-9.551619708350966,4.641758099198341,308,2006086311
sobol,SMCO_R,Rosenbrock,50,12,-2.1765963087618,4.671770127490163,158,2006086311
sobol,SMCO_BR,Rosenbrock,50,12,-80.53066965861625,4.723065722733736,83,2006086311
sobol,SPSA,Rosenbrock,50,12,-3586879.658270939,0.1628517210483551,2852,2006086311
sobol,SMCO_EVO,Rosenbrock,50,12,-24.73540087404517,4.660479795187712,308,2006086311
sobol,SignGD,Rosenbrock,50,12,-99.0089649195926,1.8947683610022068,1307,2006086311
sobol,optimNM,Rosenbrock,50,12,-2600249.3303913665,0.28644654899835587,2400,2006086311
sobol,SMCO_R_EVO,Rosenbrock,50,12,-28.032321398391524,4.606411095708609,308,2006086311
sobol,SMCO_BR_EVO,Rosenbrock,50,12,-88.45180038472706,4.64371526427567,158,2006086311
sobol,DEoptim,Rosenbrock,50,8,-106.28346929434738,27.413653748109937,300,1805203638
sobol,BOBYQA,Rosenbrock,50,9,-83318.33324433131,21.98073533549905,2400,1076661710
sobol,PSO,Rosenbrock,50,12,-535097.7564248379,0.263465017080307,300,2006086311
sobol,GA,Rosenbrock,50,12,-809.9894095216287,0.8261976148933172,300,2006086311
sobol,GD,Rosenbrock,50,12,-268.5439494829072,4.855256242677569,4800,2006086311
sobol,optimLBFGS,Rosenbrock,50,12,-1.336801665393838e-07,2.820188235491514,1096,2006086311
sobol,SA,Rosenbrock,50,7,-9.300191161687652e-11,36.83259226568043,300,177930642
sobol,ADAM,Rosenbrock,50,12,-793703.0689697395,5.047999167814851,4800,2006086311
sobol,GenSA,Rosenbrock,50,12,-3.9866238578768227,4.325595088303089,300,2006086311
sobol,SMCO,Rosenbrock,50,13,-10.975903633798247,4.563933217898011,308,440383467
sobol,SMCO_R,Rosenbrock,50,13,-69.4691890757552,4.6873165871948,158,440383467
sobol,SMCO_BR,Rosenbrock,50,13,-73.66177017564941,4.5788674633949995,83,440383467
sobol,SPSA,Rosenbrock,50,13,-4108774.5618210644,0.1296622920781374,2295,440383467
sobol,SignGD,Rosenbrock,50,13,-239.55093673929198,1.913084663450718,1307,440383467
sobol,SMCO_EVO,Rosenbrock,50,13,-12.469442468786468,4.578935230150819,308,440383467
sobol,optimNM,Rosenbrock,50,13,-3429185.878570285,0.3745105657726526,2400,440383467
sobol,DEoptim,Rosenbrock,50,9,-48.44900587460492,26.94389004446566,300,1076661710
sobol,SMCO_R_EVO,Rosenbrock,50,13,-8.585931882411733,4.696053637191653,308,440383467
sobol,GA,Rosenbrock,50,13,-872.230227850562,0.8477085437625647,300,440383467
sobol,SMCO_BR_EVO,Rosenbrock,50,13,-91.31038102278461,4.749428482726216,158,440383467
sobol,PSO,Rosenbrock,50,13,-225331.0169827254,0.2641996331512928,300,440383467
sobol,optimLBFGS,Rosenbrock,50,13,-1.0120064276334455e-07,2.601153464987874,1043,440383467
sobol,BOBYQA,Rosenbrock,50,10,-84684.64566335003,22.947758324444294,2400,1619532864
sobol,GD,Rosenbrock,50,13,-339.0360280278348,4.984912993386388,4800,440383467
sobol,GenSA,Rosenbrock,50,13,-0.05912991712953125,3.407171204686165,300,440383467
sobol,SA,Rosenbrock,50,8,-1.0564084467614558e-10,37.09797305613756,300,1805203638
sobol,ADAM,Rosenbrock,50,13,-932866.297649238,4.952348083257675,4800,440383467
sobol,SignGD,Rosenbrock,50,14,-145.04328847480232,1.340849382802844,1307,1125102255
sobol,SMCO,Rosenbrock,50,14,-14.06481466824475,4.672159753739834,308,1125102255
sobol,SPSA,Rosenbrock,50,14,-3980690.6247753147,0.10414054058492184,1824,1125102255
sobol,DEoptim,Rosenbrock,50,10,-52.031865952604846,26.79201473854482,300,1619532864
sobol,SMCO_R,Rosenbrock,50,14,-1.4083921965996464,4.663344440981746,158,1125102255
sobol,SMCO_BR,Rosenbrock,50,14,-24.65914722675975,4.594073135405779,83,1125102255
sobol,optimNM,Rosenbrock,50,14,-3056198.1881148824,0.2825960125774145,2400,1125102255
sobol,SMCO_EVO,Rosenbrock,50,14,-10.659281508865025,4.716342657804489,308,1125102255
sobol,SMCO_R_EVO,Rosenbrock,50,14,-29.144228196289323,4.6884235087782145,308,1125102255
sobol,SMCO_BR_EVO,Rosenbrock,50,14,-24.28156890320221,4.634979756549001,158,1125102255
sobol,GA,Rosenbrock,50,14,-909.437145992505,0.8460054583847523,300,1125102255
sobol,PSO,Rosenbrock,50,14,-395302.6786306846,0.25920152105391026,300,1125102255
sobol,BOBYQA,Rosenbrock,50,11,-52776.436170709225,22.489459997043014,2400,957333877
sobol,GD,Rosenbrock,50,14,-332.75916173868734,4.982074903324246,4800,1125102255
sobol,optimLBFGS,Rosenbrock,50,14,-7.487011839589702e-08,2.554524887353182,999,1125102255
sobol,GenSA,Rosenbrock,50,14,-1.0552562021347488e-09,3.1361552365124226,300,1125102255
sobol,ADAM,Rosenbrock,50,14,-927670.0023459515,4.938796395435929,4800,1125102255
sobol,SA,Rosenbrock,50,9,-1.3266288517013672e-10,37.00516437925398,300,1076661710
sobol,SignGD,Rosenbrock,50,15,-211.5841216408746,1.3627348449081182,1307,191089557
sobol,SMCO,Rosenbrock,50,15,-11.91060763994899,4.654896942898631,308,191089557
sobol,SMCO_R,Rosenbrock,50,15,-1.5634197075673466,4.545098969712853,158,191089557
sobol,SPSA,Rosenbrock,50,15,-4213897.033553856,0.20642999932169914,3638,191089557
sobol,SMCO_BR,Rosenbrock,50,15,-83.11936859112309,4.716779271140695,83,191089557
sobol,optimNM,Rosenbrock,50,15,-3284291.1948458413,0.28444134071469307,2400,191089557
sobol,SMCO_EVO,Rosenbrock,50,15,-11.672503351775937,4.649851139634848,308,191089557
sobol,SMCO_R_EVO,Rosenbrock,50,15,-71.93098380281292,4.693674724549055,308,191089557
sobol,DEoptim,Rosenbrock,50,11,-109.71331825163504,26.370150512084365,300,957333877
sobol,SMCO_BR_EVO,Rosenbrock,50,15,-89.42989329139382,4.655850660055876,158,191089557
sobol,GA,Rosenbrock,50,15,-891.2082007345739,0.8331592734903097,300,191089557
sobol,PSO,Rosenbrock,50,15,-167202.67997842014,0.26375158317387104,300,191089557
sobol,optimLBFGS,Rosenbrock,50,15,-1.3806119428467057e-07,2.2525423280894756,905,191089557
sobol,SA,Rosenbrock,50,10,-8.776530472803999e-11,35.51226846687496,300,1619532864
sobol,GD,Rosenbrock,50,15,-514.7342799492314,4.891802599653602,4800,191089557
sobol,BOBYQA,Rosenbrock,50,12,-71106.5600549244,22.58214569464326,2400,2006086311
sobol,GenSA,Rosenbrock,50,15,-1.9587171019262827e-09,3.347249586135149,300,191089557
sobol,ADAM,Rosenbrock,50,15,-916437.5655698878,4.988482614979148,4800,191089557
sobol,SignGD,Rosenbrock,50,16,-152.9745288770786,1.3570163808763027,1307,944059549
sobol,SMCO,Rosenbrock,50,16,-9.809947743672335,4.590363809838891,308,944059549
sobol,SMCO_R,Rosenbrock,50,16,-34.12575153821795,4.562423342838883,158,944059549
sobol,SPSA,Rosenbrock,50,16,-2743465.375116137,0.14932193607091904,2668,944059549
sobol,SMCO_BR,Rosenbrock,50,16,-10.473598155060266,4.5748854130506516,83,944059549
sobol,SMCO_EVO,Rosenbrock,50,16,-22.924183947883076,4.5625338815152645,308,944059549
sobol,SMCO_R_EVO,Rosenbrock,50,16,-24.708273704318295,4.60104189440608,308,944059549
sobol,optimNM,Rosenbrock,50,16,-2034970.2350428817,0.2762518636882305,2400,944059549
sobol,DEoptim,Rosenbrock,50,12,-53.732303720293125,26.634901612997055,300,2006086311
sobol,SMCO_BR_EVO,Rosenbrock,50,16,-87.28244050517617,4.757599629461765,158,944059549
sobol,PSO,Rosenbrock,50,16,-56865.03434202995,0.26486515812575817,300,944059549
sobol,GA,Rosenbrock,50,16,-786.1580673953888,0.822125943377614,300,944059549
sobol,GD,Rosenbrock,50,16,-401.43105386496813,5.012187680229545,4800,944059549
sobol,optimLBFGS,Rosenbrock,50,16,-6.436654018481185e-08,2.6468881014734507,1064,944059549
sobol,BOBYQA,Rosenbrock,50,13,-76070.28119445851,22.72975872270763,2400,440383467
sobol,SA,Rosenbrock,50,11,-8.326579801326417e-11,36.20839731954038,300,957333877
sobol,GenSA,Rosenbrock,50,16,-6.010954758895367e-10,3.123561916872859,300,944059549
sobol,ADAM,Rosenbrock,50,16,-522421.6489576952,4.999947560951114,4800,944059549
sobol,SignGD,Rosenbrock,50,17,-79.49522000129515,1.358216205611825,1307,292178471
sobol,SMCO,Rosenbrock,50,17,-10.947214471317157,4.657189393416047,308,292178471
sobol,SPSA,Rosenbrock,50,17,-5622394.022237147,0.157150786370039,2746,292178471
sobol,SMCO_R,Rosenbrock,50,17,-9.15810108600588,4.559710094705224,158,292178471
sobol,SMCO_BR,Rosenbrock,50,17,-35.38083551020744,4.700490171089768,83,292178471
sobol,SMCO_EVO,Rosenbrock,50,17,-11.598508239197866,4.572646038606763,308,292178471
sobol,optimNM,Rosenbrock,50,17,-4385345.161266614,0.28698842972517014,2400,292178471
sobol,SMCO_R_EVO,Rosenbrock,50,17,-31.7591224719169,4.6929700672626495,308,292178471
sobol,SMCO_BR_EVO,Rosenbrock,50,17,-19.170927263818577,4.640090240165591,158,292178471
sobol,DEoptim,Rosenbrock,50,13,-48.3745166136279,26.94080352410674,300,440383467
sobol,optimLBFGS,Rosenbrock,50,17,-8.852539019770385e-08,1.9537746477872133,769,292178471
sobol,PSO,Rosenbrock,50,17,-203831.36986607546,0.2583716809749603,300,292178471
sobol,GD,Rosenbrock,50,17,-371.0008260097565,4.87435545027256,4800,292178471
sobol,GA,Rosenbrock,50,17,-732.238503540855,0.8272759653627872,300,292178471
sobol,BOBYQA,Rosenbrock,50,14,-79178.07487653136,22.16593441925943,2400,1125102255
sobol,ADAM,Rosenbrock,50,17,-1357829.0951695645,5.0310188718140125,4800,292178471
sobol,GenSA,Rosenbrock,50,17,-0.018515984604154538,3.405457731336355,300,292178471
sobol,SA,Rosenbrock,50,12,-1.0829847690791785e-10,36.87144964188337,300,2006086311
sobol,SignGD,Rosenbrock,50,18,-148.17191804684134,1.3706112336367369,1307,1365370332
sobol,SMCO_R,Rosenbrock,50,18,-34.86852209561609,4.559130636975169,158,1365370332
sobol,SMCO_BR,Rosenbrock,50,18,-26.067333767554985,4.597078422084451,83,1365370332
sobol,SMCO,Rosenbrock,50,18,-12.777498446004527,4.643618835136294,308,1365370332
sobol,SPSA,Rosenbrock,50,18,-2959090.1345443204,0.23652032017707825,4206,1365370332
sobol,SMCO_EVO,Rosenbrock,50,18,-8.566244147039582,4.573442121967673,308,1365370332
sobol,optimNM,Rosenbrock,50,18,-2133693.6421672567,0.2802828270941973,2400,1365370332
sobol,SMCO_R_EVO,Rosenbrock,50,18,-22.241066140719358,4.601116053760052,308,1365370332
sobol,SMCO_BR_EVO,Rosenbrock,50,18,-40.66564169291768,4.74594895914197,158,1365370332
sobol,GD,Rosenbrock,50,18,-390.5040618543753,4.893913617357612,4800,1365370332
sobol,PSO,Rosenbrock,50,18,-489171.26378683676,0.2614239528775215,300,1365370332
sobol,GA,Rosenbrock,50,18,-1079.9310355683613,0.8381198942661285,300,1365370332
sobol,DEoptim,Rosenbrock,50,14,-102.30260079799292,28.30707421526313,300,1125102255
sobol,optimLBFGS,Rosenbrock,50,18,-5.551871178359466e-08,3.115797044709325,1250,1365370332
sobol,BOBYQA,Rosenbrock,50,15,-80971.23276315528,22.448846807703376,2400,191089557
sobol,GenSA,Rosenbrock,50,18,-7.018884109334482e-10,3.154746603220701,300,1365370332
sobol,ADAM,Rosenbrock,50,18,-552960.7290949898,5.0166784562170506,4800,1365370332
sobol,SMCO,Rosenbrock,50,19,-10.290286659183309,4.521871369332075,308,1769702579
sobol,SMCO_R,Rosenbrock,50,19,-1.762483080438736,4.659583386033773,158,1769702579
sobol,SMCO_EVO,Rosenbrock,50,19,-13.999329996083437,4.541337076574564,308,1769702579
sobol,SMCO_BR,Rosenbrock,50,19,-77.26338720592005,4.746739607304335,83,1769702579
sobol,SPSA,Rosenbrock,50,19,-3426290.8833659035,0.1105735283344984,1982,1769702579
sobol,SMCO_R_EVO,Rosenbrock,50,19,-30.254756770208363,4.679225843399763,308,1769702579
sobol,SMCO_BR_EVO,Rosenbrock,50,19,-41.383859866025986,4.6180426348000765,158,1769702579
sobol,optimNM,Rosenbrock,50,19,-2479400.8938159784,0.2869529668241739,2400,1769702579
sobol,SignGD,Rosenbrock,50,19,-311.4551683598805,1.3326994888484478,1307,1769702579
sobol,DEoptim,Rosenbrock,50,15,-122.64452330141256,27.798010762780905,300,191089557
sobol,BOBYQA,Rosenbrock,50,16,-38909.46295377554,22.179825838655233,2400,944059549
sobol,PSO,Rosenbrock,50,19,-115109.73632481706,0.2585101015865803,300,1769702579
sobol,GD,Rosenbrock,50,19,-264.35046337839793,4.980956554412842,4800,1769702579
sobol,optimLBFGS,Rosenbrock,50,19,-8.307848055586857e-08,2.686594234779477,1030,1769702579
sobol,GA,Rosenbrock,50,19,-846.9922207173589,1.1462127305567265,300,1769702579
sobol,SA,Rosenbrock,50,14,-3.986623854562086,36.23288850300014,300,1125102255
sobol,GenSA,Rosenbrock,50,19,-3.404759715550657,3.4105233065783978,300,1769702579
sobol,ADAM,Rosenbrock,50,19,-735292.3110071641,5.044219572097063,4800,1769702579
sobol,SA,Rosenbrock,50,13,-7.075154640244029e-11,45.69626540131867,300,440383467
sobol,DEoptim,Rosenbrock,50,16,-113.68640164886206,26.541459346190095,300,944059549
sobol,SMCO,Griewank,50,0,-0.8047687485565147,4.834592806175351,308,1277616696
sobol,SPSA,Griewank,50,0,-1221.0215877626047,0.18253232166171074,2975,1277616696
sobol,optimLBFGS,Griewank,50,0,-1.2747255473399832e-09,0.29571355879306793,76,1277616696
sobol,SMCO_R,Griewank,50,0,-0.12736295142298992,5.19236078672111,158,1277616696
sobol,optimNM,Griewank,50,0,-1126.6994198129041,0.3093659318983555,2400,1277616696
sobol,SignGD,Griewank,50,0,-1121.4872059369584,2.1505129504948854,1806,1277616696
sobol,SMCO_BR,Griewank,50,0,-0.16892505908796107,5.319400351494551,83,1277616696
sobol,BOBYQA,Rosenbrock,50,17,-84196.90796109529,22.163010023534298,2400,292178471
sobol,SMCO_R_EVO,Griewank,50,0,-0.11272807679827146,5.2550312746316195,308,1277616696
sobol,PSO,Griewank,50,0,-2.8460532611190663,0.30568626895546913,300,1277616696
sobol,SMCO_BR_EVO,Griewank,50,0,-0.15164047614286646,4.996595015749335,158,1277616696
sobol,GA,Griewank,50,0,-10.585109158326334,0.877679729834199,300,1277616696
sobol,SMCO_EVO,Griewank,50,0,-0.8166367051824341,7.031886262819171,308,1277616696
sobol,GD,Griewank,50,0,-912.6659892098766,5.620801707729697,4800,1277616696
sobol,GenSA,Griewank,50,0,-3.964697348202151e-09,3.0077787954360247,300,1277616696
sobol,SA,Rosenbrock,50,15,-9.485931735980796e-11,37.170346923172474,300,191089557
sobol,ADAM,Griewank,50,0,-1202.3678659796735,5.446359135210514,4800,1277616696
sobol,SignGD,Griewank,50,1,-1210.6602809573794,1.4729045517742634,1307,566780982
sobol,SMCO_R,Griewank,50,1,-0.1137206183441195,4.8419852796942,158,566780982
sobol,SMCO,Griewank,50,1,-0.7342048399174893,5.063224112614989,308,566780982
sobol,SPSA,Griewank,50,1,-1241.5091520012654,0.18659982457756996,3053,566780982
sobol,SMCO_BR,Griewank,50,1,-0.10824689476013716,4.958365650847554,83,566780982
sobol,optimLBFGS,Griewank,50,1,-1.6082973175457482e-08,0.39282301254570484,99,566780982
sobol,optimNM,Griewank,50,1,-1169.0745240856018,0.3012543320655823,2400,566780982
sobol,DEoptim,Rosenbrock,50,17,-50.32968630282924,27.65194535627961,300,292178471
sobol,BOBYQA,Rosenbrock,50,18,-45684.69942492821,22.564262956380844,2400,1365370332
sobol,SMCO_R_EVO,Griewank,50,1,-0.15853895462483136,5.132351789623499,308,566780982
sobol,SMCO_BR_EVO,Griewank,50,1,-0.13539810983980727,5.271609906107187,158,566780982
sobol,GA,Griewank,50,1,-7.445917958260889,0.9036146998405457,300,566780982
sobol,SA,Rosenbrock,50,16,-7.559545124415356e-11,36.01922398991883,300,944059549
sobol,PSO,Griewank,50,1,-91.19070131330689,0.30370877124369144,300,566780982
sobol,GD,Griewank,50,1,-928.3292249712458,5.609599161893129,4800,566780982
sobol,SMCO_EVO,Griewank,50,1,-0.8019759802773347,7.034634504467249,308,566780982
sobol,GenSA,Griewank,50,1,-2.2925028542175596e-10,2.9935926608741283,300,566780982
sobol,ADAM,Griewank,50,1,-1222.329280903257,5.437983334064484,4800,566780982
sobol,DEoptim,Rosenbrock,50,18,-41.12179577740703,26.76466074772179,300,1365370332
sobol,SignGD,Griewank,50,2,-1176.2210795975009,1.483199816197157,1307,88855235
sobol,SPSA,Griewank,50,2,-1224.5601023140357,0.21427967213094234,3544,88855235
sobol,SMCO_BR,Griewank,50,2,-0.12696362087209156,4.916486857458949,83,88855235
sobol,optimLBFGS,Griewank,50,2,-1.1947506206588798e-08,0.3205691073089838,86,88855235
sobol,SMCO,Griewank,50,2,-0.8007405073231223,5.202224588021636,308,88855235
sobol,SMCO_R,Griewank,50,2,-0.1128079550517832,5.216306688264012,158,88855235
sobol,SMCO_EVO,Griewank,50,2,-0.808677357998392,5.240005450323224,308,88855235
sobol,optimNM,Griewank,50,2,-1135.4056701667698,0.2985809650272131,2400,88855235
sobol,SMCO_R_EVO,Griewank,50,2,-0.12048322205412099,5.2652571480721235,308,88855235
sobol,PSO,Griewank,50,2,-3.4634122685355915,0.3058542162179947,300,88855235
sobol,BOBYQA,Rosenbrock,50,19,-63966.01604317438,21.871529329568148,2400,1769702579
sobol,GA,Griewank,50,2,-9.986682382337555,0.8650509435683489,300,88855235
sobol,GD,Griewank,50,2,-915.3610421154441,5.714545909315348,4800,88855235
sobol,SMCO_BR_EVO,Griewank,50,2,-0.15528041409967608,7.201169438660145,158,88855235
sobol,GenSA,Griewank,50,2,-1.0566781893928123e-09,3.0030280482023954,300,88855235
sobol,SA,Rosenbrock,50,17,-7.504307326734303e-11,37.47347428649664,300,292178471
sobol,ADAM,Griewank,50,2,-1206.1883381177242,5.513957342132926,4800,88855235
sobol,SMCO_R,Griewank,50,3,-0.13848391929471482,4.84977070055902,158,613048780
sobol,SMCO,Griewank,50,3,-0.8090853980096036,5.077088205143809,308,613048780
sobol,SMCO_BR,Griewank,50,3,-0.12924246298062192,4.914298668503761,83,613048780
sobol,SPSA,Griewank,50,3,-1241.8860580377611,0.16824504733085632,2671,613048780
sobol,optimLBFGS,Griewank,50,3,-3.4366876011659997e-10,0.43954287841916084,117,613048780
sobol,optimNM,Griewank,50,3,-1143.985815591816,0.2981529086828232,2400,613048780
sobol,DEoptim,Rosenbrock,50,19,-47.371369984769565,26.86099567078054,300,1769702579
sobol,SMCO_EVO,Griewank,50,3,-0.7785045201717318,5.163196787238121,308,613048780
sobol,SignGD,Griewank,50,3,-1171.630297206381,2.62105199880898,2305,613048780
sobol,GA,Griewank,50,3,-9.010872342960255,0.8746096454560757,300,613048780
sobol,SA,Rosenbrock,50,18,-7.26368649563833e-11,36.40510390326381,300,1365370332
sobol,SMCO_BR_EVO,Griewank,50,3,-0.18047448721570836,5.268996713683009,158,613048780
sobol,PSO,Griewank,50,3,-1.5835961777607372,0.29809091053903103,300,613048780
sobol,BOBYQA,Griewank,50,0,-166.3492910226498,22.648727543652058,2400,1277616696
sobol,GD,Griewank,50,3,-928.4571213320249,5.624221008270979,4800,613048780
sobol,GenSA,Griewank,50,3,-5.583841167222658e-10,2.955911362543702,300,613048780
sobol,SMCO_R_EVO,Griewank,50,3,-0.10130849410740816,7.056445891037583,308,613048780
sobol,SA,Griewank,50,0,-2.8008040331428674e-10,24.01641957834363,300,1277616696
sobol,ADAM,Griewank,50,3,-1223.0711442031647,5.456893503665924,4800,613048780
sobol,SMCO,Griewank,50,4,-0.749990655512232,4.844082120805979,308,42369045
sobol,SMCO_R,Griewank,50,4,-0.12489899512457892,5.037463411688805,158,42369045
sobol,SPSA,Griewank,50,4,-1518.868366527065,0.22939647175371647,3731,42369045
sobol,SMCO_BR,Griewank,50,4,-0.11448090403000799,4.962041223421693,83,42369045
sobol,optimNM,Griewank,50,4,-1416.5972318107017,0.302187692373991,2400,42369045
sobol,optimLBFGS,Griewank,50,4,-6.361916549124658e-10,0.389371894299984,98,42369045
sobol,SMCO_EVO,Griewank,50,4,-0.8159418695844539,4.882713355123997,308,42369045
sobol,SignGD,Griewank,50,4,-1408.9438483195859,2.698399320244789,2305,42369045
sobol,SMCO_R_EVO,Griewank,50,4,-0.15481143755157334,5.108680810779333,308,42369045
sobol,PSO,Griewank,50,4,-93.4927564825952,0.30224605835974216,300,42369045
sobol,GA,Griewank,50,4,-10.116030853949875,0.8951240107417107,300,42369045
sobol,SMCO_BR_EVO,Griewank,50,4,-0.1628203339980251,4.977776685729623,158,42369045
sobol,BOBYQA,Griewank,50,1,-129.65293427791312,22.621806411072612,2400,566780982
sobol,SA,Griewank,50,1,-4.249217644414216e-10,22.802207600325346,300,566780982
sobol,SA,Rosenbrock,50,19,-9.650314208292981e-11,36.95580387301743,300,1769702579
sobol,DEoptim,Griewank,50,0,-0.10803732456658999,29.507748167961836,300,1277616696
sobol,GenSA,Griewank,50,4,-0.039458690334965074,3.007173439487815,300,42369045
sobol,ADAM,Griewank,50,4,-1498.0497378607,5.441421408206224,4800,42369045
sobol,GD,Griewank,50,4,-1134.8671280148658,7.825017657130957,4800,42369045
sobol,SPSA,Griewank,50,5,-1233.4538641571648,0.21366029419004917,2600,1684629731
sobol,optimLBFGS,Griewank,50,5,-4.095070615939278e-09,0.4644478000700474,93,1684629731
sobol,SignGD,Griewank,50,5,-1132.3098611076207,2.0450062919408083,1806,1684629731
sobol,optimNM,Griewank,50,5,-1139.793181046367,0.30130941048264503,2400,1684629731
sobol,SMCO,Griewank,50,5,-0.8182995645382369,5.070261674001813,308,1684629731
sobol,SMCO_BR,Griewank,50,5,-0.16036634153681273,4.8700074683874846,83,1684629731
sobol,SMCO_R,Griewank,50,5,-0.11691861658303793,5.098454970866442,158,1684629731
sobol,SMCO_EVO,Griewank,50,5,-0.8374474127977648,4.850628053769469,308,1684629731
sobol,PSO,Griewank,50,5,-181.80355597968963,0.2952931635081768,300,1684629731
sobol,GA,Griewank,50,5,-10.725388607865101,0.895862253382802,300,1684629731
sobol,SMCO_R_EVO,Griewank,50,5,-0.13946934707655256,4.904191335663199,308,1684629731
sobol,SMCO_BR_EVO,Griewank,50,5,-0.1144214561567769,5.284509439021349,158,1684629731
sobol,GenSA,Griewank,50,5,-1.3996194203613754e-09,2.939196629449725,300,1684629731
sobol,DEoptim,Griewank,50,1,-0.038471526080553486,28.52032590843737,300,566780982
sobol,ADAM,Griewank,50,5,-1214.1633337710582,5.449853964149952,4800,1684629731
sobol,GD,Griewank,50,5,-921.6500149737082,5.698020229116082,4800,1684629731
sobol,BOBYQA,Griewank,50,2,-180.8687487497505,22.64218172803521,2400,88855235
sobol,SA,Griewank,50,2,-4.5093540013141364e-10,23.75542576983571,300,88855235
sobol,SPSA,Griewank,50,6,-1197.1396502099572,0.2453043796122074,3896,1820019912
sobol,optimLBFGS,Griewank,50,6,-9.135354583911237e-09,0.24934108927845955,63,1820019912
sobol,SignGD,Griewank,50,6,-1139.2468445339478,2.1607750579714775,1806,1820019912
sobol,optimNM,Griewank,50,6,-1122.0033973828592,0.30536986887454987,2400,1820019912
sobol,SMCO,Griewank,50,6,-0.8348529051773914,4.800131365656853,308,1820019912
sobol,SMCO_R,Griewank,50,6,-0.11275157868709706,5.09756288677454,158,1820019912
sobol,SMCO_BR,Griewank,50,6,-0.14727557047044293,4.930116832256317,83,1820019912
sobol,SMCO_EVO,Griewank,50,6,-0.7925410209988857,5.105130719020963,308,1820019912
sobol,GA,Griewank,50,6,-10.170325665570529,0.874176874756813,300,1820019912
sobol,SMCO_R_EVO,Griewank,50,6,-0.11868802332859785,4.89092531055212,308,1820019912
sobol,PSO,Griewank,50,6,-91.11190782921845,0.3026918228715658,300,1820019912
sobol,SMCO_BR_EVO,Griewank,50,6,-0.12564836097794307,5.24227044545114,158,1820019912
sobol,GD,Griewank,50,6,-895.3856338905479,5.395605864003301,4800,1820019912
sobol,GenSA,Griewank,50,6,-8.493731273873095e-10,3.038968801498413,300,1820019912
sobol,ADAM,Griewank,50,6,-1179.2277153911896,5.453232815489173,4800,1820019912
sobol,DEoptim,Griewank,50,2,-0.1623161374236335,28.41605882719159,300,88855235
sobol,BOBYQA,Griewank,50,3,-133.47036032933448,23.286931563168764,2400,613048780
sobol,SA,Griewank,50,3,-2.830603529346831e-10,23.03111070394516,300,613048780
sobol,SPSA,Griewank,50,7,-1113.2660496882545,0.19333154149353504,3170,449929952
sobol,optimLBFGS,Griewank,50,7,-3.688158667358721e-10,0.300517899915576,78,449929952
sobol,SignGD,Griewank,50,7,-1020.7693007377551,2.722074894234538,2305,449929952
sobol,optimNM,Griewank,50,7,-1020.9044812865234,0.3056453578174114,2400,449929952
sobol,SMCO,Griewank,50,7,-0.8317982111729547,4.844882877543569,308,449929952
sobol,SMCO_R,Griewank,50,7,-0.12555282911821253,4.836243795230985,158,449929952
sobol,SMCO_BR,Griewank,50,7,-0.15443042532956153,5.179069679230452,83,449929952
sobol,SMCO_R_EVO,Griewank,50,7,-0.15105698930118305,4.872179955244064,308,449929952
sobol,SMCO_EVO,Griewank,50,7,-0.8043316050442973,5.169555088505149,308,449929952
sobol,PSO,Griewank,50,7,-3.214814497665977,0.30070579797029495,300,449929952
sobol,SMCO_BR_EVO,Griewank,50,7,-0.16086928671018086,5.323195984587073,158,449929952
sobol,GA,Griewank,50,7,-11.432850134892865,0.8918661884963512,300,449929952
sobol,GD,Griewank,50,7,-831.9691861369416,5.394525615498424,4800,449929952
sobol,GenSA,Griewank,50,7,-3.491197886340558e-09,2.9559314474463463,300,449929952
sobol,ADAM,Griewank,50,7,-1095.6916878927677,5.659090215340257,4800,449929952
sobol,BOBYQA,Griewank,50,4,-311.00215705775986,22.63801783695817,2400,42369045
sobol,DEoptim,Griewank,50,3,-0.1601983980190641,29.184203632175922,300,613048780
sobol,SMCO_R,Griewank,50,8,-0.10381706610947883,4.81027453020215,158,1323267174
sobol,SA,Griewank,50,4,-3.177058616188333e-10,23.99078526906669,300,42369045
sobol,SMCO,Griewank,50,8,-0.811242936128893,5.142005765810609,308,1323267174
sobol,SPSA,Griewank,50,8,-1127.7099514849626,0.1806597039103508,2967,1323267174
sobol,SignGD,Griewank,50,8,-1032.5598385140938,2.0212563443928957,1806,1323267174
sobol,optimLBFGS,Griewank,50,8,-2.3772076529482433e-09,0.33578681387007236,81,1323267174
sobol,optimNM,Griewank,50,8,-1044.585352565398,0.29847390204668045,2400,1323267174
sobol,SMCO_R_EVO,Griewank,50,8,-0.0794582896208258,4.859335120767355,308,1323267174
sobol,SMCO_BR,Griewank,50,8,-0.1524971010111913,5.31225229986012,83,1323267174
sobol,SMCO_EVO,Griewank,50,8,-0.8105535135190989,5.217970779165626,308,1323267174
sobol,PSO,Griewank,50,8,-91.67686447735665,0.31265634298324585,300,1323267174
sobol,GA,Griewank,50,8,-10.790859524818387,0.8655324522405863,300,1323267174
sobol,SMCO_BR_EVO,Griewank,50,8,-0.13749553023185523,5.345978047698736,158,1323267174
sobol,GD,Griewank,50,8,-843.0936125570381,5.669349305331707,4800,1323267174
sobol,GenSA,Griewank,50,8,-3.409216420280359e-08,2.9169060233980417,300,1323267174
sobol,ADAM,Griewank,50,8,-1109.9974812242622,5.769468689337373,4800,1323267174
sobol,DEoptim,Griewank,50,4,-0.03139860861450128,28.578974591568112,300,42369045
sobol,SA,Griewank,50,5,-3.2909341918241353e-10,23.883258448913693,300,1684629731
sobol,SMCO,Griewank,50,9,-0.7512379056762043,5.142606223002076,308,414742165
sobol,SPSA,Griewank,50,9,-1163.837025523618,0.2515647727996111,3995,414742165
sobol,SMCO_R,Griewank,50,9,-0.10594178695667944,5.195172064006329,158,414742165
sobol,SMCO_BR,Griewank,50,9,-0.1238931205422199,4.880628505721688,83,414742165
sobol,optimLBFGS,Griewank,50,9,-5.447710726969035e-09,0.4561703819781542,112,414742165
sobol,optimNM,Griewank,50,9,-1086.5125582825017,0.2987855300307274,2400,414742165
sobol,SignGD,Griewank,50,9,-1075.4442541100857,2.579559763893485,2305,414742165
sobol,SMCO_EVO,Griewank,50,9,-0.8588510487736265,5.156556058675051,308,414742165
sobol,SMCO_BR_EVO,Griewank,50,9,-0.1298127577476329,4.9751764591783285,158,414742165
sobol,SMCO_R_EVO,Griewank,50,9,-0.1344238558650701,5.140018878504634,308,414742165
sobol,GA,Griewank,50,9,-10.202962124525655,0.8877841867506504,300,414742165
sobol,PSO,Griewank,50,9,-181.1606216667835,0.2958696912974119,300,414742165
sobol,GenSA,Griewank,50,9,-6.593322554593328e-10,2.9856727086007595,300,414742165
sobol,GD,Griewank,50,9,-870.305241007734,5.599888265132904,4800,414742165
sobol,BOBYQA,Griewank,50,5,-170.20028450905366,29.170647205784917,2400,1684629731
sobol,BOBYQA,Griewank,50,6,-165.30836895787644,23.496696988120675,2400,1820019912
sobol,DEoptim,Griewank,50,5,-0.36734043193273636,28.314334800466895,300,1684629731
sobol,SA,Griewank,50,6,-3.830995520814895e-10,22.94480167515576,300,1820019912
sobol,ADAM,Griewank,50,9,-1146.4791506700765,5.649243645370007,4800,414742165
sobol,SPSA,Griewank,50,10,-1198.0036759024622,0.22893647477030754,3668,768085052
sobol,SignGD,Griewank,50,10,-1104.6340404306566,1.4643543250858784,1307,768085052
sobol,optimLBFGS,Griewank,50,10,-3.998744668720633e-10,0.2940548211336136,73,768085052
sobol,optimNM,Griewank,50,10,-1103.2997061773954,0.3062409237027168,2400,768085052
sobol,SMCO,Griewank,50,10,-0.8027719456593061,5.068510759621859,308,768085052
sobol,SMCO_R,Griewank,50,10,-0.12880872666574805,5.083573279902339,158,768085052
sobol,SMCO_BR,Griewank,50,10,-0.14106817252749926,4.9165332689881325,83,768085052
sobol,GA,Griewank,50,10,-10.708242181884103,0.8718406073749065,300,768085052
sobol,PSO,Griewank,50,10,-2.5261849290996485,0.2992472667247057,300,768085052
sobol,SMCO_EVO,Griewank,50,10,-0.8716246520470996,5.134824311360717,308,768085052
sobol,SMCO_R_EVO,Griewank,50,10,-0.14151394430694397,5.167323557659984,308,768085052
sobol,GenSA,Griewank,50,10,-0.00986467449465911,3.049869056791067,300,768085052
sobol,BOBYQA,Griewank,50,7,-162.84881530125216,22.617113372310996,2400,449929952
sobol,GD,Griewank,50,10,-895.7596774017477,5.618708852678537,4800,768085052
sobol,ADAM,Griewank,50,10,-1180.8448907975778,5.438419051468372,4800,768085052
sobol,SA,Griewank,50,7,-2.264550769126572e-10,22.646326826885343,300,449929952
sobol,SMCO_BR_EVO,Griewank,50,10,-0.15822994632508258,7.162269435822964,158,768085052
sobol,DEoptim,Griewank,50,6,-0.3640727647080204,29.270864125341177,300,1820019912
sobol,SPSA,Griewank,50,11,-1250.6642691282439,0.21611205488443375,3454,1843412226
sobol,optimLBFGS,Griewank,50,11,-6.440173283550621e-09,0.3447679039090872,83,1843412226
sobol,SignGD,Griewank,50,11,-1152.7862630761604,2.6112347953021526,2305,1843412226
sobol,SMCO,Griewank,50,11,-0.8519589444766461,4.8218558225780725,308,1843412226
sobol,optimNM,Griewank,50,11,-1149.285269518589,0.3022672552615404,2400,1843412226
sobol,SMCO_R,Griewank,50,11,-0.12607233451959743,5.0789785366505384,158,1843412226
sobol,SMCO_R_EVO,Griewank,50,11,-0.11189049163770426,4.885270070284605,308,1843412226
sobol,SMCO_EVO,Griewank,50,11,-0.8186534025578912,5.150741191580892,308,1843412226
sobol,SMCO_BR,Griewank,50,11,-0.1382033770130593,5.189415458589792,83,1843412226
sobol,PSO,Griewank,50,11,-91.06394859330189,0.3021588698029518,300,1843412226
sobol,SMCO_BR_EVO,Griewank,50,11,-0.1335570430227916,5.23798350431025,158,1843412226
sobol,GA,Griewank,50,11,-9.626705945506295,0.8673902284353971,300,1843412226
sobol,GD,Griewank,50,11,-934.8662414296327,5.39943334646523,4800,1843412226
sobol,GenSA,Griewank,50,11,-1.4368668477260371e-09,2.96712975949049,300,1843412226
sobol,DEoptim,Griewank,50,7,-0.029905682286783475,28.35653174109757,300,449929952
sobol,BOBYQA,Griewank,50,8,-195.38602608368313,23.334520241245627,2400,1323267174
sobol,SA,Griewank,50,8,-2.7600521868009764e-10,24.05185405164957,300,1323267174
sobol,ADAM,Griewank,50,11,-1232.4015726001717,7.823205592110753,4800,1843412226
sobol,SPSA,Griewank,50,12,-969.4631141404215,0.250148655846715,3030,1504238764
sobol,SMCO,Griewank,50,12,-0.7771876668080104,5.036667598411441,308,1504238764
sobol,SMCO_R,Griewank,50,12,-0.13194831869493517,5.04771470092237,158,1504238764
sobol,optimNM,Griewank,50,12,-892.3738530793111,0.30402667075395584,2400,1504238764
sobol,optimLBFGS,Griewank,50,12,-2.024642453690717e-09,0.6655346620827913,135,1504238764
sobol,SMCO_EVO,Griewank,50,12,-0.8538616215759102,4.875951575115323,308,1504238764
sobol,SignGD,Griewank,50,12,-882.1208378436397,2.704644639045,2305,1504238764
sobol,SMCO_BR,Griewank,50,12,-0.1411976030111165,5.127852702513337,83,1504238764
sobol,SMCO_R_EVO,Griewank,50,12,-0.14030376914136178,4.873017890378833,308,1504238764
sobol,PSO,Griewank,50,12,-91.25461945242294,0.30239079520106316,300,1504238764
sobol,GA,Griewank,50,12,-8.698878402040197,0.8854396548122168,300,1504238764
sobol,SMCO_BR_EVO,Griewank,50,12,-0.1815718679078573,4.988954875618219,158,1504238764
sobol,GD,Griewank,50,12,-724.4993829936748,5.460080198943615,4800,1504238764
sobol,GenSA,Griewank,50,12,-4.969036182522757e-09,2.956391440704465,300,1504238764
sobol,DEoptim,Griewank,50,8,-0.09669813498409185,28.57138143107295,300,1323267174
sobol,SA,Griewank,50,9,-2.644616747815576e-10,22.6023532114923,300,414742165
sobol,BOBYQA,Griewank,50,9,-300.14832325493,23.36518382281065,2400,414742165
sobol,ADAM,Griewank,50,12,-952.7533509622602,5.622621780261397,4800,1504238764
sobol,SPSA,Griewank,50,13,-1267.8046094376855,0.22078345157206059,3533,41188443
sobol,optimLBFGS,Griewank,50,13,-3.6543745807193773e-10,0.34630345553159714,83,41188443
sobol,SMCO,Griewank,50,13,-0.7496038963414455,4.803551008924842,308,41188443
sobol,SignGD,Griewank,50,13,-1162.2147437620226,2.050322260707617,1806,41188443
sobol,SMCO_R,Griewank,50,13,-0.1514808616594291,4.986482888460159,158,41188443
sobol,optimNM,Griewank,50,13,-1200.6810113790284,0.2999341245740652,2400,41188443
sobol,SMCO_BR,Griewank,50,13,-0.14643801262353262,5.1345424726605415,83,41188443
sobol,SMCO_EVO,Griewank,50,13,-0.7812270953254599,4.878123439848423,308,41188443
sobol,PSO,Griewank,50,13,-1.1550577637664832,0.298191512003541,300,41188443
sobol,SMCO_R_EVO,Griewank,50,13,-0.08710589634534593,4.9101038333028555,308,41188443
sobol,GA,Griewank,50,13,-9.993253063840147,0.8903859630227089,300,41188443
sobol,SMCO_BR_EVO,Griewank,50,13,-0.16199299593176175,5.209470732137561,158,41188443
sobol,GenSA,Griewank,50,13,-3.05603209405092e-10,2.935663975775242,300,41188443
sobol,BOBYQA,Griewank,50,10,-177.80900677167867,22.671669675037265,2400,768085052
sobol,GD,Griewank,50,13,-947.9187705697917,5.404979007318616,4800,41188443
sobol,ADAM,Griewank,50,13,-1248.337665333091,5.733721887692809,4800,41188443
sobol,DEoptim,Griewank,50,9,-0.3245524563716331,28.8250964730978,300,414742165
sobol,SA,Griewank,50,10,-3.1721014703833816e-10,24.00638173520565,300,768085052
sobol,SMCO,Griewank,50,14,-0.7425842010843692,4.844627307727933,308,30285366
sobol,SPSA,Griewank,50,14,-1220.0091655788558,0.1599763110280037,2558,30285366
sobol,SMCO_R,Griewank,50,14,-0.11466485178859454,4.867151562124491,158,30285366
sobol,optimLBFGS,Griewank,50,14,-1.1459463378216128e-09,0.3778578881174326,95,30285366
sobol,optimNM,Griewank,50,14,-1117.9039400963525,0.3042276781052351,2400,30285366
sobol,SignGD,Griewank,50,14,-1123.336128284512,2.6855418272316456,2305,30285366
sobol,SMCO_BR,Griewank,50,14,-0.11026717953938003,5.1159817054867744,83,30285366
sobol,GA,Griewank,50,14,-11.13370350676032,0.8823678772896528,300,30285366
sobol,SMCO_R_EVO,Griewank,50,14,-0.13192742956925418,4.91802960075438,308,30285366
sobol,SMCO_EVO,Griewank,50,14,-0.8214992901172519,5.055599531158805,308,30285366
sobol,PSO,Griewank,50,14,-1.1365366531880137,0.30133991688489914,300,30285366
sobol,SMCO_BR_EVO,Griewank,50,14,-0.14420876944037497,4.980821095407009,158,30285366
sobol,GD,Griewank,50,14,-911.3815852180014,5.431778421625495,4800,30285366
sobol,GenSA,Griewank,50,14,-1.292467355362703e-09,3.049226149916649,300,30285366
sobol,BOBYQA,Griewank,50,11,-260.3543757430855,23.170605532824993,2400,1843412226
sobol,ADAM,Griewank,50,14,-1201.3373354057069,5.483470644801855,4800,30285366
sobol,SA,Griewank,50,11,-3.264936099256488e-10,22.515271596610546,300,1843412226
sobol,DEoptim,Griewank,50,10,-0.10550325149195094,29.105787429958582,300,768085052
sobol,SPSA,Griewank,50,15,-1146.9819369545173,0.273844039067626,4368,770290126
sobol,optimLBFGS,Griewank,50,15,-1.4056273922591345e-09,0.3142463844269514,76,770290126
sobol,SMCO,Griewank,50,15,-0.7697124881978463,4.837963225319982,308,770290126
sobol,SMCO_R,Griewank,50,15,-0.10721354069888389,4.986739946529269,158,770290126
sobol,SMCO_EVO,Griewank,50,15,-0.832015531897051,4.8763952646404505,308,770290126
sobol,optimNM,Griewank,50,15,-1069.975532181325,0.3017466627061367,2400,770290126
sobol,SMCO_BR,Griewank,50,15,-0.10293282149270688,5.074615301564336,83,770290126
sobol,SignGD,Griewank,50,15,-1056.5531485317163,3.1755206752568483,2804,770290126
sobol,SMCO_R_EVO,Griewank,50,15,-0.10694153737697898,4.913083594292402,308,770290126
sobol,PSO,Griewank,50,15,-91.1659330598754,0.2980671152472496,300,770290126
sobol,GA,Griewank,50,15,-10.418090000761293,0.8804963566362858,300,770290126
sobol,SMCO_BR_EVO,Griewank,50,15,-0.1123351415865863,5.035326322540641,158,770290126
sobol,GD,Griewank,50,15,-857.6845692117881,5.518057815730572,4800,770290126
sobol,GenSA,Griewank,50,15,-2.1356483248524682e-10,2.956928012892604,300,770290126
sobol,ADAM,Griewank,50,15,-1130.4096650348072,5.521543305367231,4800,770290126
sobol,BOBYQA,Griewank,50,12,-72.05341271377566,23.11826739087701,2400,1504238764
sobol,DEoptim,Griewank,50,11,-0.02882796927401854,29.275795474648476,300,1843412226
sobol,SMCO,Griewank,50,16,-0.7356452504539489,4.815766068175435,308,91254650
sobol,SPSA,Griewank,50,16,-1310.6435663751356,0.09049654006958008,1472,91254650
sobol,SMCO_R,Griewank,50,16,-0.1325271575100322,4.8455611653625965,158,91254650
sobol,optimLBFGS,Griewank,50,16,-4.944744613766261e-10,0.2810699883848429,71,91254650
sobol,optimNM,Griewank,50,16,-1225.0302818909179,0.2993101291358471,2400,91254650
sobol,SMCO_BR,Griewank,50,16,-0.11618717636611997,5.0886488519608974,83,91254650
sobol,SMCO_EVO,Griewank,50,16,-0.8028260163749539,4.887010404840112,308,91254650
sobol,SignGD,Griewank,50,16,-1205.486766800121,2.698764765635133,2305,91254650
sobol,SMCO_R_EVO,Griewank,50,16,-0.13546239581025965,5.1034398637712,308,91254650
sobol,PSO,Griewank,50,16,-1.654975150249145,0.3042333833873272,300,91254650
sobol,GA,Griewank,50,16,-10.281798590118592,0.8980222959071398,300,91254650
sobol,SMCO_BR_EVO,Griewank,50,16,-0.15584814229664234,5.239886458963156,158,91254650
sobol,GD,Griewank,50,16,-978.7767383825483,5.392843445762992,4800,91254650
sobol,GenSA,Griewank,50,16,-9.706886405780324e-10,2.9266600385308266,300,91254650
sobol,BOBYQA,Griewank,50,13,-212.56575286204134,23.106390688568354,2400,41188443
sobol,ADAM,Griewank,50,16,-1290.0532092329481,5.658238070085645,4800,91254650
sobol,DEoptim,Griewank,50,12,-0.004421313628649282,28.796627156436443,300,1504238764
sobol,SA,Griewank,50,13,-3.0077762502855876e-10,23.670465998351574,300,41188443
sobol,SA,Griewank,50,12,-4.134840247971283e-10,30.54485324397683,300,1504238764
sobol,SPSA,Griewank,50,17,-1163.8328611765214,0.30167488008737564,3659,1840808294
sobol,SignGD,Griewank,50,17,-1067.9096277865065,2.016050014644861,1806,1840808294
sobol,SMCO,Griewank,50,17,-0.8496084015609792,5.124935373663902,308,1840808294
sobol,SMCO_R,Griewank,50,17,-0.12622730283641848,5.154426461085677,158,1840808294
sobol,optimLBFGS,Griewank,50,17,-4.425630972804129e-10,0.42469250969588757,83,1840808294
sobol,optimNM,Griewank,50,17,-1075.5429044191837,0.30963735096156597,2400,1840808294
sobol,SMCO_BR,Griewank,50,17,-0.10788865897382771,5.235891662538052,83,1840808294
sobol,SMCO_EVO,Griewank,50,17,-0.8136514329857893,4.864745842292905,308,1840808294
sobol,SMCO_R_EVO,Griewank,50,17,-0.1342282759390715,4.8616675194352865,308,1840808294
sobol,PSO,Griewank,50,17,-90.8136366286299,0.30231296457350254,300,1840808294
sobol,GA,Griewank,50,17,-12.109890430388022,0.8892409354448318,300,1840808294
sobol,SMCO_BR_EVO,Griewank,50,17,-0.10956532033400435,5.280698988586664,158,1840808294
sobol,DEoptim,Griewank,50,13,-0.14702864039655117,28.716187061741948,300,41188443
sobol,GenSA,Griewank,50,17,-1.3945820054317437e-09,3.1129442043602467,300,1840808294
sobol,GD,Griewank,50,17,-870.3653148263296,5.602857198566198,4800,1840808294
sobol,BOBYQA,Griewank,50,14,-167.09413887615665,23.16289884969592,2400,30285366
sobol,SA,Griewank,50,14,-4.0624781316722647e-10,22.70932129956782,300,30285366
sobol,ADAM,Griewank,50,17,-1146.2992593809302,5.694243807345629,4800,1840808294
sobol,SPSA,Griewank,50,18,-1188.7607425870406,0.1529150791466236,2429,1207617488
sobol,optimLBFGS,Griewank,50,18,-1.014000661214709e-09,0.35171443969011307,87,1207617488
sobol,SignGD,Griewank,50,18,-1089.7963532465483,2.1379140857607126,1806,1207617488
sobol,SMCO,Griewank,50,18,-0.7368834912065384,4.798192089423537,308,1207617488
sobol,SMCO_R,Griewank,50,18,-0.1288408139463696,4.838882772251964,158,1207617488
sobol,optimNM,Griewank,50,18,-1106.306508887906,0.31026848778128624,2400,1207617488
sobol,SMCO_BR,Griewank,50,18,-0.13884585123321425,5.1838110107928514,83,1207617488
sobol,SMCO_EVO,Griewank,50,18,-0.7279166514287037,5.132034590467811,308,1207617488
sobol,PSO,Griewank,50,18,-91.20714345979549,0.30240278132259846,300,1207617488
sobol,GA,Griewank,50,18,-11.296653899844495,0.8880279045552015,300,1207617488
sobol,SMCO_R_EVO,Griewank,50,18,-0.12036393161075931,4.868171891197562,308,1207617488
sobol,SMCO_BR_EVO,Griewank,50,18,-0.15839366501672192,5.288212187588215,158,1207617488
sobol,GenSA,Griewank,50,18,-3.335762110978635e-09,2.946130719035864,300,1207617488
sobol,GD,Griewank,50,18,-888.5245057395196,5.590704465284944,4800,1207617488
sobol,ADAM,Griewank,50,18,-1170.1571244015174,5.4952008835971355,4800,1207617488
sobol,BOBYQA,Griewank,50,15,-96.47652523427459,23.241888020187616,2400,770290126
sobol,SA,Griewank,50,15,-2.930438114390199e-10,22.46181645616889,300,770290126
sobol,DEoptim,Griewank,50,14,-0.20743124108344957,29.64302908629179,300,30285366
sobol,SPSA,Griewank,50,19,-1256.9541184668863,0.2211211584508419,3438,729266428
sobol,optimLBFGS,Griewank,50,19,-2.3835522444670687e-10,0.3297270964831114,80,729266428
sobol,SignGD,Griewank,50,19,-1158.4672754106768,2.7338892836123705,2305,729266428
sobol,optimNM,Griewank,50,19,-1158.6651561183023,0.3096848279237747,2400,729266428
sobol,SMCO,Griewank,50,19,-0.8376032520724829,5.11106357164681,308,729266428
sobol,SMCO_R,Griewank,50,19,-0.1407624116829851,5.135532444342971,158,729266428
sobol,SMCO_BR,Griewank,50,19,-0.11527679465502993,4.901517661288381,83,729266428
sobol,SMCO_R_EVO,Griewank,50,19,-0.11444273961403995,4.876940963789821,308,729266428
sobol,SMCO_EVO,Griewank,50,19,-0.8211203634423118,5.146134898066521,308,729266428
sobol,GA,Griewank,50,19,-10.02271488254668,0.8754385523498058,300,729266428
sobol,PSO,Griewank,50,19,-92.14174799125958,0.29841926880180836,300,729266428
sobol,SMCO_BR_EVO,Griewank,50,19,-0.18240117012573198,5.235018163919449,158,729266428
sobol,GD,Griewank,50,19,-939.7419944217881,5.43574939481914,4800,729266428
sobol,ADAM,Griewank,50,19,-1238.7786775162347,5.450997099280357,4800,729266428
sobol,GenSA,Griewank,50,19,-7.479796781950654e-10,2.993520988151431,300,729266428
sobol,GD,Zakharov,50,0,-1009599715340.7566,0.07207822427153587,56,1736315813
sobol,BOBYQA,Griewank,50,16,-226.75352797405407,22.73235557600856,2400,91254650
sobol,DEoptim,Griewank,50,15,-0.025471712940636992,29.381947580724955,300,770290126
sobol,SPSA,Zakharov,50,0,-5745.3125,0.18224366381764412,3108,1736315813
sobol,SignGD,Zakharov,50,0,-841.1698381660987,1.51813798956573,1353,1736315813
sobol,SA,Griewank,50,16,-1.8483259367485516e-10,23.750856328755617,300,91254650
sobol,optimNM,Zakharov,50,0,-587306946467.841,0.29519256204366684,2400,1736315813
sobol,optimLBFGS,Zakharov,50,0,-9.383129934222552e-12,1.0642658863216639,429,1736315813
sobol,SMCO,Zakharov,50,0,-0.5480834996962862,5.092952119186521,308,1736315813
sobol,SMCO_R,Zakharov,50,0,-1.5751040703695758,4.980538347736001,158,1736315813
sobol,SMCO_BR,Zakharov,50,0,-6.5473522437424325,5.017030525952578,83,1736315813
sobol,PSO,Zakharov,50,0,-1270.2111953120755,0.27340613305568695,300,1736315813
sobol,SMCO_EVO,Zakharov,50,0,-0.5775400952157768,5.058941500261426,308,1736315813
sobol,SMCO_R_EVO,Zakharov,50,0,-1.4910013819269596,5.056277183815837,308,1736315813
sobol,GA,Zakharov,50,0,-377.81390795595416,0.8445859141647816,300,1736315813
sobol,SMCO_BR_EVO,Zakharov,50,0,-6.817635608601052,5.079205933958292,158,1736315813
sobol,GenSA,Zakharov,50,0,-1.1005772525474858e-11,2.988201789557934,300,1736315813
sobol,ADAM,Zakharov,50,0,-8890000164.964672,5.375009726732969,4800,1736315813
sobol,GD,Zakharov,50,1,-2412158143341.7764,0.07095425575971603,56,532465420
sobol,SignGD,Zakharov,50,1,-784.9484357946861,1.0409112200140953,930,532465420
sobol,DEoptim,Griewank,50,16,-0.34908682410027725,28.45687848329544,300,91254650
sobol,SPSA,Zakharov,50,1,-2675.0,0.2756779734045267,4639,532465420
sobol,BOBYQA,Griewank,50,17,-105.43178571612658,22.786328626796603,2400,1840808294
sobol,optimLBFGS,Zakharov,50,1,-1.5033166454169523e-11,1.039610680192709,416,532465420
sobol,optimNM,Zakharov,50,1,-1593400740721.4036,0.2940479554235935,2400,532465420
sobol,SMCO,Zakharov,50,1,-0.4018075535634017,4.985056953504682,308,532465420
sobol,SMCO_R,Zakharov,50,1,-1.5559293325596113,5.062646606937051,158,532465420
sobol,SMCO_EVO,Zakharov,50,1,-0.5250531576148548,5.004343228414655,308,532465420
sobol,SMCO_BR,Zakharov,50,1,-6.62445739859477,5.098767979070544,83,532465420
sobol,PSO,Zakharov,50,1,-1001.1803848030233,0.2760995104908943,300,532465420
sobol,SMCO_R_EVO,Zakharov,50,1,-1.3989944754192252,5.042376076802611,308,532465420
sobol,GA,Zakharov,50,1,-394.87567712066675,0.8465538807213306,300,532465420
sobol,SMCO_BR_EVO,Zakharov,50,1,-6.343909237648115,5.141364604234695,158,532465420
sobol,GenSA,Zakharov,50,1,-3.877114193658658e-11,2.9998008254915476,300,532465420
sobol,ADAM,Zakharov,50,1,-40920163914.75083,5.38585427775979,4800,532465420
sobol,BOBYQA,Griewank,50,18,-198.04478375142216,23.30706152319908,2400,1207617488
sobol,GD,Zakharov,50,2,-2152821430847.3958,0.07140046916902065,56,1729431029
sobol,SA,Griewank,50,18,-4.4335335402934106e-10,22.76347984559834,300,1207617488
sobol,SignGD,Zakharov,50,2,-700.1645767669887,1.511396549642086,1377,1729431029
sobol,SPSA,Zakharov,50,2,-2525.0,0.2540063951164484,4320,1729431029
sobol,DEoptim,Griewank,50,17,-0.8785020445846312,29.070593733340502,300,1840808294
sobol,SMCO,Zakharov,50,2,-0.5425073473802072,5.016427967697382,308,1729431029
sobol,SMCO_R,Zakharov,50,2,-1.783311014172225,4.984484884887934,158,1729431029
sobol,optimNM,Zakharov,50,2,-1528037478755.6243,0.2936543542891741,2400,1729431029
sobol,SA,Griewank,50,17,-3.659208491768595e-10,30.133742533624172,300,1840808294
sobol,optimLBFGS,Zakharov,50,2,-5.87336806163371e-12,1.0478097219020128,413,1729431029
sobol,SMCO_BR,Zakharov,50,2,-7.2472858141271566,5.041718753054738,83,1729431029
sobol,SMCO_EVO,Zakharov,50,2,-0.4298109318516097,5.0986574944108725,308,1729431029
sobol,PSO,Zakharov,50,2,-902.1656146707259,0.27536226995289326,300,1729431029
sobol,GA,Zakharov,50,2,-194.74045471663206,0.8590752817690372,300,1729431029
sobol,SMCO_R_EVO,Zakharov,50,2,-1.4080800266559845,5.032360875979066,308,1729431029
sobol,SMCO_BR_EVO,Zakharov,50,2,-8.195308981106766,5.1135492995381355,158,1729431029
sobol,GenSA,Zakharov,50,2,-2.3748521501846346e-11,2.9597036875784397,300,1729431029
sobol,ADAM,Zakharov,50,2,-32087920927.65779,5.386063741520047,4800,1729431029
sobol,GD,Zakharov,50,3,-341534915443.1475,0.07158547639846802,56,2134221050
sobol,BOBYQA,Griewank,50,19,-92.81481379174805,23.26560954004526,2400,729266428
sobol,DEoptim,Griewank,50,18,-0.02086473895946872,29.43462263047695,300,1207617488
sobol,SMCO,Zakharov,50,3,-0.5685399380490362,5.039440728724003,308,2134221050
sobol,SPSA,Zakharov,50,3,-2450.0,0.2572586517781019,4306,2134221050
sobol,SMCO_R,Zakharov,50,3,-1.6992359780993502,4.978653227910399,158,2134221050
sobol,SignGD,Zakharov,50,3,-656.816257641302,1.6609375551342964,1507,2134221050
sobol,optimNM,Zakharov,50,3,-165545538697.742,0.2907562516629696,2400,2134221050
sobol,SA,Griewank,50,19,-3.294984285417968e-10,23.704735008999705,300,729266428
sobol,SMCO_BR,Zakharov,50,3,-7.282493451640193,5.088699011132121,83,2134221050
sobol,optimLBFGS,Zakharov,50,3,-1.8198856103016393e-11,1.0655311588197947,419,2134221050
sobol,SMCO_EVO,Zakharov,50,3,-0.6277868773928922,5.031156502664089,308,2134221050
sobol,PSO,Zakharov,50,3,-1118.8351048598647,0.27663870342075825,300,2134221050
sobol,GA,Zakharov,50,3,-221.20700333123014,0.8572001736611128,300,2134221050
sobol,SMCO_R_EVO,Zakharov,50,3,-1.6802676883506995,5.072166508063674,308,2134221050
sobol,SMCO_BR_EVO,Zakharov,50,3,-6.723904001765945,5.093121750280261,158,2134221050
sobol,BOBYQA,Zakharov,50,0,-1003244290802.0873,21.930686181411147,2400,1736315813
sobol,GenSA,Zakharov,50,3,-1.3336238714751864e-11,2.9664325304329395,300,2134221050
sobol,GD,Zakharov,50,4,-7794587688003.526,0.07052347809076309,56,1277360052
sobol,ADAM,Zakharov,50,3,-1430492195.0316124,5.4288658034056425,4800,2134221050
sobol,SignGD,Zakharov,50,4,-616.0603078524009,1.4402829203754663,1307,1277360052
sobol,SPSA,Zakharov,50,4,-2525.0,0.24773254059255123,4237,1277360052
sobol,optimLBFGS,Zakharov,50,4,-5.219050856928514e-11,1.055979173630476,429,1277360052
sobol,SMCO,Zakharov,50,4,-0.6102262848234372,4.991972919553518,308,1277360052
sobol,SMCO_R,Zakharov,50,4,-1.5891380897537741,5.085555512458086,158,1277360052
sobol,optimNM,Zakharov,50,4,-5817121574906.333,0.29321975633502007,2400,1277360052
sobol,SMCO_BR,Zakharov,50,4,-5.49969766894531,5.0959311574697495,83,1277360052
sobol,DEoptim,Griewank,50,19,-0.18874189449263357,29.87581179663539,300,729266428
sobol,SMCO_EVO,Zakharov,50,4,-0.5535781957186645,5.0263641346246,308,1277360052
sobol,PSO,Zakharov,50,4,-1013.8674062528851,0.27496831119060516,300,1277360052
sobol,SMCO_R_EVO,Zakharov,50,4,-1.6549851730338094,5.02471861243248,308,1277360052
sobol,GA,Zakharov,50,4,-228.17104617253767,0.8567177727818489,300,1277360052
sobol,SMCO_BR_EVO,Zakharov,50,4,-5.724382517020488,5.144465861842036,158,1277360052
sobol,BOBYQA,Zakharov,50,1,-2399939073564.1353,21.58384700678289,2400,532465420
sobol,GenSA,Zakharov,50,4,-1.1505526869525486e-11,2.997925477102399,300,1277360052
sobol,ADAM,Zakharov,50,4,-259128870085.77667,5.4337865319103,4800,1277360052
sobol,GD,Zakharov,50,5,-956759957446.1713,0.07233016937971115,56,766100541
sobol,SignGD,Zakharov,50,5,-847.616836946275,1.4855615552514791,1307,766100541
sobol,SMCO,Zakharov,50,5,-0.5576769893919508,5.003409571945667,308,766100541
sobol,SPSA,Zakharov,50,5,-2525.0,0.25034311041235924,4251,766100541
sobol,SMCO_R,Zakharov,50,5,-2.0190283383851284,5.019233400002122,158,766100541
sobol,SMCO_BR,Zakharov,50,5,-6.964382189504548,5.104841837659478,83,766100541
sobol,optimNM,Zakharov,50,5,-596318818982.3812,0.2973933592438698,2400,766100541
sobol,SMCO_EVO,Zakharov,50,5,-1.1047139832821506,5.055282723158598,308,766100541
sobol,SMCO_R_EVO,Zakharov,50,5,-2.040739953103751,5.000266283750534,308,766100541
sobol,optimLBFGS,Zakharov,50,5,-6.43138720339898e-12,1.0298600438982248,417,766100541
sobol,DEoptim,Zakharov,50,0,-274.8840882190636,30.987996453419328,300,1736315813
sobol,GA,Zakharov,50,5,-169.11567689735057,0.8481586743146181,300,766100541
sobol,PSO,Zakharov,50,5,-1393.7363932200883,0.2764085363596678,300,766100541
sobol,SMCO_BR_EVO,Zakharov,50,5,-8.238196386781226,5.1510912869125605,158,766100541
sobol,BOBYQA,Zakharov,50,2,-2141602125507.2344,22.03708060644567,2400,1729431029
sobol,GenSA,Zakharov,50,5,-2.591615206312049e-09,3.0372599437832832,300,766100541
sobol,ADAM,Zakharov,50,5,-8271730195.762833,5.417873837053776,4800,766100541
sobol,DEoptim,Zakharov,50,1,-231.34133918272113,29.07324555143714,300,532465420
sobol,GD,Zakharov,50,6,-1538909648445.6387,0.07266395166516304,56,372074673
sobol,SignGD,Zakharov,50,6,-589.9504934675591,1.541251815855503,1363,372074673
sobol,SMCO,Zakharov,50,6,-0.5558665983350042,4.960052996873856,308,372074673
sobol,SMCO_R,Zakharov,50,6,-1.5849990318435248,5.113355308771133,158,372074673
sobol,SPSA,Zakharov,50,6,-2900.0,0.27475893311202526,4705,372074673
sobol,SA,Zakharov,50,0,-3.0443426113010746e-12,37.472910368815064,300,1736315813
sobol,SMCO_BR,Zakharov,50,6,-6.143857229301093,5.1216337233781815,83,372074673
sobol,optimNM,Zakharov,50,6,-910662298148.5955,0.29323918372392654,2400,372074673
sobol,optimLBFGS,Zakharov,50,6,-6.524487368014188e-12,1.0838373117148876,422,372074673
sobol,SMCO_EVO,Zakharov,50,6,-0.5718977000768131,5.124488227069378,308,372074673
sobol,SMCO_R_EVO,Zakharov,50,6,-1.5686294285901208,5.136482374742627,308,372074673
sobol,PSO,Zakharov,50,6,-795.1750828751667,0.27761121466755867,300,372074673
sobol,GA,Zakharov,50,6,-323.1978416247743,0.8592090699821711,300,372074673
sobol,SMCO_BR_EVO,Zakharov,50,6,-7.383604529633757,5.24924299120903,158,372074673
sobol,GenSA,Zakharov,50,6,-1.651957570531033e-11,3.020751776173711,300,372074673
sobol,BOBYQA,Zakharov,50,3,-338717901617.6078,24.146104648709297,2400,2134221050
sobol,ADAM,Zakharov,50,6,-16867973828.941515,5.409336354583502,4800,372074673
sobol,SA,Zakharov,50,1,-2.985966139740596e-12,37.40069782547653,300,532465420
sobol,GD,Zakharov,50,7,-4646768826432.58,0.07117862068116665,56,1107253899
sobol,SMCO,Zakharov,50,7,-0.6639969812684217,5.115928448736668,308,1107253899
sobol,SMCO_R,Zakharov,50,7,-1.4366780258419192,5.115208031609654,158,1107253899
sobol,SMCO_BR,Zakharov,50,7,-6.363111616901994,5.210584722459316,83,1107253899
sobol,SPSA,Zakharov,50,7,-2675.0,0.2239910326898098,3717,1107253899
sobol,SignGD,Zakharov,50,7,-699.1148172844523,1.6051714345812798,1463,1107253899
sobol,SMCO_EVO,Zakharov,50,7,-0.5597460661359245,5.145651999861002,308,1107253899
sobol,optimNM,Zakharov,50,7,-3319539264670.1353,0.28973223082721233,2400,1107253899
sobol,optimLBFGS,Zakharov,50,7,-4.340988630191324e-11,1.1162688378244638,429,1107253899
sobol,SMCO_R_EVO,Zakharov,50,7,-2.0037665207479205,5.149007815867662,308,1107253899
sobol,DEoptim,Zakharov,50,3,-262.7545127734011,29.088111203163862,300,2134221050
sobol,SMCO_BR_EVO,Zakharov,50,7,-7.296018692992347,5.192823113873601,158,1107253899
sobol,PSO,Zakharov,50,7,-1472.9442265565187,0.27692861668765545,300,1107253899
sobol,GA,Zakharov,50,7,-349.0513627267766,0.858734592795372,300,1107253899
sobol,GenSA,Zakharov,50,7,-7.0956146073757895e-12,2.9788329899311066,300,1107253899
sobol,DEoptim,Zakharov,50,2,-224.9374029472721,36.3652008716017,300,1729431029
sobol,SA,Zakharov,50,2,-2.7991441471937463e-12,37.203614976257086,300,1729431029
sobol,ADAM,Zakharov,50,7,-122206302573.67702,5.482662646099925,4800,1107253899
sobol,GD,Zakharov,50,8,-75188131160.45976,0.0731209758669138,56,1968297226
sobol,BOBYQA,Zakharov,50,4,-80413457595.2297,26.29031947441399,2400,1277360052
sobol,BOBYQA,Zakharov,50,5,-950655866654.3578,21.56608926691115,2400,766100541
sobol,SignGD,Zakharov,50,8,-681.8374398565172,2.0375513471663,1806,1968297226
sobol,SPSA,Zakharov,50,8,-2375.0,0.2791676316410303,4800,1968297226
sobol,SMCO,Zakharov,50,8,-0.5316244375695286,5.079609556123614,308,1968297226
sobol,SMCO_R,Zakharov,50,8,-1.6189527053934853,5.105537878349423,158,1968297226
sobol,optimNM,Zakharov,50,8,-20291873028.801388,0.29965535178780556,2400,1968297226
sobol,optimLBFGS,Zakharov,50,8,-8.28041482470962e-12,1.041072553023696,407,1968297226
sobol,SMCO_BR,Zakharov,50,8,-7.1109608226829355,5.156122636049986,83,1968297226
sobol,SMCO_EVO,Zakharov,50,8,-0.5474625883658909,5.107250006869435,308,1968297226
sobol,DEoptim,Zakharov,50,4,-284.4732247835046,29.374875320121646,300,1277360052
sobol,PSO,Zakharov,50,8,-1491.3247226920307,0.27491049841046333,300,1968297226
sobol,GA,Zakharov,50,8,-282.7276816284809,0.8545349482446909,300,1968297226
sobol,SMCO_BR_EVO,Zakharov,50,8,-6.643355183999477,5.103183191269636,158,1968297226
sobol,SA,Zakharov,50,3,-2.9827855647124217e-12,37.07436749525368,300,2134221050
sobol,ADAM,Zakharov,50,8,-127636656.02298531,5.370721071958542,4800,1968297226
sobol,GenSA,Zakharov,50,8,-4.205744484023895e-11,3.004173591732979,300,1968297226
sobol,GD,Zakharov,50,9,-3289449136842.6533,0.07265261746942997,56,531219359
sobol,SMCO_R_EVO,Zakharov,50,8,-1.8513061331485776,7.397157311439514,308,1968297226
sobol,SignGD,Zakharov,50,9,-1228.5120267053774,0.9755034409463406,858,531219359
sobol,SPSA,Zakharov,50,9,-2450.0,0.2732290755957365,4603,531219359
sobol,optimLBFGS,Zakharov,50,9,-3.2171194816264085e-10,1.0864196717739105,422,531219359
sobol,SMCO,Zakharov,50,9,-0.5756816142897194,5.069861728698015,308,531219359
sobol,BOBYQA,Zakharov,50,6,-1530189069429.3179,21.59395012818277,2400,372074673
sobol,SMCO_R,Zakharov,50,9,-1.5362388633890107,5.0933792144060135,158,531219359
sobol,SMCO_BR,Zakharov,50,9,-8.66810451247879,5.1391116082668304,83,531219359
sobol,optimNM,Zakharov,50,9,-2113957709062.1252,0.2948678247630596,2400,531219359
sobol,SMCO_EVO,Zakharov,50,9,-0.4899522003648382,5.018947120755911,308,531219359
sobol,PSO,Zakharov,50,9,-1365.7859777753315,0.274533050134778,300,531219359
sobol,GA,Zakharov,50,9,-253.9496719939965,0.8586033824831247,300,531219359
sobol,DEoptim,Zakharov,50,5,-240.80248834679858,28.825960559770465,300,766100541
sobol,SMCO_R_EVO,Zakharov,50,9,-1.7234350335709254,5.036523113027215,308,531219359
sobol,SMCO_BR_EVO,Zakharov,50,9,-6.832437215637224,5.1086459793150425,158,531219359
sobol,SA,Zakharov,50,4,-2.784722274431102e-12,37.51095308177173,300,1277360052
sobol,GenSA,Zakharov,50,9,-2.9005393512204008e-11,3.0088501144200563,300,531219359
sobol,GD,Zakharov,50,10,-1755108670376.0017,0.07116948440670967,56,985809678
sobol,SignGD,Zakharov,50,10,-738.1590940150124,0.9999269880354404,906,985809678
sobol,ADAM,Zakharov,50,9,-72304920329.80934,7.870311951264739,4800,531219359
sobol,SPSA,Zakharov,50,10,-2675.0,0.3404286839067936,4237,985809678
sobol,SMCO,Zakharov,50,10,-0.3637722712224474,5.01511700078845,308,985809678
sobol,SMCO_BR,Zakharov,50,10,-4.78345794466356,5.024769427254796,83,985809678
sobol,SMCO_R,Zakharov,50,10,-1.157107033181174,5.059750301763415,158,985809678
sobol,SMCO_EVO,Zakharov,50,10,-0.45552445572414363,5.019722029566765,308,985809678
sobol,optimNM,Zakharov,50,10,-1079853797803.9364,0.2911945544183254,2400,985809678
sobol,SMCO_R_EVO,Zakharov,50,10,-1.541631147702406,5.0753995925188065,308,985809678
sobol,optimLBFGS,Zakharov,50,10,-2.1478026475209007e-11,1.4106677304953337,419,985809678
sobol,PSO,Zakharov,50,10,-1095.6945206079952,0.38907649368047714,300,985809678
sobol,GA,Zakharov,50,10,-269.75698404702297,0.8452767264097929,300,985809678
sobol,SMCO_BR_EVO,Zakharov,50,10,-4.722649585257664,5.116522755473852,158,985809678
sobol,GenSA,Zakharov,50,10,-2.7108042308979247e-11,3.0205484312027693,300,985809678
sobol,ADAM,Zakharov,50,10,-25322424571.573944,5.356023417785764,4800,985809678
sobol,DEoptim,Zakharov,50,6,-246.617694611929,30.82255565188825,300,372074673
sobol,BOBYQA,Zakharov,50,7,-171536024174.963,24.59302813373506,2400,1107253899
sobol,GD,Zakharov,50,11,-41351200246.94809,0.07202479615807533,56,1874678441
sobol,SA,Zakharov,50,5,-2.6740117149790526e-12,38.47475933469832,300,766100541
sobol,SignGD,Zakharov,50,11,-888.8330652897139,0.996969809755683,880,1874678441
sobol,SPSA,Zakharov,50,11,-2525.0,0.25476112961769104,4269,1874678441
sobol,SMCO_R,Zakharov,50,11,-1.4496419168948733,5.002724876627326,158,1874678441
sobol,SMCO_BR,Zakharov,50,11,-6.49427057318286,5.033590391278267,83,1874678441
sobol,optimLBFGS,Zakharov,50,11,-5.938662625127857e-12,1.0703832656145096,414,1874678441
sobol,optimNM,Zakharov,50,11,-13824579573.160933,0.29334961250424385,2400,1874678441
sobol,SMCO_EVO,Zakharov,50,11,-0.3480291004430949,5.112093281000853,308,1874678441
sobol,SMCO_R_EVO,Zakharov,50,11,-1.4908271756828864,5.030945047736168,308,1874678441
sobol,SMCO,Zakharov,50,11,-0.5870204467726864,7.320198819041252,308,1874678441
sobol,PSO,Zakharov,50,11,-1161.7136653749928,0.3860484268516302,300,1874678441
sobol,GA,Zakharov,50,11,-167.16768487479072,0.8527601417154074,300,1874678441
sobol,SMCO_BR_EVO,Zakharov,50,11,-6.329844368851724,5.190881656482816,158,1874678441
sobol,GenSA,Zakharov,50,11,-1.1221960859771975e-11,2.991502219811082,300,1874678441
sobol,SA,Zakharov,50,6,-3.010786055149002e-12,37.22761945426464,300,372074673
sobol,ADAM,Zakharov,50,11,-37327704.08314927,5.439103737473488,4800,1874678441
sobol,DEoptim,Zakharov,50,7,-248.73470862674952,29.818353476002812,300,1107253899
sobol,GD,Zakharov,50,12,-682675486040.9427,0.07278337329626083,56,1457034830
sobol,SignGD,Zakharov,50,12,-596.9935900787939,1.4860763289034367,1307,1457034830
sobol,BOBYQA,Zakharov,50,8,-46242056668.77945,26.185002893209457,2400,1968297226
sobol,SPSA,Zakharov,50,12,-2525.0,0.2744925916194916,4723,1457034830
sobol,SMCO_R,Zakharov,50,12,-1.6930623298059824,4.990160871297121,158,1457034830
sobol,SMCO_BR,Zakharov,50,12,-6.914740922762228,5.160778451710939,83,1457034830
sobol,optimLBFGS,Zakharov,50,12,-6.566151694630953e-12,1.0116250682622194,411,1457034830
sobol,optimNM,Zakharov,50,12,-361854897843.30896,0.29779932647943497,2400,1457034830
sobol,SMCO_R_EVO,Zakharov,50,12,-1.7213197321955616,5.009789414703846,308,1457034830
sobol,SMCO_EVO,Zakharov,50,12,-0.6024518493269421,5.116402719169855,308,1457034830
sobol,SMCO_BR_EVO,Zakharov,50,12,-7.213859133944603,5.198886105790734,158,1457034830
sobol,BOBYQA,Zakharov,50,9,-3274027236468.599,22.228718873113394,2400,531219359
sobol,PSO,Zakharov,50,12,-1321.6763484183045,0.2791546192020178,300,1457034830
sobol,GA,Zakharov,50,12,-277.0084033877673,0.8699732273817062,300,1457034830
sobol,SMCO,Zakharov,50,12,-0.6897136523642857,7.3109176363796,308,1457034830
sobol,DEoptim,Zakharov,50,8,-244.05667041995255,29.470051903277636,300,1968297226
sobol,GenSA,Zakharov,50,12,-1.0863182058989946e-11,2.9941389113664627,300,1457034830
sobol,ADAM,Zakharov,50,12,-4633576311.818874,5.482440657913685,4800,1457034830
sobol,GD,Zakharov,50,13,-1855676566212.5867,0.07311606965959072,56,2073019890
sobol,SA,Zakharov,50,7,-2.8625778867474184e-12,37.48213209211826,300,1107253899
sobol,SignGD,Zakharov,50,13,-661.5755196630588,1.496295254677534,1307,2073019890
sobol,SPSA,Zakharov,50,13,-5895.3125,0.2482376340776682,4106,2073019890
sobol,SMCO,Zakharov,50,13,-0.3550990140504759,5.123925624415278,308,2073019890
sobol,SMCO_R,Zakharov,50,13,-1.6187008266383882,5.117423117160797,158,2073019890
sobol,optimLBFGS,Zakharov,50,13,-1.4529339789473376e-11,1.1084429621696472,424,2073019890
sobol,optimNM,Zakharov,50,13,-1292892926361.9587,0.2966068107634783,2400,2073019890
sobol,SMCO_BR,Zakharov,50,13,-7.818372457877635,5.146723432466388,83,2073019890
sobol,SMCO_R_EVO,Zakharov,50,13,-2.025759801652798,5.1302907560020685,308,2073019890
sobol,SMCO_BR_EVO,Zakharov,50,13,-5.752225570172472,5.058873249217868,158,2073019890
sobol,PSO,Zakharov,50,13,-789.7232603689009,0.27306186594069004,300,2073019890
sobol,ADAM,Zakharov,50,13,-25835076093.749718,5.300191422924399,4800,2073019890
sobol,DEoptim,Zakharov,50,9,-183.4188094371083,29.363719783723354,300,531219359
sobol,GA,Zakharov,50,13,-384.9181046570255,0.8572687618434429,300,2073019890
sobol,SMCO_EVO,Zakharov,50,13,-0.5268783063586354,7.339957423508167,308,2073019890
sobol,GenSA,Zakharov,50,13,-2.315074139894559e-09,3.0348865892738104,300,2073019890
sobol,BOBYQA,Zakharov,50,10,-59478075577.96233,24.6283420342952,2400,985809678
sobol,GD,Zakharov,50,14,-239518797004.3565,0.07128158025443554,56,226955490
sobol,SignGD,Zakharov,50,14,-563.6751353476702,1.4537826236337423,1307,226955490
sobol,SA,Zakharov,50,8,-2.935359769581236e-12,38.933904588222504,300,1968297226
sobol,SPSA,Zakharov,50,14,-2300.0,0.2457339446991682,4160,226955490
sobol,SMCO,Zakharov,50,14,-0.6133662668608447,4.935286309570074,308,226955490
sobol,BOBYQA,Zakharov,50,11,-36972751793.372536,21.51995525509119,2400,1874678441
sobol,optimLBFGS,Zakharov,50,14,-9.125787480343555e-12,1.08226059935987,427,226955490
sobol,optimNM,Zakharov,50,14,-101473898248.28098,0.29194891452789307,2400,226955490
sobol,SMCO_R,Zakharov,50,14,-1.7678404623677313,4.992646818980575,158,226955490
sobol,SMCO_EVO,Zakharov,50,14,-0.44396765958372164,5.102847712114453,308,226955490
sobol,SMCO_BR,Zakharov,50,14,-6.71199618476797,5.143575871363282,83,226955490
sobol,PSO,Zakharov,50,14,-1115.4490523771278,0.2782819028943777,300,226955490
sobol,DEoptim,Zakharov,50,10,-229.20292361774992,28.574328696355224,300,985809678
sobol,SMCO_BR_EVO,Zakharov,50,14,-5.159739791240257,5.242068648338318,158,226955490
sobol,GA,Zakharov,50,14,-419.71248988229206,0.8561354987323284,300,226955490
sobol,SMCO_R_EVO,Zakharov,50,14,-1.3924360441835413,7.362435454502702,308,226955490
sobol,GenSA,Zakharov,50,14,-3.1407466055767046e-11,3.0141457226127386,300,226955490
sobol,ADAM,Zakharov,50,14,-1086665522.4908707,5.315544327721,4800,226955490
sobol,GD,Zakharov,50,15,-2422545618490.8423,0.07165381498634815,56,747708629
sobol,SA,Zakharov,50,9,-2.8189796179599037e-12,38.15287149883807,300,531219359
sobol,SignGD,Zakharov,50,15,-678.3313444444572,1.6190926767885685,1455,747708629
sobol,SPSA,Zakharov,50,15,-5745.3125,0.27975260466337204,4800,747708629
sobol,SMCO_R,Zakharov,50,15,-1.6834040952363483,4.971008291468024,158,747708629
sobol,SMCO,Zakharov,50,15,-0.6209166390564956,5.08692523650825,308,747708629
sobol,SMCO_BR,Zakharov,50,15,-6.626918482808224,5.180369719862938,83,747708629
sobol,optimNM,Zakharov,50,15,-1513934879080.346,0.3002384752035141,2400,747708629
sobol,optimLBFGS,Zakharov,50,15,-2.0237130535500945e-10,0.995047340169549,402,747708629
sobol,SMCO_EVO,Zakharov,50,15,-0.6304723019956623,5.109860556200147,308,747708629
sobol,GA,Zakharov,50,15,-379.9473317682731,0.8606674410402775,300,747708629
sobol,PSO,Zakharov,50,15,-747.2661776471705,0.2797889616340399,300,747708629
sobol,BOBYQA,Zakharov,50,12,-677937566038.5007,21.596856728196144,2400,1457034830
sobol,SMCO_BR_EVO,Zakharov,50,15,-6.019223569877588,5.190844740718603,158,747708629
sobol,GenSA,Zakharov,50,15,-4.792365178512497e-11,3.0361238848417997,300,747708629
sobol,DEoptim,Zakharov,50,11,-285.0772293087696,29.134035455062985,300,1874678441
sobol,ADAM,Zakharov,50,15,-47187671897.91201,5.383051281794906,4800,747708629
sobol,SA,Zakharov,50,10,-2.773754959776689e-12,37.647202314808965,300,985809678
sobol,GD,Zakharov,50,16,-1782838961706.645,0.07064375840127468,56,1256461935
sobol,SMCO_R_EVO,Zakharov,50,15,-1.4682878969301751,7.355037819594145,308,747708629
sobol,SignGD,Zakharov,50,16,-643.2490452811992,1.5014914106577635,1359,1256461935
sobol,SPSA,Zakharov,50,16,-2825.0,0.14549707993865013,2482,1256461935
sobol,optimLBFGS,Zakharov,50,16,-7.283303097639012e-12,1.042074216529727,427,1256461935
sobol,SMCO_R,Zakharov,50,16,-1.4279638839290463,4.992382256314158,158,1256461935
sobol,SMCO,Zakharov,50,16,-0.5048898623636213,5.098166367039084,308,1256461935
sobol,optimNM,Zakharov,50,16,-1137398088136.643,0.2932827603071928,2400,1256461935
sobol,SMCO_BR,Zakharov,50,16,-6.324340547622999,5.144160069525242,83,1256461935
sobol,SMCO_EVO,Zakharov,50,16,-0.4506211149824565,5.165983244776726,308,1256461935
sobol,SMCO_R_EVO,Zakharov,50,16,-1.2456069049493876,5.142409389838576,308,1256461935
sobol,PSO,Zakharov,50,16,-1280.607394111179,0.2784303929656744,300,1256461935
sobol,BOBYQA,Zakharov,50,13,-1845640708615.3364,22.274993401020765,2400,2073019890
sobol,SMCO_BR_EVO,Zakharov,50,16,-5.845940418929254,5.216001827269793,158,1256461935
sobol,GA,Zakharov,50,16,-244.95252617981672,0.8758347779512405,300,1256461935
sobol,GenSA,Zakharov,50,16,-1.1193201359291549e-11,3.0028651896864176,300,1256461935
sobol,DEoptim,Zakharov,50,12,-265.3022141306162,29.092997185885906,300,1457034830
sobol,SA,Zakharov,50,11,-2.7397386578004487e-12,37.085225785151124,300,1874678441
sobol,GD,Zakharov,50,17,-562213449602.5535,0.07043669372797012,56,901397575
sobol,SignGD,Zakharov,50,17,-543.914256888932,1.4353817887604237,1307,901397575
sobol,ADAM,Zakharov,50,16,-22256911520.70739,7.799949562177062,4800,1256461935
sobol,SPSA,Zakharov,50,17,-5745.3125,0.28780299983918667,3607,901397575
sobol,optimLBFGS,Zakharov,50,17,-1.9852718024783662e-11,1.3498852532356977,408,901397575
sobol,SMCO,Zakharov,50,17,-0.8005388412230791,5.115768268704414,308,901397575
sobol,SMCO_R,Zakharov,50,17,-1.491316942751078,5.1365236677229404,158,901397575
sobol,SMCO_BR,Zakharov,50,17,-6.090446506995402,5.174847334623337,83,901397575
sobol,optimNM,Zakharov,50,17,-303855197595.86444,0.3000089395791292,2400,901397575
sobol,SMCO_EVO,Zakharov,50,17,-1.048187426715885,5.195482075214386,308,901397575
sobol,SMCO_R_EVO,Zakharov,50,17,-2.0914382932936064,5.19418428093195,308,901397575
sobol,SMCO_BR_EVO,Zakharov,50,17,-6.7146978926797605,5.074866378679872,158,901397575
sobol,PSO,Zakharov,50,17,-1379.2189854816481,0.2779412530362606,300,901397575
sobol,GA,Zakharov,50,17,-355.1273383940854,0.8751379195600748,300,901397575
sobol,DEoptim,Zakharov,50,13,-239.01595202444807,28.992939529940486,300,2073019890
sobol,GenSA,Zakharov,50,17,-3.997043464445397e-11,3.027407683432102,300,901397575
sobol,ADAM,Zakharov,50,17,-3809210109.74849,5.31079438328743,4800,901397575
sobol,BOBYQA,Zakharov,50,14,-190648201178.17294,24.91196957230568,2400,226955490
sobol,GD,Zakharov,50,18,-1338310466378.529,0.06977861560881138,56,954354235
sobol,SA,Zakharov,50,12,-3.031965277941518e-12,38.91340659931302,300,1457034830
sobol,SMCO,Zakharov,50,18,-0.5988725877619662,4.9518695920705795,308,954354235
sobol,SPSA,Zakharov,50,18,-2525.0,0.27710370533168316,4793,954354235
sobol,SMCO_R,Zakharov,50,18,-1.37561078916649,5.131728168576956,158,954354235
sobol,SignGD,Zakharov,50,18,-677.7227890521445,1.5197996441274881,1387,954354235
sobol,SMCO_BR,Zakharov,50,18,-5.633752500001696,5.202580800279975,83,954354235
sobol,optimNM,Zakharov,50,18,-859834418332.6635,0.290935754776001,2400,954354235
sobol,SMCO_EVO,Zakharov,50,18,-0.47487491683878075,5.152473341673613,308,954354235
sobol,optimLBFGS,Zakharov,50,18,-8.8423957278485e-12,1.03901769220829,419,954354235
sobol,BOBYQA,Zakharov,50,15,-2410287080628.7734,21.48859452456236,2400,747708629
sobol,PSO,Zakharov,50,18,-1207.218079357838,0.275647796690464,300,954354235
sobol,SMCO_R_EVO,Zakharov,50,18,-1.4090472725676728,5.132941951975226,308,954354235
sobol,SMCO_BR_EVO,Zakharov,50,18,-6.5680335975701905,5.073309348896146,158,954354235
sobol,GA,Zakharov,50,18,-225.43345758791608,0.8432748820632696,300,954354235
sobol,DEoptim,Zakharov,50,14,-298.80026383436444,28.894031239673495,300,226955490
sobol,GenSA,Zakharov,50,18,-1.5745229909340074e-11,3.0421531554311514,300,954354235
sobol,SA,Zakharov,50,13,-3.376493896935282e-12,38.212194515392184,300,2073019890
sobol,ADAM,Zakharov,50,18,-16899193917.855099,5.437342872843146,4800,954354235
sobol,GD,Zakharov,50,19,-962164751887.789,0.07241320423781872,56,278911145
sobol,SMCO,Zakharov,50,19,-0.41096718453050923,4.94549909979105,308,278911145
sobol,SignGD,Zakharov,50,19,-723.9944437488458,1.483276803046465,1307,278911145
sobol,SPSA,Zakharov,50,19,-2450.0,0.24073938839137554,4134,278911145
sobol,SMCO_EVO,Zakharov,50,19,-0.8250922918090471,4.968786591663957,308,278911145
sobol,SMCO_BR,Zakharov,50,19,-6.834197322187729,5.037980571389198,83,278911145
sobol,SMCO_R,Zakharov,50,19,-1.4808231591444982,5.097984217107296,158,278911145
sobol,optimNM,Zakharov,50,19,-592569092887.6099,0.2930476889014244,2400,278911145
sobol,optimLBFGS,Zakharov,50,19,-7.37450361261743e-12,1.1331655513495207,445,278911145
sobol,SMCO_R_EVO,Zakharov,50,19,-2.1770804411049807,5.020244995132089,308,278911145
sobol,PSO,Zakharov,50,19,-1210.9373148897992,0.27194344252347946,300,278911145
sobol,GA,Zakharov,50,19,-132.19449659761906,0.8688200414180756,300,278911145
sobol,SMCO_BR_EVO,Zakharov,50,19,-6.8523785837027065,5.2558864783495665,158,278911145
sobol,DEoptim,Zakharov,50,15,-272.5228441619558,28.59849830903113,300,747708629
sobol,GenSA,Zakharov,50,19,-7.550161266502708e-11,2.9690753240138292,300,278911145
sobol,ADAM,Zakharov,50,19,-9381637656.163843,5.412465104833245,4800,278911145
sobol,SA,Zakharov,50,14,-3.009216236751262e-12,37.40402740612626,300,226955490
sobol,BOBYQA,Zakharov,50,16,-456947626679.7362,24.984885646030307,2400,1256461935
sobol,DEoptim,Zakharov,50,16,-270.3896566634833,29.375365514308214,300,1256461935
sobol,SA,Zakharov,50,15,-2.7299551215449783e-12,38.88081989251077,300,747708629
sobol,BOBYQA,Zakharov,50,17,-558118047702.9818,27.39903074502945,2400,901397575
sobol,BOBYQA,Zakharov,50,18,-1330457743743.214,22.77379596978426,2400,954354235
sobol,DEoptim,Zakharov,50,17,-285.33514328886207,29.92243622802198,300,901397575
sobol,SA,Zakharov,50,16,-2.5053732483609373e-12,37.70177284628153,300,1256461935
sobol,BOBYQA,Zakharov,50,19,-956034796835.4385,21.760720249265432,2400,278911145
sobol,DEoptim,Zakharov,50,18,-286.6247056774919,30.206352503970265,300,954354235
sobol,SA,Zakharov,50,17,-3.182829472444676e-12,39.6051426474005,300,901397575
sobol,DEoptim,Zakharov,50,19,-281.17483090365863,30.213982053101063,300,278911145
sobol,SA,Zakharov,50,18,-2.82741059825898e-12,38.72425017133355,300,954354235
sobol,SA,Zakharov,50,19,-1.6323502885212506e-12,40.34191603213549,300,278911145
