strategy,algo,func,dim,rep,fopt,time,iterations,seed
rand1bin,PSO,Rastrigin,100,1,-839.2386301076419,0.2332355249673128,300,1677437249
rand1bin,PSO,Rastrigin,100,0,-827.9340253646435,0.2592477463185787,300,647279673
rand1bin,SPSA,Rastrigin,100,1,-1538.3410663034379,0.34112085960805416,6000,1677437249
rand1bin,SPSA,Rastrigin,100,0,-1480.8139061637748,0.43325601052492857,6000,647279673
rand1bin,optimNM,Rastrigin,100,1,-1549.5623809253839,0.46382214967161417,3000,1677437249
rand1bin,optimNM,Rastrigin,100,0,-1526.7436251980305,0.513288976624608,3000,647279673
rand1bin,GA,Rastrigin,100,1,-796.3295896899533,0.8917418653145432,300,1677437249
rand1bin,optimLBFGS,Rastrigin,100,0,-628.8102727810642,0.9234467400237918,161,647279673
rand1bin,GA,Rastrigin,100,0,-763.6228392254486,0.922998677007854,300,647279673
rand1bin,optimLBFGS,Rastrigin,100,1,-592.993030112428,1.084496040828526,148,1677437249
rand1bin,SPSA,Rastrigin,100,2,-1478.47185113991,0.22431063279509544,5419,1220831571
rand1bin,optimNM,Rastrigin,100,2,-1614.7410860189984,0.41393565479665995,3000,1220831571
rand1bin,optimLBFGS,Rastrigin,100,2,-653.6843183741635,1.0628930069506168,147,1220831571
rand1bin,SignGD,Rastrigin,100,2,-814.626896486491,3.9183858409523964,1509,1220831571
rand1bin,SignGD,Rastrigin,100,0,-821.7715959346215,4.845192974433303,2507,647279673
rand1bin,GA,Rastrigin,100,2,-757.0710122423515,1.0634805355221033,300,1220831571
rand1bin,PSO,Rastrigin,100,2,-751.1873760162218,0.35486495215445757,300,1220831571
rand1bin,GD,Rastrigin,100,2,-1222.794130086615,5.79641689080745,2796,1220831571
rand1bin,GD,Rastrigin,100,0,-1191.960147133444,7.259808266535401,3271,647279673
rand1bin,SignGD,Rastrigin,100,1,-738.555143457382,7.4476781450212,3006,1677437249
rand1bin,ADAM,Rastrigin,100,0,-817.8507090388714,7.579047285020351,5002,647279673
rand1bin,GenSA,Rastrigin,100,1,-4.547473508864641e-13,8.423801522701979,300,1677437249
rand1bin,GD,Rastrigin,100,1,-1263.5912906260824,8.486873196437955,3977,1677437249
rand1bin,GenSA,Rastrigin,100,2,-0.9949590570952296,7.064084141515195,300,1220831571
rand1bin,GenSA,Rastrigin,100,0,-0.9949590570969349,9.101982917636633,300,647279673
rand1bin,SMCO_BR,Rastrigin,100,0,-52.87595733567298,9.420757016167045,85,647279673
rand1bin,SPSA,Rastrigin,100,3,-1462.5488363490128,0.36620983202010393,5443,1003278960
rand1bin,SMCO_R,Rastrigin,100,0,-52.84600371446345,9.875651243142784,160,647279673
rand1bin,ADAM,Rastrigin,100,1,-735.2707882860257,10.662384922616184,4994,1677437249
rand1bin,optimLBFGS,Rastrigin,100,3,-592.9924398426822,1.0514784315600991,166,1003278960
rand1bin,optimNM,Rastrigin,100,3,-1612.2142924366872,0.5383256720378995,3000,1003278960
rand1bin,SMCO,Rastrigin,100,2,-59.48650941291521,12.300194058567286,310,1220831571
rand1bin,SMCO_BR_EVO,Rastrigin,100,0,-54.852469201416284,12.54766324814409,160,647279673
rand1bin,SMCO_R,Rastrigin,100,1,-53.854176304184534,12.561311634257436,160,1677437249
rand1bin,SignGD,Rastrigin,100,3,-770.1406251229856,3.9725857842713594,2507,1003278960
rand1bin,SMCO_BR,Rastrigin,100,1,-54.86139373790115,12.784147798083723,85,1677437249
rand1bin,SMCO_BR_EVO,Rastrigin,100,1,-57.84596579320271,12.806795938871801,160,1677437249
rand1bin,PSO,Rastrigin,100,3,-768.7647968616361,0.34134778566658497,300,1003278960
rand1bin,SMCO_R_EVO,Rastrigin,100,0,-54.831823445915575,12.94406302459538,310,647279673
rand1bin,SMCO,Rastrigin,100,1,-60.25818491195764,13.116801890544593,310,1677437249
rand1bin,SMCO_EVO,Rastrigin,100,0,-54.38563663285652,13.232978100888431,310,647279673
rand1bin,SMCO_R_EVO,Rastrigin,100,1,-54.849621973448734,13.321183660067618,310,1677437249
rand1bin,GA,Rastrigin,100,3,-789.6368742992286,0.8828414361923933,300,1003278960
rand1bin,SMCO_BR,Rastrigin,100,2,-55.85118402521789,13.345037219114602,85,1220831571
rand1bin,SMCO,Rastrigin,100,0,-50.512374732313106,13.778794715180993,310,647279673
rand1bin,SMCO_R,Rastrigin,100,2,-53.847460947180366,13.838551538996398,160,1220831571
rand1bin,SPSA,Rastrigin,100,4,-1392.120336703461,0.28722614981234074,5409,1596454778
rand1bin,SMCO_EVO,Rastrigin,100,2,-55.25177475856776,13.791272409260273,310,1220831571
rand1bin,SMCO_EVO,Rastrigin,100,1,-59.401402753392745,14.205649857409298,310,1677437249
rand1bin,SMCO_R_EVO,Rastrigin,100,2,-57.82261537939212,14.005193823948503,310,1220831571
rand1bin,optimNM,Rastrigin,100,4,-1538.9060316448176,0.4921898227185011,3000,1596454778
rand1bin,SMCO_BR_EVO,Rastrigin,100,2,-55.86293732839431,13.966558080166578,160,1220831571
rand1bin,optimLBFGS,Rastrigin,100,4,-582.0481989848086,0.8486686525866389,152,1596454778
rand1bin,PSO,Rastrigin,100,4,-844.7713972691678,0.4045246848836541,300,1596454778
rand1bin,ADAM,Rastrigin,100,2,-799.9419332573735,14.138579787686467,5006,1220831571
rand1bin,GA,Rastrigin,100,4,-773.1190325647502,1.0225665150210261,300,1596454778
rand1bin,GD,Rastrigin,100,3,-1337.216179765025,8.692133117467165,3177,1003278960
rand1bin,GD,Rastrigin,100,4,-1271.550049328922,4.402877576649189,2778,1596454778
rand1bin,SMCO_R_EVO,Rastrigin,100,3,-51.85571805583561,10.831437408924103,310,1003278960
rand1bin,SMCO_EVO,Rastrigin,100,3,-56.52210228629974,11.234653926454484,310,1003278960
rand1bin,GenSA,Rastrigin,100,3,-5.684341886080801e-13,8.546427071094513,300,1003278960
rand1bin,SignGD,Rastrigin,100,4,-741.3734483338849,6.39155843667686,2507,1596454778
rand1bin,SMCO_BR_EVO,Rastrigin,100,3,-51.888519436393494,11.532334256917238,160,1003278960
rand1bin,SPSA,Rastrigin,100,5,-1369.2308372221694,0.38434749748557806,5403,226492486
rand1bin,SMCO_R,Rastrigin,100,3,-58.82353584126588,14.092033877968788,160,1003278960
rand1bin,SMCO,Rastrigin,100,3,-49.49372006183614,14.421424873173237,310,1003278960
rand1bin,optimNM,Rastrigin,100,5,-1601.4935545489952,0.5438835751265287,3000,226492486
rand1bin,optimLBFGS,Rastrigin,100,5,-561.1544453696545,0.9865444647148252,142,226492486
rand1bin,SMCO_BR,Rastrigin,100,3,-54.861822543553444,13.712617359124124,85,1003278960
rand1bin,ADAM,Rastrigin,100,3,-746.2150529505277,12.160815455950797,5008,1003278960
rand1bin,PSO,Rastrigin,100,5,-805.5552739535505,0.44736634101718664,300,226492486
rand1bin,GA,Rastrigin,100,5,-779.7520175793815,1.0207039108499885,300,226492486
rand1bin,ADAM,Rastrigin,100,4,-738.2554218149453,8.888948634266853,5014,1596454778
rand1bin,SMCO_R,Rastrigin,100,5,-57.824322124580476,8.030997621826828,160,226492486
rand1bin,GenSA,Rastrigin,100,4,-0.9949590570956843,9.148623946122825,300,1596454778
rand1bin,SignGD,Rastrigin,100,5,-815.5477319056565,4.583399065770209,1509,226492486
rand1bin,SMCO_R_EVO,Rastrigin,100,4,-55.833679274863584,10.766555968672037,310,1596454778
rand1bin,SMCO_R,Rastrigin,100,4,-59.80121741477819,10.99220643658191,160,1596454778
rand1bin,SMCO,Rastrigin,100,4,-57.411779209254405,11.763796655461192,310,1596454778
rand1bin,GD,Rastrigin,100,5,-1174.0423403739208,6.555647444911301,3981,226492486
rand1bin,SPSA,Rastrigin,100,6,-1278.3729001692705,0.29880634415894747,6000,104750137
rand1bin,SMCO,Rastrigin,100,5,-59.29775723861428,11.437635485082865,310,226492486
rand1bin,SMCO_BR,Rastrigin,100,4,-56.84309923524745,13.270200232975185,85,1596454778
rand1bin,optimLBFGS,Rastrigin,100,6,-593.9873903698624,1.0090502193197608,145,104750137
rand1bin,optimNM,Rastrigin,100,6,-1528.3355477221396,0.2929785093292594,3000,104750137
rand1bin,SMCO_BR_EVO,Rastrigin,100,4,-54.86010890099294,13.554912471212447,160,1596454778
rand1bin,SMCO_EVO,Rastrigin,100,4,-49.528360806878254,14.308960759080946,310,1596454778
rand1bin,SMCO_BR_EVO,Rastrigin,100,5,-52.85874744957266,10.120087795890868,160,226492486
rand1bin,PSO,Rastrigin,100,6,-861.5258310912759,0.18968682456761599,300,104750137
rand1bin,ADAM,Rastrigin,100,5,-786.0128622694162,8.852485400624573,5014,226492486
rand1bin,SA,Rastrigin,100,1,-53.727763893943916,28.282256831414998,300,1677437249
rand1bin,GA,Rastrigin,100,6,-804.3803226225122,1.1196416830644011,300,104750137
rand1bin,SMCO_EVO,Rastrigin,100,5,-58.275889994136264,13.584313933737576,310,226492486
rand1bin,SignGD,Rastrigin,100,6,-709.0725064122987,5.30965596344322,3006,104750137
rand1bin,SMCO_BR,Rastrigin,100,5,-61.815315579843286,14.315593095496297,85,226492486
rand1bin,GD,Rastrigin,100,6,-1210.8582446351968,6.451294727623463,3155,104750137
rand1bin,GenSA,Rastrigin,100,5,-6.821210263296962e-13,9.556259338743985,300,226492486
rand1bin,SMCO_EVO,Rastrigin,100,6,-51.405325570009495,7.594996444880962,310,104750137
rand1bin,SPSA,Rastrigin,100,7,-1385.427440600603,0.26755660213530064,6000,1997144833
rand1bin,BOBYQA,Rastrigin,100,2,-876.0846691387746,29.820488272234797,3000,1220831571
rand1bin,optimLBFGS,Rastrigin,100,7,-587.0229505588159,0.5412516798824072,143,1997144833
rand1bin,optimNM,Rastrigin,100,7,-1627.3601173143627,0.33439703937619925,3000,1997144833
rand1bin,SignGD,Rastrigin,100,7,-772.8797635323651,1.993033885024488,1509,1997144833
rand1bin,SMCO_BR,Rastrigin,100,6,-47.86650081987398,10.115006941370666,85,104750137
rand1bin,SMCO_R_EVO,Rastrigin,100,5,-57.82878619125779,15.330462290905416,310,226492486
rand1bin,SA,Rastrigin,100,2,-43.77818843646935,31.628914419561625,300,1220831571
rand1bin,GA,Rastrigin,100,7,-704.9651178505119,1.128347396850586,300,1997144833
rand1bin,SA,Rastrigin,100,0,-41.78827032228173,33.64641910325736,300,647279673
rand1bin,SMCO_R,Rastrigin,100,6,-48.86628050913248,11.673459107987583,160,104750137
rand1bin,GenSA,Rastrigin,100,6,-1.0231815394945443e-12,7.495880209840834,300,104750137
rand1bin,PSO,Rastrigin,100,7,-835.2136250375286,0.3495583161711693,300,1997144833
rand1bin,ADAM,Rastrigin,100,6,-705.4218317244445,9.893133580684662,5008,104750137
rand1bin,GD,Rastrigin,100,7,-1174.0463611242758,5.5943628223612905,2784,1997144833
rand1bin,BOBYQA,Rastrigin,100,1,-805.1115884259666,35.86948976293206,3000,1677437249
rand1bin,SMCO_R_EVO,Rastrigin,100,6,-53.84895184329787,13.985152630135417,310,104750137
rand1bin,SMCO,Rastrigin,100,6,-52.18453095283917,15.478913345374167,310,104750137
rand1bin,SPSA,Rastrigin,100,8,-1466.7509677745463,0.2192990779876709,6000,1129679180
rand1bin,BOBYQA,Rastrigin,100,0,-883.3487045971898,37.555627695284784,3000,647279673
rand1bin,optimLBFGS,Rastrigin,100,8,-588.0181365466627,0.5582731943577528,153,1129679180
rand1bin,SMCO,Rastrigin,100,7,-61.44971340996858,10.315627919510007,310,1997144833
rand1bin,optimNM,Rastrigin,100,8,-1618.1017953642008,0.3355485834181309,3000,1129679180
rand1bin,SMCO_BR_EVO,Rastrigin,100,6,-53.854709622423115,15.105087815783918,160,104750137
rand1bin,SignGD,Rastrigin,100,8,-747.2367163333706,3.073276858776808,1509,1129679180
rand1bin,SMCO_R,Rastrigin,100,7,-55.843791419436,10.716946584172547,160,1997144833
rand1bin,GenSA,Rastrigin,100,7,-0.9949590570965938,7.470325785689056,300,1997144833
rand1bin,PSO,Rastrigin,100,8,-946.3502776241373,0.3407177338376641,300,1129679180
rand1bin,SMCO_EVO,Rastrigin,100,7,-61.28527147602631,11.973985840566456,310,1997144833
rand1bin,GA,Rastrigin,100,8,-741.091943959595,1.408882601186633,300,1129679180
rand1bin,SMCO_R_EVO,Rastrigin,100,7,-57.81333796298736,11.551882456056774,310,1997144833
rand1bin,SA,Rastrigin,100,3,-55.71766684923614,29.401432550512254,300,1003278960
rand1bin,ADAM,Rastrigin,100,7,-769.098949231827,11.162463329732418,5004,1997144833
rand1bin,BOBYQA,Rastrigin,100,3,-850.9006163236711,32.14999107364565,3000,1003278960
rand1bin,SMCO_BR,Rastrigin,100,7,-52.878128715837306,14.163392379879951,85,1997144833
rand1bin,SMCO_BR_EVO,Rastrigin,100,7,-55.853363667785175,13.788337516598403,160,1997144833
rand1bin,SPSA,Rastrigin,100,9,-1415.4650930973107,0.41731846146285534,5457,191318044
rand1bin,SMCO_R,Rastrigin,100,8,-54.83225740625346,9.73681553080678,160,1129679180
rand1bin,SMCO_BR_EVO,Rastrigin,100,8,-55.84910059459423,10.092619311995804,160,1129679180
rand1bin,optimLBFGS,Rastrigin,100,9,-536.2803249275621,1.1358946627005935,156,191318044
rand1bin,GD,Rastrigin,100,8,-1256.5668341057997,9.908329726196826,3828,1129679180
rand1bin,optimNM,Rastrigin,100,9,-1603.814973206533,0.5822774274274707,3000,191318044
rand1bin,SignGD,Rastrigin,100,9,-744.2312452241032,4.03130694758147,2008,191318044
rand1bin,SMCO,Rastrigin,100,9,-54.41962871153339,7.565517282113433,310,191318044
rand1bin,GA,Rastrigin,100,9,-799.13159493002,0.5808375645428896,300,191318044
rand1bin,PSO,Rastrigin,100,9,-874.248514385844,0.3464230913668871,300,191318044
rand1bin,SMCO_EVO,Rastrigin,100,8,-62.34915199044008,13.452500510960817,310,1129679180
rand1bin,SMCO_R_EVO,Rastrigin,100,8,-57.82470018337153,13.43314580526203,310,1129679180
rand1bin,GD,Rastrigin,100,9,-1248.7751529493617,6.455790176987648,3157,191318044
rand1bin,SMCO_BR,Rastrigin,100,8,-51.851832684592864,14.468772267922759,85,1129679180
rand1bin,GenSA,Rastrigin,100,8,-0.9949590570945475,10.080587300471961,300,1129679180
rand1bin,SMCO_R,Rastrigin,100,9,-55.82689874038283,9.156782967038453,160,191318044
rand1bin,SMCO,Rastrigin,100,8,-57.330331513421584,15.17656596004963,310,1129679180
rand1bin,SA,Rastrigin,100,4,-60.692477293597904,34.760951187461615,300,1596454778
rand1bin,SPSA,Rastrigin,100,10,-1460.575157437329,0.43009370286017656,6000,2069075111
rand1bin,BOBYQA,Rastrigin,100,4,-810.8041844410026,35.82557189185172,3000,1596454778
rand1bin,ADAM,Rastrigin,100,8,-743.2306589577067,13.126094188541174,5008,1129679180
rand1bin,optimLBFGS,Rastrigin,100,10,-505.43714332378505,0.9719445174559951,141,2069075111
rand1bin,SA,Rastrigin,100,5,-48.7529786841161,29.903989451006055,300,226492486
rand1bin,optimNM,Rastrigin,100,10,-1602.1319726050956,0.5244937837123871,3000,2069075111
rand1bin,GenSA,Rastrigin,100,9,-1.9899181141936424,6.890637373551726,300,191318044
rand1bin,SMCO_BR,Rastrigin,100,9,-56.85825861923263,11.84223072603345,85,191318044
rand1bin,GA,Rastrigin,100,10,-816.1187591222618,1.0841357186436653,300,2069075111
rand1bin,SignGD,Rastrigin,100,10,-671.3202690947805,4.014863110147417,2008,2069075111
rand1bin,PSO,Rastrigin,100,10,-842.9481638035661,0.37836977932602167,300,2069075111
rand1bin,BOBYQA,Rastrigin,100,5,-853.3993517065289,32.61363315489143,3000,226492486
rand1bin,SMCO_R_EVO,Rastrigin,100,9,-58.8218934977898,12.59211301151663,310,191318044
rand1bin,SMCO_EVO,Rastrigin,100,9,-57.50671904083231,13.587137547321618,310,191318044
rand1bin,SMCO_BR_EVO,Rastrigin,100,9,-57.84416219272623,13.836139813996851,160,191318044
rand1bin,ADAM,Rastrigin,100,9,-740.2453747273025,12.93056239001453,4998,191318044
rand1bin,GD,Rastrigin,100,10,-1312.34412146809,7.078666591085494,4001,2069075111
rand1bin,SMCO_BR,Rastrigin,100,10,-58.84022496033924,8.662280766293406,85,2069075111
rand1bin,SPSA,Rastrigin,100,11,-1461.7146281266787,0.38218701910227537,6000,963391754
rand1bin,SMCO_R,Rastrigin,100,10,-55.8360022617461,9.94412543810904,160,2069075111
rand1bin,SA,Rastrigin,100,6,-47.75802466484697,30.56999376602471,300,104750137
rand1bin,optimLBFGS,Rastrigin,100,11,-536.2799961097963,0.9585663927718997,140,963391754
rand1bin,optimNM,Rastrigin,100,11,-1598.1537361666706,0.5132177509367466,3000,963391754
rand1bin,SMCO,Rastrigin,100,10,-57.55716918525252,11.253545061685145,310,2069075111
rand1bin,GenSA,Rastrigin,100,10,-1.2505552149377763e-12,8.127963838167489,300,2069075111
rand1bin,SignGD,Rastrigin,100,11,-774.0445128571471,3.776835043914616,1509,963391754
rand1bin,GA,Rastrigin,100,11,-718.7461938547594,0.6874954756349325,300,963391754
rand1bin,BOBYQA,Rastrigin,100,6,-781.5045712738395,33.33403281029314,3000,104750137
rand1bin,PSO,Rastrigin,100,11,-697.7237685863022,0.3439449155703187,300,963391754
rand1bin,SA,Rastrigin,100,7,-44.77315253307654,28.65737090446055,300,1997144833
rand1bin,SMCO_EVO,Rastrigin,100,10,-53.37278931541266,13.631195628084242,310,2069075111
rand1bin,SMCO_R_EVO,Rastrigin,100,10,-47.876204664433885,13.812010041438043,310,2069075111
rand1bin,SMCO,Rastrigin,100,11,-56.47699215013017,9.27693234756589,310,963391754
rand1bin,ADAM,Rastrigin,100,10,-668.6091442342959,13.19050842244178,4996,2069075111
rand1bin,SMCO_BR_EVO,Rastrigin,100,10,-50.87841252328508,14.619038888253272,160,2069075111
rand1bin,GD,Rastrigin,100,11,-1194.9400178210183,8.763606099411845,3568,963391754
rand1bin,SPSA,Rastrigin,100,12,-1430.7167567793722,0.40304286405444145,6000,1451594738
rand1bin,ADAM,Rastrigin,100,11,-770.0933486270995,8.33594345394522,5018,963391754
rand1bin,optimLBFGS,Rastrigin,100,12,-624.8308877752622,0.566879247315228,148,1451594738
rand1bin,SMCO_R,Rastrigin,100,11,-53.83852749007019,11.760828358121216,160,963391754
rand1bin,optimNM,Rastrigin,100,12,-1598.4450632350072,0.4184817271307111,3000,1451594738
rand1bin,SMCO_BR,Rastrigin,100,11,-53.865693686197005,12.141153808683157,85,963391754
rand1bin,BOBYQA,Rastrigin,100,7,-829.7674212016352,33.83969908487052,3000,1997144833
rand1bin,SignGD,Rastrigin,100,12,-788.3543136201104,3.5203537652269006,2008,1451594738
rand1bin,SMCO_EVO,Rastrigin,100,11,-56.37178238197498,12.995126187801361,310,963391754
rand1bin,PSO,Rastrigin,100,12,-753.669312527716,0.19273769948631525,300,1451594738
rand1bin,GA,Rastrigin,100,12,-793.2715473044464,1.042106131091714,300,1451594738
rand1bin,GenSA,Rastrigin,100,11,-1.8189894035458565e-12,10.262195739895105,300,963391754
rand1bin,SMCO_R_EVO,Rastrigin,100,11,-54.83516592176011,14.627650612033904,310,963391754
rand1bin,GD,Rastrigin,100,12,-1228.7695604150254,6.973504752852023,4775,1451594738
rand1bin,SMCO_R,Rastrigin,100,12,-52.83340024053018,9.636330691166222,160,1451594738
rand1bin,SMCO_BR_EVO,Rastrigin,100,11,-54.847506545687,15.196291100233793,160,963391754
rand1bin,SMCO,Rastrigin,100,12,-57.392818679860966,10.417382818646729,310,1451594738
rand1bin,SMCO_EVO,Rastrigin,100,12,-59.50199045761656,8.864852667786181,310,1451594738
rand1bin,SA,Rastrigin,100,8,-52.73280987466967,31.673069385811687,300,1129679180
rand1bin,SPSA,Rastrigin,100,13,-1376.0697760577018,0.39407811779528856,5405,1438758648
rand1bin,optimLBFGS,Rastrigin,100,13,-583.0429262464758,1.1656082039698958,161,1438758648
rand1bin,optimNM,Rastrigin,100,13,-1666.5336111705176,0.5361956609413028,3000,1438758648
rand1bin,DEoptim,Rastrigin,100,1,-932.9413130244818,72.14945638552308,300,1677437249
rand1bin,DEoptim,Rastrigin,100,0,-972.6589619598396,72.44162520952523,300,647279673
rand1bin,SMCO_BR,Rastrigin,100,12,-53.87001502208955,13.648379352875054,85,1451594738
rand1bin,DEoptim,Rastrigin,100,2,-917.7826175250788,68.9759081536904,300,1220831571
rand1bin,GenSA,Rastrigin,100,12,-6.821210263296962e-13,9.26601402182132,300,1451594738
rand1bin,PSO,Rastrigin,100,13,-785.9631402377659,0.17285227123647928,300,1438758648
rand1bin,GA,Rastrigin,100,13,-763.8791399672823,1.0327865034341812,300,1438758648
rand1bin,BOBYQA,Rastrigin,100,8,-812.6021358406866,36.73866554815322,3000,1129679180
rand1bin,SMCO_R_EVO,Rastrigin,100,12,-58.81945469333618,13.628204955719411,310,1451594738
rand1bin,GD,Rastrigin,100,13,-1307.3682346444152,5.6312921131029725,2653,1438758648
rand1bin,SMCO_R,Rastrigin,100,13,-53.8511846172031,9.69408501777798,160,1438758648
rand1bin,ADAM,Rastrigin,100,12,-785.0179845020355,13.01691351737827,4996,1451594738
rand1bin,SA,Rastrigin,100,9,-55.717682008134716,31.60653680935502,300,191318044
rand1bin,SignGD,Rastrigin,100,13,-704.2567534997734,7.4499395079910755,2507,1438758648
rand1bin,SMCO_BR_EVO,Rastrigin,100,12,-59.82100916552065,15.119194315746427,160,1451594738
rand1bin,DEoptim,Rastrigin,100,3,-928.5698870400959,64.80338797718287,300,1003278960
rand1bin,SPSA,Rastrigin,100,14,-1263.3811741966233,0.535639907233417,6000,516633470
rand1bin,SMCO,Rastrigin,100,13,-59.33902369634711,11.566574484109879,310,1438758648
rand1bin,optimNM,Rastrigin,100,14,-1601.5466556279084,0.5628941031172872,3000,516633470
rand1bin,optimLBFGS,Rastrigin,100,14,-621.8464602986796,1.0698044262826443,156,516633470
rand1bin,SMCO_BR,Rastrigin,100,13,-57.83831801778979,12.270434853620827,85,1438758648
rand1bin,GA,Rastrigin,100,14,-783.3730811377101,0.9450446432456374,300,516633470
rand1bin,PSO,Rastrigin,100,14,-699.5645539299098,0.221231778152287,300,516633470
rand1bin,SignGD,Rastrigin,100,14,-771.6441815942073,3.637721854262054,2008,516633470
rand1bin,SMCO_BR_EVO,Rastrigin,100,13,-57.83115617616488,10.890381954610348,160,1438758648
rand1bin,ADAM,Rastrigin,100,13,-700.4473064654264,10.940489357337356,5006,1438758648
rand1bin,SMCO_EVO,Rastrigin,100,13,-59.30716083066682,13.93261693790555,310,1438758648
rand1bin,GenSA,Rastrigin,100,13,-1.1368683772161603e-12,10.046949047595263,300,1438758648
rand1bin,SMCO_R_EVO,Rastrigin,100,13,-53.83925766511709,14.019226647913456,310,1438758648
rand1bin,BOBYQA,Rastrigin,100,9,-815.327864269237,38.406872431747615,3000,191318044
rand1bin,SA,Rastrigin,100,10,-53.727773969582245,31.103470778092742,300,2069075111
rand1bin,GD,Rastrigin,100,14,-1279.508625088646,7.967091230675578,3880,516633470
rand1bin,SMCO_R,Rastrigin,100,14,-53.85067561907863,9.83478972595185,160,516633470
rand1bin,SPSA,Ackley,100,0,-20.86084958951837,0.19740387983620167,1960,1054679880
rand1bin,optimLBFGS,Ackley,100,0,-19.406362061979127,0.9252566983923316,115,1054679880
rand1bin,optimNM,Ackley,100,0,-20.761909355958387,0.43038392160087824,3000,1054679880
rand1bin,DEoptim,Rastrigin,100,4,-923.0225893969853,70.46523948293179,300,1596454778
rand1bin,SMCO,Rastrigin,100,14,-55.491332250212054,11.552308154292405,310,516633470
rand1bin,SMCO_BR_EVO,Rastrigin,100,14,-57.83010614702016,11.838984412141144,160,516633470
rand1bin,SA,Rastrigin,100,11,-53.72777396959168,29.081818636506796,300,963391754
rand1bin,GenSA,Rastrigin,100,14,-2.9848771712811413,9.518478670157492,300,516633470
rand1bin,SMCO_BR,Rastrigin,100,14,-55.85206455176183,12.858807584270835,85,516633470
rand1bin,PSO,Ackley,100,0,-19.184378763313322,0.5923847779631615,300,1054679880
rand1bin,GA,Ackley,100,0,-9.076860799389074,0.7352619618177414,300,1054679880
rand1bin,BOBYQA,Rastrigin,100,10,-718.7850371852187,38.08830991759896,3000,2069075111
rand1bin,SMCO_EVO,Rastrigin,100,14,-59.465982680050615,13.671438266523182,310,516633470
rand1bin,SMCO_R_EVO,Rastrigin,100,14,-60.79540077816489,13.322567908093333,310,516633470
rand1bin,BOBYQA,Rastrigin,100,11,-832.957563420354,31.473275111988187,3000,963391754
rand1bin,ADAM,Rastrigin,100,14,-756.1649236753588,13.866537763737142,5010,516633470
rand1bin,SignGD,Ackley,100,0,-19.417741292019485,8.954714819788933,2008,1054679880
rand1bin,SPSA,Ackley,100,1,-20.739291271195345,0.29993981681764126,2966,917264540
rand1bin,DEoptim,Rastrigin,100,5,-960.8915621309055,70.12570928875357,300,226492486
rand1bin,optimLBFGS,Ackley,100,1,-19.42708581838677,0.7404015064239502,124,917264540
rand1bin,optimNM,Ackley,100,1,-20.92769175868784,0.3989272275939584,3000,917264540
rand1bin,SA,Rastrigin,100,12,-47.758014589205345,30.451011100783944,300,1451594738
rand1bin,SignGD,Ackley,100,1,-19.494952275683676,7.774837724864483,2008,917264540
rand1bin,GenSA,Ackley,100,0,-1.981726116540017e-08,11.675370792858303,300,1054679880
rand1bin,DEoptim,Rastrigin,100,7,-918.5855726034622,64.11555849947035,300,1997144833
rand1bin,PSO,Ackley,100,1,-19.31632780242243,0.5353703955188394,300,917264540
rand1bin,SMCO,Ackley,100,0,-0.3715224844656899,18.58615958224982,310,1054679880
rand1bin,GA,Ackley,100,1,-9.290886949156675,1.4033655133098364,300,917264540
rand1bin,DEoptim,Rastrigin,100,6,-979.006223717554,71.85089104808867,300,104750137
rand1bin,BOBYQA,Rastrigin,100,12,-862.9975233814913,34.90983899589628,3000,1451594738
rand1bin,SA,Rastrigin,100,13,-49.747932703390006,26.575720177963376,300,1438758648
rand1bin,GD,Ackley,100,0,-19.406374768139884,18.658149864524603,5233,1054679880
rand1bin,SMCO_BR,Ackley,100,0,-0.07761676261799311,21.717698847875,85,1054679880
rand1bin,SMCO_R,Ackley,100,0,-0.06917490848442442,22.27825011871755,160,1054679880
rand1bin,SMCO_EVO,Ackley,100,0,-0.37918753106195213,21.36417766660452,310,1054679880
rand1bin,SPSA,Ackley,100,2,-20.65515210498746,0.28154822811484337,2673,1154829938
rand1bin,optimLBFGS,Ackley,100,2,-19.444066148236075,0.9069744180887938,117,1154829938
rand1bin,GenSA,Ackley,100,1,-1.9837032017022693e-08,10.932635864242911,300,917264540
rand1bin,SMCO_R_EVO,Ackley,100,0,-0.06942198189888105,21.992575399577618,310,1054679880
rand1bin,ADAM,Ackley,100,0,-19.406362024111658,21.5913710501045,5250,1054679880
rand1bin,optimNM,Ackley,100,2,-20.88839487323706,0.7571360450237989,3000,1154829938
rand1bin,DEoptim,Rastrigin,100,9,-892.2982490748108,59.12280378397554,300,191318044
rand1bin,SignGD,Ackley,100,2,-19.45569705924578,3.462543691508472,1509,1154829938
rand1bin,PSO,Ackley,100,2,-18.505091816439894,0.5269936583936214,300,1154829938
rand1bin,BOBYQA,Rastrigin,100,13,-810.040240370538,35.35338874347508,3000,1438758648
rand1bin,GA,Ackley,100,2,-8.95955471545265,1.403988391160965,300,1154829938
rand1bin,BOBYQA,Rastrigin,100,14,-825.3143008487698,28.878639197908342,3000,516633470
rand1bin,SMCO_EVO,Ackley,100,1,-0.38498899095755634,19.051587365567684,310,917264540
rand1bin,SMCO_BR_EVO,Ackley,100,0,-0.07372449191990826,24.924339952878654,160,1054679880
rand1bin,SMCO_BR,Ackley,100,1,-0.07865961514352948,20.75934536010027,85,917264540
rand1bin,SMCO,Ackley,100,1,-0.39215495153138535,22.27734120748937,310,917264540
rand1bin,SMCO_R,Ackley,100,1,-0.0735253633272781,22.91304666083306,160,917264540
rand1bin,SA,Rastrigin,100,14,-62.68237521106914,32.82003983762115,300,516633470
rand1bin,SPSA,Ackley,100,3,-20.644131802639762,0.3496781485155225,3497,697109676
rand1bin,DEoptim,Rastrigin,100,8,-916.5399930184124,73.3606668394059,300,1129679180
rand1bin,GD,Ackley,100,1,-19.427179414633073,23.792437575757504,5395,917264540
rand1bin,optimLBFGS,Ackley,100,3,-19.44270877833678,0.9903140598908067,112,697109676
rand1bin,SMCO_R_EVO,Ackley,100,1,-0.0703532767569901,24.375213021412492,310,917264540
rand1bin,SMCO_BR_EVO,Ackley,100,1,-0.07872012159799313,24.40950882062316,160,917264540
rand1bin,optimNM,Ackley,100,3,-20.82997309201327,0.742925226688385,3000,697109676
rand1bin,ADAM,Ackley,100,1,-19.42708559232351,22.406166195869446,5281,917264540
rand1bin,PSO,Ackley,100,3,-20.167404745714027,0.3359580226242542,300,697109676
rand1bin,GenSA,Ackley,100,2,-1.9860504796298528e-08,9.93235052190721,300,1154829938
rand1bin,GA,Ackley,100,3,-8.940709532257571,1.3830811670050025,300,697109676
rand1bin,SMCO,Ackley,100,2,-0.3947312724325518,18.3610618095845,310,1154829938
rand1bin,SignGD,Ackley,100,3,-19.503509124897555,6.750882377848029,1509,697109676
rand1bin,SMCO_R_EVO,Ackley,100,2,-0.07196415653562171,17.172319155186415,310,1154829938
rand1bin,GD,Ackley,100,2,-19.44406558811262,18.45204204879701,5087,1154829938
rand1bin,SMCO_EVO,Ackley,100,2,-0.3940239917589392,20.813955442979932,310,1154829938
rand1bin,SMCO_R,Ackley,100,2,-0.07168647557912111,21.834338014945388,160,1154829938
rand1bin,SMCO_BR_EVO,Ackley,100,2,-0.07828788873625259,21.370921067893505,160,1154829938
rand1bin,SPSA,Ackley,100,4,-20.756177131381534,0.13168991077691317,2685,548148216
rand1bin,SMCO_BR,Ackley,100,2,-0.07784428233936014,22.855172211304307,85,1154829938
rand1bin,optimLBFGS,Ackley,100,4,-19.44905064122985,0.9726818660274148,134,548148216
rand1bin,optimNM,Ackley,100,4,-20.91705785883651,0.4515511589124799,3000,548148216
rand1bin,ADAM,Ackley,100,2,-19.444065568096605,20.432865974493325,5136,1154829938
rand1bin,DEoptim,Rastrigin,100,10,-887.883678181415,73.7703752880916,300,2069075111
rand1bin,GenSA,Ackley,100,3,-1.9849168086949476e-08,13.383862012065947,300,697109676
rand1bin,SMCO_EVO,Ackley,100,3,-0.3791973486265303,20.099915239028633,310,697109676
rand1bin,SMCO_R_EVO,Ackley,100,3,-0.07192418768602638,19.9225141312927,310,697109676
rand1bin,DEoptim,Rastrigin,100,11,-894.5760701551235,68.38776169437915,300,963391754
rand1bin,PSO,Ackley,100,4,-19.62167837095749,0.28059250209480524,300,548148216
rand1bin,GA,Ackley,100,4,-9.368127942425332,1.4192324168980122,300,548148216
rand1bin,SignGD,Ackley,100,4,-19.459144556145883,7.612579703330994,2008,548148216
rand1bin,BOBYQA,Ackley,100,0,-19.621003413668006,43.408354667946696,3000,1054679880
rand1bin,SMCO_BR,Ackley,100,3,-0.07690501689419493,22.25887203682214,85,697109676
rand1bin,SMCO_BR_EVO,Ackley,100,3,-0.07510160236934782,21.1402254877612,160,697109676
rand1bin,BOBYQA,Ackley,100,1,-19.59462534306922,37.386772704310715,3000,917264540
rand1bin,SMCO_R,Ackley,100,3,-0.07354922701514655,23.03939389064908,160,697109676
rand1bin,SPSA,Ackley,100,5,-20.897359737956137,0.22266784496605396,2184,190826693
rand1bin,SMCO,Ackley,100,3,-0.36713462937429897,23.47018437832594,310,697109676
rand1bin,GD,Ackley,100,3,-19.442708376392208,21.752636197023094,5238,697109676
rand1bin,SA,Ackley,100,0,-19.32874668772047,44.91276490781456,300,1054679880
rand1bin,optimLBFGS,Ackley,100,5,-19.39208677717365,1.0961106438189745,119,190826693
rand1bin,optimNM,Ackley,100,5,-20.932335011536388,0.7125272732228041,3000,190826693
rand1bin,ADAM,Ackley,100,3,-19.44270837638839,20.786202646791935,5204,697109676
rand1bin,SMCO_R,Ackley,100,4,-0.07135591432065214,17.74333134200424,160,548148216
rand1bin,SMCO,Ackley,100,4,-0.385386658569598,18.555654256604612,310,548148216
rand1bin,PSO,Ackley,100,5,-19.10904666694115,0.6200408414006233,300,190826693
rand1bin,GA,Ackley,100,5,-9.350289013189418,1.3541734395548701,300,190826693
rand1bin,SMCO_BR_EVO,Ackley,100,4,-0.08037511575464196,16.61196854710579,160,548148216
rand1bin,SMCO_BR,Ackley,100,4,-0.07772711032218327,21.170467128045857,85,548148216
rand1bin,GenSA,Ackley,100,4,-2.0428644109671268e-08,13.85415012575686,300,548148216
rand1bin,DEoptim,Rastrigin,100,12,-919.9843920598644,71.06489800196141,300,1451594738
rand1bin,GD,Ackley,100,4,-19.449050559066013,18.243960957042873,5290,548148216
rand1bin,SMCO_EVO,Ackley,100,4,-0.381992551671694,22.536009098403156,310,548148216
rand1bin,SA,Ackley,100,1,-19.314309092843086,43.35804794263095,300,917264540
rand1bin,SPSA,Ackley,100,6,-21.05095707458421,0.2727589625865221,2709,265932811
rand1bin,SMCO_R_EVO,Ackley,100,4,-0.0695769743646939,23.20598328858614,310,548148216
rand1bin,SignGD,Ackley,100,5,-19.445094736440517,11.402511773630977,2507,190826693
rand1bin,optimNM,Ackley,100,6,-21.036876893949604,0.44477482978254557,3000,265932811
rand1bin,ADAM,Ackley,100,4,-19.449050558415674,20.07603586744517,5194,548148216
rand1bin,optimLBFGS,Ackley,100,6,-19.450544810611166,1.0609092488884926,120,265932811
rand1bin,GenSA,Ackley,100,5,-1.9762528058464568e-08,11.411353875882924,300,190826693
rand1bin,GA,Ackley,100,6,-9.174536237914582,0.8297338895499706,300,265932811
rand1bin,PSO,Ackley,100,6,-19.679207884076785,0.5130893224850297,300,265932811
rand1bin,SA,Ackley,100,2,-19.389764558533994,41.23464977182448,300,1154829938
rand1bin,SignGD,Ackley,100,6,-19.46187864048413,7.722522782161832,2008,265932811
rand1bin,BOBYQA,Ackley,100,2,-19.646069645493753,42.28573869355023,3000,1154829938
rand1bin,DEoptim,Rastrigin,100,13,-948.2002864361999,73.12397939804941,300,1438758648
rand1bin,SMCO_EVO,Ackley,100,5,-0.3868871627839465,20.566880696453154,310,190826693
rand1bin,SMCO_R,Ackley,100,5,-0.07104543086567405,21.790842194110155,160,190826693
rand1bin,SMCO,Ackley,100,5,-0.39363871661698413,22.002727653831244,310,190826693
rand1bin,ADAM,Ackley,100,5,-19.392086776718134,19.857216727919877,5164,190826693
rand1bin,SMCO_BR_EVO,Ackley,100,5,-0.07991131355958858,21.421879885718226,160,190826693
rand1bin,SPSA,Ackley,100,7,-21.01797754916033,0.07869605720043182,1592,2076224509
rand1bin,DEoptim,Rastrigin,100,14,-947.544447522517,70.95969420764595,300,516633470
rand1bin,optimLBFGS,Ackley,100,7,-19.40522518468351,0.5687540108337998,117,2076224509
rand1bin,SMCO_BR,Ackley,100,5,-0.0780702805750697,22.87802034150809,85,190826693
rand1bin,SMCO_R_EVO,Ackley,100,5,-0.07050527713335031,22.42081732675433,310,190826693
rand1bin,optimNM,Ackley,100,7,-20.814038379433956,0.4497358361259103,3000,2076224509
rand1bin,GenSA,Ackley,100,6,-1.9936273520926306e-08,10.493085046298802,300,265932811
rand1bin,SMCO_EVO,Ackley,100,6,-0.3670319865016798,18.324100646190345,310,265932811
rand1bin,PSO,Ackley,100,7,-19.036014048739325,0.2747998982667923,300,2076224509
rand1bin,GD,Ackley,100,5,-19.39216055102832,23.36531218700111,5820,190826693
rand1bin,GA,Ackley,100,7,-9.15115450206553,1.3881483441218734,300,2076224509
rand1bin,SMCO,Ackley,100,6,-0.38222703293565674,21.229635760188103,310,265932811
rand1bin,BOBYQA,Ackley,100,3,-19.64990275832019,41.44317585043609,3000,697109676
rand1bin,SMCO_BR,Ackley,100,6,-0.07953131878865749,22.589540315791965,85,265932811
rand1bin,SignGD,Ackley,100,7,-19.437554608628073,6.835031675174832,2008,2076224509
rand1bin,SMCO_R,Ackley,100,6,-0.07244316657811867,24.351319966837764,160,265932811
rand1bin,SMCO_R_EVO,Ackley,100,6,-0.07318265732082141,21.115880905650556,310,265932811
rand1bin,SA,Ackley,100,3,-19.42898455585832,44.11458794120699,300,697109676
rand1bin,SPSA,Ackley,100,8,-20.699882595309248,0.27453163266181946,2772,1286469255
rand1bin,optimLBFGS,Ackley,100,8,-19.41829163016303,1.0588784171268344,116,1286469255
rand1bin,SMCO_BR_EVO,Ackley,100,6,-0.07512716672125253,22.977596442215145,160,265932811
rand1bin,GD,Ackley,100,6,-19.45054479487248,22.992764436639845,5640,265932811
rand1bin,ADAM,Ackley,100,6,-19.450544794867444,20.817508635111153,5232,265932811
rand1bin,optimNM,Ackley,100,8,-20.887528813488625,0.7033804934471846,3000,1286469255
rand1bin,DEoptim,Ackley,100,0,-2.678747201425168,74.17005631886423,300,1054679880
rand1bin,SA,Ackley,100,4,-19.40855114669561,37.4462741073221,300,548148216
rand1bin,PSO,Ackley,100,8,-19.504641814738342,0.5490378215909004,300,1286469255
rand1bin,GA,Ackley,100,8,-8.884581497545984,1.086853020824492,300,1286469255
rand1bin,GenSA,Ackley,100,7,-1.9816856156040785e-08,12.63549474440515,300,2076224509
rand1bin,SignGD,Ackley,100,8,-19.505960299920577,6.150009416043758,2008,1286469255
rand1bin,SA,Ackley,100,5,-19.528542276836102,32.437922125682235,300,190826693
rand1bin,BOBYQA,Ackley,100,4,-19.597429507170865,42.19053327385336,3000,548148216
rand1bin,SMCO,Ackley,100,7,-0.3620808933619384,22.01155601348728,310,2076224509
rand1bin,BOBYQA,Ackley,100,5,-19.54031039230756,36.7002775259316,3000,190826693
rand1bin,GD,Ackley,100,7,-19.405355667128216,19.333743418566883,4661,2076224509
rand1bin,SMCO_BR_EVO,Ackley,100,7,-0.07776780444905329,20.603813156485558,160,2076224509
rand1bin,SMCO_R,Ackley,100,7,-0.07244296068342182,23.278163326904178,160,2076224509
rand1bin,SPSA,Ackley,100,9,-20.73465411323391,0.2681143023073673,2632,13756995
rand1bin,SMCO_BR,Ackley,100,7,-0.07434552349375467,23.261451224796474,85,2076224509
rand1bin,SMCO_EVO,Ackley,100,7,-0.3735343809020013,22.863781725987792,310,2076224509
rand1bin,DEoptim,Ackley,100,1,-3.305156069688302,72.53100650105625,300,917264540
rand1bin,SMCO_R_EVO,Ackley,100,7,-0.07221936483891911,23.151615442708135,310,2076224509
rand1bin,optimNM,Ackley,100,9,-20.85966855854173,0.7736441027373075,3000,13756995
rand1bin,optimLBFGS,Ackley,100,9,-19.419012993879253,1.021445170044899,113,13756995
rand1bin,PSO,Ackley,100,9,-19.03445175720608,0.5411389814689755,300,13756995
rand1bin,ADAM,Ackley,100,7,-19.405225177397355,21.466387702152133,5202,2076224509
rand1bin,GenSA,Ackley,100,8,-2.118635977765848e-08,11.444499957375228,300,1286469255
rand1bin,GA,Ackley,100,9,-9.223805731804354,1.358107634820044,300,13756995
rand1bin,SMCO,Ackley,100,8,-0.37031747731522247,19.520709021016955,310,1286469255
rand1bin,BOBYQA,Ackley,100,6,-19.671706049660298,32.60177792608738,3000,265932811
rand1bin,SignGD,Ackley,100,9,-19.507290477088844,6.776685259304941,1509,13756995
rand1bin,SMCO_BR_EVO,Ackley,100,8,-0.07655257533371129,18.081543882377446,160,1286469255
rand1bin,SMCO_R,Ackley,100,8,-0.07405302003326542,22.321058582514524,160,1286469255
rand1bin,SMCO_BR,Ackley,100,8,-0.07720413270221771,22.407394545152783,85,1286469255
rand1bin,ADAM,Ackley,100,8,-19.418291390965447,17.941905885003507,5208,1286469255
rand1bin,SPSA,Ackley,100,10,-20.75479198145517,0.24436304904520512,2393,247356067
rand1bin,SMCO_R_EVO,Ackley,100,8,-0.0727812556357681,21.017951734364033,310,1286469255
rand1bin,optimNM,Ackley,100,10,-20.705954432090277,0.7612195489928126,3000,247356067
rand1bin,optimLBFGS,Ackley,100,10,-19.33955005489712,1.1877563586458564,118,247356067
rand1bin,SMCO_EVO,Ackley,100,8,-0.3805613423888805,23.37617010809481,310,1286469255
rand1bin,GD,Ackley,100,8,-19.418361559942223,23.523818875662982,5292,1286469255
rand1bin,SMCO_R,Ackley,100,9,-0.0695095548896103,19.272083239629865,160,13756995
rand1bin,SMCO,Ackley,100,9,-0.3814562333955789,19.54892328567803,310,13756995
rand1bin,GA,Ackley,100,10,-9.222178134007507,1.3893512096256018,300,247356067
rand1bin,PSO,Ackley,100,10,-19.740424803332562,0.6308274380862713,300,247356067
rand1bin,SignGD,Ackley,100,10,-19.350996340093122,7.50590712018311,2507,247356067
rand1bin,SA,Ackley,100,6,-19.26704435366874,41.62772465869784,300,265932811
rand1bin,GenSA,Ackley,100,9,-2.021109368754992e-08,13.251117700710893,300,13756995
rand1bin,DEoptim,Ackley,100,2,-3.7464224917844295,78.60299186501652,300,1154829938
rand1bin,SMCO_BR_EVO,Ackley,100,9,-0.07749787965837784,19.899341478012502,160,13756995
rand1bin,BOBYQA,Ackley,100,7,-19.657400500130834,34.14815088920295,3000,2076224509
rand1bin,SMCO_EVO,Ackley,100,9,-0.3679200204296973,21.524227519519627,310,13756995
rand1bin,SPSA,Ackley,100,11,-20.852311256365407,0.2907112156972289,2787,10318862
rand1bin,GenSA,Ackley,100,10,-2.0203888784209312e-08,9.814477774314582,300,247356067
rand1bin,optimLBFGS,Ackley,100,11,-19.313250928196933,1.2220194144174457,131,10318862
rand1bin,GD,Ackley,100,9,-19.419012127761174,21.25519983097911,5733,13756995
rand1bin,SMCO_R_EVO,Ackley,100,9,-0.07224769861145974,23.65057128574699,310,13756995
rand1bin,optimNM,Ackley,100,11,-20.92298821618698,0.7685417216271162,3000,10318862
rand1bin,ADAM,Ackley,100,9,-19.419012127771584,19.203994004055858,5176,13756995
rand1bin,SMCO_BR,Ackley,100,9,-0.08092288651880652,24.903607269749045,85,13756995
rand1bin,PSO,Ackley,100,11,-19.48703464069264,0.6241195797920227,300,10318862
rand1bin,GA,Ackley,100,11,-9.041385562928037,1.2763816583901644,300,10318862
rand1bin,SA,Ackley,100,7,-19.2737438436179,38.55646066274494,300,2076224509
rand1bin,GD,Ackley,100,10,-19.339568873222376,18.51250491756946,5412,247356067
rand1bin,SMCO_BR_EVO,Ackley,100,10,-0.07634310779626263,19.38787555973977,160,247356067
rand1bin,SMCO_R,Ackley,100,10,-0.0751217767018848,21.444260550662875,160,247356067
rand1bin,SignGD,Ackley,100,11,-19.322898852780938,8.442651676945388,2008,10318862
rand1bin,SMCO_BR,Ackley,100,10,-0.07883650099010397,21.200734086334705,85,247356067
rand1bin,SMCO,Ackley,100,10,-0.3748668188168378,21.89810517989099,310,247356067
rand1bin,DEoptim,Ackley,100,3,-3.711532309298495,80.06125015765429,300,697109676
rand1bin,SMCO_R_EVO,Ackley,100,10,-0.07331271686979379,22.021266773343086,310,247356067
rand1bin,SPSA,Ackley,100,12,-20.730546773781064,0.3505998943001032,3225,196940543
rand1bin,BOBYQA,Ackley,100,8,-19.633324486971453,35.81320454273373,3000,1286469255
rand1bin,optimLBFGS,Ackley,100,12,-19.37858669031849,1.1133013889193535,113,196940543
rand1bin,optimNM,Ackley,100,12,-20.774287137806162,0.4953866880387068,3000,196940543
rand1bin,SMCO_EVO,Ackley,100,10,-0.3839103613010839,23.834623797796667,310,247356067
rand1bin,ADAM,Ackley,100,10,-19.33954990064668,20.92243676725775,5186,247356067
rand1bin,GA,Ackley,100,12,-8.78614768076323,1.3818830326199532,300,196940543
rand1bin,SA,Ackley,100,8,-19.40334769980722,37.49289187975228,300,1286469255
rand1bin,PSO,Ackley,100,12,-18.891690050200534,0.6212429599836469,300,196940543
rand1bin,GenSA,Ackley,100,11,-2.0869933781142436e-08,11.110060844570398,300,10318862
rand1bin,SignGD,Ackley,100,12,-19.45683079583546,7.362211472354829,2008,196940543
rand1bin,SMCO_EVO,Ackley,100,11,-0.3597569278923207,20.84217067155987,310,10318862
rand1bin,GD,Ackley,100,11,-19.348812140363975,18.744970836676657,4814,10318862
rand1bin,SMCO,Ackley,100,11,-0.385074537881668,22.36639721225947,310,10318862
rand1bin,SMCO_BR_EVO,Ackley,100,11,-0.07765922416656723,21.300665861926973,160,10318862
rand1bin,DEoptim,Ackley,100,4,-3.0197525317591922,78.44883566908538,300,548148216
rand1bin,SMCO_R,Ackley,100,11,-0.07426617198587993,23.436537533067167,160,10318862
rand1bin,SPSA,Ackley,100,13,-20.71639571697202,0.08716275356709957,1864,1846968539
rand1bin,SMCO_R_EVO,Ackley,100,11,-0.0706507727373844,22.30430295225233,310,10318862
rand1bin,optimLBFGS,Ackley,100,13,-19.400850899357884,1.1004462912678719,121,1846968539
rand1bin,ADAM,Ackley,100,11,-19.3115778035616,22.3330518854782,5220,10318862
rand1bin,optimNM,Ackley,100,13,-20.827536653670847,0.7651898609474301,3000,1846968539
rand1bin,SMCO_BR,Ackley,100,11,-0.07872888601274086,25.163602045737207,85,10318862
rand1bin,DEoptim,Ackley,100,5,-3.337285854152118,75.73566587921232,300,190826693
rand1bin,BOBYQA,Ackley,100,9,-19.55779483979495,39.11285630147904,3000,13756995
rand1bin,GenSA,Ackley,100,12,-1.9692898423073757e-08,13.53344230633229,300,196940543
rand1bin,GA,Ackley,100,13,-9.077129397746871,1.3632977232336998,300,1846968539
rand1bin,PSO,Ackley,100,13,-18.647651495034054,0.28793706092983484,300,1846968539
rand1bin,SMCO_BR,Ackley,100,12,-0.07660683252779821,20.754733229056,85,196940543
rand1bin,SMCO_R,Ackley,100,12,-0.0648567786006855,21.424720596522093,160,196940543
rand1bin,SA,Ackley,100,9,-19.513448097269517,40.64671075344086,300,13756995
rand1bin,ADAM,Ackley,100,12,-19.378586423182288,18.729858608916402,5164,196940543
rand1bin,SignGD,Ackley,100,13,-19.38487796622811,7.606651158072054,2008,1846968539
rand1bin,SMCO,Ackley,100,12,-0.3733926545616204,23.2187618073076,310,196940543
rand1bin,SMCO_R_EVO,Ackley,100,12,-0.0732269998182642,20.616744089871645,310,196940543
rand1bin,GD,Ackley,100,12,-19.378586423183638,20.48001764342189,4976,196940543
rand1bin,SPSA,Ackley,100,14,-20.762570230601934,0.22525548748672009,2205,208438674
rand1bin,optimLBFGS,Ackley,100,14,-19.45589242797065,1.071321101859212,116,208438674
rand1bin,optimNM,Ackley,100,14,-20.91155661545726,0.746052204631269,3000,208438674
rand1bin,SMCO_BR_EVO,Ackley,100,12,-0.07577036202926424,22.510413479059935,160,196940543
rand1bin,BOBYQA,Ackley,100,10,-19.480345953949207,39.79953765962273,3000,247356067
rand1bin,SMCO_EVO,Ackley,100,12,-0.3807450164580293,23.772986598312855,310,196940543
rand1bin,SMCO,Ackley,100,13,-0.3740105697020053,19.292373140342534,310,1846968539
rand1bin,GA,Ackley,100,14,-8.92241110870862,1.424628196284175,300,208438674
rand1bin,DEoptim,Ackley,100,6,-2.7851243735797984,76.26942169945687,300,265932811
rand1bin,PSO,Ackley,100,14,-19.399189346756835,0.42938302736729383,300,208438674
rand1bin,SA,Ackley,100,10,-19.396467355482482,40.82969614677131,300,247356067
rand1bin,GenSA,Ackley,100,13,-1.9979339516140726e-08,13.352441016584635,300,1846968539
rand1bin,SMCO_EVO,Ackley,100,13,-0.38328400707940036,20.168158114887774,310,1846968539
rand1bin,SignGD,Ackley,100,14,-19.467979373946278,9.070279027335346,2008,208438674
rand1bin,SMCO_R_EVO,Ackley,100,13,-0.07281096787491537,19.48207479622215,310,1846968539
rand1bin,SMCO_BR,Ackley,100,13,-0.07689707010349922,23.754166944883764,85,1846968539
rand1bin,SMCO_R,Ackley,100,13,-0.07299503996415568,24.372010976076126,160,1846968539
rand1bin,SPSA,Rosenbrock,100,0,-7743729.640604332,0.2912005493417382,3886,1175199937
rand1bin,ADAM,Ackley,100,13,-19.37340888280621,19.55719894077629,5214,1846968539
rand1bin,BOBYQA,Ackley,100,11,-19.540461453414082,38.65972035005689,3000,10318862
rand1bin,optimNM,Rosenbrock,100,0,-7295924.360477853,0.5010628160089254,3000,1175199937
rand1bin,SMCO_BR_EVO,Ackley,100,13,-0.0769164430840914,23.53748707473278,160,1846968539
rand1bin,SignGD,Rosenbrock,100,0,-297.72834244052075,4.229637012816966,1509,1175199937
rand1bin,optimLBFGS,Rosenbrock,100,0,-1.7718004550825996e-07,3.981670749373734,1198,1175199937
rand1bin,BOBYQA,Ackley,100,12,-19.571301160110878,32.64136580377817,3000,196940543
rand1bin,SMCO_BR,Rosenbrock,100,0,-30.01718729258512,9.605233318172395,85,1175199937
rand1bin,PSO,Rosenbrock,100,0,-1712521.9502439348,0.2234183605760336,300,1175199937
rand1bin,GA,Rosenbrock,100,0,-6498.299206522292,0.6872625099495053,300,1175199937
rand1bin,GenSA,Ackley,100,14,-1.9695548747478142e-08,13.73753259330988,300,208438674
rand1bin,SMCO_EVO,Rosenbrock,100,0,-23.084694581130876,11.456769036129117,310,1175199937
rand1bin,GD,Ackley,100,13,-19.373659104420963,25.66473470721394,5913,1846968539
rand1bin,DEoptim,Ackley,100,7,-3.374276100063032,78.23225941229612,300,2076224509
rand1bin,SMCO_BR,Ackley,100,14,-0.07918048369814956,20.273934556171298,85,208438674
rand1bin,SMCO,Ackley,100,14,-0.38548635084026417,20.706688097678125,310,208438674
rand1bin,SMCO_R,Rosenbrock,100,0,-2.503882842231831,12.55768055189401,160,1175199937
rand1bin,ADAM,Ackley,100,14,-19.455892270044323,17.9534523030743,5258,208438674
rand1bin,SPSA,Rosenbrock,100,1,-8843471.101422826,0.2097264574840665,5142,397371031
rand1bin,SMCO_R_EVO,Rosenbrock,100,0,-2.405457864373109,10.72990748193115,310,1175199937
rand1bin,SMCO,Rosenbrock,100,0,-22.22717545372446,13.58219501003623,310,1175199937
rand1bin,optimNM,Rosenbrock,100,1,-8398029.349808678,0.3149195024743676,3000,397371031
rand1bin,SMCO_EVO,Ackley,100,14,-0.3913619200019878,21.827948338352144,310,208438674
rand1bin,SA,Ackley,100,11,-19.56028103181766,44.78211916051805,300,10318862
rand1bin,SMCO_BR_EVO,Ackley,100,14,-0.0769400667453799,21.359038963913918,160,208438674
rand1bin,SMCO_R_EVO,Ackley,100,14,-0.06842316140187821,21.4018714139238,310,208438674
rand1bin,SignGD,Rosenbrock,100,1,-371.2399206487857,3.0190807646140456,1509,397371031
rand1bin,PSO,Rosenbrock,100,1,-708321.5458062947,0.1924498723819852,300,397371031
rand1bin,GD,Ackley,100,14,-19.455892358992656,20.677533330395818,4942,208438674
rand1bin,SMCO_R,Ackley,100,14,-0.07360860398450741,24.11529920529574,160,208438674
rand1bin,GA,Rosenbrock,100,1,-5510.791345531674,1.0844117132946849,300,397371031
rand1bin,GenSA,Rosenbrock,100,0,-104.62484775288941,7.908147068694234,300,1175199937
rand1bin,SMCO_BR_EVO,Rosenbrock,100,0,-81.37188713491372,14.208402358926833,160,1175199937
rand1bin,optimLBFGS,Rosenbrock,100,1,-1.614876098537126e-07,4.9962671380490065,1231,397371031
rand1bin,GD,Rosenbrock,100,0,-247.05854692621145,14.465957800857723,6000,1175199937
rand1bin,SA,Ackley,100,12,-19.253538189029378,40.06355450861156,300,196940543
rand1bin,SPSA,Rosenbrock,100,2,-11011713.363814337,0.35633440874516964,4637,1686737729
rand1bin,SignGD,Rosenbrock,100,2,-511.27363964757546,2.620819046162069,1509,1686737729
rand1bin,optimNM,Rosenbrock,100,2,-10469895.744717637,0.34742438700050116,3000,1686737729
rand1bin,ADAM,Rosenbrock,100,0,-1756569.0382311621,15.480371315032244,6000,1175199937
rand1bin,SMCO_BR_EVO,Rosenbrock,100,1,-102.38137500324264,9.794663166627288,160,397371031
rand1bin,GenSA,Rosenbrock,100,1,-107.61469632216111,8.036372070200741,300,397371031
rand1bin,DEoptim,Ackley,100,8,-2.2172050825145573,78.59155381657183,300,1286469255
rand1bin,SMCO_R_EVO,Rosenbrock,100,1,-1.7679692369129516,10.389878719113767,310,397371031
rand1bin,PSO,Rosenbrock,100,2,-890082.2467381206,0.3546288376674056,300,1686737729
rand1bin,GA,Rosenbrock,100,2,-5587.156051029317,1.1191618498414755,300,1686737729
rand1bin,SMCO_R,Rosenbrock,100,1,-2.4295159896932077,13.166077482514083,160,397371031
rand1bin,SMCO_BR,Rosenbrock,100,1,-3.1539546591703527,13.923113516531885,85,397371031
rand1bin,SMCO,Rosenbrock,100,1,-24.623415676562903,14.888881164602935,310,397371031
rand1bin,DEoptim,Ackley,100,9,-3.2420257579346488,72.13435786403716,300,13756995
rand1bin,SMCO_EVO,Rosenbrock,100,1,-21.72881539710327,13.955512166023254,310,397371031
rand1bin,optimLBFGS,Rosenbrock,100,2,-1.5907406937919637e-07,7.398928138427436,1285,1686737729
rand1bin,SMCO_EVO,Rosenbrock,100,2,-24.358538814330675,10.601247624494135,310,1686737729
rand1bin,SPSA,Rosenbrock,100,3,-9821931.42494184,0.10452764853835106,3004,2113481472
rand1bin,SMCO_BR,Rosenbrock,100,2,-78.69237228780543,11.366784288547933,85,1686737729
rand1bin,GenSA,Rosenbrock,100,2,-20.49526186050325,6.58565962407738,300,1686737729
rand1bin,GD,Rosenbrock,100,1,-196.2952859887048,15.306454982608557,6000,397371031
rand1bin,optimNM,Rosenbrock,100,3,-9341816.170275902,0.5608296664431691,3000,2113481472
rand1bin,SMCO,Rosenbrock,100,2,-25.117660297823246,12.586574098095298,310,1686737729
rand1bin,SignGD,Rosenbrock,100,3,-328.09214325371187,2.3908773381263018,1509,2113481472
rand1bin,BOBYQA,Ackley,100,13,-19.554711594455316,40.09321314189583,3000,1846968539
rand1bin,ADAM,Rosenbrock,100,1,-2118471.2272880943,15.851203298196197,6000,397371031
rand1bin,SMCO_R_EVO,Rosenbrock,100,2,-2.2353100058659487,12.297611370682716,310,1686737729
rand1bin,SMCO_R,Rosenbrock,100,2,-2.3739733015802122,13.131220711395144,160,1686737729
rand1bin,PSO,Rosenbrock,100,3,-1040677.9269458511,0.2425962472334504,300,2113481472
rand1bin,GA,Rosenbrock,100,3,-5258.719744829723,0.8556704316288233,300,2113481472
rand1bin,optimLBFGS,Rosenbrock,100,3,-6.612434802342124e-08,4.215947748161852,1187,2113481472
rand1bin,SMCO_BR_EVO,Rosenbrock,100,2,-70.79649639095645,15.090119706466794,160,1686737729
rand1bin,BOBYQA,Ackley,100,14,-19.645822767881068,35.6482714638114,3000,208438674
rand1bin,GD,Rosenbrock,100,2,-342.7503830723786,15.739588382653892,6000,1686737729
rand1bin,GenSA,Rosenbrock,100,3,-106.98869640928817,5.589033258147538,300,2113481472
rand1bin,SPSA,Rosenbrock,100,4,-8451310.169650728,0.30430617462843657,4102,113742616
rand1bin,ADAM,Rosenbrock,100,2,-2524721.0416726717,15.478939292952418,6000,1686737729
rand1bin,SA,Ackley,100,13,-19.46266182052793,43.90770951844752,300,1846968539
rand1bin,SignGD,Rosenbrock,100,4,-290.85384333563337,2.1436556158587337,1509,113742616
rand1bin,optimNM,Rosenbrock,100,4,-7978606.3077409165,0.5181777514517307,3000,113742616
rand1bin,SMCO,Rosenbrock,100,3,-23.49093331102098,12.848349194973707,310,2113481472
rand1bin,SMCO_EVO,Rosenbrock,100,3,-21.263537196963103,12.658827919512987,310,2113481472
rand1bin,GA,Rosenbrock,100,4,-6070.860622287045,0.9664248479530215,300,113742616
rand1bin,PSO,Rosenbrock,100,4,-769707.5820570345,0.18374046962708235,300,113742616
rand1bin,SMCO_R,Rosenbrock,100,3,-2.8328177011126625,14.654865415766835,160,2113481472
rand1bin,SA,Ackley,100,14,-19.48852223456544,39.13572505675256,300,208438674
rand1bin,SMCO_R_EVO,Rosenbrock,100,3,-2.1365749647243093,14.13630033005029,310,2113481472
rand1bin,SMCO_BR,Rosenbrock,100,3,-76.69010258699764,15.394473715685308,85,2113481472
rand1bin,SMCO_BR_EVO,Rosenbrock,100,3,-71.51753819850444,14.165152160450816,160,2113481472
rand1bin,ADAM,Rosenbrock,100,3,-2400152.1309102625,13.338495688512921,6000,2113481472
rand1bin,optimLBFGS,Rosenbrock,100,4,-6.030024743867063e-08,6.018978073261678,1159,113742616
rand1bin,GenSA,Rosenbrock,100,4,-124.50008240695493,6.057763353921473,300,113742616
rand1bin,DEoptim,Ackley,100,10,-3.5611597095526055,79.63252132572234,300,247356067
rand1bin,SPSA,Rosenbrock,100,5,-9977171.57154484,0.1263981545343995,3705,924465025
rand1bin,SMCO_R_EVO,Rosenbrock,100,4,-2.111274727030592,12.347558030858636,310,113742616
rand1bin,GD,Rosenbrock,100,3,-299.68686685978065,16.08672327082604,6000,2113481472
rand1bin,optimNM,Rosenbrock,100,5,-9452463.292350123,0.5445619858801365,3000,924465025
rand1bin,SMCO_BR_EVO,Rosenbrock,100,4,-77.4287885005574,11.793362687341869,160,113742616
rand1bin,SMCO_EVO,Rosenbrock,100,4,-23.40918766394717,13.93989793676883,310,113742616
rand1bin,SMCO_BR,Rosenbrock,100,4,-25.119811705515495,14.362560298293829,85,113742616
rand1bin,SMCO,Rosenbrock,100,4,-21.341970924703237,14.657424482516944,310,113742616
rand1bin,SMCO_R,Rosenbrock,100,4,-1.8618444260441938,14.743056335486472,160,113742616
rand1bin,PSO,Rosenbrock,100,5,-933312.7594207878,0.3794330954551697,300,924465025
rand1bin,GA,Rosenbrock,100,5,-5687.775659693795,0.6731672612950206,300,924465025
rand1bin,SignGD,Rosenbrock,100,5,-220.51170896442997,4.049698733724654,1509,924465025
rand1bin,GD,Rosenbrock,100,4,-293.60021656939375,14.745266106911004,6000,113742616
rand1bin,optimLBFGS,Rosenbrock,100,5,-1.7951443028274362e-07,6.503876018337905,1211,924465025
rand1bin,ADAM,Rosenbrock,100,4,-1902347.0266349271,15.693451683968306,6000,113742616
rand1bin,SMCO_R_EVO,Rosenbrock,100,5,-2.1970943124571387,11.506477572023869,310,924465025
rand1bin,GenSA,Rosenbrock,100,5,-96.31343680507459,8.144799455069005,300,924465025
rand1bin,SMCO_BR_EVO,Rosenbrock,100,5,-131.8627923161569,11.044362445361912,160,924465025
rand1bin,SMCO_BR,Rosenbrock,100,5,-2.1047895372514613,12.968906048685312,85,924465025
rand1bin,SPSA,Rosenbrock,100,6,-9780016.116003817,0.2781702084466815,3602,93561097
rand1bin,SMCO_EVO,Rosenbrock,100,5,-21.875790198233126,12.394024601206183,310,924465025
rand1bin,DEoptim,Ackley,100,11,-2.8819082195345946,80.10775070730597,300,10318862
rand1bin,SMCO,Rosenbrock,100,5,-22.194591424251374,13.542029917240143,310,924465025
rand1bin,BOBYQA,Rosenbrock,100,0,-1798251.6511501444,43.64351484924555,3000,1175199937
rand1bin,optimNM,Rosenbrock,100,6,-9211971.702461127,0.5525300223380327,3000,93561097
rand1bin,SignGD,Rosenbrock,100,6,-584.9495313763176,2.051820958033204,1509,93561097
rand1bin,GA,Rosenbrock,100,6,-7301.297491694718,1.0713238371536136,300,93561097
rand1bin,PSO,Rosenbrock,100,6,-821873.2709832155,0.20532467775046825,300,93561097
rand1bin,DEoptim,Ackley,100,12,-2.5529758740821333,73.84970116242766,300,196940543
rand1bin,SMCO_R,Rosenbrock,100,5,-1.9881522088122867,15.18213655706495,160,924465025
rand1bin,ADAM,Rosenbrock,100,5,-2327735.9106411845,12.546195469796658,6000,924465025
rand1bin,optimLBFGS,Rosenbrock,100,6,-3.018420561016016e-07,3.7624323945492506,1193,93561097
rand1bin,GD,Rosenbrock,100,5,-236.2848418506893,15.542870298959315,6000,924465025
rand1bin,SMCO_BR,Rosenbrock,100,6,-70.95494613718152,11.288217886351049,85,93561097
rand1bin,SMCO_EVO,Rosenbrock,100,6,-21.47122157728283,12.843991628848016,310,93561097
rand1bin,SMCO_R,Rosenbrock,100,6,-2.1791441304855037,13.066048692911863,160,93561097
rand1bin,SPSA,Rosenbrock,100,7,-9122163.508814208,0.11943216528743505,3402,22130812
rand1bin,SignGD,Rosenbrock,100,7,-214.85894520516518,2.2014974504709244,1509,22130812
rand1bin,BOBYQA,Rosenbrock,100,1,-1408663.4240722721,44.136389018036425,3000,397371031
rand1bin,optimNM,Rosenbrock,100,7,-8675788.705551622,0.2957535292953253,3000,22130812
rand1bin,SMCO,Rosenbrock,100,6,-24.906350085152596,14.640337941236794,310,93561097
rand1bin,GenSA,Rosenbrock,100,6,-113.52487456346743,8.075317460112274,300,93561097
rand1bin,SMCO_R_EVO,Rosenbrock,100,6,-2.606111788076571,13.684605027548969,310,93561097
rand1bin,GA,Rosenbrock,100,7,-6270.236332518782,0.8053168766200542,300,22130812
rand1bin,PSO,Rosenbrock,100,7,-667598.2175346975,0.35578273329883814,300,22130812
rand1bin,SMCO_BR_EVO,Rosenbrock,100,6,-82.61608532385017,14.454569545574486,160,93561097
rand1bin,SMCO_BR,Rosenbrock,100,7,-69.92714102015394,9.073399236425757,85,22130812
rand1bin,optimLBFGS,Rosenbrock,100,7,-1.6521780368193438e-07,5.532012484967709,1224,22130812
rand1bin,GenSA,Rosenbrock,100,7,-59.956568772566136,4.734068851917982,300,22130812
rand1bin,BOBYQA,Rosenbrock,100,2,-1226510.4608354308,43.81040975917131,3000,1686737729
rand1bin,SMCO_R,Rosenbrock,100,7,-2.3436286076917963,10.835618547163904,160,22130812
rand1bin,GD,Rosenbrock,100,6,-313.5172998060981,16.704795829951763,6000,93561097
rand1bin,SMCO,Rosenbrock,100,7,-24.034090709452716,12.340809544548392,310,22130812
rand1bin,SMCO_BR_EVO,Rosenbrock,100,7,-101.5543413860784,10.898432752117515,160,22130812
rand1bin,SPSA,Rosenbrock,100,8,-9938228.65170828,0.2513619251549244,3519,1484065503
rand1bin,ADAM,Rosenbrock,100,6,-2142676.160558551,16.260156905278563,6000,93561097
rand1bin,SMCO_EVO,Rosenbrock,100,7,-25.560228840217754,14.117577870376408,310,22130812
rand1bin,optimNM,Rosenbrock,100,8,-9481060.942054247,0.5556332776322961,3000,1484065503
rand1bin,SMCO_R_EVO,Rosenbrock,100,7,-10.149891123982021,14.496005920693278,310,22130812
rand1bin,SignGD,Rosenbrock,100,8,-356.4924771095885,2.8567158868536353,1509,1484065503
rand1bin,DEoptim,Ackley,100,13,-2.986512387222579,79.68317399919033,300,1846968539
rand1bin,GD,Rosenbrock,100,7,-254.77195191442547,14.920275118201971,6000,22130812
rand1bin,ADAM,Rosenbrock,100,7,-2077102.2921734892,13.327299977652729,6000,22130812
rand1bin,PSO,Rosenbrock,100,8,-1774429.2922436153,0.34810315258800983,300,1484065503
rand1bin,GA,Rosenbrock,100,8,-5685.108277432793,1.0153278652578592,300,1484065503
rand1bin,optimLBFGS,Rosenbrock,100,8,-8.500596858553727e-08,5.798883016221225,1174,1484065503
rand1bin,BOBYQA,Rosenbrock,100,3,-2270119.9632800217,45.14101304393262,3000,2113481472
rand1bin,DEoptim,Ackley,100,14,-2.124132095021132,74.00983447674662,300,208438674
rand1bin,SMCO_R_EVO,Rosenbrock,100,8,-2.659761188007384,10.310721216723323,310,1484065503
rand1bin,SMCO,Rosenbrock,100,8,-22.300172316381058,12.88418123498559,310,1484065503
rand1bin,SMCO_BR,Rosenbrock,100,8,-2.527816864843761,12.588918779976666,85,1484065503
rand1bin,GenSA,Rosenbrock,100,8,-93.1240244587771,7.158046253025532,300,1484065503
rand1bin,SPSA,Rosenbrock,100,9,-11272922.016543511,0.31063658371567726,4298,1802719382
rand1bin,SMCO_R,Rosenbrock,100,8,-2.2328379032161023,14.503697761334479,160,1484065503
rand1bin,GD,Rosenbrock,100,8,-281.96182472058274,13.681784613989294,6000,1484065503
rand1bin,BOBYQA,Rosenbrock,100,4,-996335.736990817,43.27504870854318,3000,113742616
rand1bin,SMCO_BR_EVO,Rosenbrock,100,8,-78.56082906754064,14.508969623595476,160,1484065503
rand1bin,SMCO_EVO,Rosenbrock,100,8,-25.128334427224157,15.174320529215038,310,1484065503
rand1bin,optimNM,Rosenbrock,100,9,-10733207.940275619,0.5231252750381827,3000,1802719382
rand1bin,SignGD,Rosenbrock,100,9,-269.830100865506,3.7142925430089235,1509,1802719382
rand1bin,PSO,Rosenbrock,100,9,-991922.8802304172,0.22633991111069918,300,1802719382
rand1bin,SMCO,Rosenbrock,100,9,-22.6400629417867,8.669568185694516,310,1802719382
rand1bin,GA,Rosenbrock,100,9,-5534.010605491552,1.0174777563661337,300,1802719382
rand1bin,ADAM,Rosenbrock,100,8,-2323636.6589107146,15.095028167590499,6000,1484065503
rand1bin,DEoptim,Rosenbrock,100,1,-1029.049053334474,64.67042435985059,300,397371031
rand1bin,DEoptim,Rosenbrock,100,0,-997.859467701639,71.23151403013617,300,1175199937
rand1bin,optimLBFGS,Rosenbrock,100,9,-9.687244709343341e-08,6.843904700130224,1171,1802719382
rand1bin,SMCO_BR,Rosenbrock,100,9,-25.00321663289224,11.416610638611019,85,1802719382
rand1bin,BOBYQA,Rosenbrock,100,5,-1546092.9380215253,40.69329462945461,3000,924465025
rand1bin,SMCO_R,Rosenbrock,100,9,-2.450411329122541,13.521646071225405,160,1802719382
rand1bin,SPSA,Rosenbrock,100,10,-6772225.579642158,0.22964128851890564,5177,689242106
rand1bin,GenSA,Rosenbrock,100,9,-4.150496141837147e-10,6.941130234859884,300,1802719382
rand1bin,SignGD,Rosenbrock,100,10,-304.4109452906748,2.252092272043228,1509,689242106
rand1bin,optimNM,Rosenbrock,100,10,-6449662.685132118,0.5436555473133922,3000,689242106
rand1bin,SMCO_R_EVO,Rosenbrock,100,9,-2.0417965523818005,13.11291442066431,310,1802719382
rand1bin,SMCO_EVO,Rosenbrock,100,9,-18.432458372090867,14.446832425892353,310,1802719382
rand1bin,DEoptim,Rosenbrock,100,2,-1176.9526918355773,64.45428117457777,300,1686737729
rand1bin,GA,Rosenbrock,100,10,-5324.424519735698,0.6185823064297438,300,689242106
rand1bin,PSO,Rosenbrock,100,10,-667064.7847804624,0.19556776620447636,300,689242106
rand1bin,GD,Rosenbrock,100,9,-295.55023249460163,15.196976226754487,6000,1802719382
rand1bin,SMCO_BR_EVO,Rosenbrock,100,9,-78.80002960700159,16.057395804673433,160,1802719382
rand1bin,SA,Rosenbrock,100,1,-3.98662385470432,74.60502412170172,300,397371031
rand1bin,ADAM,Rosenbrock,100,9,-2658831.6932595517,15.181930272839963,6000,1802719382
rand1bin,optimLBFGS,Rosenbrock,100,10,-1.1041504791028693e-07,6.338938527740538,1154,689242106
rand1bin,SMCO_R,Rosenbrock,100,10,-2.3812195567867787,12.577160365879536,160,689242106
rand1bin,SMCO,Rosenbrock,100,10,-25.917828828537118,13.71468242816627,310,689242106
rand1bin,SMCO_BR_EVO,Rosenbrock,100,10,-127.70921570819803,11.141450369730592,160,689242106
rand1bin,SMCO_EVO,Rosenbrock,100,10,-22.901413127534102,12.24244574084878,310,689242106
rand1bin,SPSA,Rosenbrock,100,11,-8961338.65744655,0.31455499306321144,3984,693558215
rand1bin,SMCO_R_EVO,Rosenbrock,100,10,-2.879801289445143,12.941099030897021,310,689242106
rand1bin,GenSA,Rosenbrock,100,10,-97.15206063496066,8.215843508951366,300,689242106
rand1bin,BOBYQA,Rosenbrock,100,6,-1430009.829201091,43.06200391985476,3000,93561097
rand1bin,optimNM,Rosenbrock,100,11,-8489611.051977975,0.6185700530186296,3000,693558215
rand1bin,SMCO_BR,Rosenbrock,100,10,-70.22242815755699,15.423350925557315,85,689242106
rand1bin,ADAM,Rosenbrock,100,10,-1264970.5922010236,12.115473193116486,6000,689242106
rand1bin,GD,Rosenbrock,100,10,-240.36189793547726,13.21525063086301,6000,689242106
rand1bin,GA,Rosenbrock,100,11,-7287.773602001758,0.692230949178338,300,693558215
rand1bin,DEoptim,Rosenbrock,100,3,-877.9537723165748,67.04163748584688,300,2113481472
rand1bin,PSO,Rosenbrock,100,11,-1738596.1069954906,0.37872069980949163,300,693558215
rand1bin,SA,Rosenbrock,100,2,-3.986623854686657,74.70449166279286,300,1686737729
rand1bin,SignGD,Rosenbrock,100,11,-426.6418230021747,4.0699551636353135,1509,693558215
rand1bin,SA,Rosenbrock,100,0,-1.0474002100066614e-10,88.10453466512263,300,1175199937
rand1bin,optimLBFGS,Rosenbrock,100,11,-4.1674289166148865e-05,5.557224504649639,1291,693558215
rand1bin,SMCO,Rosenbrock,100,11,-23.425890260747238,11.407684121280909,310,693558215
rand1bin,SMCO_BR_EVO,Rosenbrock,100,11,-104.65742071245862,9.770260540768504,160,693558215
rand1bin,GenSA,Rosenbrock,100,11,-143.21200744238888,6.742896472103894,300,693558215
rand1bin,SPSA,Rosenbrock,100,12,-9401677.266450113,0.3252804586663842,4132,112288612
rand1bin,SMCO_EVO,Rosenbrock,100,11,-21.871863622272752,12.246157249435782,310,693558215
rand1bin,SignGD,Rosenbrock,100,12,-246.16469624007283,3.093109625391662,1509,112288612
rand1bin,optimNM,Rosenbrock,100,12,-8925750.541011013,0.4631486292928457,3000,112288612
rand1bin,SMCO_R,Rosenbrock,100,11,-2.5236625130975865,14.80233791936189,160,693558215
rand1bin,SMCO_BR,Rosenbrock,100,11,-3.616043388670776,14.325038822367787,85,693558215
rand1bin,SMCO_R_EVO,Rosenbrock,100,11,-1.9439742531258901,13.712855343706906,310,693558215
rand1bin,GA,Rosenbrock,100,12,-6508.410140210352,1.0615586498752236,300,112288612
rand1bin,BOBYQA,Rosenbrock,100,7,-1596891.054532122,47.246713609434664,3000,22130812
rand1bin,PSO,Rosenbrock,100,12,-890167.350783645,0.3430541381239891,300,112288612
rand1bin,GD,Rosenbrock,100,11,-265.8619484415164,13.983433806337416,6000,693558215
rand1bin,SMCO_R,Rosenbrock,100,12,-2.3591952384734416,10.335149801336229,160,112288612
rand1bin,optimLBFGS,Rosenbrock,100,12,-1.1384501077026114e-07,4.750866828486323,1167,112288612
rand1bin,DEoptim,Rosenbrock,100,4,-781.7702156991977,70.97257255669683,300,113742616
rand1bin,SMCO,Rosenbrock,100,12,-21.74161890407818,12.265155517496169,310,112288612
rand1bin,SMCO_R_EVO,Rosenbrock,100,12,-2.699327091950353,11.688492267392576,310,112288612
rand1bin,GenSA,Rosenbrock,100,12,-89.47334031363332,5.14292945060879,300,112288612
rand1bin,ADAM,Rosenbrock,100,11,-2039919.7177018085,15.768894046545029,6000,693558215
rand1bin,SPSA,Rosenbrock,100,13,-9129208.237186756,0.35783929750323296,5009,1482578746
rand1bin,DEoptim,Rosenbrock,100,5,-732.4090250223426,65.73307868745178,300,924465025
rand1bin,SA,Rosenbrock,100,3,-1.244099269014401e-10,81.95739364344627,300,2113481472
rand1bin,SMCO_BR,Rosenbrock,100,12,-3.4573144229959114,14.705012418329716,85,112288612
rand1bin,GD,Rosenbrock,100,12,-245.0297078727581,12.353295480832458,6000,112288612
rand1bin,optimNM,Rosenbrock,100,13,-8726973.985591583,0.5620265416800976,3000,1482578746
rand1bin,SMCO_BR_EVO,Rosenbrock,100,12,-102.78306788420578,12.93289704900235,160,112288612
rand1bin,SA,Rosenbrock,100,4,-9.707280563046509e-11,76.7456547608599,300,113742616
rand1bin,SMCO_EVO,Rosenbrock,100,12,-24.653189054236844,15.998423049226403,310,112288612
rand1bin,GA,Rosenbrock,100,13,-5966.805355530587,1.0089623797684908,300,1482578746
rand1bin,PSO,Rosenbrock,100,13,-593387.1562795588,0.3468391029164195,300,1482578746
rand1bin,SignGD,Rosenbrock,100,13,-557.3844372045584,4.417402138002217,1509,1482578746
rand1bin,BOBYQA,Rosenbrock,100,8,-977964.0446432208,45.73424281273037,3000,1484065503
rand1bin,ADAM,Rosenbrock,100,12,-2093209.64556601,14.183479367755353,6000,112288612
rand1bin,optimLBFGS,Rosenbrock,100,13,-1.0674430611064347e-07,7.205446460284293,1247,1482578746
rand1bin,SMCO,Rosenbrock,100,13,-23.27412630661988,11.6037144837901,310,1482578746
rand1bin,SMCO_R_EVO,Rosenbrock,100,13,-2.46734358313899,11.182079525664449,310,1482578746
rand1bin,GenSA,Rosenbrock,100,13,-88.45889936431378,7.875499458052218,300,1482578746
rand1bin,SPSA,Rosenbrock,100,14,-9991983.757992841,0.15910658426582813,4027,1994823292
rand1bin,SMCO_BR_EVO,Rosenbrock,100,13,-53.56153755911241,12.08983672130853,160,1482578746
rand1bin,SignGD,Rosenbrock,100,14,-305.3394774782478,2.9678675662726164,1509,1994823292
rand1bin,SMCO_R,Rosenbrock,100,13,-2.5108866286247458,14.538144336082041,160,1482578746
rand1bin,optimNM,Rosenbrock,100,14,-9492712.905529927,0.5509311649948359,3000,1994823292
rand1bin,SMCO_BR,Rosenbrock,100,13,-15.406385659849335,14.909252140671015,85,1482578746
rand1bin,GD,Rosenbrock,100,13,-144.6634742840396,12.982925729826093,6000,1482578746
rand1bin,DEoptim,Rosenbrock,100,6,-747.6092680900875,69.45447351876646,300,93561097
rand1bin,PSO,Rosenbrock,100,14,-788428.9464544419,0.3503084294497967,300,1994823292
rand1bin,GA,Rosenbrock,100,14,-5757.932635617986,0.6868697423487902,300,1994823292
rand1bin,SMCO_EVO,Rosenbrock,100,14,-22.325882483238562,9.25050600990653,310,1994823292
rand1bin,SMCO_EVO,Rosenbrock,100,13,-23.8339819082874,16.309031665325165,310,1482578746
rand1bin,ADAM,Rosenbrock,100,13,-2124954.33528465,15.079436084255576,6000,1482578746
rand1bin,optimLBFGS,Rosenbrock,100,14,-9.091756852911884e-08,5.113922589458525,1250,1994823292
rand1bin,BOBYQA,Rosenbrock,100,9,-1452964.6189330465,47.37193340994418,3000,1802719382
rand1bin,SMCO_R,Rosenbrock,100,14,-2.2740208398853077,13.410247974097729,160,1994823292
rand1bin,BOBYQA,Rosenbrock,100,10,-906184.8298502221,41.67403899040073,3000,689242106
rand1bin,GenSA,Rosenbrock,100,14,-76.1357074234917,7.159080924466252,300,1994823292
rand1bin,SMCO_BR,Rosenbrock,100,14,-3.0618289143699196,14.814482521265745,85,1994823292
rand1bin,SPSA,Griewank,100,0,-2423.6210072462222,0.1888954397290945,4617,609680722
rand1bin,SA,Rosenbrock,100,5,-6.038286750147575e-11,84.63335178326815,300,924465025
rand1bin,DEoptim,Rosenbrock,100,7,-559.6663580586395,68.19448546972126,300,22130812
rand1bin,optimNM,Griewank,100,0,-2395.6976188503218,0.3163393847644329,3000,609680722
rand1bin,optimLBFGS,Griewank,100,0,-7.504061172447507e-08,0.9755342062562704,177,609680722
rand1bin,SMCO,Rosenbrock,100,14,-25.290342515780765,15.892407443374395,310,1994823292
rand1bin,GA,Griewank,100,0,-45.64291743960693,1.1662911521270871,300,609680722
rand1bin,SignGD,Griewank,100,0,-2225.6997220174644,3.839996528811753,2008,609680722
rand1bin,PSO,Griewank,100,0,-347.7496715345554,0.4351379694417119,300,609680722
rand1bin,SMCO_R_EVO,Rosenbrock,100,14,-2.2212413025081736,16.883462458848953,310,1994823292
rand1bin,SMCO_BR_EVO,Rosenbrock,100,14,-88.30930263469133,15.951401610858738,160,1994823292
rand1bin,GD,Rosenbrock,100,14,-245.05126376443988,15.485792450606823,6000,1994823292
rand1bin,GenSA,Griewank,100,0,-6.163575871909188e-09,5.619990688748658,300,609680722
rand1bin,ADAM,Rosenbrock,100,14,-2320440.7671667,15.966346685774624,6000,1994823292
rand1bin,SA,Rosenbrock,100,6,-1.1530006044590355e-10,82.2051667580381,300,93561097
rand1bin,SMCO,Griewank,100,0,-0.8752848854242788,13.772506406530738,310,609680722
rand1bin,SMCO_BR,Griewank,100,0,-0.1520517141033092,13.886986015364528,85,609680722
rand1bin,SPSA,Griewank,100,1,-2532.566151805476,0.26278144493699074,5597,720838238
rand1bin,optimLBFGS,Griewank,100,1,-3.329405862118051e-09,0.7172404378652573,154,720838238
rand1bin,SMCO_R,Griewank,100,0,-0.144480443554464,15.811108463443816,160,609680722
rand1bin,DEoptim,Rosenbrock,100,8,-968.564731179407,69.77032194659114,300,1484065503
rand1bin,optimNM,Griewank,100,1,-2502.9796143261055,0.5564020220190287,3000,720838238
rand1bin,SMCO_EVO,Griewank,100,0,-0.8879232954080214,15.833584565669298,310,609680722
rand1bin,SignGD,Griewank,100,1,-2417.4006556662707,5.2438675835728645,2008,720838238
rand1bin,SMCO_BR_EVO,Griewank,100,0,-0.14901008330418575,15.263667598366737,160,609680722
rand1bin,PSO,Griewank,100,1,-294.80413049140896,0.4321322152391076,300,720838238
rand1bin,SMCO_R_EVO,Griewank,100,0,-0.15022842283032867,16.375463204458356,310,609680722
rand1bin,GA,Griewank,100,1,-50.35065946680107,1.1392980683594942,300,720838238
rand1bin,BOBYQA,Rosenbrock,100,11,-1007583.7676208983,46.99270088784397,3000,693558215
rand1bin,SMCO_BR,Griewank,100,1,-0.13503390824034678,11.118789592757821,85,720838238
rand1bin,GD,Griewank,100,0,-1812.1374876852242,17.235220625065267,6000,609680722
rand1bin,DEoptim,Rosenbrock,100,9,-1128.9312722827724,64.64125803019851,300,1802719382
rand1bin,ADAM,Griewank,100,0,-2387.4075508463684,16.544432781636715,6000,609680722
rand1bin,GenSA,Griewank,100,1,-4.912698026160456e-10,6.184190343134105,300,720838238
rand1bin,SA,Rosenbrock,100,7,-9.949979580283493e-11,85.54413937404752,300,22130812
rand1bin,SMCO_R_EVO,Griewank,100,1,-0.13830692305383352,12.95887524727732,310,720838238
rand1bin,SPSA,Griewank,100,2,-2392.519048905271,0.3570231841877103,4364,1530055040
rand1bin,SMCO,Griewank,100,1,-0.8521552830018273,15.235075257718563,310,720838238
rand1bin,SMCO_R,Griewank,100,1,-0.14602923802431156,15.0550796687603,160,720838238
rand1bin,optimNM,Griewank,100,2,-2361.4713242632565,0.537336427718401,3000,1530055040
rand1bin,SMCO_EVO,Griewank,100,1,-0.8226481451792695,14.33205500524491,310,720838238
rand1bin,optimLBFGS,Griewank,100,2,-1.1359561069568258e-09,1.7883697552606463,194,1530055040
rand1bin,GA,Griewank,100,2,-49.66508117014955,1.0442954255267978,300,1530055040
rand1bin,PSO,Griewank,100,2,-388.026292368192,0.2885649846866727,300,1530055040
rand1bin,SA,Rosenbrock,100,8,-3.986623854690714,79.44845231343061,300,1484065503
rand1bin,GD,Griewank,100,1,-1893.0773340842866,15.560103849507868,6000,720838238
rand1bin,SMCO_BR_EVO,Griewank,100,1,-0.1592132922521663,15.894049680791795,160,720838238
rand1bin,SignGD,Griewank,100,2,-2199.4373972143653,6.565289635211229,2008,1530055040
rand1bin,BOBYQA,Rosenbrock,100,12,-1344320.3672519177,48.786680134013295,3000,112288612
rand1bin,GenSA,Griewank,100,2,-8.096577852612086e-09,6.316918069496751,300,1530055040
rand1bin,SMCO_R,Griewank,100,2,-0.11935182589018833,12.221011360175908,160,1530055040
rand1bin,DEoptim,Rosenbrock,100,10,-676.7076702931148,65.73660061694682,300,689242106
rand1bin,BOBYQA,Rosenbrock,100,13,-1186438.2341225026,43.36518571805209,3000,1482578746
rand1bin,SPSA,Griewank,100,3,-2658.31970553588,0.2909217029809952,3542,229078681
rand1bin,SMCO_R_EVO,Griewank,100,2,-0.14824408424360558,11.826077414676547,310,1530055040
rand1bin,optimLBFGS,Griewank,100,3,-4.630073879852148e-09,1.4619058184325695,168,229078681
rand1bin,SMCO,Griewank,100,2,-0.8856627846518073,15.00013944413513,310,1530055040
rand1bin,optimNM,Griewank,100,3,-2630.059510806482,0.5612989254295826,3000,229078681
rand1bin,ADAM,Griewank,100,1,-2495.294287175313,20.06798544432968,6000,720838238
rand1bin,SignGD,Griewank,100,3,-2488.4560056090163,3.493075216189027,1509,229078681
rand1bin,SMCO_BR,Griewank,100,2,-0.183278108310308,15.435241627506912,85,1530055040
rand1bin,PSO,Griewank,100,3,-515.9108530798957,0.2803231570869684,300,229078681
rand1bin,GA,Griewank,100,3,-46.512151209445456,1.1681005265563726,300,229078681
rand1bin,SMCO_EVO,Griewank,100,2,-0.8697615493459332,16.391138250008225,310,1530055040
rand1bin,SMCO_BR_EVO,Griewank,100,2,-0.1647047887037183,17.421621617861092,160,1530055040
rand1bin,GD,Griewank,100,2,-1788.6732546166927,16.42538151703775,6000,1530055040
rand1bin,SA,Rosenbrock,100,9,-1.2031606553203117e-10,81.23691243026406,300,1802719382
rand1bin,BOBYQA,Rosenbrock,100,14,-1058918.2803160313,40.290487080812454,3000,1994823292
rand1bin,GenSA,Griewank,100,3,-3.4095571921355372e-09,6.056269895285368,300,229078681
rand1bin,ADAM,Griewank,100,2,-2356.9761508317465,16.900512013584375,6000,1530055040
rand1bin,SMCO_EVO,Griewank,100,3,-0.9184574509493056,12.928078653290868,310,229078681
rand1bin,SPSA,Griewank,100,4,-2436.35387486177,0.18230595160275698,4429,1627604278
rand1bin,DEoptim,Rosenbrock,100,11,-902.264973244234,68.4986103726551,300,693558215
rand1bin,SMCO_R_EVO,Griewank,100,3,-0.13044987148895426,14.022368001751602,310,229078681
rand1bin,optimLBFGS,Griewank,100,4,-1.2820431383175901e-08,1.1220091227442026,173,1627604278
rand1bin,SMCO,Griewank,100,3,-0.9429651333421378,16.194313501939178,310,229078681
rand1bin,optimNM,Griewank,100,4,-2403.104441063375,0.30510034039616585,3000,1627604278
rand1bin,SMCO_BR,Griewank,100,3,-0.17191148018234714,14.82136937789619,85,229078681
rand1bin,SA,Rosenbrock,100,10,-7.722589371736828e-11,78.72663506865501,300,689242106
rand1bin,PSO,Griewank,100,4,-413.6167159088981,0.48306725546717644,300,1627604278
rand1bin,GA,Griewank,100,4,-51.69624957295971,1.3407130613923073,300,1627604278
rand1bin,SMCO_R,Griewank,100,3,-0.152636402590828,17.773225747980177,160,229078681
rand1bin,SignGD,Griewank,100,4,-2239.5030825945346,6.037455892190337,2008,1627604278
rand1bin,SA,Rosenbrock,100,11,-1.0615468193327774e-10,73.08836868871003,300,693558215
rand1bin,ADAM,Griewank,100,3,-2618.6573427692356,15.54536972567439,6000,229078681
rand1bin,GD,Griewank,100,3,-1986.7316370124493,17.633326935581863,6000,229078681
rand1bin,SMCO_BR_EVO,Griewank,100,3,-0.1628638791393403,18.24371740873903,160,229078681
rand1bin,GenSA,Griewank,100,4,-1.980788089106511e-09,6.213235798291862,300,1627604278
rand1bin,SMCO_R,Griewank,100,4,-0.13174683742526672,13.68375042360276,160,1627604278
rand1bin,SPSA,Griewank,100,5,-2689.5808610533672,0.36196415312588215,4483,620025779
rand1bin,optimLBFGS,Griewank,100,5,-7.393600398586386e-09,1.3299938086420298,147,620025779
rand1bin,DEoptim,Rosenbrock,100,12,-723.7286960557434,68.39529361948371,300,112288612
rand1bin,optimNM,Griewank,100,5,-2659.671974166406,0.30975527595728636,3000,620025779
rand1bin,SMCO,Griewank,100,4,-0.872374786161183,17.074293678626418,310,1627604278
rand1bin,SMCO_BR,Griewank,100,4,-0.12981874482444178,16.406404426321387,85,1627604278
rand1bin,BOBYQA,Griewank,100,0,-1165.981574175753,46.361248422414064,3000,609680722
rand1bin,SignGD,Griewank,100,5,-2620.316982576901,4.696318603120744,2008,620025779
rand1bin,SMCO_EVO,Griewank,100,4,-0.8905072768619354,14.87177499383688,310,1627604278
rand1bin,PSO,Griewank,100,5,-599.1599608395791,0.23376868106424809,300,620025779
rand1bin,GA,Griewank,100,5,-48.798097081050166,0.8023677244782448,300,620025779
rand1bin,GD,Griewank,100,4,-1819.3512675988782,15.236510074697435,6000,1627604278
rand1bin,SMCO_BR_EVO,Griewank,100,4,-0.1693275926664446,17.262019247747958,160,1627604278
rand1bin,SMCO_R_EVO,Griewank,100,4,-0.13208544952457668,17.680649653077126,310,1627604278
rand1bin,SMCO_R,Griewank,100,5,-0.15790622928482045,12.193938402459025,160,620025779
rand1bin,ADAM,Griewank,100,4,-2397.8883866127176,16.366438536904752,6000,1627604278
rand1bin,GenSA,Griewank,100,5,-3.9103142945862146e-10,5.949527406133711,300,620025779
rand1bin,BOBYQA,Griewank,100,1,-1141.4865775839821,42.29627435654402,3000,720838238
rand1bin,SMCO_EVO,Griewank,100,5,-0.8940079788061941,12.602431026287377,310,620025779
rand1bin,SMCO_BR_EVO,Griewank,100,5,-0.1613864210351661,11.65305510070175,160,620025779
rand1bin,SPSA,Griewank,100,6,-2754.425691145427,0.4142060298472643,5120,346125290
rand1bin,SMCO_R_EVO,Griewank,100,5,-0.14397763108213568,12.134514395147562,310,620025779
rand1bin,optimNM,Griewank,100,6,-2723.300371887901,0.5529278321191669,3000,346125290
rand1bin,DEoptim,Rosenbrock,100,13,-603.1120088969517,68.81659476738423,300,1482578746
rand1bin,optimLBFGS,Griewank,100,6,-1.3011862698419918e-09,1.3980896659195423,157,346125290
rand1bin,SMCO,Griewank,100,5,-0.8338289404260261,15.884145780466497,310,620025779
rand1bin,PSO,Griewank,100,6,-597.1005812735484,0.3022301886230707,300,346125290
rand1bin,SMCO_BR,Griewank,100,5,-0.15858925482894481,16.094704914838076,85,620025779
rand1bin,GA,Griewank,100,6,-46.636332434964864,1.1928550424054265,300,346125290
rand1bin,SA,Rosenbrock,100,13,-1.0835956197111308e-10,71.46587511338294,300,1482578746
rand1bin,ADAM,Griewank,100,5,-2651.6621153248648,13.919530361890793,6000,620025779
rand1bin,SignGD,Griewank,100,6,-2557.357022529129,6.261229344643652,2507,346125290
rand1bin,GenSA,Griewank,100,6,-1.04495645469882e-09,6.534761875867844,300,346125290
rand1bin,GD,Griewank,100,5,-2010.8542870676667,17.67935435846448,6000,620025779
rand1bin,SA,Rosenbrock,100,12,-6.853547062331637e-11,84.74701343104243,300,112288612
rand1bin,SMCO,Griewank,100,6,-0.8593800460387095,14.72075591236353,310,346125290
rand1bin,SPSA,Griewank,100,7,-2564.9400506950346,0.21243148390203714,4341,73486623
rand1bin,SMCO_BR,Griewank,100,6,-0.16632351506679732,14.374037690460682,85,346125290
rand1bin,SMCO_R,Griewank,100,6,-0.1409432730647524,15.112724765203893,160,346125290
rand1bin,DEoptim,Rosenbrock,100,14,-689.9030981639703,68.43104051332921,300,1994823292
rand1bin,optimLBFGS,Griewank,100,7,-1.20839016570784e-09,0.8723172824829817,171,73486623
rand1bin,optimNM,Griewank,100,7,-2534.8790618922458,0.5441999705508351,3000,73486623
rand1bin,SMCO_EVO,Griewank,100,6,-0.869508372047137,15.6367975929752,310,346125290
rand1bin,SMCO_BR_EVO,Griewank,100,6,-0.17129319738811633,14.653605084866285,160,346125290
rand1bin,GA,Griewank,100,7,-40.01872310962577,1.1372776729986072,300,73486623
rand1bin,PSO,Griewank,100,7,-345.5375869787647,0.25376278068870306,300,73486623
rand1bin,ADAM,Griewank,100,6,-2713.4111113988124,14.098249283619225,6000,346125290
rand1bin,SMCO_EVO,Griewank,100,7,-0.8982780338535221,10.36209325864911,310,73486623
rand1bin,SMCO_R_EVO,Griewank,100,6,-0.1531602873550253,16.821892645210028,310,346125290
rand1bin,BOBYQA,Griewank,100,2,-1146.5482590930978,49.12339216005057,3000,1530055040
rand1bin,SMCO,Griewank,100,7,-0.8879553303105009,13.277944378554821,310,73486623
rand1bin,SMCO_R,Griewank,100,7,-0.140305711511312,13.453164848499,160,73486623
rand1bin,GD,Griewank,100,6,-2058.203950952916,18.01016295980662,6000,346125290
rand1bin,SA,Rosenbrock,100,14,-1.4075149818341665e-10,75.37073352746665,300,1994823292
rand1bin,SignGD,Griewank,100,7,-2363.157399915904,9.488987176679075,3006,73486623
rand1bin,SPSA,Griewank,100,8,-2636.1609337033933,0.43752242904156446,4888,850252786
rand1bin,SMCO_BR,Griewank,100,7,-0.14658748568526125,14.72671912331134,85,73486623
rand1bin,SMCO_R_EVO,Griewank,100,7,-0.1492096503818673,12.864766351878643,310,73486623
rand1bin,GenSA,Griewank,100,7,-5.060777685805817e-09,7.783173502422869,300,73486623
rand1bin,optimLBFGS,Griewank,100,8,-1.9920141092200083e-09,1.1820054640993476,129,850252786
rand1bin,optimNM,Griewank,100,8,-2608.1099070859473,0.5361513486132026,3000,850252786
rand1bin,DEoptim,Griewank,100,0,-1.3451671009712016,69.07475700881332,300,609680722
rand1bin,SMCO_BR_EVO,Griewank,100,7,-0.16216030606294052,13.496312121860683,160,73486623
rand1bin,PSO,Griewank,100,8,-276.82335612233663,0.43688639253377914,300,850252786
rand1bin,SignGD,Griewank,100,8,-2556.9990504442103,2.902227965183556,1509,850252786
rand1bin,BOBYQA,Griewank,100,3,-1410.2106049225686,45.05633679032326,3000,229078681
rand1bin,GA,Griewank,100,8,-51.095588256654494,1.0934299621731043,300,850252786
rand1bin,BOBYQA,Griewank,100,4,-820.6876629974192,39.058141871355474,3000,1627604278
rand1bin,SA,Griewank,100,0,-9.166782888314629e-10,74.89999531209469,300,609680722
rand1bin,GenSA,Griewank,100,8,-3.092172740082333e-09,7.25897306855768,300,850252786
rand1bin,GD,Griewank,100,7,-1917.812662579491,17.88010947033763,6000,73486623
rand1bin,SMCO_BR,Griewank,100,8,-0.17651091034558863,13.799855615012348,85,850252786
rand1bin,SMCO_R,Griewank,100,8,-0.13905039051650603,14.547984147444367,160,850252786
rand1bin,DEoptim,Griewank,100,1,-1.49454048379583,68.3918501958251,300,720838238
rand1bin,SPSA,Griewank,100,9,-2757.976713706238,0.3507058182731271,4216,681665395
rand1bin,optimNM,Griewank,100,9,-2727.202866776001,0.5423357607796788,3000,681665395
rand1bin,ADAM,Griewank,100,7,-2528.1849717137666,18.857725597918034,6000,73486623
rand1bin,optimLBFGS,Griewank,100,9,-1.3747051275103672e-09,1.2574987160041928,157,681665395
rand1bin,SMCO,Griewank,100,8,-0.8761926508132256,16.485926363617182,310,850252786
rand1bin,SMCO_R_EVO,Griewank,100,8,-0.1200730513512378,15.230462386272848,310,850252786
rand1bin,PSO,Griewank,100,9,-250.2993954069414,0.44970942474901676,300,681665395
rand1bin,GA,Griewank,100,9,-48.48183052089746,1.181216117925942,300,681665395
rand1bin,SMCO_BR_EVO,Griewank,100,8,-0.16691615903281465,15.796400516293943,160,850252786
rand1bin,SA,Griewank,100,1,-9.782018528525782e-10,72.13957456033677,300,720838238
rand1bin,SMCO_BR,Griewank,100,9,-0.1551487714117169,12.503610401414335,85,681665395
rand1bin,SignGD,Griewank,100,9,-2545.4827130033455,6.632797319442034,2008,681665395
rand1bin,GD,Griewank,100,8,-1970.7340214395426,16.21764915715903,6000,850252786
rand1bin,SMCO_EVO,Griewank,100,8,-0.8845968790266407,18.244389282539487,310,850252786
rand1bin,SMCO_EVO,Griewank,100,9,-0.8863935636781398,14.568781091831625,310,681665395
rand1bin,ADAM,Griewank,100,8,-2597.817976385194,17.25038281828165,6000,850252786
rand1bin,SPSA,Griewank,100,10,-2599.7749307562212,0.16777911502867937,4030,732936179
rand1bin,optimLBFGS,Griewank,100,10,-5.655741430743433e-10,0.6350589171051979,153,732936179
rand1bin,SMCO_R,Griewank,100,9,-0.13211616392970515,15.994500541128218,160,681665395
rand1bin,optimNM,Griewank,100,10,-2565.8537271820774,0.5433987192809582,3000,732936179
rand1bin,GenSA,Griewank,100,9,-5.711325967716618e-09,7.203882982954383,300,681665395
rand1bin,BOBYQA,Griewank,100,5,-911.7617101930416,42.88290127180517,3000,620025779
rand1bin,DEoptim,Griewank,100,2,-1.234572911543101,69.6603964427486,300,1530055040
rand1bin,SignGD,Griewank,100,10,-2395.4244061239956,4.4342836225405335,2008,732936179
rand1bin,GA,Griewank,100,10,-45.59686206283501,0.6803119042888284,300,732936179
rand1bin,SMCO_R_EVO,Griewank,100,9,-0.14990389422711026,17.538142466917634,310,681665395
rand1bin,PSO,Griewank,100,10,-410.4951709346849,0.2610723627731204,300,732936179
rand1bin,SMCO,Griewank,100,9,-0.8935196141650403,18.86483457032591,310,681665395
rand1bin,SMCO_BR_EVO,Griewank,100,9,-0.12335228819068023,14.01382225845009,160,681665395
rand1bin,GD,Griewank,100,9,-2060.734526436493,15.075931357219815,6000,681665395
rand1bin,ADAM,Griewank,100,9,-2717.863372748165,14.7711451491341,6000,681665395
rand1bin,GenSA,Griewank,100,10,-9.727938454773266e-10,5.594196865335107,300,732936179
rand1bin,SA,Griewank,100,2,-7.585935213327843e-10,76.20874452963471,300,1530055040
rand1bin,SMCO_BR_EVO,Griewank,100,10,-0.17432227695077096,11.049886061809957,160,732936179
rand1bin,SPSA,Griewank,100,11,-2808.9522573147806,0.3632197882980108,4456,2106073085
rand1bin,SMCO_R,Griewank,100,10,-0.1321660438582588,12.746591280214489,160,732936179
rand1bin,SA,Griewank,100,3,-9.963994074269067e-10,68.0438917381689,300,229078681
rand1bin,optimLBFGS,Griewank,100,11,-1.6403755020988342e-09,1.3385661346837878,150,2106073085
rand1bin,optimNM,Griewank,100,11,-2778.943115896375,0.5471360804513097,3000,2106073085
rand1bin,SMCO_EVO,Griewank,100,10,-0.8607554142772119,13.442335990257561,310,732936179
rand1bin,SignGD,Griewank,100,11,-2597.3857417886716,4.743459167890251,2008,2106073085
rand1bin,SMCO,Griewank,100,10,-0.8938300457503202,15.526223422959447,310,732936179
rand1bin,PSO,Griewank,100,11,-356.4622480327564,0.4693852448835969,300,2106073085
rand1bin,GA,Griewank,100,11,-45.72332373158247,0.6726609598845243,300,2106073085
rand1bin,SMCO_R_EVO,Griewank,100,10,-0.13495295304856914,16.099958713166416,310,732936179
rand1bin,ADAM,Griewank,100,10,-2560.064847002379,15.053682507947087,6000,732936179
rand1bin,DEoptim,Griewank,100,3,-1.7746775249471227,72.72453678678721,300,229078681
rand1bin,SMCO_BR,Griewank,100,11,-0.17693326228529516,12.214112182147801,85,2106073085
rand1bin,SMCO_R_EVO,Griewank,100,11,-0.11842592666989371,12.324000941589475,310,2106073085
rand1bin,BOBYQA,Griewank,100,6,-1420.0424483734166,49.253041725605726,3000,346125290
rand1bin,GenSA,Griewank,100,11,-2.4127646547356107e-09,6.673623385839164,300,2106073085
rand1bin,SMCO_BR,Griewank,100,10,-0.15323431811925636,20.737141995690763,85,732936179
rand1bin,BOBYQA,Griewank,100,7,-1384.1952231851587,41.54859562497586,3000,73486623
rand1bin,SPSA,Griewank,100,12,-2347.014913443614,0.358856163918972,4549,1537214939
rand1bin,GD,Griewank,100,10,-1941.5489109191221,19.815820082090795,6000,732936179
rand1bin,optimNM,Griewank,100,12,-2318.803425427135,0.5794246587902308,3000,1537214939
rand1bin,optimLBFGS,Griewank,100,12,-1.4435776907184561e-08,1.281633268110454,143,1537214939
rand1bin,SMCO_R,Griewank,100,11,-0.14683224349813162,15.967449815943837,160,2106073085
rand1bin,SMCO,Griewank,100,11,-0.9183574659317157,17.073961870744824,310,2106073085
rand1bin,DEoptim,Griewank,100,4,-1.310451378527222,69.36949885450304,300,1627604278
rand1bin,SA,Griewank,100,4,-0.009864672636843874,69.7241350216791,300,1627604278
rand1bin,PSO,Griewank,100,12,-438.8652109294796,0.42648428212851286,300,1537214939
rand1bin,GA,Griewank,100,12,-46.027985618296206,1.1931276777759194,300,1537214939
rand1bin,SMCO_BR_EVO,Griewank,100,11,-0.157990473197949,16.20048447139561,160,2106073085
rand1bin,SMCO_EVO,Griewank,100,11,-0.9074560277005129,19.402026620693505,310,2106073085
rand1bin,SignGD,Griewank,100,12,-2157.276576048019,8.318601717241108,2507,1537214939
rand1bin,GD,Griewank,100,11,-2099.71795088718,18.202140073291957,6000,2106073085
rand1bin,ADAM,Griewank,100,11,-2770.020680379366,16.89509372971952,6000,2106073085
rand1bin,GenSA,Griewank,100,12,-2.3418322836477046e-10,7.557491066865623,300,1537214939
rand1bin,SA,Griewank,100,5,-8.282204921883363e-10,66.12823315057904,300,620025779
rand1bin,SPSA,Griewank,100,13,-2751.0344880384473,0.3377951495349407,4017,442443674
rand1bin,SMCO_EVO,Griewank,100,12,-0.8696118985521988,12.305480084381998,310,1537214939
rand1bin,SMCO_R,Griewank,100,12,-0.13530700026592235,14.803020395338535,160,1537214939
rand1bin,optimNM,Griewank,100,13,-2725.3209076357575,0.5024176640436053,3000,442443674
rand1bin,SMCO,Griewank,100,12,-0.8880181366554706,15.476186361163855,310,1537214939
rand1bin,optimLBFGS,Griewank,100,13,-6.0748059915738395e-09,1.4014576273038983,152,442443674
rand1bin,SMCO_R_EVO,Griewank,100,12,-0.1339672947280115,13.151731135323644,310,1537214939
rand1bin,DEoptim,Griewank,100,5,-1.6751017156428776,68.51570078730583,300,620025779
rand1bin,GA,Griewank,100,13,-50.34671361131988,0.7807315504178405,300,442443674
rand1bin,PSO,Griewank,100,13,-407.5098680624314,0.4314389890059829,300,442443674
rand1bin,ADAM,Griewank,100,12,-2312.307682273547,12.878255328163505,6000,1537214939
rand1bin,SMCO_BR,Griewank,100,12,-0.18618208028492245,16.46027796063572,85,1537214939
rand1bin,SMCO_BR_EVO,Griewank,100,12,-0.1613433155630013,14.936173166148365,160,1537214939
rand1bin,GD,Griewank,100,12,-1754.8791440480936,14.846157025545835,6000,1537214939
rand1bin,SA,Griewank,100,6,-9.791313315687944e-10,64.33722025807947,300,346125290
rand1bin,BOBYQA,Griewank,100,8,-1228.3119433050697,49.13196178898215,3000,850252786
rand1bin,SignGD,Griewank,100,13,-2533.0369586128513,7.972557285800576,2507,442443674
rand1bin,GenSA,Griewank,100,13,-7.424043935166935e-09,6.438381831161678,300,442443674
rand1bin,SPSA,Griewank,100,14,-2556.796524611717,0.26559708919376135,3260,265282895
rand1bin,SMCO_R,Griewank,100,13,-0.12587078603690238,14.374430792406201,160,442443674
rand1bin,SMCO_EVO,Griewank,100,13,-0.8718950716575793,14.034388745203614,310,442443674
rand1bin,optimLBFGS,Griewank,100,14,-1.0009237882968591e-09,1.1844835542142391,131,265282895
rand1bin,optimNM,Griewank,100,14,-2520.7615070423667,0.5354732228443027,3000,265282895
rand1bin,SMCO_R_EVO,Griewank,100,13,-0.15556338138750658,14.320049148984253,310,442443674
rand1bin,DEoptim,Griewank,100,6,-2.0345400844920274,70.21923005301505,300,346125290
rand1bin,SMCO,Griewank,100,13,-0.8608201010140872,16.857435144484043,310,442443674
rand1bin,GD,Griewank,100,13,-2057.0092268589574,13.50435767043382,6000,442443674
rand1bin,PSO,Griewank,100,14,-282.37167578839774,0.43253218755126,300,265282895
rand1bin,SMCO_BR,Griewank,100,13,-0.12909047595604406,17.262532837688923,85,442443674
rand1bin,SMCO_BR_EVO,Griewank,100,13,-0.1430333903717773,14.652279389090836,160,442443674
rand1bin,GA,Griewank,100,14,-45.732890990095925,1.417176897637546,300,265282895
rand1bin,BOBYQA,Griewank,100,9,-754.5264674620771,46.03094478882849,3000,681665395
rand1bin,SignGD,Griewank,100,14,-2359.3532534507954,7.7047705529257655,3006,265282895
rand1bin,GD,Zakharov,100,0,-433909436571390.06,0.1937441611662507,70,719341717
rand1bin,GenSA,Griewank,100,14,-5.6904019274384154e-09,6.652013481594622,300,265282895
rand1bin,SMCO_R_EVO,Griewank,100,14,-0.14784409979231328,12.991829094476998,310,265282895
rand1bin,ADAM,Griewank,100,13,-2711.43361313362,17.237040360458195,6000,442443674
rand1bin,SPSA,Zakharov,100,0,-5320.3125,0.44484436605125666,5843,719341717
rand1bin,SMCO_EVO,Griewank,100,14,-0.8479642766804751,14.124984577298164,310,265282895
rand1bin,SignGD,Zakharov,100,0,-1429.6263319100904,4.02684080414474,2008,719341717
rand1bin,SA,Griewank,100,7,-6.715538125590115e-10,67.90295188687742,300,73486623
rand1bin,optimNM,Zakharov,100,0,-394937007640251.06,0.5128098810091615,3000,719341717
rand1bin,SMCO_R,Griewank,100,14,-0.14075745966966757,15.758280954323709,160,265282895
rand1bin,SMCO,Griewank,100,14,-0.8555640131372755,16.596314949914813,310,265282895
rand1bin,GA,Zakharov,100,0,-714.2384978159074,0.5943534523248672,300,719341717
rand1bin,PSO,Zakharov,100,0,-3855.2312733891627,0.18777473457157612,300,719341717
rand1bin,BOBYQA,Griewank,100,10,-1076.9349462680498,45.382026446051896,3000,732936179
rand1bin,SMCO_BR_EVO,Griewank,100,14,-0.16542806484325634,15.503807624801993,160,265282895
rand1bin,DEoptim,Griewank,100,8,-1.0711540671746802,62.35027784854174,300,850252786
rand1bin,SMCO_BR,Griewank,100,14,-0.16847675938784812,16.664529643021524,85,265282895
rand1bin,optimLBFGS,Zakharov,100,0,-1.190074855829034e-10,3.6390246599912643,607,719341717
rand1bin,GD,Zakharov,100,1,-385676456562850.4,0.24384674336761236,70,466919731
rand1bin,GD,Griewank,100,14,-1911.6613135878013,16.13133516907692,6000,265282895
rand1bin,SA,Griewank,100,8,-1.038325869728851e-09,63.716565074399114,300,850252786
rand1bin,SPSA,Zakharov,100,1,-17859975.0,0.46858396101742983,5767,466919731
rand1bin,ADAM,Griewank,100,14,-2520.7932948799807,16.30533543135971,6000,265282895
rand1bin,DEoptim,Griewank,100,7,-1.5452449314480683,73.4374830275774,300,73486623
rand1bin,optimNM,Zakharov,100,1,-355944117377818.94,0.5236732233315706,3000,466919731
rand1bin,GenSA,Zakharov,100,0,-2.1155720996078605e-10,6.61036310531199,300,719341717
rand1bin,SMCO,Zakharov,100,0,-1.905807076569754,13.39313600026071,310,719341717
rand1bin,optimLBFGS,Zakharov,100,1,-1.7550366930526507e-10,3.051183057948947,625,466919731
rand1bin,SMCO_BR,Zakharov,100,0,-24.74350146959199,13.556939769536257,85,719341717
rand1bin,SignGD,Zakharov,100,1,-1390.5915720957319,4.815063922666013,1571,466919731
rand1bin,GA,Zakharov,100,1,-739.876368662828,0.5842543551698327,300,466919731
rand1bin,PSO,Zakharov,100,1,-3987.611199434224,0.39362651016563177,300,466919731
rand1bin,SMCO_R,Zakharov,100,0,-5.034856349968274,15.195533095858991,160,719341717
rand1bin,SMCO_BR_EVO,Zakharov,100,0,-23.88425375363567,14.373561760410666,160,719341717
rand1bin,SMCO_R_EVO,Zakharov,100,0,-4.526806553959438,15.835494628176093,310,719341717
rand1bin,SMCO_EVO,Zakharov,100,0,-2.4266382308121033,16.731150372885168,310,719341717
rand1bin,GD,Zakharov,100,2,-703317212317006.9,0.22371199447661638,70,184833355
rand1bin,BOBYQA,Griewank,100,11,-1119.120370247311,47.02213718369603,3000,2106073085
rand1bin,SMCO_R,Zakharov,100,1,-4.847353289197695,10.871016195043921,160,466919731
rand1bin,SPSA,Zakharov,100,2,-9158925.0,0.1827394226565957,4577,184833355
rand1bin,GenSA,Zakharov,100,1,-2.1742847779248642e-10,7.635882301256061,300,466919731
rand1bin,SignGD,Zakharov,100,2,-1718.6630827781576,3.0230410574004054,1056,184833355
rand1bin,optimNM,Zakharov,100,2,-648065927380806.1,0.5192094724625349,3000,184833355
rand1bin,ADAM,Zakharov,100,0,-6338842861525.373,17.506708838045597,6000,719341717
rand1bin,SMCO,Zakharov,100,1,-2.1040336581764483,13.869647823274136,310,466919731
rand1bin,ADAM,Zakharov,100,1,-5023763044342.061,12.212848818860948,6000,466919731
rand1bin,optimLBFGS,Zakharov,100,2,-2.1661350095403976e-10,3.2832188764587045,627,184833355
rand1bin,SMCO_BR,Zakharov,100,1,-23.198192551612962,14.377704521641135,85,466919731
rand1bin,SMCO_R_EVO,Zakharov,100,1,-5.480531755823845,13.84521412756294,310,466919731
rand1bin,PSO,Zakharov,100,2,-3201.101256069717,0.37381732650101185,300,184833355
rand1bin,GA,Zakharov,100,2,-496.0595601411696,1.015965928323567,300,184833355
rand1bin,SMCO_BR_EVO,Zakharov,100,1,-22.62358506747631,15.098559958860278,160,466919731
rand1bin,SMCO_R,Zakharov,100,2,-5.523048905095026,10.904609147459269,160,184833355
rand1bin,SMCO_EVO,Zakharov,100,1,-2.0249264648004117,16.895666825585067,310,466919731
rand1bin,GD,Zakharov,100,3,-401727703664401.44,0.24343048967421055,70,1314085451
rand1bin,SMCO_EVO,Zakharov,100,2,-1.927816554505965,10.929913350380957,310,184833355
rand1bin,BOBYQA,Griewank,100,12,-1182.2053204981755,46.3870688714087,3000,1537214939
rand1bin,SPSA,Zakharov,100,3,-15525.0,0.3746068812906742,5322,1314085451
rand1bin,DEoptim,Griewank,100,9,-1.7396735065177267,71.348602081649,300,681665395
rand1bin,SMCO_BR,Zakharov,100,2,-22.38911443130272,14.181592647917569,85,184833355
rand1bin,SA,Griewank,100,9,-8.605983703446896e-10,71.98537813220173,300,681665395
rand1bin,SMCO,Zakharov,100,2,-2.3328413594624506,14.806350880302489,310,184833355
rand1bin,optimNM,Zakharov,100,3,-371423196016681.5,0.2978490777313709,3000,1314085451
rand1bin,GenSA,Zakharov,100,2,-4.330961374540836e-10,7.6333224000409245,300,184833355
rand1bin,optimLBFGS,Zakharov,100,3,-1.4227868327688953e-10,2.416554211638868,622,1314085451
rand1bin,PSO,Zakharov,100,3,-2759.5925302041223,0.18476031627506018,300,1314085451
rand1bin,SMCO_R_EVO,Zakharov,100,2,-5.615805962571604,13.430277472361922,310,184833355
rand1bin,GA,Zakharov,100,3,-650.039456381855,1.0564228734001517,300,1314085451
rand1bin,SignGD,Zakharov,100,3,-1298.6750319061177,4.726028219796717,1509,1314085451
rand1bin,SMCO_BR_EVO,Zakharov,100,2,-23.055651258039266,14.203949760645628,160,184833355
rand1bin,BOBYQA,Griewank,100,13,-803.7149872304467,42.30342162400484,3000,442443674
rand1bin,ADAM,Zakharov,100,2,-12702430156502.424,13.896907365880907,6000,184833355
rand1bin,SA,Griewank,100,10,-7.053611028595697e-10,68.56824934389442,300,732936179
rand1bin,GD,Zakharov,100,4,-399038806391083.4,0.22563115693628788,70,1042408591
rand1bin,SMCO_EVO,Zakharov,100,3,-2.0269017428800677,11.275390028953552,310,1314085451
rand1bin,GenSA,Zakharov,100,3,-2.9069578018455196e-10,5.986286056227982,300,1314085451
rand1bin,SPSA,Zakharov,100,4,-5475.0,0.4354712422937155,5981,1042408591
rand1bin,SMCO_R_EVO,Zakharov,100,3,-6.573624666463546,11.262483046390116,310,1314085451
rand1bin,optimNM,Zakharov,100,4,-363398785246865.6,0.30436183884739876,3000,1042408591
rand1bin,DEoptim,Griewank,100,10,-1.307776657397659,71.40431044157594,300,732936179
rand1bin,SignGD,Zakharov,100,4,-6397.981645230884,4.013771006837487,1509,1042408591
rand1bin,SMCO_R,Zakharov,100,3,-5.383141843915152,14.947643233463168,160,1314085451
rand1bin,SMCO,Zakharov,100,3,-1.6149163529887864,15.207767439074814,310,1314085451
rand1bin,optimLBFGS,Zakharov,100,4,-3.170693041878529e-10,3.4404989248141646,620,1042408591
rand1bin,PSO,Zakharov,100,4,-4046.249172022871,0.3807356795296073,300,1042408591
rand1bin,SMCO_BR,Zakharov,100,3,-21.05084227760787,15.507822717539966,85,1314085451
rand1bin,GA,Zakharov,100,4,-694.2898674214067,1.0495696533471346,300,1042408591
rand1bin,SMCO,Zakharov,100,4,-2.9460740128497456,9.964548967778683,310,1042408591
rand1bin,DEoptim,Griewank,100,11,-1.4892812383476999,66.54587761219591,300,2106073085
rand1bin,SA,Griewank,100,11,-6.917796335770277e-10,68.0172189893201,300,2106073085
rand1bin,GD,Zakharov,100,5,-918872583665395.5,0.2530307685956359,70,11201869
rand1bin,GenSA,Zakharov,100,4,-2.3148762326828577e-10,5.859819691628218,300,1042408591
rand1bin,SMCO_BR_EVO,Zakharov,100,3,-23.89333360161341,16.354705553501844,160,1314085451
rand1bin,SPSA,Zakharov,100,5,-15525.0,0.4168997574597597,5470,11201869
rand1bin,SMCO_BR,Zakharov,100,4,-18.587254964861373,11.778989139012992,85,1042408591
rand1bin,ADAM,Zakharov,100,3,-5715918129270.655,15.751096261665225,6000,1314085451
rand1bin,optimNM,Zakharov,100,5,-860296510351721.5,0.3946126885712147,3000,11201869
rand1bin,SMCO_R,Zakharov,100,4,-4.775095335181792,13.810319371521473,160,1042408591
rand1bin,SignGD,Zakharov,100,5,-1385.5671409754684,4.1066784374415874,1509,11201869
rand1bin,optimLBFGS,Zakharov,100,5,-1.0867372477888958e-10,3.54299408569932,599,11201869
rand1bin,SA,Griewank,100,12,-1.0030098973601298e-09,64.8592211054638,300,1537214939
rand1bin,SMCO_BR_EVO,Zakharov,100,4,-18.14866754125916,14.343877106904984,160,1042408591
rand1bin,PSO,Zakharov,100,5,-4105.708610326168,0.32550643291324377,300,11201869
rand1bin,GA,Zakharov,100,5,-607.2152383655266,1.1213916121050715,300,11201869
rand1bin,SMCO_EVO,Zakharov,100,4,-1.6490962971643583,17.751902856864035,310,1042408591
rand1bin,ADAM,Zakharov,100,4,-5882604019014.428,15.83719536010176,6000,1042408591
rand1bin,BOBYQA,Griewank,100,14,-1502.5644633372099,52.246603718958795,3000,265282895
rand1bin,SMCO_R_EVO,Zakharov,100,4,-5.626496744649817,18.956621279008687,310,1042408591
rand1bin,GenSA,Zakharov,100,5,-1.76135481641654e-10,7.6267209481447935,300,11201869
rand1bin,GD,Zakharov,100,6,-542642156292544.44,0.22268108651041985,70,373157493
rand1bin,SMCO_BR_EVO,Zakharov,100,5,-19.623706633019914,13.068157056346536,160,11201869
rand1bin,DEoptim,Griewank,100,12,-1.4864934536074739,71.90762459859252,300,1537214939
rand1bin,SPSA,Zakharov,100,6,-5700.0,0.42684127669781446,5558,373157493
rand1bin,SignGD,Zakharov,100,6,-1478.3619576618178,3.311905828304589,1509,373157493
rand1bin,SMCO_EVO,Zakharov,100,5,-3.662504798057188,15.225381460040808,310,11201869
rand1bin,optimNM,Zakharov,100,6,-501114642300097.2,0.5696220016106963,3000,373157493
rand1bin,SMCO_BR,Zakharov,100,5,-23.46641679504856,15.743385906331241,85,11201869
rand1bin,SMCO_R,Zakharov,100,5,-4.873034490083258,16.821918078698218,160,11201869
rand1bin,SMCO,Zakharov,100,5,-1.5993621588735678,16.981658086180687,310,11201869
rand1bin,PSO,Zakharov,100,6,-3530.0025697140195,0.4390139440074563,300,373157493
rand1bin,SMCO_R_EVO,Zakharov,100,5,-5.884543094536946,16.589504616335034,310,11201869
rand1bin,GA,Zakharov,100,6,-777.7426095156347,1.1031567407771945,300,373157493
rand1bin,optimLBFGS,Zakharov,100,6,-1.9760166075059268e-10,3.752664215862751,619,373157493
rand1bin,SMCO_R,Zakharov,100,6,-4.940848835839457,11.850611340254545,160,373157493
rand1bin,SA,Griewank,100,13,-1.0020211327343986e-09,68.17261426709592,300,442443674
rand1bin,ADAM,Zakharov,100,5,-19722061512667.75,16.768349605612457,6000,11201869
rand1bin,GD,Zakharov,100,7,-367430392267074.44,0.2569784028455615,70,401377211
rand1bin,DEoptim,Griewank,100,13,-1.0946024312606932,69.58215237408876,300,442443674
rand1bin,GenSA,Zakharov,100,6,-2.703673609542402e-10,7.596330771222711,300,373157493
rand1bin,SPSA,Zakharov,100,7,-1122070.3125,0.42909965477883816,5636,401377211
rand1bin,SMCO_BR,Zakharov,100,6,-19.967553328967462,15.533993658609688,85,373157493
rand1bin,SMCO_R_EVO,Zakharov,100,6,-5.039753787978193,13.652986741624773,310,373157493
rand1bin,SMCO,Zakharov,100,6,-1.7252761373557417,16.215576958842576,310,373157493
rand1bin,optimNM,Zakharov,100,7,-336015917645681.9,0.5767930559813976,3000,401377211
rand1bin,SignGD,Zakharov,100,7,-5746.738842487324,4.480529848486185,1509,401377211
rand1bin,optimLBFGS,Zakharov,100,7,-1.6701360032647732e-10,3.5383442249149084,620,401377211
rand1bin,SMCO_EVO,Zakharov,100,6,-1.7205500543632772,17.745477171614766,310,373157493
rand1bin,PSO,Zakharov,100,7,-3128.253051432212,0.4138884264975786,300,401377211
rand1bin,GA,Zakharov,100,7,-628.4451686392582,0.6788731617853045,300,401377211
rand1bin,SMCO_BR_EVO,Zakharov,100,6,-20.74904005565116,17.344471039250493,160,373157493
rand1bin,ADAM,Zakharov,100,6,-9121402671943.945,16.982318512164056,6000,373157493
rand1bin,SMCO,Zakharov,100,7,-6.628643645825388,13.214505485258996,310,401377211
rand1bin,SMCO_EVO,Zakharov,100,7,-2.2271918048017203,13.003404972143471,310,401377211
rand1bin,SMCO_BR_EVO,Zakharov,100,7,-54.234847033787105,11.84194440767169,160,401377211
rand1bin,GenSA,Zakharov,100,7,-6.129564461666422e-10,7.999554086476564,300,401377211
rand1bin,GD,Zakharov,100,8,-597619840453599.2,0.24412164837121964,70,1268822167
rand1bin,SMCO_R_EVO,Zakharov,100,7,-7.323221623934683,12.568330015055835,310,401377211
rand1bin,SMCO_R,Zakharov,100,7,-6.2790981074308085,14.675732105970383,160,401377211
rand1bin,SA,Griewank,100,14,-8.364382519943092e-10,72.75277743395418,300,265282895
rand1bin,SPSA,Zakharov,100,8,-9158775.0,0.48022464476525784,5951,1268822167
rand1bin,optimNM,Zakharov,100,8,-555726566513992.2,0.5682911993935704,3000,1268822167
rand1bin,SMCO_BR,Zakharov,100,7,-27.41603545312972,16.886692599393427,85,401377211
rand1bin,DEoptim,Griewank,100,14,-1.2492663491358338,74.34557012654841,300,265282895
rand1bin,optimLBFGS,Zakharov,100,8,-1.7826391676574317e-10,3.6614767368882895,612,1268822167
rand1bin,SignGD,Zakharov,100,8,-1450.7186256569914,4.766336375847459,1509,1268822167
rand1bin,PSO,Zakharov,100,8,-3152.207579448489,0.42342142667621374,300,1268822167
rand1bin,GA,Zakharov,100,8,-539.7682280286568,1.1277935625985265,300,1268822167
rand1bin,DEoptim,Zakharov,100,0,-774.6492802934937,71.25123888812959,300,719341717
rand1bin,ADAM,Zakharov,100,7,-4585466258581.692,18.539527844637632,6000,401377211
rand1bin,SMCO,Zakharov,100,8,-2.536310310533006,13.005264244042337,310,1268822167
rand1bin,GenSA,Zakharov,100,8,-3.786956767443843e-10,7.794969609007239,300,1268822167
rand1bin,SMCO_BR,Zakharov,100,8,-22.394419214781006,12.907354180701077,85,1268822167
rand1bin,SMCO_R,Zakharov,100,8,-4.563443274363661,13.931441142223775,160,1268822167
rand1bin,GD,Zakharov,100,9,-684364145070334.4,0.25093571096658707,70,1871397980
rand1bin,SMCO_EVO,Zakharov,100,8,-1.963762242852337,16.103428651578724,310,1268822167
rand1bin,SPSA,Zakharov,100,9,-58631245.3125,0.36509930063039064,4533,1871397980
rand1bin,SignGD,Zakharov,100,9,-1594.7428718982999,4.643764230422676,1509,1871397980
rand1bin,SMCO_R_EVO,Zakharov,100,8,-4.449986238202497,16.39739329740405,310,1268822167
rand1bin,SMCO_BR_EVO,Zakharov,100,8,-20.74138260517935,15.761118088848889,160,1268822167
rand1bin,optimNM,Zakharov,100,9,-628162014745442.6,0.5645126095041633,3000,1871397980
rand1bin,DEoptim,Zakharov,100,1,-752.4343337381638,73.6581727443263,300,466919731
rand1bin,optimLBFGS,Zakharov,100,9,-2.1373232326138426e-10,3.999284208752215,604,1871397980
rand1bin,ADAM,Zakharov,100,8,-9663149985106.898,18.18948996346444,6000,1268822167
rand1bin,PSO,Zakharov,100,9,-3516.7447453408718,0.3769787745550275,300,1871397980
rand1bin,GA,Zakharov,100,9,-483.77188785833334,1.3011722527444363,300,1871397980
rand1bin,SMCO_BR,Zakharov,100,9,-23.00326028420716,11.319410680793226,85,1871397980
rand1bin,SMCO_R,Zakharov,100,9,-5.339316289583875,14.753278146497905,160,1871397980
rand1bin,SMCO,Zakharov,100,9,-1.848085806900568,15.678843232803047,310,1871397980
rand1bin,GenSA,Zakharov,100,9,-2.009071073563778e-10,6.4782028598710895,300,1871397980
rand1bin,SMCO_R_EVO,Zakharov,100,9,-5.153203007427182,15.217429314740002,310,1871397980
rand1bin,GD,Zakharov,100,10,-633041132674010.1,0.25138033647090197,70,485411439
rand1bin,SMCO_EVO,Zakharov,100,9,-2.8543515440627227,16.256078561767936,310,1871397980
rand1bin,DEoptim,Zakharov,100,2,-641.7477093873698,72.80388887040317,300,184833355
rand1bin,SPSA,Zakharov,100,10,-5098045.3125,0.4254544638097286,5232,485411439
rand1bin,SMCO_BR_EVO,Zakharov,100,9,-24.01033843770621,15.792461729608476,160,1871397980
rand1bin,DEoptim,Zakharov,100,3,-829.5762194704027,67.45538722351193,300,1314085451
rand1bin,optimNM,Zakharov,100,10,-590103872988363.4,0.5526352161541581,3000,485411439
rand1bin,SignGD,Zakharov,100,10,-1659.4965520530213,3.552271645516157,1124,485411439
rand1bin,optimLBFGS,Zakharov,100,10,-1.6087438975027644e-10,3.7893701680004597,623,485411439
rand1bin,ADAM,Zakharov,100,9,-12679115712357.697,19.33375011663884,6000,1871397980
rand1bin,GA,Zakharov,100,10,-547.8370110203005,1.15695686545223,300,485411439
rand1bin,PSO,Zakharov,100,10,-3343.3170419164176,0.4229402942582965,300,485411439
rand1bin,SMCO,Zakharov,100,10,-1.7521525876659592,12.634709007106721,310,485411439
rand1bin,SMCO_BR,Zakharov,100,10,-22.16000465743313,13.152722338214517,85,485411439
rand1bin,DEoptim,Zakharov,100,4,-772.370374257563,66.31264396756887,300,1042408591
rand1bin,SMCO_EVO,Zakharov,100,10,-1.9799062128209675,12.789406543597579,310,485411439
rand1bin,GenSA,Zakharov,100,10,-5.137398195873819e-10,7.700008913874626,300,485411439
rand1bin,SMCO_R,Zakharov,100,10,-5.454237228319452,17.144888577982783,160,485411439
rand1bin,SMCO_R_EVO,Zakharov,100,10,-5.890229090233946,15.35377590265125,310,485411439
rand1bin,GD,Zakharov,100,11,-362820522776028.7,0.24229517299681902,70,1053045607
rand1bin,SMCO_BR_EVO,Zakharov,100,10,-21.269287524845282,15.238298563286662,160,485411439
rand1bin,SPSA,Zakharov,100,11,-6075.0,0.22794752381742,5185,1053045607
rand1bin,optimLBFGS,Zakharov,100,11,-2.0374012129526643e-10,2.8052328303456306,613,1053045607
rand1bin,SignGD,Zakharov,100,11,-1499.6457325759059,4.259978315792978,1509,1053045607
rand1bin,ADAM,Zakharov,100,10,-11717499614839.842,16.03067892137915,6000,485411439
rand1bin,optimNM,Zakharov,100,11,-331758685298241.9,0.524426101706922,3000,1053045607
rand1bin,DEoptim,Zakharov,100,5,-675.1907216980355,66.10088152438402,300,11201869
rand1bin,SA,Zakharov,100,0,-8.895406183862075e-11,104.66559531353414,300,719341717
rand1bin,GA,Zakharov,100,11,-674.1261814726058,1.1504631331190467,300,1053045607
rand1bin,PSO,Zakharov,100,11,-3526.802859257557,0.4318648399785161,300,1053045607
rand1bin,SMCO_R_EVO,Zakharov,100,11,-4.760612135592091,12.309540645219386,310,1053045607
rand1bin,SA,Zakharov,100,2,-8.682757446055847e-11,93.6937420880422,300,184833355
rand1bin,SMCO_R,Zakharov,100,11,-4.748948578389803,14.924916123971343,160,1053045607
rand1bin,SA,Zakharov,100,1,-8.802954466145763e-11,103.42083285469562,300,466919731
rand1bin,SMCO,Zakharov,100,11,-1.7546806380635924,15.883253503590822,310,1053045607
rand1bin,SMCO_BR,Zakharov,100,11,-19.028439188099977,15.108810121193528,85,1053045607
rand1bin,GD,Zakharov,100,12,-674541600492006.5,0.24905244074761868,70,1044155138
rand1bin,GenSA,Zakharov,100,11,-3.0363502373686885e-10,7.799023346044123,300,1053045607
rand1bin,SMCO_EVO,Zakharov,100,11,-1.7546096580644832,17.172286624088883,310,1053045607
rand1bin,SPSA,Zakharov,100,12,-5170.3125,0.20981764048337936,5472,1044155138
rand1bin,SMCO_BR_EVO,Zakharov,100,11,-20.522474233638317,16.256596487015486,160,1053045607
rand1bin,ADAM,Zakharov,100,11,-4508602187878.253,15.15067892614752,6000,1053045607
rand1bin,optimNM,Zakharov,100,12,-629754112760293.9,0.3143445458263159,3000,1044155138
rand1bin,DEoptim,Zakharov,100,6,-749.1167754062955,68.41257567051798,300,373157493
rand1bin,SignGD,Zakharov,100,12,-1331.788786957804,4.780821488238871,1509,1044155138
rand1bin,optimLBFGS,Zakharov,100,12,-1.3914291111205868e-10,2.796306101605296,601,1044155138
rand1bin,GA,Zakharov,100,12,-721.6979286766012,1.1720838863402605,300,1044155138
rand1bin,PSO,Zakharov,100,12,-2931.7305730376083,0.40393958799540997,300,1044155138
rand1bin,SMCO_BR_EVO,Zakharov,100,12,-24.048498787941828,11.51119015365839,160,1044155138
rand1bin,GenSA,Zakharov,100,12,-2.376703532763255e-10,7.059382810257375,300,1044155138
rand1bin,SMCO,Zakharov,100,12,-1.8471525306244883,16.890181623399258,310,1044155138
rand1bin,SMCO_BR,Zakharov,100,12,-19.69105606237585,15.01506279129535,85,1044155138
rand1bin,SMCO_R_EVO,Zakharov,100,12,-5.676076152228479,14.296363616362214,310,1044155138
rand1bin,BOBYQA,Zakharov,100,0,-7641282601757.548,126.16011623479426,3000,719341717
rand1bin,GD,Zakharov,100,13,-462773356118067.94,0.11351213045418262,70,766342053
rand1bin,SMCO_EVO,Zakharov,100,12,-2.0806299172202336,15.79918682295829,310,1044155138
rand1bin,SMCO_R,Zakharov,100,12,-5.282692435985665,16.893276881426573,160,1044155138
rand1bin,SA,Zakharov,100,3,-9.355513008050537e-11,103.37052541133016,300,1314085451
rand1bin,SA,Zakharov,100,4,-9.673723282004914e-11,96.74694564659148,300,1042408591
rand1bin,DEoptim,Zakharov,100,7,-753.299517229562,69.6695812093094,300,401377211
rand1bin,SPSA,Zakharov,100,13,-5545.3125,0.42903783079236746,5334,766342053
rand1bin,optimNM,Zakharov,100,13,-429514793127326.0,0.30473173689097166,3000,766342053
rand1bin,SA,Zakharov,100,5,-8.366541599864246e-11,89.95465519744903,300,11201869
rand1bin,SignGD,Zakharov,100,13,-1436.5631960814235,2.0826747035607696,1388,766342053
rand1bin,optimLBFGS,Zakharov,100,13,-1.1845874178118365e-10,2.479627251625061,615,766342053
rand1bin,GA,Zakharov,100,13,-585.2277331904152,0.8013861114159226,300,766342053
rand1bin,PSO,Zakharov,100,13,-3492.6863927166314,0.4326432542875409,300,766342053
rand1bin,ADAM,Zakharov,100,12,-12142581752991.652,17.872593681328,6000,1044155138
rand1bin,SMCO_R,Zakharov,100,13,-6.313508400806707,10.025101372040808,160,766342053
rand1bin,GenSA,Zakharov,100,13,-1.7087142935627583e-10,6.135371724143624,300,766342053
rand1bin,SMCO,Zakharov,100,13,-2.054513794581918,16.04460776783526,310,766342053
rand1bin,BOBYQA,Zakharov,100,1,-4561169361877.417,129.93820509966463,3000,466919731
rand1bin,GD,Zakharov,100,14,-277609867168771.88,0.15119656175374985,70,1070224383
rand1bin,SMCO_EVO,Zakharov,100,13,-2.046866067407716,12.097779458388686,310,766342053
rand1bin,SMCO_BR,Zakharov,100,13,-21.464331787855887,13.334357931278646,85,766342053
rand1bin,DEoptim,Zakharov,100,8,-640.0260954041692,68.95004067663103,300,1268822167
rand1bin,SPSA,Zakharov,100,14,-9158775.0,0.45705041103065014,5517,1070224383
rand1bin,optimLBFGS,Zakharov,100,14,-1.4773972116542207e-10,2.9456364260986447,605,1070224383
rand1bin,optimNM,Zakharov,100,14,-253831600787420.1,0.3163735643029213,3000,1070224383
rand1bin,SignGD,Zakharov,100,14,-1572.8999205161601,4.017576580867171,1509,1070224383
rand1bin,SMCO,Zakharov,100,14,-2.1928322366924453,11.577919642440975,310,1070224383
rand1bin,SMCO_R,Zakharov,100,14,-4.4422086487479815,11.507427105680108,160,1070224383
rand1bin,SMCO_R_EVO,Zakharov,100,13,-5.6393349333574125,16.344398668035865,310,766342053
rand1bin,PSO,Zakharov,100,14,-3097.19955969007,0.2893828544765711,300,1070224383
rand1bin,SMCO_BR_EVO,Zakharov,100,13,-27.865353362163003,16.422016276046634,160,766342053
rand1bin,ADAM,Zakharov,100,13,-6490491842372.361,15.191854712553322,6000,766342053
rand1bin,GA,Zakharov,100,14,-627.8273977668384,0.916773502714932,300,1070224383
rand1bin,GenSA,Zakharov,100,14,-2.4759704332876225e-10,5.168252286501229,300,1070224383
rand1bin,SMCO_BR,Zakharov,100,14,-18.809018828114578,15.54747608769685,85,1070224383
rand1bin,SMCO_R_EVO,Zakharov,100,14,-4.57598620347833,13.62982832454145,310,1070224383
rand1bin,SMCO_EVO,Zakharov,100,14,-2.163906254434184,13.947596531361341,310,1070224383
rand1bin,SA,Zakharov,100,6,-8.876047905526391e-11,98.83586685545743,300,373157493
rand1bin,SMCO_BR_EVO,Zakharov,100,14,-21.405684541103906,14.284813286736608,160,1070224383
rand1bin,ADAM,Zakharov,100,14,-2813923557925.6733,16.25948792975396,6000,1070224383
rand1bin,DEoptim,Zakharov,100,9,-629.3046336821619,72.57025116123259,300,1871397980
rand1bin,BOBYQA,Zakharov,100,3,-7420252725455.424,131.42223884537816,3000,1314085451
rand1bin,BOBYQA,Zakharov,100,4,-4164140956587.83,125.94751941878349,3000,1042408591
rand1bin,SA,Zakharov,100,7,-8.881998783777687e-11,99.03841872885823,300,401377211
rand1bin,DEoptim,Zakharov,100,10,-666.6609369328178,64.43358529731631,300,485411439
rand1bin,BOBYQA,Zakharov,100,5,-1899247956654.3447,128.3317148666829,3000,11201869
rand1bin,SA,Zakharov,100,8,-8.983032893296038e-11,98.21183075942099,300,1268822167
rand1bin,BOBYQA,Zakharov,100,6,-6000439409775.922,119.76439672335982,3000,373157493
rand1bin,SA,Zakharov,100,9,-8.571758448818057e-11,87.92316833976656,300,1871397980
rand1bin,BOBYQA,Zakharov,100,2,-5442452649271.047,155.32731383666396,3000,184833355
rand1bin,DEoptim,Zakharov,100,11,-719.764021198729,66.0345101589337,300,1053045607
rand1bin,DEoptim,Zakharov,100,12,-772.7044447487909,56.91387329623103,300,1044155138
rand1bin,SA,Zakharov,100,10,-9.003391546518277e-11,85.94730959180743,300,485411439
rand1bin,BOBYQA,Zakharov,100,8,-11092614948520.424,113.52818038128316,3000,1268822167
rand1bin,SA,Zakharov,100,11,-8.741829745160586e-11,76.58746020309627,300,1053045607
rand1bin,DEoptim,Zakharov,100,13,-711.9140211390759,54.98218338377774,300,766342053
rand1bin,SA,Zakharov,100,12,-8.605503811690739e-11,70.19199369475245,300,1044155138
rand1bin,BOBYQA,Zakharov,100,7,-4432337233632.13,132.04209948331118,3000,401377211
rand1bin,DEoptim,Zakharov,100,14,-795.293720357495,52.175258649513125,300,1070224383
rand1bin,SA,Zakharov,100,13,-8.962322683612171e-11,66.23588968534023,300,766342053
rand1bin,SA,Zakharov,100,14,-9.685971145907638e-11,60.15065394900739,300,1070224383
rand1bin,BOBYQA,Zakharov,100,12,-7975808303430.11,91.0040277345106,3000,1044155138
rand1bin,BOBYQA,Zakharov,100,9,-7237324707803.997,129.40023320913315,3000,1871397980
rand1bin,BOBYQA,Zakharov,100,10,-2724130876190.1304,119.82981755025685,3000,485411439
rand1bin,BOBYQA,Zakharov,100,11,-1282401736529.1711,108.02737690322101,3000,1053045607
rand1bin,BOBYQA,Zakharov,100,13,-6087815616583.864,92.76989349350333,3000,766342053
rand1bin,BOBYQA,Zakharov,100,14,-2893560429181.9917,91.22032373584807,3000,1070224383
rand1bin,PSO,Rastrigin,5000,1,-83846.68213339157,4.1034241346642375,300,2055517493
rand1bin,PSO,Rastrigin,5000,0,-84987.49262125214,5.503665802069008,300,1079569570
rand1bin,PSO,Ackley,5000,0,-21.12224494516025,6.17048124410212,300,1825552273
rand1bin,GA,Ackley,5000,0,-17.147158148759107,8.069819822907448,300,1825552273
rand1bin,GA,Rastrigin,5000,1,-54778.208766166645,8.75067893601954,300,2055517493
rand1bin,GA,Rastrigin,5000,0,-55527.47619871411,9.84828048106283,300,1079569570
rand1bin,PSO,Ackley,5000,1,-21.104273509052792,5.555006214417517,300,200770670
rand1bin,GA,Ackley,5000,1,-16.865054672361516,9.495613254606724,300,200770670
rand1bin,SA,Rastrigin,5000,1,-89434.14654253067,2207.116858142428,300,2055517493
rand1bin,SA,Rastrigin,5000,0,-89288.33887345956,2232.774641249329,300,1079569570
rand1bin,SA,Ackley,5000,0,-21.266699121874378,2372.102669224143,300,1825552273
rand1bin,SA,Ackley,5000,1,-21.26601269302347,2378.2947389297187,300,200770670
rand1bin,GenSA,Ackley,5000,1,-13.543319546441817,2879.1645117141306,300,200770670
rand1bin,GenSA,Ackley,5000,0,-13.127448208557231,2901.070589707233,300,1825552273
rand1bin,GenSA,Rastrigin,5000,0,-47.79720033550984,3422.73572136648,300,1079569570
rand1bin,SA,Rosenbrock,5000,0,-53215670.00162945,559.8104689754546,300,644276710
rand1bin,GA,Rosenbrock,5000,0,-54841118.938040674,5.696604434400797,300,644276710
rand1bin,PSO,Rosenbrock,5000,0,-550287984.0226326,2.7637754566967487,300,644276710
rand1bin,GenSA,Rastrigin,5000,1,-33.82860948504822,3903.354892245494,300,2055517493
rand1bin,GenSA,Rosenbrock,5000,0,-86.0151736839877,2445.2671284638345,300,644276710
rand1bin,SMCO,Rosenbrock,5000,0,-1611.8249701586774,9074.610066129826,371,644276710
rand1bin,SMCO_R,Rosenbrock,5000,0,-2747.3117485502,9087.312102632597,221,644276710
rand1bin,SMCO,Rosenbrock,5000,1,-1608.3416718709768,8150.34662767034,371,1602251749
rand1bin,SMCO_BR,Rosenbrock,5000,0,-77240.68892369894,9730.837438737042,146,644276710
rand1bin,SMCO_EVO,Rosenbrock,5000,0,-1145.3717922261508,9840.970916747116,371,644276710
rand1bin,SMCO_R_EVO,Rosenbrock,5000,0,-1394.3030181570577,9835.453373998404,371,644276710
rand1bin,SMCO_BR_EVO,Rosenbrock,5000,0,-77028.79682523472,9858.510559942573,221,644276710
rand1bin,GA,Rosenbrock,5000,1,-52129137.11324549,6.809002358466387,300,1602251749
rand1bin,PSO,Rosenbrock,5000,1,-551161961.7874036,2.907009882852435,300,1602251749
rand1bin,SA,Rosenbrock,5000,1,-54641393.02868482,705.9854079969227,300,1602251749
rand1bin,SMCO_BR,Rosenbrock,5000,1,-75884.3285206816,8207.03182494454,146,1602251749
rand1bin,SMCO_R,Rosenbrock,5000,1,-2374.7265710138354,9690.540370712057,221,1602251749
rand1bin,GenSA,Rosenbrock,5000,1,-115.2587088370591,2669.4638839568943,300,1602251749
rand1bin,SMCO_BR_EVO,Rosenbrock,5000,1,-76113.4481234885,6946.475329080597,221,1602251749
rand1bin,SMCO_R_EVO,Rosenbrock,5000,1,-1400.2197249291467,9548.59363005776,371,1602251749
rand1bin,SMCO_EVO,Rosenbrock,5000,1,-1089.7475698423987,9712.71407598909,371,1602251749
rand1bin,SMCO,Rastrigin,5000,0,-42818.33622432744,25312.30210118089,371,1079569570
rand1bin,SMCO_EVO,Rastrigin,5000,0,-42818.98108115221,25619.58568801731,371,1079569570
rand1bin,SMCO_R,Rastrigin,5000,1,-42484.96693546827,31170.555717440322,221,2055517493
rand1bin,SMCO_R,Rastrigin,5000,0,-42719.535881690696,31611.36673732847,221,1079569570
rand1bin,SMCO_EVO,Rastrigin,5000,1,-42588.65559422157,32675.222489637323,371,2055517493
rand1bin,SMCO,Rastrigin,5000,1,-42589.43493470436,33661.25337697845,371,2055517493
rand1bin,SMCO_R_EVO,Rastrigin,5000,0,-42717.672843969995,34573.11813203152,371,1079569570
rand1bin,SMCO_R_EVO,Rastrigin,5000,1,-42488.203882867485,34655.46109987516,371,2055517493
rand1bin,SMCO_BR_EVO,Rastrigin,5000,1,-42739.911274927246,35587.598688932136,221,2055517493
rand1bin,SMCO_R,Ackley,5000,1,-3.480138869100504,35822.58779035602,221,200770670
rand1bin,SMCO_EVO,Ackley,5000,1,-3.598233061764287,36230.154308552854,371,200770670
rand1bin,SMCO_BR,Rastrigin,5000,1,-42736.7828309703,36465.07383828703,146,2055517493
rand1bin,SMCO_BR,Rastrigin,5000,0,-42995.39419467725,36483.43580778409,146,1079569570
rand1bin,SMCO_BR_EVO,Rastrigin,5000,0,-42983.86445125408,36959.04958154075,221,1079569570
rand1bin,SMCO,Ackley,5000,0,-3.5946416007817956,37194.20864509791,371,1825552273
rand1bin,SMCO_BR_EVO,Ackley,5000,0,-11.628122709534988,38941.581582603045,221,1825552273
rand1bin,DEoptim,Rastrigin,5000,1,-59802.763883440566,40567.09647949878,300,2055517493
rand1bin,SMCO_BR,Ackley,5000,1,-11.656823815783053,40660.325168042444,146,200770670
rand1bin,DEoptim,Rosenbrock,5000,0,-84740682.84156945,37285.69255328644,300,644276710
rand1bin,SMCO_BR,Ackley,5000,0,-11.570967566418018,41033.947689864784,146,1825552273
rand1bin,DEoptim,Ackley,5000,0,-18.49343036579645,41314.91878796555,300,1825552273
rand1bin,SMCO,Ackley,5000,1,-3.6076409880422244,41352.06275444478,371,200770670
rand1bin,DEoptim,Ackley,5000,1,-18.294539467956024,41456.79754224699,300,200770670
rand1bin,SMCO_R_EVO,Ackley,5000,0,-3.2754640869095977,41570.27490434889,371,1825552273
rand1bin,SMCO_BR_EVO,Ackley,5000,1,-11.629747921911692,41612.2073068358,221,200770670
rand1bin,SMCO_R_EVO,Ackley,5000,1,-3.2748886433807027,41846.6163309142,371,200770670
rand1bin,SMCO_R,Ackley,5000,0,-3.47633852640988,42050.320633973926,221,1825552273
rand1bin,SMCO_EVO,Ackley,5000,0,-3.595949639521628,42434.55747412611,371,1825552273
rand1bin,DEoptim,Rastrigin,5000,0,-60008.96771029911,48201.24859846849,300,1079569570
rand1bin,DEoptim,Rosenbrock,5000,1,-80013369.8572768,40991.46059489343,300,1602251749
current-to-best1bin,optimNM,Rastrigin,100,1,-1549.5623809253839,0.28378797974437475,3000,1677437249
current-to-best1bin,PSO,Rastrigin,100,0,-827.9340253646435,0.3430369393900037,300,647279673
current-to-best1bin,PSO,Rastrigin,100,1,-839.2386301076419,0.3400894943624735,300,1677437249
current-to-best1bin,optimNM,Rastrigin,100,0,-1526.7436251980305,0.37599604204297066,3000,647279673
current-to-best1bin,SPSA,Rastrigin,100,1,-1538.3410663034379,0.42233707942068577,6000,1677437249
current-to-best1bin,SPSA,Rastrigin,100,0,-1480.8139061637748,0.48506665229797363,6000,647279673
current-to-best1bin,GA,Rastrigin,100,0,-763.6228392254486,0.7654672274366021,300,647279673
current-to-best1bin,GA,Rastrigin,100,1,-796.3295896899533,1.0208495846018195,300,1677437249
current-to-best1bin,optimLBFGS,Rastrigin,100,0,-628.8102727810642,1.0516055198386312,161,647279673
current-to-best1bin,optimLBFGS,Rastrigin,100,1,-592.993030112428,1.044591398909688,148,1677437249
current-to-best1bin,SPSA,Rastrigin,100,2,-1478.47185113991,0.2848595231771469,5419,1220831571
current-to-best1bin,optimNM,Rastrigin,100,2,-1614.7410860189984,0.28680802695453167,3000,1220831571
current-to-best1bin,optimLBFGS,Rastrigin,100,2,-653.6843183741635,0.9169425228610635,147,1220831571
current-to-best1bin,SignGD,Rastrigin,100,2,-814.626896486491,4.286648659966886,1509,1220831571
current-to-best1bin,SignGD,Rastrigin,100,0,-821.7715959346215,5.0577894216403365,2507,647279673
current-to-best1bin,GA,Rastrigin,100,2,-757.0710122423515,1.1066263681277633,300,1220831571
current-to-best1bin,PSO,Rastrigin,100,2,-751.1873760162218,0.34200815577059984,300,1220831571
current-to-best1bin,SignGD,Rastrigin,100,1,-738.555143457382,7.568957114592195,3006,1677437249
current-to-best1bin,GD,Rastrigin,100,1,-1263.5912906260824,7.694254497997463,3977,1677437249
current-to-best1bin,GD,Rastrigin,100,2,-1222.794130086615,7.742196968756616,2796,1220831571
current-to-best1bin,GD,Rastrigin,100,0,-1191.960147133444,8.467385664582253,3271,647279673
current-to-best1bin,GenSA,Rastrigin,100,0,-0.9949590570969349,8.682767667807639,300,647279673
current-to-best1bin,ADAM,Rastrigin,100,0,-817.8507090388714,9.317884624935687,5002,647279673
current-to-best1bin,GenSA,Rastrigin,100,1,-4.547473508864641e-13,9.373805996961892,300,1677437249
current-to-best1bin,SMCO_R_EVO,Rastrigin,100,0,-54.83690111062367,9.68747585825622,310,647279673
current-to-best1bin,ADAM,Rastrigin,100,2,-799.9419332573735,9.040099604055285,5006,1220831571
current-to-best1bin,SPSA,Rastrigin,100,3,-1462.5488363490128,0.19952956307679415,5443,1003278960
current-to-best1bin,SMCO_BR_EVO,Rastrigin,100,0,-54.853207506894705,10.307576182298362,160,647279673
current-to-best1bin,SMCO_R,Rastrigin,100,1,-53.854176304184534,10.392940963618457,160,1677437249
current-to-best1bin,SMCO_R_EVO,Rastrigin,100,1,-54.850253030429485,10.501433446072042,310,1677437249
current-to-best1bin,optimLBFGS,Rastrigin,100,3,-592.9924398426822,0.6297128023579717,166,1003278960
current-to-best1bin,optimNM,Rastrigin,100,3,-1612.2142924366872,0.27901387959718704,3000,1003278960
current-to-best1bin,GenSA,Rastrigin,100,2,-0.9949590570952296,9.596424779854715,300,1220831571
current-to-best1bin,GA,Rastrigin,100,3,-789.6368742992286,1.1118052005767822,300,1003278960
current-to-best1bin,PSO,Rastrigin,100,3,-768.7647968616361,0.3636909741908312,300,1003278960
current-to-best1bin,SMCO,Rastrigin,100,1,-60.25818491195764,12.694747246801853,310,1677437249
current-to-best1bin,ADAM,Rastrigin,100,1,-735.2707882860257,12.868931635282934,4994,1677437249
current-to-best1bin,SMCO_BR,Rastrigin,100,1,-54.86139373790115,12.974946518428624,85,1677437249
current-to-best1bin,SMCO_R,Rastrigin,100,2,-53.847460947180366,13.120463649742305,160,1220831571
current-to-best1bin,SMCO_BR,Rastrigin,100,0,-52.87595733567298,13.268946630880237,85,647279673
current-to-best1bin,SMCO_EVO,Rastrigin,100,0,-54.40972735897242,13.480235020630062,310,647279673
current-to-best1bin,SMCO_EVO,Rastrigin,100,2,-55.492730444199424,13.608008205890656,310,1220831571
current-to-best1bin,SMCO_BR_EVO,Rastrigin,100,1,-57.82078757862382,14.12766763009131,160,1677437249
current-to-best1bin,SMCO_BR,Rastrigin,100,2,-55.85118402521789,13.96644941251725,85,1220831571
current-to-best1bin,SMCO,Rastrigin,100,0,-50.512374732313106,14.335405703634024,310,647279673
current-to-best1bin,SMCO_EVO,Rastrigin,100,1,-59.35043688098449,14.3442408638075,310,1677437249
current-to-best1bin,SMCO_R_EVO,Rastrigin,100,2,-57.82503579268234,14.003330119885504,310,1220831571
current-to-best1bin,SMCO_BR_EVO,Rastrigin,100,2,-55.84490016096527,13.999467733316123,160,1220831571
current-to-best1bin,SMCO_R,Rastrigin,100,0,-52.84600371446345,14.413634610362351,160,647279673
current-to-best1bin,SPSA,Rastrigin,100,4,-1392.120336703461,0.38704671151936054,5409,1596454778
current-to-best1bin,optimNM,Rastrigin,100,4,-1538.9060316448176,0.5397633137181401,3000,1596454778
current-to-best1bin,SMCO,Rastrigin,100,2,-59.48650941291521,14.94136987067759,310,1220831571
current-to-best1bin,PSO,Rastrigin,100,4,-844.7713972691678,0.37268418725579977,300,1596454778
current-to-best1bin,optimLBFGS,Rastrigin,100,4,-582.0481989848086,1.0712354481220245,152,1596454778
current-to-best1bin,SignGD,Rastrigin,100,3,-770.1406251229856,6.106796103529632,2507,1003278960
current-to-best1bin,GD,Rastrigin,100,3,-1337.216179765025,6.337654255330563,3177,1003278960
current-to-best1bin,GA,Rastrigin,100,4,-773.1190325647502,1.0617711376398802,300,1596454778
current-to-best1bin,GD,Rastrigin,100,4,-1271.550049328922,3.9106231657788157,2778,1596454778
current-to-best1bin,SMCO_BR,Rastrigin,100,3,-54.861822543553444,9.870538364164531,85,1003278960
current-to-best1bin,GenSA,Rastrigin,100,3,-5.684341886080801e-13,7.104891629889607,300,1003278960
current-to-best1bin,SMCO,Rastrigin,100,3,-49.49372006183614,13.617596259340644,310,1003278960
current-to-best1bin,SignGD,Rastrigin,100,4,-741.3734483338849,6.607970357872546,2507,1596454778
current-to-best1bin,ADAM,Rastrigin,100,3,-746.2150529505277,10.951287027448416,5008,1003278960
current-to-best1bin,SPSA,Rastrigin,100,5,-1369.2308372221694,0.38758852519094944,5403,226492486
current-to-best1bin,SMCO_BR_EVO,Rastrigin,100,3,-51.87511569946696,12.530178514309227,160,1003278960
current-to-best1bin,SMCO_R,Rastrigin,100,3,-58.82353584126588,13.94070906098932,160,1003278960
current-to-best1bin,optimLBFGS,Rastrigin,100,5,-561.1544453696545,1.0364822652190924,142,226492486
current-to-best1bin,optimNM,Rastrigin,100,5,-1601.4935545489952,0.4876509141176939,3000,226492486
current-to-best1bin,SignGD,Rastrigin,100,5,-815.5477319056565,4.115959223359823,1509,226492486
current-to-best1bin,SMCO_EVO,Rastrigin,100,3,-56.31142074727995,13.578790319152176,310,1003278960
current-to-best1bin,PSO,Rastrigin,100,5,-805.5552739535505,0.3425381686538458,300,226492486
current-to-best1bin,SMCO_R_EVO,Rastrigin,100,3,-51.85529388384191,13.822306567803025,310,1003278960
current-to-best1bin,GA,Rastrigin,100,5,-779.7520175793815,1.1337458845227957,300,226492486
current-to-best1bin,SMCO_EVO,Rastrigin,100,5,-58.219122094831505,7.617729971185327,310,226492486
current-to-best1bin,SMCO,Rastrigin,100,4,-57.411779209254405,11.379610316827893,310,1596454778
current-to-best1bin,SMCO_R,Rastrigin,100,4,-59.80121741477819,11.730089611373842,160,1596454778
current-to-best1bin,GenSA,Rastrigin,100,4,-0.9949590570956843,10.406838892959058,300,1596454778
current-to-best1bin,GD,Rastrigin,100,5,-1174.0423403739208,7.714348976500332,3981,226492486
current-to-best1bin,BOBYQA,Rastrigin,100,0,-883.3487045971898,26.119277046993375,3000,647279673
current-to-best1bin,SMCO_BR_EVO,Rastrigin,100,5,-52.862463448145036,8.901994028128684,160,226492486
current-to-best1bin,SMCO_R,Rastrigin,100,5,-57.824322124580476,10.943675222806633,160,226492486
current-to-best1bin,SMCO_R_EVO,Rastrigin,100,4,-55.8384048852472,13.451084973290563,310,1596454778
current-to-best1bin,SPSA,Rastrigin,100,6,-1278.3729001692705,0.4237218275666237,6000,104750137
current-to-best1bin,SMCO_EVO,Rastrigin,100,4,-49.51353198355537,14.060887691564858,310,1596454778
current-to-best1bin,optimNM,Rastrigin,100,6,-1528.3355477221396,0.536852577701211,3000,104750137
current-to-best1bin,optimLBFGS,Rastrigin,100,6,-593.9873903698624,1.0633560568094254,145,104750137
current-to-best1bin,SMCO_BR_EVO,Rastrigin,100,4,-54.84375347222101,14.18428060412407,160,1596454778
current-to-best1bin,ADAM,Rastrigin,100,4,-738.2554218149453,13.340149621479213,5014,1596454778
current-to-best1bin,SMCO_BR,Rastrigin,100,4,-56.84309923524745,14.93890337087214,85,1596454778
current-to-best1bin,PSO,Rastrigin,100,6,-861.5258310912759,0.3761582877486944,300,104750137
current-to-best1bin,SMCO,Rastrigin,100,5,-59.29775723861428,12.841879811137915,310,226492486
current-to-best1bin,GA,Rastrigin,100,6,-804.3803226225122,1.062603366561234,300,104750137
current-to-best1bin,SMCO_R_EVO,Rastrigin,100,5,-57.82321491592552,13.884902312420309,310,226492486
current-to-best1bin,SMCO_BR,Rastrigin,100,5,-61.815315579843286,14.573454252444208,85,226492486
current-to-best1bin,SA,Rastrigin,100,2,-43.77818843646935,28.13637603726238,300,1220831571
current-to-best1bin,SignGD,Rastrigin,100,6,-709.0725064122987,5.03361850976944,3006,104750137
current-to-best1bin,SA,Rastrigin,100,0,-41.78827032228173,30.93400643672794,300,647279673
current-to-best1bin,GenSA,Rastrigin,100,5,-6.821210263296962e-13,9.819091911427677,300,226492486
current-to-best1bin,SPSA,Rastrigin,100,7,-1385.427440600603,0.45950949750840664,6000,1997144833
current-to-best1bin,GD,Rastrigin,100,6,-1210.8582446351968,7.280717987567186,3155,104750137
current-to-best1bin,SA,Rastrigin,100,1,-53.727763893943916,32.119173707440495,300,1677437249
current-to-best1bin,SignGD,Rastrigin,100,7,-772.8797635323651,2.1583965979516506,1509,1997144833
current-to-best1bin,optimNM,Rastrigin,100,7,-1627.3601173143627,0.5132236815989017,3000,1997144833
current-to-best1bin,optimLBFGS,Rastrigin,100,7,-587.0229505588159,1.1471945326775312,143,1997144833
current-to-best1bin,ADAM,Rastrigin,100,5,-786.0128622694162,13.048947992734611,5014,226492486
current-to-best1bin,SMCO_BR,Rastrigin,100,6,-47.86650081987398,10.762735523283482,85,104750137
current-to-best1bin,BOBYQA,Rastrigin,100,2,-876.0846691387746,32.70355026051402,3000,1220831571
current-to-best1bin,PSO,Rastrigin,100,7,-835.2136250375286,0.18752649519592524,300,1997144833
current-to-best1bin,GA,Rastrigin,100,7,-704.9651178505119,1.054676746018231,300,1997144833
current-to-best1bin,GD,Rastrigin,100,7,-1174.0463611242758,4.710723121650517,2784,1997144833
current-to-best1bin,SMCO_EVO,Rastrigin,100,6,-51.36715092553936,11.98345521837473,310,104750137
current-to-best1bin,BOBYQA,Rastrigin,100,1,-805.1115884259666,35.464129857718945,3000,1677437249
current-to-best1bin,SMCO,Rastrigin,100,6,-52.18453095283917,13.973252045921981,310,104750137
current-to-best1bin,SMCO_R,Rastrigin,100,6,-48.86628050913248,13.830594673752785,160,104750137
current-to-best1bin,SMCO_R_EVO,Rastrigin,100,6,-53.837317249831244,12.320707889273763,310,104750137
current-to-best1bin,GenSA,Rastrigin,100,6,-1.0231815394945443e-12,9.835945979692042,300,104750137
current-to-best1bin,SA,Rastrigin,100,3,-55.71766684923614,26.353692683391273,300,1003278960
current-to-best1bin,SMCO_BR_EVO,Rastrigin,100,6,-53.86915475159856,12.73685999866575,160,104750137
current-to-best1bin,SPSA,Rastrigin,100,8,-1466.7509677745463,0.42716974951326847,6000,1129679180
current-to-best1bin,optimLBFGS,Rastrigin,100,8,-588.0181365466627,0.6705237478017807,153,1129679180
current-to-best1bin,optimNM,Rastrigin,100,8,-1618.1017953642008,0.5141514576971531,3000,1129679180
current-to-best1bin,SA,Rastrigin,100,4,-60.692477293597904,23.798360493034124,300,1596454778
current-to-best1bin,ADAM,Rastrigin,100,6,-705.4218317244445,13.330406595021486,5008,104750137
current-to-best1bin,SMCO_R,Rastrigin,100,7,-55.843791419436,12.289665379561484,160,1997144833
current-to-best1bin,SMCO_BR_EVO,Rastrigin,100,7,-55.84895590436054,10.166931216605008,160,1997144833
current-to-best1bin,SignGD,Rastrigin,100,8,-747.2367163333706,4.272584372200072,1509,1129679180
current-to-best1bin,PSO,Rastrigin,100,8,-946.3502776241373,0.3394157448783517,300,1129679180
current-to-best1bin,GA,Rastrigin,100,8,-741.091943959595,1.0328788068145514,300,1129679180
current-to-best1bin,SMCO_BR,Rastrigin,100,7,-52.878128715837306,13.120362564921379,85,1997144833
current-to-best1bin,GenSA,Rastrigin,100,7,-0.9949590570965938,8.85053176805377,300,1997144833
current-to-best1bin,SMCO,Rastrigin,100,8,-57.330331513421584,8.456040725111961,310,1129679180
current-to-best1bin,SMCO,Rastrigin,100,7,-61.44971340996858,14.411196388304234,310,1997144833
current-to-best1bin,SMCO_R_EVO,Rastrigin,100,7,-57.83072024093099,12.490369679406285,310,1997144833
current-to-best1bin,BOBYQA,Rastrigin,100,3,-850.9006163236711,32.169663570821285,3000,1003278960
current-to-best1bin,SMCO_EVO,Rastrigin,100,7,-61.21720299190724,14.031010022386909,310,1997144833
current-to-best1bin,SPSA,Rastrigin,100,9,-1415.4650930973107,0.2835477562621236,5457,191318044
current-to-best1bin,SMCO_R,Rastrigin,100,8,-54.83225740625346,9.061133839190006,160,1129679180
current-to-best1bin,optimNM,Rastrigin,100,9,-1603.814973206533,0.4401097362861037,3000,191318044
current-to-best1bin,optimLBFGS,Rastrigin,100,9,-536.2803249275621,1.1236950065940619,156,191318044
current-to-best1bin,ADAM,Rastrigin,100,7,-769.098949231827,13.108151585794985,5004,1997144833
current-to-best1bin,GD,Rastrigin,100,8,-1256.5668341057997,9.89161136560142,3828,1129679180
current-to-best1bin,GenSA,Rastrigin,100,8,-0.9949590570945475,8.410862748511136,300,1129679180
current-to-best1bin,PSO,Rastrigin,100,9,-874.248514385844,0.2269909055903554,300,191318044
current-to-best1bin,SMCO_EVO,Rastrigin,100,8,-62.19101822528273,11.72258969489485,310,1129679180
current-to-best1bin,SignGD,Rastrigin,100,9,-744.2312452241032,4.486731335520744,2008,191318044
current-to-best1bin,GA,Rastrigin,100,9,-799.13159493002,1.112299201078713,300,191318044
current-to-best1bin,SMCO_R_EVO,Rastrigin,100,8,-57.825234178251094,12.453112651593983,310,1129679180
current-to-best1bin,SMCO_BR_EVO,Rastrigin,100,8,-55.85304735261661,12.268533085472882,160,1129679180
current-to-best1bin,SMCO_EVO,Rastrigin,100,9,-57.25028435628883,7.55327205453068,310,191318044
current-to-best1bin,ADAM,Rastrigin,100,8,-743.2306589577067,12.172772334888577,5008,1129679180
current-to-best1bin,SMCO_BR,Rastrigin,100,8,-51.851832684592864,14.560919581912458,85,1129679180
current-to-best1bin,GD,Rastrigin,100,9,-1248.7751529493617,8.15438339766115,3157,191318044
current-to-best1bin,SPSA,Rastrigin,100,10,-1460.575157437329,0.4319501016288996,6000,2069075111
current-to-best1bin,GenSA,Rastrigin,100,9,-1.9899181141936424,8.326803942210972,300,191318044
current-to-best1bin,optimLBFGS,Rastrigin,100,10,-505.43714332378505,0.980927174910903,141,2069075111
current-to-best1bin,optimNM,Rastrigin,100,10,-1602.1319726050956,0.5285965502262115,3000,2069075111
current-to-best1bin,SMCO_R,Rastrigin,100,9,-55.82689874038283,12.264470531605184,160,191318044
current-to-best1bin,SMCO,Rastrigin,100,9,-54.41962871153339,12.657483296468854,310,191318044
current-to-best1bin,SA,Rastrigin,100,5,-48.7529786841161,31.278293919749558,300,226492486
current-to-best1bin,BOBYQA,Rastrigin,100,4,-810.8041844410026,39.34249387681484,3000,1596454778
current-to-best1bin,SMCO_BR,Rastrigin,100,9,-56.85825861923263,13.258220167830586,85,191318044
current-to-best1bin,SignGD,Rastrigin,100,10,-671.3202690947805,5.3612253637984395,2008,2069075111
current-to-best1bin,GA,Rastrigin,100,10,-816.1187591222618,1.0607249047607183,300,2069075111
current-to-best1bin,PSO,Rastrigin,100,10,-842.9481638035661,0.37632122449576855,300,2069075111
current-to-best1bin,SMCO_R_EVO,Rastrigin,100,9,-58.80960349586337,13.029603806324303,310,191318044
current-to-best1bin,ADAM,Rastrigin,100,9,-740.2453747273025,12.705086445435882,4998,191318044
current-to-best1bin,GD,Rastrigin,100,10,-1312.34412146809,8.360101922415197,4001,2069075111
current-to-best1bin,SMCO_R,Rastrigin,100,10,-55.8360022617461,10.075414238497615,160,2069075111
current-to-best1bin,SMCO,Rastrigin,100,10,-57.55716918525252,10.518978016451001,310,2069075111
current-to-best1bin,SMCO_BR_EVO,Rastrigin,100,9,-57.831192272145586,15.65683934558183,160,191318044
current-to-best1bin,SPSA,Rastrigin,100,11,-1461.7146281266787,0.46168391965329647,6000,963391754
current-to-best1bin,optimLBFGS,Rastrigin,100,11,-536.2799961097963,1.0046548545360565,140,963391754
current-to-best1bin,GenSA,Rastrigin,100,10,-1.2505552149377763e-12,6.6631155190989375,300,2069075111
current-to-best1bin,optimNM,Rastrigin,100,11,-1598.1537361666706,0.38535885233432055,3000,963391754
current-to-best1bin,SMCO_BR,Rastrigin,100,10,-58.84022496033924,12.895867419429123,85,2069075111
current-to-best1bin,BOBYQA,Rastrigin,100,5,-853.3993517065289,38.78524211701006,3000,226492486
current-to-best1bin,SMCO_BR_EVO,Rastrigin,100,10,-50.87474075006298,12.147833801805973,160,2069075111
current-to-best1bin,SMCO_EVO,Rastrigin,100,10,-53.16361354658795,13.136398987844586,310,2069075111
current-to-best1bin,GA,Rastrigin,100,11,-718.7461938547594,0.5847831945866346,300,963391754
current-to-best1bin,PSO,Rastrigin,100,11,-697.7237685863022,0.34947260934859514,300,963391754
current-to-best1bin,SMCO_R_EVO,Rastrigin,100,10,-47.873105353246615,13.050307647325099,310,2069075111
current-to-best1bin,SignGD,Rastrigin,100,11,-774.0445128571471,4.488351436331868,1509,963391754
current-to-best1bin,DEoptim,Rastrigin,100,0,-972.6589619598396,61.130475335754454,300,647279673
current-to-best1bin,SA,Rastrigin,100,6,-47.75802466484697,34.424494264647365,300,104750137
current-to-best1bin,ADAM,Rastrigin,100,10,-668.6091442342959,13.555793315172195,4996,2069075111
current-to-best1bin,GD,Rastrigin,100,11,-1194.9400178210183,7.520439679734409,3568,963391754
current-to-best1bin,SA,Rastrigin,100,7,-44.77315253307654,32.3186615081504,300,1997144833
current-to-best1bin,BOBYQA,Rastrigin,100,6,-781.5045712738395,38.79081573802978,3000,104750137
current-to-best1bin,ADAM,Rastrigin,100,11,-770.0933486270995,8.844641217961907,5018,963391754
current-to-best1bin,SPSA,Rastrigin,100,12,-1430.7167567793722,0.4337319554761052,6000,1451594738
current-to-best1bin,SMCO_R,Rastrigin,100,11,-53.83852749007019,12.189992861822248,160,963391754
current-to-best1bin,optimNM,Rastrigin,100,12,-1598.4450632350072,0.3265563761815429,3000,1451594738
current-to-best1bin,SignGD,Rastrigin,100,12,-788.3543136201104,2.7090880293399096,2008,1451594738
current-to-best1bin,optimLBFGS,Rastrigin,100,12,-624.8308877752622,0.9723364403471351,148,1451594738
current-to-best1bin,SMCO,Rastrigin,100,11,-56.47699215013017,13.40563596226275,310,963391754
current-to-best1bin,SMCO_BR,Rastrigin,100,11,-53.865693686197005,13.208276165649295,85,963391754
current-to-best1bin,PSO,Rastrigin,100,12,-753.669312527716,0.1832594173029065,300,1451594738
current-to-best1bin,GenSA,Rastrigin,100,11,-1.8189894035458565e-12,8.62362237740308,300,963391754
current-to-best1bin,GA,Rastrigin,100,12,-793.2715473044464,0.9678703444078565,300,1451594738
current-to-best1bin,SMCO_EVO,Rastrigin,100,11,-56.35711443938578,14.069351627491415,310,963391754
current-to-best1bin,SMCO_R_EVO,Rastrigin,100,11,-54.82786751309561,13.907558247447014,310,963391754
current-to-best1bin,SMCO_BR_EVO,Rastrigin,100,11,-54.860819164983354,14.19555158354342,160,963391754
current-to-best1bin,SMCO,Rastrigin,100,12,-57.392818679860966,9.435495245270431,310,1451594738
current-to-best1bin,BOBYQA,Rastrigin,100,7,-829.7674212016352,38.11803999636322,3000,1997144833
current-to-best1bin,SA,Rastrigin,100,8,-52.73280987466967,32.38999589998275,300,1129679180
current-to-best1bin,SMCO_BR,Rastrigin,100,12,-53.87001502208955,10.573008107021451,85,1451594738
current-to-best1bin,SMCO_EVO,Rastrigin,100,12,-59.372829916412115,10.374522403813899,310,1451594738
current-to-best1bin,SPSA,Rastrigin,100,13,-1376.0697760577018,0.27877784240990877,5405,1438758648
current-to-best1bin,BOBYQA,Rastrigin,100,9,-815.327864269237,29.66323475446552,3000,191318044
current-to-best1bin,SMCO_R,Rastrigin,100,12,-52.83340024053018,12.068023717030883,160,1451594738
current-to-best1bin,optimLBFGS,Rastrigin,100,13,-583.0429262464758,1.1676214262843132,161,1438758648
current-to-best1bin,optimNM,Rastrigin,100,13,-1666.5336111705176,0.5182294407859445,3000,1438758648
current-to-best1bin,SMCO_R_EVO,Rastrigin,100,12,-58.8250552865843,12.224114016629755,310,1451594738
current-to-best1bin,GD,Rastrigin,100,13,-1307.3682346444152,3.871698684990406,2653,1438758648
current-to-best1bin,GD,Rastrigin,100,12,-1228.7695604150254,11.503220913000405,4775,1451594738
current-to-best1bin,SMCO_BR_EVO,Rastrigin,100,12,-59.82529648012394,12.276121636852622,160,1451594738
current-to-best1bin,GA,Rastrigin,100,13,-763.8791399672823,0.6050037238746881,300,1438758648
current-to-best1bin,PSO,Rastrigin,100,13,-785.9631402377659,0.20969446282833815,300,1438758648
current-to-best1bin,BOBYQA,Rastrigin,100,8,-812.6021358406866,37.9175219880417,3000,1129679180
current-to-best1bin,SA,Rastrigin,100,9,-55.717682008134716,32.432183225639164,300,191318044
current-to-best1bin,DEoptim,Rastrigin,100,1,-932.9413130244818,76.16439343150705,300,1677437249
current-to-best1bin,GenSA,Rastrigin,100,12,-6.821210263296962e-13,9.78235643915832,300,1451594738
current-to-best1bin,SMCO,Rastrigin,100,13,-59.33902369634711,9.106876960024238,310,1438758648
current-to-best1bin,SignGD,Rastrigin,100,13,-704.2567534997734,6.5422665402293205,2507,1438758648
current-to-best1bin,DEoptim,Rastrigin,100,2,-917.7826175250788,72.18992038536817,300,1220831571
current-to-best1bin,SPSA,Rastrigin,100,14,-1263.3811741966233,0.42747406754642725,6000,516633470
current-to-best1bin,optimLBFGS,Rastrigin,100,14,-621.8464602986796,1.0306989206001163,156,516633470
current-to-best1bin,ADAM,Rastrigin,100,12,-785.0179845020355,13.491778339259326,4996,1451594738
current-to-best1bin,optimNM,Rastrigin,100,14,-1601.5466556279084,0.5030069928616285,3000,516633470
current-to-best1bin,SMCO_R,Rastrigin,100,13,-53.8511846172031,10.576360015198588,160,1438758648
current-to-best1bin,BOBYQA,Rastrigin,100,10,-718.7850371852187,28.529656743630767,3000,2069075111
current-to-best1bin,SMCO_BR,Rastrigin,100,13,-57.83831801778979,12.49702813476324,85,1438758648
current-to-best1bin,SMCO_R_EVO,Rastrigin,100,13,-53.83546623831921,12.512125607579947,310,1438758648
current-to-best1bin,PSO,Rastrigin,100,14,-699.5645539299098,0.35029534716159105,300,516633470
current-to-best1bin,GA,Rastrigin,100,14,-783.3730811377101,1.0292121823877096,300,516633470
current-to-best1bin,SignGD,Rastrigin,100,14,-771.6441815942073,5.010165793821216,2008,516633470
current-to-best1bin,SMCO_BR,Rastrigin,100,14,-55.85206455176183,8.213841847144067,85,516633470
current-to-best1bin,GenSA,Rastrigin,100,13,-1.1368683772161603e-12,9.921815321780741,300,1438758648
current-to-best1bin,SMCO_EVO,Rastrigin,100,13,-59.27453568663611,15.09487229399383,310,1438758648
current-to-best1bin,ADAM,Rastrigin,100,13,-700.4473064654264,13.181099626235664,5006,1438758648
current-to-best1bin,SMCO_BR_EVO,Rastrigin,100,13,-57.82510304354764,14.253488915972412,160,1438758648
current-to-best1bin,SA,Rastrigin,100,10,-53.727773969582245,31.498247994109988,300,2069075111
current-to-best1bin,GD,Rastrigin,100,14,-1279.508625088646,8.0047836760059,3880,516633470
current-to-best1bin,SPSA,Ackley,100,0,-20.86084958951837,0.20272974576801062,1960,1054679880
current-to-best1bin,DEoptim,Rastrigin,100,3,-928.5698870400959,74.49635775294155,300,1003278960
current-to-best1bin,optimLBFGS,Ackley,100,0,-19.406362061979127,1.0867560598999262,115,1054679880
current-to-best1bin,SMCO_EVO,Rastrigin,100,14,-59.3113610373689,11.32397541962564,310,516633470
current-to-best1bin,DEoptim,Rastrigin,100,5,-960.8915621309055,64.02898747380823,300,226492486
current-to-best1bin,optimNM,Ackley,100,0,-20.761909355958387,0.771792265586555,3000,1054679880
current-to-best1bin,SMCO_R,Rastrigin,100,14,-53.85067561907863,12.313516354188323,160,516633470
current-to-best1bin,PSO,Ackley,100,0,-19.184378763313322,0.644039305858314,300,1054679880
current-to-best1bin,SMCO,Rastrigin,100,14,-55.491332250212054,13.23334654700011,310,516633470
current-to-best1bin,GA,Ackley,100,0,-9.076860799389074,1.3857078021392226,300,1054679880
current-to-best1bin,GenSA,Rastrigin,100,14,-2.9848771712811413,9.48465497046709,300,516633470
current-to-best1bin,DEoptim,Rastrigin,100,4,-923.0225893969853,73.55276322178543,300,1596454778
current-to-best1bin,DEoptim,Rastrigin,100,6,-979.006223717554,61.618954001925886,300,104750137
current-to-best1bin,SMCO_R_EVO,Rastrigin,100,14,-60.807367362363834,14.406985467299819,310,516633470
current-to-best1bin,ADAM,Rastrigin,100,14,-756.1649236753588,13.274198581464589,5010,516633470
current-to-best1bin,SMCO_BR_EVO,Rastrigin,100,14,-57.831351005103784,15.087864493019879,160,516633470
current-to-best1bin,SignGD,Ackley,100,0,-19.417741292019485,8.841484754346311,2008,1054679880
current-to-best1bin,SA,Rastrigin,100,12,-47.758014589205345,25.785556477494538,300,1451594738
current-to-best1bin,SPSA,Ackley,100,1,-20.739291271195345,0.297680146060884,2966,917264540
current-to-best1bin,SA,Rastrigin,100,11,-53.72777396959168,32.9556584674865,300,963391754
current-to-best1bin,optimNM,Ackley,100,1,-20.92769175868784,0.6992805851623416,3000,917264540
current-to-best1bin,optimLBFGS,Ackley,100,1,-19.42708581838677,1.3180753029882908,124,917264540
current-to-best1bin,BOBYQA,Rastrigin,100,11,-832.957563420354,38.88917367439717,3000,963391754
current-to-best1bin,SA,Rastrigin,100,13,-49.747932703390006,25.595828965306282,300,1438758648
current-to-best1bin,SignGD,Ackley,100,1,-19.494952275683676,8.471562262624502,2008,917264540
current-to-best1bin,PSO,Ackley,100,1,-19.31632780242243,0.596712838858366,300,917264540
current-to-best1bin,GenSA,Ackley,100,0,-1.981726116540017e-08,13.835904253646731,300,1054679880
current-to-best1bin,GA,Ackley,100,1,-9.290886949156675,1.2606487469747663,300,917264540
current-to-best1bin,SMCO_R_EVO,Ackley,100,0,-0.0685614832836845,17.79179387073964,310,1054679880
current-to-best1bin,BOBYQA,Rastrigin,100,13,-810.040240370538,28.804432306438684,3000,1438758648
current-to-best1bin,SMCO_BR,Ackley,100,0,-0.07761676261799311,19.5369207886979,85,1054679880
current-to-best1bin,DEoptim,Rastrigin,100,8,-916.5399930184124,63.91409037820995,300,1129679180
current-to-best1bin,SMCO_R,Ackley,100,0,-0.06917490848442442,22.293855799362063,160,1054679880
current-to-best1bin,SMCO,Ackley,100,0,-0.3715224844656899,22.502418535761535,310,1054679880
current-to-best1bin,SMCO_EVO,Ackley,100,0,-0.3717206864576963,22.54611438047141,310,1054679880
current-to-best1bin,SPSA,Ackley,100,2,-20.65515210498746,0.13236202113330364,2673,1154829938
current-to-best1bin,optimLBFGS,Ackley,100,2,-19.444066148236075,0.5741855166852474,117,1154829938
current-to-best1bin,BOBYQA,Rastrigin,100,12,-862.9975233814913,38.79168408084661,3000,1451594738
current-to-best1bin,ADAM,Ackley,100,0,-19.406362024111658,21.489440087229013,5250,1054679880
current-to-best1bin,optimNM,Ackley,100,2,-20.88839487323706,0.7560294754803181,3000,1154829938
current-to-best1bin,GD,Ackley,100,0,-19.406374768139884,23.404995982535183,5233,1054679880
current-to-best1bin,GenSA,Ackley,100,1,-1.9837032017022693e-08,13.404277509078383,300,917264540
current-to-best1bin,DEoptim,Rastrigin,100,7,-918.5855726034622,74.17259356100112,300,1997144833
current-to-best1bin,SMCO_BR_EVO,Ackley,100,0,-0.0763910628298139,24.710595934651792,160,1054679880
current-to-best1bin,SMCO_BR,Ackley,100,1,-0.07865961514352948,20.273668781854212,85,917264540
current-to-best1bin,PSO,Ackley,100,2,-18.505091816439894,0.5154927261173725,300,1154829938
current-to-best1bin,SMCO_EVO,Ackley,100,1,-0.3808303245609683,19.92926536500454,310,917264540
current-to-best1bin,GA,Ackley,100,2,-8.95955471545265,1.2636970281600952,300,1154829938
current-to-best1bin,SignGD,Ackley,100,2,-19.45569705924578,6.042830208316445,1509,1154829938
current-to-best1bin,SMCO_BR_EVO,Ackley,100,1,-0.07479793391974399,20.8894314551726,160,917264540
current-to-best1bin,SMCO,Ackley,100,1,-0.39215495153138535,23.300481534563005,310,917264540
current-to-best1bin,SA,Rastrigin,100,14,-62.68237521106914,32.15784044191241,300,516633470
current-to-best1bin,SMCO_R,Ackley,100,1,-0.0735253633272781,23.603104708716273,160,917264540
current-to-best1bin,SPSA,Ackley,100,3,-20.644131802639762,0.3573359586298466,3497,697109676
current-to-best1bin,optimLBFGS,Ackley,100,3,-19.44270877833678,1.061104740947485,112,697109676
current-to-best1bin,SMCO_R_EVO,Ackley,100,1,-0.0692548498133303,24.305589594878256,310,917264540
current-to-best1bin,GD,Ackley,100,1,-19.427179414633073,23.296670951880515,5395,917264540
current-to-best1bin,optimNM,Ackley,100,3,-20.82997309201327,0.7378574218600988,3000,697109676
current-to-best1bin,ADAM,Ackley,100,1,-19.42708559232351,22.204823080450296,5281,917264540
current-to-best1bin,DEoptim,Rastrigin,100,10,-887.883678181415,60.78846737463027,300,2069075111
current-to-best1bin,GA,Ackley,100,3,-8.940709532257571,1.366836086846888,300,697109676
current-to-best1bin,PSO,Ackley,100,3,-20.167404745714027,0.5988181801512837,300,697109676
current-to-best1bin,SignGD,Ackley,100,3,-19.503509124897555,6.252842026762664,1509,697109676
current-to-best1bin,SMCO,Ackley,100,2,-0.3947312724325518,18.262440382502973,310,1154829938
current-to-best1bin,BOBYQA,Rastrigin,100,14,-825.3143008487698,40.09636706672609,3000,516633470
current-to-best1bin,SMCO_EVO,Ackley,100,2,-0.3901155077399676,17.484612219035625,310,1154829938
current-to-best1bin,DEoptim,Rastrigin,100,9,-892.2982490748108,73.77667116839439,300,191318044
current-to-best1bin,SA,Ackley,100,0,-19.32874668772047,32.71041521523148,300,1054679880
current-to-best1bin,SMCO_BR,Ackley,100,2,-0.07784428233936014,19.417960620485246,85,1154829938
current-to-best1bin,SMCO_R_EVO,Ackley,100,2,-0.0716426016135725,18.53390065021813,310,1154829938
current-to-best1bin,GD,Ackley,100,2,-19.44406558811262,17.00313867535442,5087,1154829938
current-to-best1bin,GenSA,Ackley,100,2,-1.9860504796298528e-08,14.3843306992203,300,1154829938
current-to-best1bin,SPSA,Ackley,100,4,-20.756177131381534,0.26184920128434896,2685,548148216
current-to-best1bin,SMCO_BR_EVO,Ackley,100,2,-0.07790771177827027,19.767073000781238,160,1154829938
current-to-best1bin,optimLBFGS,Ackley,100,4,-19.44905064122985,1.267762734554708,134,548148216
current-to-best1bin,optimNM,Ackley,100,4,-20.91705785883651,0.5455089909955859,3000,548148216
current-to-best1bin,SMCO_R,Ackley,100,2,-0.07168647557912111,24.309893399477005,160,1154829938
current-to-best1bin,SignGD,Ackley,100,4,-19.459144556145883,7.475355161353946,2008,548148216
current-to-best1bin,GenSA,Ackley,100,3,-1.9849168086949476e-08,13.778533927164972,300,697109676
current-to-best1bin,ADAM,Ackley,100,2,-19.444065568096605,23.461039256304502,5136,1154829938
current-to-best1bin,PSO,Ackley,100,4,-19.62167837095749,0.6113329315558076,300,548148216
current-to-best1bin,GA,Ackley,100,4,-9.368127942425332,1.0526556875556707,300,548148216
current-to-best1bin,SA,Ackley,100,1,-19.314309092843086,33.96976485848427,300,917264540
current-to-best1bin,SMCO_BR,Ackley,100,3,-0.07690501689419493,20.469825035892427,85,697109676
current-to-best1bin,GD,Ackley,100,3,-19.442708376392208,19.88087020907551,5238,697109676
current-to-best1bin,SMCO_R,Ackley,100,3,-0.07354922701514655,22.520488520152867,160,697109676
current-to-best1bin,SMCO_BR_EVO,Ackley,100,3,-0.07781224655254038,21.35651170834899,160,697109676
current-to-best1bin,SMCO_R_EVO,Ackley,100,3,-0.06771161116329383,22.730787849985063,310,697109676
current-to-best1bin,BOBYQA,Ackley,100,0,-19.621003413668006,46.69139667507261,3000,1054679880
current-to-best1bin,SMCO_EVO,Ackley,100,3,-0.3470170820301033,23.356970394030213,310,697109676
current-to-best1bin,SPSA,Ackley,100,5,-20.897359737956137,0.21965860296040773,2184,190826693
current-to-best1bin,SMCO,Ackley,100,3,-0.36713462937429897,24.204671538434923,310,697109676
current-to-best1bin,optimNM,Ackley,100,5,-20.932335011536388,0.7541016917675734,3000,190826693
current-to-best1bin,optimLBFGS,Ackley,100,5,-19.39208677717365,1.1690198564901948,119,190826693
current-to-best1bin,ADAM,Ackley,100,3,-19.44270837638839,22.82260933611542,5204,697109676
current-to-best1bin,DEoptim,Rastrigin,100,11,-894.5760701551235,73.8391928402707,300,963391754
current-to-best1bin,GA,Ackley,100,5,-9.350289013189418,0.68824493419379,300,190826693
current-to-best1bin,GenSA,Ackley,100,4,-2.0428644109671268e-08,13.726856638677418,300,548148216
current-to-best1bin,DEoptim,Rastrigin,100,12,-919.9843920598644,68.02010784298182,300,1451594738
current-to-best1bin,PSO,Ackley,100,5,-19.10904666694115,0.5036194603890181,300,190826693
current-to-best1bin,BOBYQA,Ackley,100,1,-19.59462534306922,42.4423287762329,3000,917264540
current-to-best1bin,SMCO_BR,Ackley,100,4,-0.07772711032218327,18.395610192790627,85,548148216
current-to-best1bin,DEoptim,Rastrigin,100,13,-948.2002864361999,63.126093625091016,300,1438758648
current-to-best1bin,GD,Ackley,100,4,-19.449050559066013,18.032042752951384,5290,548148216
current-to-best1bin,SMCO_R_EVO,Ackley,100,4,-0.07185987780685865,19.333132807165384,310,548148216
current-to-best1bin,ADAM,Ackley,100,4,-19.449050558415674,17.881704817526042,5194,548148216
current-to-best1bin,SMCO_BR_EVO,Ackley,100,4,-0.07858894319277043,21.629165985621512,160,548148216
current-to-best1bin,SPSA,Ackley,100,6,-21.05095707458421,0.2551524182781577,2709,265932811
current-to-best1bin,SMCO,Ackley,100,4,-0.385386658569598,24.346923370845616,310,548148216
current-to-best1bin,optimLBFGS,Ackley,100,6,-19.450544810611166,0.6080899480730295,120,265932811
current-to-best1bin,SMCO_R,Ackley,100,4,-0.07135591432065214,24.158797937445343,160,548148216
current-to-best1bin,optimNM,Ackley,100,6,-21.036876893949604,0.6403148667886853,3000,265932811
current-to-best1bin,DEoptim,Rastrigin,100,14,-947.544447522517,62.50155797228217,300,516633470
current-to-best1bin,SMCO_EVO,Ackley,100,4,-0.3496564684322796,23.88962661102414,310,548148216
current-to-best1bin,SignGD,Ackley,100,5,-19.445094736440517,11.105448882095516,2507,190826693
current-to-best1bin,PSO,Ackley,100,6,-19.679207884076785,0.6201508808881044,300,265932811
current-to-best1bin,GA,Ackley,100,6,-9.174536237914582,1.3871858967468143,300,265932811
current-to-best1bin,SignGD,Ackley,100,6,-19.46187864048413,9.169526242651045,2008,265932811
current-to-best1bin,GenSA,Ackley,100,5,-1.9762528058464568e-08,14.224229164421558,300,190826693
current-to-best1bin,SMCO_EVO,Ackley,100,5,-0.4010389406062953,18.83664377219975,310,190826693
current-to-best1bin,SMCO_R,Ackley,100,6,-0.07244316657811867,14.223324966616929,160,265932811
current-to-best1bin,BOBYQA,Ackley,100,4,-19.597429507170865,30.268864552490413,3000,548148216
current-to-best1bin,SMCO_BR,Ackley,100,5,-0.0780702805750697,22.646353432908654,85,190826693
current-to-best1bin,SMCO_BR_EVO,Ackley,100,5,-0.07692386004557195,20.697899324819446,160,190826693
current-to-best1bin,SMCO,Ackley,100,5,-0.39363871661698413,24.11799363978207,310,190826693
current-to-best1bin,SPSA,Ackley,100,7,-21.01797754916033,0.08650084305554628,1592,2076224509
current-to-best1bin,BOBYQA,Ackley,100,2,-19.646069645493753,46.85233775153756,3000,1154829938
current-to-best1bin,optimLBFGS,Ackley,100,7,-19.40522518468351,0.5434058839455247,117,2076224509
current-to-best1bin,SMCO_R,Ackley,100,5,-0.07104543086567405,24.525906174443662,160,190826693
current-to-best1bin,optimNM,Ackley,100,7,-20.814038379433956,0.4034251244738698,3000,2076224509
current-to-best1bin,ADAM,Ackley,100,5,-19.392086776718134,21.279186867177486,5164,190826693
current-to-best1bin,SMCO_R_EVO,Ackley,100,5,-0.07030158810022558,23.886823068372905,310,190826693
current-to-best1bin,SA,Ackley,100,2,-19.389764558533994,47.794660698622465,300,1154829938
current-to-best1bin,GA,Ackley,100,7,-9.15115450206553,1.355503860861063,300,2076224509
current-to-best1bin,PSO,Ackley,100,7,-19.036014048739325,0.634860266931355,300,2076224509
current-to-best1bin,BOBYQA,Ackley,100,3,-19.64990275832019,41.7413918543607,3000,697109676
current-to-best1bin,GenSA,Ackley,100,6,-1.9936273520926306e-08,13.748091075569391,300,265932811
current-to-best1bin,GD,Ackley,100,5,-19.39216055102832,25.18835560977459,5820,190826693
current-to-best1bin,SMCO_BR_EVO,Ackley,100,6,-0.07497653851109876,19.41023133788258,160,265932811
current-to-best1bin,GD,Ackley,100,6,-19.45054479487248,19.49573208205402,5640,265932811
current-to-best1bin,DEoptim,Ackley,100,0,-2.678747201425168,69.84675243403763,300,1054679880
current-to-best1bin,SMCO,Ackley,100,6,-0.38222703293565674,21.924320292659104,310,265932811
current-to-best1bin,SMCO_R_EVO,Ackley,100,6,-0.07343910052923208,21.116996466182172,310,265932811
current-to-best1bin,SPSA,Ackley,100,8,-20.699882595309248,0.27822430338710546,2772,1286469255
current-to-best1bin,SMCO_BR,Ackley,100,6,-0.07953131878865749,22.320019929669797,85,265932811
current-to-best1bin,optimLBFGS,Ackley,100,8,-19.41829163016303,1.056669345125556,116,1286469255
current-to-best1bin,SignGD,Ackley,100,7,-19.437554608628073,8.077096392400563,2008,2076224509
current-to-best1bin,SMCO_EVO,Ackley,100,6,-0.3605204670626674,23.618274747394025,310,265932811
current-to-best1bin,optimNM,Ackley,100,8,-20.887528813488625,0.7810382638126612,3000,1286469255
current-to-best1bin,ADAM,Ackley,100,6,-19.450544794867444,21.99241142719984,5232,265932811
current-to-best1bin,GA,Ackley,100,8,-8.884581497545984,1.5924710715189576,300,1286469255
current-to-best1bin,SA,Ackley,100,3,-19.42898455585832,47.5182384243235,300,697109676
current-to-best1bin,PSO,Ackley,100,8,-19.504641814738342,0.6739483261480927,300,1286469255
current-to-best1bin,SA,Ackley,100,4,-19.40855114669561,41.29882769379765,300,548148216
current-to-best1bin,SMCO,Ackley,100,7,-0.3620808933619384,21.364889266900718,310,2076224509
current-to-best1bin,SignGD,Ackley,100,8,-19.505960299920577,8.334604740142822,2008,1286469255
current-to-best1bin,SMCO_R,Ackley,100,7,-0.07244296068342182,21.393035113811493,160,2076224509
current-to-best1bin,GD,Ackley,100,7,-19.405355667128216,15.100675789639354,4661,2076224509
current-to-best1bin,SMCO_BR_EVO,Ackley,100,7,-0.079455078537507,16.397948977537453,160,2076224509
current-to-best1bin,SMCO_R_EVO,Ackley,100,7,-0.0717711600226072,18.834230387583375,310,2076224509
current-to-best1bin,GenSA,Ackley,100,7,-1.9816856156040785e-08,13.78424798604101,300,2076224509
current-to-best1bin,SPSA,Ackley,100,9,-20.73465411323391,0.27428929321467876,2632,13756995
current-to-best1bin,optimLBFGS,Ackley,100,9,-19.419012993879253,1.0638712393119931,113,13756995
current-to-best1bin,SMCO_BR,Ackley,100,7,-0.07434552349375467,21.69864350836724,85,2076224509
current-to-best1bin,BOBYQA,Ackley,100,5,-19.54031039230756,36.60277200397104,3000,190826693
current-to-best1bin,optimNM,Ackley,100,9,-20.85966855854173,0.7566495621576905,3000,13756995
current-to-best1bin,ADAM,Ackley,100,7,-19.405225177397355,18.328596122562885,5202,2076224509
current-to-best1bin,GenSA,Ackley,100,8,-2.118635977765848e-08,10.726175604388118,300,1286469255
current-to-best1bin,GD,Ackley,100,8,-19.418361559942223,13.756785044446588,5292,1286469255
current-to-best1bin,PSO,Ackley,100,9,-19.03445175720608,0.3154245028272271,300,13756995
current-to-best1bin,GA,Ackley,100,9,-9.223805731804354,1.3959340611472726,300,13756995
current-to-best1bin,BOBYQA,Ackley,100,6,-19.671706049660298,30.814697297289968,3000,265932811
current-to-best1bin,SMCO_EVO,Ackley,100,7,-0.377812676451438,24.580021331086755,310,2076224509
current-to-best1bin,SignGD,Ackley,100,9,-19.507290477088844,6.8005727073177695,1509,13756995
current-to-best1bin,SMCO_BR_EVO,Ackley,100,8,-0.07296192566446225,20.001844159327447,160,1286469255
current-to-best1bin,SMCO,Ackley,100,8,-0.37031747731522247,22.214199046604335,310,1286469255
current-to-best1bin,SMCO_R,Ackley,100,8,-0.07405302003326542,24.463079614564776,160,1286469255
current-to-best1bin,SMCO_BR,Ackley,100,8,-0.07720413270221771,24.490868841297925,85,1286469255
current-to-best1bin,GenSA,Ackley,100,9,-2.021109368754992e-08,10.801110714673996,300,13756995
current-to-best1bin,SPSA,Ackley,100,10,-20.75479198145517,0.1184931481257081,2393,247356067
current-to-best1bin,SMCO_EVO,Ackley,100,8,-0.38172208027490173,24.43437854293734,310,1286469255
current-to-best1bin,DEoptim,Ackley,100,1,-3.305156069688302,81.51880113780499,300,917264540
current-to-best1bin,SA,Ackley,100,5,-19.528542276836102,46.70280730165541,300,190826693
current-to-best1bin,ADAM,Ackley,100,8,-19.418291390965447,22.973722156137228,5208,1286469255
current-to-best1bin,optimNM,Ackley,100,10,-20.705954432090277,0.45565821416676044,3000,247356067
current-to-best1bin,SMCO_R_EVO,Ackley,100,8,-0.06907479692712615,24.290405435487628,310,1286469255
current-to-best1bin,optimLBFGS,Ackley,100,10,-19.33955005489712,1.1749323140829802,118,247356067
current-to-best1bin,PSO,Ackley,100,10,-19.740424803332562,0.5983975622802973,300,247356067
current-to-best1bin,GA,Ackley,100,10,-9.222178134007507,1.374004077166319,300,247356067
current-to-best1bin,ADAM,Ackley,100,9,-19.419012127771584,16.518583620898426,5176,13756995
current-to-best1bin,SMCO_R_EVO,Ackley,100,9,-0.07387248598892926,18.611422202549875,310,13756995
current-to-best1bin,SMCO_BR,Ackley,100,9,-0.08092288651880652,20.46615199651569,85,13756995
current-to-best1bin,SMCO_R,Ackley,100,9,-0.0695095548896103,21.984478254802525,160,13756995
current-to-best1bin,BOBYQA,Ackley,100,7,-19.657400500130834,32.5052390890196,3000,2076224509
current-to-best1bin,SMCO_EVO,Ackley,100,9,-0.3692712712816726,20.16240143030882,310,13756995
current-to-best1bin,SMCO,Ackley,100,9,-0.3814562333955789,24.23313874658197,310,13756995
current-to-best1bin,GD,Ackley,100,9,-19.419012127761174,20.379962163977325,5733,13756995
current-to-best1bin,DEoptim,Ackley,100,2,-3.7464224917844295,78.52675784565508,300,1154829938
current-to-best1bin,SPSA,Ackley,100,11,-20.852311256365407,0.1864461936056614,2787,10318862
current-to-best1bin,optimLBFGS,Ackley,100,11,-19.313250928196933,1.162922628223896,131,10318862
current-to-best1bin,optimNM,Ackley,100,11,-20.92298821618698,0.7481712820008397,3000,10318862
current-to-best1bin,SMCO_BR_EVO,Ackley,100,9,-0.08018575224364755,23.369499721564353,160,13756995
current-to-best1bin,SA,Ackley,100,6,-19.26704435366874,47.22834745422006,300,265932811
current-to-best1bin,SignGD,Ackley,100,10,-19.350996340093122,10.925298724323511,2507,247356067
current-to-best1bin,SMCO,Ackley,100,10,-0.3748668188168378,19.55083933006972,310,247356067
current-to-best1bin,PSO,Ackley,100,11,-19.48703464069264,0.33511023689061403,300,10318862
current-to-best1bin,GA,Ackley,100,11,-9.041385562928037,1.3596265986561775,300,10318862
current-to-best1bin,SMCO_R_EVO,Ackley,100,10,-0.06384999915418321,18.48848508577794,310,247356067
current-to-best1bin,SMCO_R,Ackley,100,10,-0.0751217767018848,21.361489029601216,160,247356067
current-to-best1bin,SMCO_BR,Ackley,100,10,-0.07883650099010397,20.929205488413572,85,247356067
current-to-best1bin,DEoptim,Ackley,100,3,-3.711532309298495,78.93183547630906,300,697109676
current-to-best1bin,GenSA,Ackley,100,10,-2.0203888784209312e-08,13.284252001903951,300,247356067
current-to-best1bin,SignGD,Ackley,100,11,-19.322898852780938,9.138919453136623,2008,10318862
current-to-best1bin,SMCO_EVO,Ackley,100,10,-0.351058738556127,23.923791524022818,310,247356067
current-to-best1bin,SA,Ackley,100,8,-19.40334769980722,37.79703423194587,300,1286469255
current-to-best1bin,SMCO_BR_EVO,Ackley,100,10,-0.07856357870626285,21.161210144869983,160,247356067
current-to-best1bin,SPSA,Ackley,100,12,-20.730546773781064,0.35018258914351463,3225,196940543
current-to-best1bin,optimLBFGS,Ackley,100,12,-19.37858669031849,1.0831832196563482,113,196940543
current-to-best1bin,BOBYQA,Ackley,100,8,-19.633324486971453,40.733766267076135,3000,1286469255
current-to-best1bin,optimNM,Ackley,100,12,-20.774287137806162,0.6619182527065277,3000,196940543
current-to-best1bin,GD,Ackley,100,10,-19.339568873222376,22.835532183758914,5412,247356067
current-to-best1bin,SA,Ackley,100,7,-19.2737438436179,46.660205946303904,300,2076224509
current-to-best1bin,GA,Ackley,100,12,-8.78614768076323,1.3957452271133661,300,196940543
current-to-best1bin,SMCO_BR,Ackley,100,11,-0.07872888601274086,18.25482401996851,85,10318862
current-to-best1bin,GenSA,Ackley,100,11,-2.0869933781142436e-08,13.409761880524457,300,10318862
current-to-best1bin,PSO,Ackley,100,12,-18.891690050200534,0.62940922845155,300,196940543
current-to-best1bin,SMCO,Ackley,100,11,-0.385074537881668,20.466862474568188,310,10318862
current-to-best1bin,DEoptim,Ackley,100,4,-3.0197525317591922,77.62489282339811,300,548148216
current-to-best1bin,ADAM,Ackley,100,10,-19.33954990064668,23.359946567565203,5186,247356067
current-to-best1bin,SignGD,Ackley,100,12,-19.45683079583546,8.824027917347848,2008,196940543
current-to-best1bin,GD,Ackley,100,11,-19.348812140363975,19.59073283150792,4814,10318862
current-to-best1bin,SMCO_EVO,Ackley,100,11,-0.36347526003332264,21.035742982290685,310,10318862
current-to-best1bin,SMCO_R_EVO,Ackley,100,11,-0.07377054647020787,21.95094785094261,310,10318862
current-to-best1bin,SPSA,Ackley,100,13,-20.71639571697202,0.14565277379006147,1864,1846968539
current-to-best1bin,SMCO_BR_EVO,Ackley,100,11,-0.07936332180477423,22.1802068753168,160,10318862
current-to-best1bin,optimLBFGS,Ackley,100,13,-19.400850899357884,0.5799488089978695,121,1846968539
current-to-best1bin,SMCO_R,Ackley,100,11,-0.07426617198587993,24.66724876500666,160,10318862
current-to-best1bin,optimNM,Ackley,100,13,-20.827536653670847,0.43552362732589245,3000,1846968539
current-to-best1bin,ADAM,Ackley,100,11,-19.3115778035616,22.210828359238803,5220,10318862
current-to-best1bin,BOBYQA,Ackley,100,9,-19.55779483979495,41.842192973941565,3000,13756995
current-to-best1bin,SMCO,Ackley,100,12,-0.3733926545616204,19.5853069499135,310,196940543
current-to-best1bin,PSO,Ackley,100,13,-18.647651495034054,0.4579004729166627,300,1846968539
current-to-best1bin,SMCO_R_EVO,Ackley,100,12,-0.07307811141607035,17.922773111611605,310,196940543
current-to-best1bin,GA,Ackley,100,13,-9.077129397746871,1.3993475595489144,300,1846968539
current-to-best1bin,SA,Ackley,100,9,-19.513448097269517,41.70673558674753,300,13756995
current-to-best1bin,SMCO_EVO,Ackley,100,12,-0.35270625339812556,19.072586074471474,310,196940543
current-to-best1bin,DEoptim,Ackley,100,6,-2.7851243735797984,69.87597483303398,300,265932811
current-to-best1bin,GenSA,Ackley,100,12,-1.9692898423073757e-08,13.17239994276315,300,196940543
current-to-best1bin,SMCO_BR,Ackley,100,12,-0.07660683252779821,20.64044000674039,85,196940543
current-to-best1bin,SignGD,Ackley,100,13,-19.38487796622811,8.584345302544534,2008,1846968539
current-to-best1bin,DEoptim,Ackley,100,5,-3.337285854152118,79.1689578620717,300,190826693
current-to-best1bin,SPSA,Ackley,100,14,-20.762570230601934,0.22558846045285463,2205,208438674
current-to-best1bin,optimLBFGS,Ackley,100,14,-19.45589242797065,1.128486517816782,116,208438674
current-to-best1bin,GD,Ackley,100,12,-19.378586423183638,21.67471707612276,4976,196940543
current-to-best1bin,optimNM,Ackley,100,14,-20.91155661545726,0.7745553413406014,3000,208438674
current-to-best1bin,SMCO_R,Ackley,100,12,-0.0648567786006855,24.369478847831488,160,196940543
current-to-best1bin,SMCO_BR_EVO,Ackley,100,12,-0.07570516754746892,23.517574760131538,160,196940543
current-to-best1bin,ADAM,Ackley,100,12,-19.378586423182288,22.340729812160134,5164,196940543
current-to-best1bin,SMCO_R_EVO,Ackley,100,13,-0.06976339024705114,16.898821514099836,310,1846968539
current-to-best1bin,SignGD,Ackley,100,14,-19.467979373946278,7.251117969863117,2008,208438674
current-to-best1bin,PSO,Ackley,100,14,-19.399189346756835,0.5476255062967539,300,208438674
current-to-best1bin,SMCO,Ackley,100,13,-0.3740105697020053,18.470337693579495,310,1846968539
current-to-best1bin,GA,Ackley,100,14,-8.92241110870862,1.359417031519115,300,208438674
current-to-best1bin,GenSA,Ackley,100,13,-1.9979339516140726e-08,14.199886554852128,300,1846968539
current-to-best1bin,SMCO_R,Ackley,100,13,-0.07299503996415568,19.637840990908444,160,1846968539
current-to-best1bin,SMCO_BR,Ackley,100,13,-0.07689707010349922,21.040931166149676,85,1846968539
current-to-best1bin,BOBYQA,Ackley,100,11,-19.540461453414082,37.92576966434717,3000,10318862
current-to-best1bin,SMCO_BR_EVO,Ackley,100,13,-0.07786903549139312,21.758629566058517,160,1846968539
current-to-best1bin,SMCO_EVO,Ackley,100,13,-0.38018961294066544,22.638608993031085,310,1846968539
current-to-best1bin,SPSA,Rosenbrock,100,0,-7743729.640604332,0.3034778907895088,3886,1175199937
current-to-best1bin,BOBYQA,Ackley,100,10,-19.480345953949207,45.328796898946166,3000,247356067
current-to-best1bin,ADAM,Ackley,100,13,-19.37340888280621,21.065663018263876,5214,1846968539
current-to-best1bin,optimNM,Rosenbrock,100,0,-7295924.360477853,0.5326901664957404,3000,1175199937
current-to-best1bin,SA,Ackley,100,10,-19.396467355482482,46.73457657918334,300,247356067
current-to-best1bin,SignGD,Rosenbrock,100,0,-297.72834244052075,3.11039528157562,1509,1175199937
current-to-best1bin,SA,Ackley,100,11,-19.56028103181766,40.62040087394416,300,10318862
current-to-best1bin,SMCO_R,Ackley,100,14,-0.07360860398450741,18.837991091422737,160,208438674
current-to-best1bin,GD,Ackley,100,13,-19.373659104420963,26.64232049230486,5913,1846968539
current-to-best1bin,GA,Rosenbrock,100,0,-6498.299206522292,0.6098638800904155,300,1175199937
current-to-best1bin,GenSA,Ackley,100,14,-1.9695548747478142e-08,13.681231508031487,300,208438674
current-to-best1bin,PSO,Rosenbrock,100,0,-1712521.9502439348,0.3975874809548259,300,1175199937
current-to-best1bin,DEoptim,Ackley,100,8,-2.2172050825145573,70.38130410201848,300,1286469255
current-to-best1bin,SMCO,Rosenbrock,100,0,-22.22717545372446,11.633499129675329,310,1175199937
current-to-best1bin,optimLBFGS,Rosenbrock,100,0,-1.7718004550825996e-07,7.19071021489799,1198,1175199937
current-to-best1bin,SMCO_R_EVO,Ackley,100,14,-0.06930264544600506,20.47367901634425,310,208438674
current-to-best1bin,SMCO_BR_EVO,Ackley,100,14,-0.08028000232739219,20.49897074047476,160,208438674
current-to-best1bin,GD,Ackley,100,14,-19.455892358992656,20.47036014869809,4942,208438674
current-to-best1bin,DEoptim,Ackley,100,9,-3.2420257579346488,62.80835725925863,300,13756995
current-to-best1bin,SPSA,Rosenbrock,100,1,-8843471.101422826,0.36599590070545673,5142,397371031
current-to-best1bin,SMCO_BR,Rosenbrock,100,0,-30.01718729258512,13.293901056982577,85,1175199937
current-to-best1bin,SMCO_EVO,Ackley,100,14,-0.3639332294437385,21.98877503257245,310,208438674
current-to-best1bin,GenSA,Rosenbrock,100,0,-104.62484775288941,7.103358783759177,300,1175199937
current-to-best1bin,optimNM,Rosenbrock,100,1,-8398029.349808678,0.5023266514763236,3000,397371031
current-to-best1bin,SMCO,Ackley,100,14,-0.38548635084026417,23.0347839621827,310,208438674
current-to-best1bin,SMCO_R,Rosenbrock,100,0,-2.503882842231831,14.841091343201697,160,1175199937
current-to-best1bin,ADAM,Ackley,100,14,-19.455892270044323,21.53774425201118,5258,208438674
current-to-best1bin,SMCO_BR_EVO,Rosenbrock,100,0,-77.8563366733134,13.47693429607898,160,1175199937
current-to-best1bin,PSO,Rosenbrock,100,1,-708321.5458062947,0.3566991603001952,300,397371031
current-to-best1bin,GA,Rosenbrock,100,1,-5510.791345531674,1.1045509865507483,300,397371031
current-to-best1bin,SMCO_EVO,Rosenbrock,100,0,-23.811132179541904,15.944018832407892,310,1175199937
current-to-best1bin,SMCO_BR,Ackley,100,14,-0.07918048369814956,25.057589028030634,85,208438674
current-to-best1bin,DEoptim,Ackley,100,7,-3.374276100063032,83.48316591326147,300,2076224509
current-to-best1bin,SMCO_R_EVO,Rosenbrock,100,0,-2.5655509812700394,15.620929080992937,310,1175199937
current-to-best1bin,SA,Ackley,100,12,-19.253538189029378,37.658331292681396,300,196940543
current-to-best1bin,SignGD,Rosenbrock,100,1,-371.2399206487857,4.914974824525416,1509,397371031
current-to-best1bin,SPSA,Rosenbrock,100,2,-11011713.363814337,0.38015823625028133,4637,1686737729
current-to-best1bin,SMCO_R,Rosenbrock,100,1,-2.4295159896932077,8.068210355006158,160,397371031
current-to-best1bin,GD,Rosenbrock,100,0,-247.05854692621145,15.068517485633492,6000,1175199937
current-to-best1bin,ADAM,Rosenbrock,100,0,-1756569.0382311621,13.465919274836779,6000,1175199937
current-to-best1bin,optimNM,Rosenbrock,100,2,-10469895.744717637,0.5047967508435249,3000,1686737729
current-to-best1bin,BOBYQA,Ackley,100,12,-19.571301160110878,41.31203325279057,3000,196940543
current-to-best1bin,optimLBFGS,Rosenbrock,100,1,-1.614876098537126e-07,6.84538918081671,1231,397371031
current-to-best1bin,GA,Rosenbrock,100,2,-5587.156051029317,0.5673999274149537,300,1686737729
current-to-best1bin,PSO,Rosenbrock,100,2,-890082.2467381206,0.2749525522813201,300,1686737729
current-to-best1bin,SignGD,Rosenbrock,100,2,-511.27363964757546,4.113263969309628,1509,1686737729
current-to-best1bin,GenSA,Rosenbrock,100,1,-107.61469632216111,8.068361926823854,300,397371031
current-to-best1bin,SMCO_BR,Rosenbrock,100,1,-3.1539546591703527,12.438258992508054,85,397371031
current-to-best1bin,BOBYQA,Ackley,100,13,-19.554711594455316,36.06570060364902,3000,1846968539
current-to-best1bin,SMCO_R_EVO,Rosenbrock,100,1,-2.6740363595706613,13.06189307011664,310,397371031
current-to-best1bin,SA,Ackley,100,13,-19.46266182052793,36.58769124560058,300,1846968539
current-to-best1bin,SMCO,Rosenbrock,100,1,-24.623415676562903,14.568823249079287,310,397371031
current-to-best1bin,optimLBFGS,Rosenbrock,100,2,-1.5907406937919637e-07,6.726141966879368,1285,1686737729
current-to-best1bin,ADAM,Rosenbrock,100,1,-2118471.2272880943,11.806724654510617,6000,397371031
current-to-best1bin,SPSA,Rosenbrock,100,3,-9821931.42494184,0.17485208809375763,3004,2113481472
current-to-best1bin,SMCO_BR_EVO,Rosenbrock,100,1,-101.13589992007516,13.432215192355216,160,397371031
current-to-best1bin,SMCO_EVO,Rosenbrock,100,1,-23.13908924286858,14.637920993380249,310,397371031
current-to-best1bin,GenSA,Rosenbrock,100,2,-20.49526186050325,6.907168536446989,300,1686737729
current-to-best1bin,optimNM,Rosenbrock,100,3,-9341816.170275902,0.5527897132560611,3000,2113481472
current-to-best1bin,SMCO,Rosenbrock,100,2,-25.117660297823246,12.681096400134265,310,1686737729
current-to-best1bin,ADAM,Rosenbrock,100,2,-2524721.0416726717,10.27094267681241,6000,1686737729
current-to-best1bin,SMCO_EVO,Rosenbrock,100,2,-24.336891579348887,13.047350722365081,310,1686737729
current-to-best1bin,GD,Rosenbrock,100,1,-196.2952859887048,15.665724380873144,6000,397371031
current-to-best1bin,PSO,Rosenbrock,100,3,-1040677.9269458511,0.18665292020887136,300,2113481472
current-to-best1bin,GA,Rosenbrock,100,3,-5258.719744829723,0.6460213735699654,300,2113481472
current-to-best1bin,SignGD,Rosenbrock,100,3,-328.09214325371187,4.062740003690124,1509,2113481472
current-to-best1bin,GD,Rosenbrock,100,2,-342.7503830723786,12.712104512378573,6000,1686737729
current-to-best1bin,SMCO_BR,Rosenbrock,100,2,-78.69237228780543,14.625106200575829,85,1686737729
current-to-best1bin,optimLBFGS,Rosenbrock,100,3,-6.612434802342124e-08,5.122305925935507,1187,2113481472
current-to-best1bin,SMCO_BR_EVO,Rosenbrock,100,2,-93.1753976023824,13.496951645240188,160,1686737729
current-to-best1bin,SMCO_R_EVO,Rosenbrock,100,3,-2.2060752298539628,7.734188745729625,310,2113481472
current-to-best1bin,SMCO_R,Rosenbrock,100,2,-2.3739733015802122,15.727449789643288,160,1686737729
current-to-best1bin,SPSA,Rosenbrock,100,4,-8451310.169650728,0.3187357010319829,4102,113742616
current-to-best1bin,SMCO_R_EVO,Rosenbrock,100,2,-2.2280460606336194,16.059783151373267,310,1686737729
current-to-best1bin,GenSA,Rosenbrock,100,3,-106.98869640928817,7.0612638192251325,300,2113481472
current-to-best1bin,SMCO_BR,Rosenbrock,100,3,-76.69010258699764,10.910123713314533,85,2113481472
current-to-best1bin,optimNM,Rosenbrock,100,4,-7978606.3077409165,0.505494175478816,3000,113742616
current-to-best1bin,SignGD,Rosenbrock,100,4,-290.85384333563337,3.558466326445341,1509,113742616
current-to-best1bin,SMCO,Rosenbrock,100,3,-23.49093331102098,13.923901131376624,310,2113481472
current-to-best1bin,SMCO_R,Rosenbrock,100,3,-2.8328177011126625,13.867104367353022,160,2113481472
current-to-best1bin,PSO,Rosenbrock,100,4,-769707.5820570345,0.3309473479166627,300,113742616
current-to-best1bin,GA,Rosenbrock,100,4,-6070.860622287045,0.6156642464920878,300,113742616
current-to-best1bin,SMCO_EVO,Rosenbrock,100,3,-21.595077873264245,13.250683979131281,310,2113481472
current-to-best1bin,BOBYQA,Ackley,100,14,-19.645822767881068,40.3103216169402,3000,208438674
current-to-best1bin,SMCO_BR_EVO,Rosenbrock,100,3,-32.45373592401728,12.189335184171796,160,2113481472
current-to-best1bin,GD,Rosenbrock,100,3,-299.68686685978065,12.384748983196914,6000,2113481472
current-to-best1bin,DEoptim,Ackley,100,10,-3.5611597095526055,76.541455084458,300,247356067
current-to-best1bin,GenSA,Rosenbrock,100,4,-124.50008240695493,4.877567550167441,300,113742616
current-to-best1bin,optimLBFGS,Rosenbrock,100,4,-6.030024743867063e-08,6.953006263822317,1159,113742616
current-to-best1bin,SMCO_BR,Rosenbrock,100,4,-25.119811705515495,11.108200919814408,85,113742616
current-to-best1bin,ADAM,Rosenbrock,100,3,-2400152.1309102625,14.886980107985437,6000,2113481472
current-to-best1bin,SPSA,Rosenbrock,100,5,-9977171.57154484,0.13296050671488047,3705,924465025
current-to-best1bin,SignGD,Rosenbrock,100,5,-220.51170896442997,2.358878791332245,1509,924465025
current-to-best1bin,optimNM,Rosenbrock,100,5,-9452463.292350123,0.38647355511784554,3000,924465025
current-to-best1bin,SA,Ackley,100,14,-19.48852223456544,44.63249785453081,300,208438674
current-to-best1bin,SMCO_R,Rosenbrock,100,4,-1.8618444260441938,12.943929507397115,160,113742616
current-to-best1bin,GD,Rosenbrock,100,4,-293.60021656939375,12.352207263931632,6000,113742616
current-to-best1bin,SMCO,Rosenbrock,100,4,-21.341970924703237,14.3669553976506,310,113742616
current-to-best1bin,SMCO_EVO,Rosenbrock,100,4,-22.321829145673142,14.120941419154406,310,113742616
current-to-best1bin,SMCO_R_EVO,Rosenbrock,100,4,-2.6406873683279866,13.143516707234085,310,113742616
current-to-best1bin,PSO,Rosenbrock,100,5,-933312.7594207878,0.34492780454456806,300,924465025
current-to-best1bin,GA,Rosenbrock,100,5,-5687.775659693795,0.7401044070720673,300,924465025
current-to-best1bin,SMCO_BR_EVO,Rosenbrock,100,4,-100.61328233617407,14.50148191768676,160,113742616
current-to-best1bin,SMCO,Rosenbrock,100,5,-22.194591424251374,9.176163834519684,310,924465025
current-to-best1bin,SMCO_R,Rosenbrock,100,5,-1.9881522088122867,9.378100614994764,160,924465025
current-to-best1bin,SMCO_R_EVO,Rosenbrock,100,5,-5.628755382531767,9.31799640506506,310,924465025
current-to-best1bin,optimLBFGS,Rosenbrock,100,5,-1.7951443028274362e-07,5.732450801879168,1211,924465025
current-to-best1bin,GenSA,Rosenbrock,100,5,-96.31343680507459,6.169078700244427,300,924465025
current-to-best1bin,SPSA,Rosenbrock,100,6,-9780016.116003817,0.14237816352397203,3602,93561097
current-to-best1bin,ADAM,Rosenbrock,100,4,-1902347.0266349271,16.382717040367424,6000,113742616
current-to-best1bin,SignGD,Rosenbrock,100,6,-584.9495313763176,2.1342981792986393,1509,93561097
current-to-best1bin,optimNM,Rosenbrock,100,6,-9211971.702461127,0.294895201921463,3000,93561097
current-to-best1bin,DEoptim,Ackley,100,11,-2.8819082195345946,79.79635797347873,300,10318862
current-to-best1bin,SMCO_BR_EVO,Rosenbrock,100,5,-117.9164994363181,14.18045975919813,160,924465025
current-to-best1bin,optimLBFGS,Rosenbrock,100,6,-3.018420561016016e-07,4.747044874355197,1193,93561097
current-to-best1bin,GA,Rosenbrock,100,6,-7301.297491694718,0.5740177910774946,300,93561097
current-to-best1bin,PSO,Rosenbrock,100,6,-821873.2709832155,0.22753344662487507,300,93561097
current-to-best1bin,SMCO_BR,Rosenbrock,100,5,-2.1047895372514613,16.55647501628846,85,924465025
current-to-best1bin,SMCO_EVO,Rosenbrock,100,5,-24.98305724711574,16.975775009952486,310,924465025
current-to-best1bin,GD,Rosenbrock,100,5,-236.2848418506893,16.151107649318874,6000,924465025
current-to-best1bin,SMCO_EVO,Rosenbrock,100,6,-21.42146380175528,10.986992959864438,310,93561097
current-to-best1bin,ADAM,Rosenbrock,100,5,-2327735.9106411845,16.108006889931858,6000,924465025
current-to-best1bin,ADAM,Rosenbrock,100,6,-2142676.160558551,9.307712758891284,6000,93561097
current-to-best1bin,GenSA,Rosenbrock,100,6,-113.52487456346743,7.025096302852035,300,93561097
current-to-best1bin,BOBYQA,Rosenbrock,100,0,-1798251.6511501444,50.289623610675335,3000,1175199937
current-to-best1bin,SMCO_BR,Rosenbrock,100,6,-70.95494613718152,13.799618774093688,85,93561097
current-to-best1bin,SMCO_BR_EVO,Rosenbrock,100,6,-79.99799151129328,12.608182922005653,160,93561097
current-to-best1bin,SPSA,Rosenbrock,100,7,-9122163.508814208,0.24759303871542215,3402,22130812
current-to-best1bin,SMCO,Rosenbrock,100,6,-24.906350085152596,14.538171730004251,310,93561097
current-to-best1bin,SMCO_R,Rosenbrock,100,6,-2.1791441304855037,14.63447724469006,160,93561097
current-to-best1bin,optimNM,Rosenbrock,100,7,-8675788.705551622,0.5159669099375606,3000,22130812
current-to-best1bin,SignGD,Rosenbrock,100,7,-214.85894520516518,3.2924274895340204,1509,22130812
current-to-best1bin,SMCO_R_EVO,Rosenbrock,100,6,-2.752929223857393,14.732551526278257,310,93561097
current-to-best1bin,GA,Rosenbrock,100,7,-6270.236332518782,1.0383217986673117,300,22130812
current-to-best1bin,PSO,Rosenbrock,100,7,-667598.2175346975,0.3612742181867361,300,22130812
current-to-best1bin,GD,Rosenbrock,100,6,-313.5172998060981,15.868032716214657,6000,93561097
current-to-best1bin,DEoptim,Ackley,100,12,-2.5529758740821333,81.68116230238229,300,196940543
current-to-best1bin,BOBYQA,Rosenbrock,100,2,-1226510.4608354308,44.761510469950736,3000,1686737729
current-to-best1bin,BOBYQA,Rosenbrock,100,1,-1408663.4240722721,50.65284695010632,3000,397371031
current-to-best1bin,optimLBFGS,Rosenbrock,100,7,-1.6521780368193438e-07,7.041304677724838,1224,22130812
current-to-best1bin,SMCO,Rosenbrock,100,7,-24.034090709452716,12.609994526021183,310,22130812
current-to-best1bin,GenSA,Rosenbrock,100,7,-59.956568772566136,7.333907417021692,300,22130812
current-to-best1bin,BOBYQA,Rosenbrock,100,3,-2270119.9632800217,40.602833066135645,3000,2113481472
current-to-best1bin,SMCO_R_EVO,Rosenbrock,100,7,-39.3615019030105,12.052941356785595,310,22130812
current-to-best1bin,SPSA,Rosenbrock,100,8,-9938228.65170828,0.15146195329725742,3519,1484065503
current-to-best1bin,DEoptim,Ackley,100,13,-2.986512387222579,78.86529369838536,300,1846968539
current-to-best1bin,SMCO_EVO,Rosenbrock,100,7,-25.143926174770584,14.123551422730088,310,22130812
current-to-best1bin,SMCO_R,Rosenbrock,100,7,-2.3436286076917963,15.366896465420723,160,22130812
current-to-best1bin,GD,Rosenbrock,100,7,-254.77195191442547,13.486847415566444,6000,22130812
current-to-best1bin,optimNM,Rosenbrock,100,8,-9481060.942054247,0.5463454173877835,3000,1484065503
current-to-best1bin,SMCO_BR_EVO,Rosenbrock,100,7,-103.62019992932389,14.430464381352067,160,22130812
current-to-best1bin,SignGD,Rosenbrock,100,8,-356.4924771095885,3.97065700776875,1509,1484065503
current-to-best1bin,PSO,Rosenbrock,100,8,-1774429.2922436153,0.41428564954549074,300,1484065503
current-to-best1bin,SMCO_BR,Rosenbrock,100,7,-69.92714102015394,16.493545056320727,85,22130812
current-to-best1bin,GA,Rosenbrock,100,8,-5685.108277432793,1.1139919273555279,300,1484065503
current-to-best1bin,optimLBFGS,Rosenbrock,100,8,-8.500596858553727e-08,4.978835057467222,1174,1484065503
current-to-best1bin,SMCO_R,Rosenbrock,100,8,-2.2328379032161023,10.8934410456568,160,1484065503
current-to-best1bin,DEoptim,Rosenbrock,100,1,-1029.049053334474,58.14407198596746,300,397371031
current-to-best1bin,SMCO_EVO,Rosenbrock,100,8,-25.289103772717542,9.537776206620038,310,1484065503
current-to-best1bin,DEoptim,Ackley,100,14,-2.124132095021132,75.74732337612659,300,208438674
current-to-best1bin,ADAM,Rosenbrock,100,7,-2077102.2921734892,17.414808080531657,6000,22130812
current-to-best1bin,DEoptim,Rosenbrock,100,0,-997.859467701639,65.50206396821886,300,1175199937
current-to-best1bin,SPSA,Rosenbrock,100,9,-11272922.016543511,0.31091806571930647,4298,1802719382
current-to-best1bin,SMCO_BR,Rosenbrock,100,8,-2.527816864843761,12.897631665691733,85,1484065503
current-to-best1bin,SMCO,Rosenbrock,100,8,-22.300172316381058,14.267195753753185,310,1484065503
current-to-best1bin,optimNM,Rosenbrock,100,9,-10733207.940275619,0.5107001503929496,3000,1802719382
current-to-best1bin,GenSA,Rosenbrock,100,8,-93.1240244587771,8.125290678814054,300,1484065503
current-to-best1bin,SignGD,Rosenbrock,100,9,-269.830100865506,4.573456458747387,1509,1802719382
current-to-best1bin,ADAM,Rosenbrock,100,8,-2323636.6589107146,12.583004284650087,6000,1484065503
current-to-best1bin,optimLBFGS,Rosenbrock,100,9,-9.687244709343341e-08,4.774958239868283,1171,1802719382
current-to-best1bin,PSO,Rosenbrock,100,9,-991922.8802304172,0.17118680197745562,300,1802719382
current-to-best1bin,BOBYQA,Rosenbrock,100,4,-996335.736990817,46.79173216316849,3000,113742616
current-to-best1bin,GA,Rosenbrock,100,9,-5534.010605491552,1.067083042114973,300,1802719382
current-to-best1bin,SMCO_R_EVO,Rosenbrock,100,8,-2.2914483834996915,15.670287027023733,310,1484065503
current-to-best1bin,GD,Rosenbrock,100,8,-281.96182472058274,14.977160384878516,6000,1484065503
current-to-best1bin,BOBYQA,Rosenbrock,100,5,-1546092.9380215253,40.05146662145853,3000,924465025
current-to-best1bin,SMCO_BR_EVO,Rosenbrock,100,8,-81.54869072385912,16.388625372201204,160,1484065503
current-to-best1bin,SMCO_EVO,Rosenbrock,100,9,-23.737644390928065,10.247184102423489,310,1802719382
current-to-best1bin,GD,Rosenbrock,100,9,-295.55023249460163,10.056220694445074,6000,1802719382
current-to-best1bin,GenSA,Rosenbrock,100,9,-4.150496141837147e-10,7.701979978941381,300,1802719382
current-to-best1bin,SPSA,Rosenbrock,100,10,-6772225.579642158,0.41779923904687166,5177,689242106
current-to-best1bin,SMCO_BR_EVO,Rosenbrock,100,9,-100.23735156885563,12.003680334426463,160,1802719382
current-to-best1bin,SMCO_R,Rosenbrock,100,9,-2.450411329122541,14.823817545548081,160,1802719382
current-to-best1bin,optimNM,Rosenbrock,100,10,-6449662.685132118,0.5483998879790306,3000,689242106
current-to-best1bin,SMCO,Rosenbrock,100,9,-22.6400629417867,15.83700370695442,310,1802719382
current-to-best1bin,SMCO_R_EVO,Rosenbrock,100,9,-2.4920843121221754,13.60936164855957,310,1802719382
current-to-best1bin,SMCO_BR,Rosenbrock,100,9,-25.00321663289224,15.549310483038425,85,1802719382
current-to-best1bin,SignGD,Rosenbrock,100,10,-304.4109452906748,4.16379785630852,1509,689242106
current-to-best1bin,PSO,Rosenbrock,100,10,-667064.7847804624,0.42115355655550957,300,689242106
current-to-best1bin,GA,Rosenbrock,100,10,-5324.424519735698,1.107991767115891,300,689242106
current-to-best1bin,DEoptim,Rosenbrock,100,2,-1176.9526918355773,68.44389070756733,300,1686737729
current-to-best1bin,SMCO_BR_EVO,Rosenbrock,100,10,-133.10996000035794,8.900488957762718,160,689242106
current-to-best1bin,BOBYQA,Rosenbrock,100,6,-1430009.829201091,42.55040026921779,3000,93561097
current-to-best1bin,optimLBFGS,Rosenbrock,100,10,-1.1041504791028693e-07,7.06505380012095,1154,689242106
current-to-best1bin,SA,Rosenbrock,100,1,-3.98662385470432,76.83913942612708,300,397371031
current-to-best1bin,ADAM,Rosenbrock,100,9,-2658831.6932595517,17.450657594017684,6000,1802719382
current-to-best1bin,SMCO,Rosenbrock,100,10,-25.917828828537118,12.622918027453125,310,689242106
current-to-best1bin,SMCO_BR,Rosenbrock,100,10,-70.22242815755699,12.825013801455498,85,689242106
current-to-best1bin,SPSA,Rosenbrock,100,11,-8961338.65744655,0.17657441273331642,3984,693558215
current-to-best1bin,SA,Rosenbrock,100,3,-1.244099269014401e-10,67.12863972317427,300,2113481472
current-to-best1bin,GenSA,Rosenbrock,100,10,-97.15206063496066,8.282595302909613,300,689242106
current-to-best1bin,SMCO_R_EVO,Rosenbrock,100,10,-2.4398034867819582,13.715949323028326,310,689242106
current-to-best1bin,optimNM,Rosenbrock,100,11,-8489611.051977975,0.5614191042259336,3000,693558215
current-to-best1bin,SMCO_R,Rosenbrock,100,10,-2.3812195567867787,15.10693028382957,160,689242106
current-to-best1bin,SMCO_EVO,Rosenbrock,100,10,-23.927980295150633,14.586126908659935,310,689242106
current-to-best1bin,SignGD,Rosenbrock,100,11,-426.6418230021747,4.338553134351969,1509,693558215
current-to-best1bin,GA,Rosenbrock,100,11,-7287.773602001758,1.1206125225871801,300,693558215
current-to-best1bin,PSO,Rosenbrock,100,11,-1738596.1069954906,0.34578796848654747,300,693558215
current-to-best1bin,ADAM,Rosenbrock,100,10,-1264970.5922010236,14.01449254155159,6000,689242106
current-to-best1bin,optimLBFGS,Rosenbrock,100,11,-4.1674289166148865e-05,4.975739783607423,1291,693558215
current-to-best1bin,GD,Rosenbrock,100,10,-240.36189793547726,16.893365534953773,6000,689242106
current-to-best1bin,GenSA,Rosenbrock,100,11,-143.21200744238888,5.210047380067408,300,693558215
current-to-best1bin,BOBYQA,Rosenbrock,100,7,-1596891.054532122,41.58017388172448,3000,22130812
current-to-best1bin,DEoptim,Rosenbrock,100,3,-877.9537723165748,71.07809294573963,300,2113481472
current-to-best1bin,SMCO_R,Rosenbrock,100,11,-2.5236625130975865,13.341199367307127,160,693558215
current-to-best1bin,SMCO,Rosenbrock,100,11,-23.425890260747238,13.849329018034041,310,693558215
current-to-best1bin,SA,Rosenbrock,100,0,-1.0474002100066614e-10,92.7246461333707,300,1175199937
current-to-best1bin,SPSA,Rosenbrock,100,12,-9401677.266450113,0.31103443913161755,4132,112288612
current-to-best1bin,SMCO_BR,Rosenbrock,100,11,-3.616043388670776,14.3117695460096,85,693558215
current-to-best1bin,SMCO_EVO,Rosenbrock,100,11,-24.381693562448735,13.65912492480129,310,693558215
current-to-best1bin,DEoptim,Rosenbrock,100,4,-781.7702156991977,68.79707103222609,300,113742616
current-to-best1bin,SMCO_R_EVO,Rosenbrock,100,11,-6.561477559695808,13.240678485482931,310,693558215
current-to-best1bin,SignGD,Rosenbrock,100,12,-246.16469624007283,3.99668987095356,1509,112288612
current-to-best1bin,optimNM,Rosenbrock,100,12,-8925750.541011013,0.5622839871793985,3000,112288612
current-to-best1bin,GD,Rosenbrock,100,11,-265.8619484415164,12.54897328838706,6000,693558215
current-to-best1bin,PSO,Rosenbrock,100,12,-890167.350783645,0.3980684531852603,300,112288612
current-to-best1bin,GA,Rosenbrock,100,12,-6508.410140210352,0.6558560961857438,300,112288612
current-to-best1bin,ADAM,Rosenbrock,100,11,-2039919.7177018085,12.249662080779672,6000,693558215
current-to-best1bin,DEoptim,Rosenbrock,100,5,-732.4090250223426,64.68554722797126,300,924465025
current-to-best1bin,SMCO_BR,Rosenbrock,100,12,-3.4573144229959114,9.75019196048379,85,112288612
current-to-best1bin,optimLBFGS,Rosenbrock,100,12,-1.1384501077026114e-07,6.690558336675167,1167,112288612
current-to-best1bin,GenSA,Rosenbrock,100,12,-89.47334031363332,4.875448922626674,300,112288612
current-to-best1bin,SMCO_BR_EVO,Rosenbrock,100,11,-102.46699512801843,17.084888353943825,160,693558215
current-to-best1bin,SMCO,Rosenbrock,100,12,-21.74161890407818,12.887090150266886,310,112288612
current-to-best1bin,SPSA,Rosenbrock,100,13,-9129208.237186756,0.39766916260123253,5009,1482578746
current-to-best1bin,SignGD,Rosenbrock,100,13,-557.3844372045584,2.1508024213835597,1509,1482578746
current-to-best1bin,SMCO_EVO,Rosenbrock,100,12,-22.661747200734183,12.211911360733211,310,112288612
current-to-best1bin,optimNM,Rosenbrock,100,13,-8726973.985591583,0.29261116962879896,3000,1482578746
current-to-best1bin,DEoptim,Rosenbrock,100,6,-747.6092680900875,59.55447532329708,300,93561097
current-to-best1bin,SMCO_R,Rosenbrock,100,12,-2.3591952384734416,15.352355089969933,160,112288612
current-to-best1bin,SA,Rosenbrock,100,2,-3.986623854686657,93.68120181933045,300,1686737729
current-to-best1bin,SMCO_BR_EVO,Rosenbrock,100,12,-95.23448351580411,13.833714094944298,160,112288612
current-to-best1bin,PSO,Rosenbrock,100,13,-593387.1562795588,0.307266341522336,300,1482578746
current-to-best1bin,SMCO_R_EVO,Rosenbrock,100,12,-2.3252917304632654,15.424857006408274,310,112288612
current-to-best1bin,GA,Rosenbrock,100,13,-5966.805355530587,1.071495933458209,300,1482578746
current-to-best1bin,SMCO_EVO,Rosenbrock,100,13,-21.299416720780314,10.802537101320922,310,1482578746
current-to-best1bin,SMCO_R_EVO,Rosenbrock,100,13,-2.675274778574818,8.700506998226047,310,1482578746
current-to-best1bin,optimLBFGS,Rosenbrock,100,13,-1.0674430611064347e-07,6.524868675507605,1247,1482578746
current-to-best1bin,GD,Rosenbrock,100,12,-245.0297078727581,16.57723440695554,6000,112288612
current-to-best1bin,ADAM,Rosenbrock,100,12,-2093209.64556601,15.559477061964571,6000,112288612
current-to-best1bin,SMCO_BR,Rosenbrock,100,13,-15.406385659849335,13.599045117385685,85,1482578746
current-to-best1bin,SMCO,Rosenbrock,100,13,-23.27412630661988,14.345870877616107,310,1482578746
current-to-best1bin,SPSA,Rosenbrock,100,14,-9991983.757992841,0.15999613236635923,4027,1994823292
current-to-best1bin,GenSA,Rosenbrock,100,13,-88.45889936431378,7.910319736227393,300,1482578746
current-to-best1bin,SMCO_R,Rosenbrock,100,13,-2.5108866286247458,15.316043192520738,160,1482578746
current-to-best1bin,BOBYQA,Rosenbrock,100,9,-1452964.6189330465,44.58750744536519,3000,1802719382
current-to-best1bin,optimNM,Rosenbrock,100,14,-9492712.905529927,0.5592471864074469,3000,1994823292
current-to-best1bin,SignGD,Rosenbrock,100,14,-305.3394774782478,3.933717587031424,1509,1994823292
current-to-best1bin,BOBYQA,Rosenbrock,100,8,-977964.0446432208,51.86148785799742,3000,1484065503
current-to-best1bin,GA,Rosenbrock,100,14,-5757.932635617986,1.119974808767438,300,1994823292
current-to-best1bin,SMCO_BR_EVO,Rosenbrock,100,13,-84.02352305830753,14.684911260381341,160,1482578746
current-to-best1bin,DEoptim,Rosenbrock,100,7,-559.6663580586395,62.95416419301182,300,22130812
current-to-best1bin,PSO,Rosenbrock,100,14,-788428.9464544419,0.4073939537629485,300,1994823292
current-to-best1bin,SMCO,Rosenbrock,100,14,-25.290342515780765,8.332461019977927,310,1994823292
current-to-best1bin,optimLBFGS,Rosenbrock,100,14,-9.091756852911884e-08,4.568107391707599,1250,1994823292
current-to-best1bin,GD,Rosenbrock,100,13,-144.6634742840396,16.090484969317913,6000,1482578746
current-to-best1bin,SA,Rosenbrock,100,4,-9.707280563046509e-11,90.64159639179707,300,113742616
current-to-best1bin,ADAM,Rosenbrock,100,13,-2124954.33528465,16.558603873476386,6000,1482578746
current-to-best1bin,BOBYQA,Rosenbrock,100,10,-906184.8298502221,40.27311844751239,3000,689242106
current-to-best1bin,SMCO_EVO,Rosenbrock,100,14,-20.719595164600147,10.538044242188334,310,1994823292
current-to-best1bin,SPSA,Griewank,100,0,-2423.6210072462222,0.29796193167567253,4617,609680722
current-to-best1bin,optimLBFGS,Griewank,100,0,-7.504061172447507e-08,1.0453934697434306,177,609680722
current-to-best1bin,GenSA,Rosenbrock,100,14,-76.1357074234917,7.732487875036895,300,1994823292
current-to-best1bin,SMCO_R_EVO,Rosenbrock,100,14,-2.2034533839164228,12.377595329657197,310,1994823292
current-to-best1bin,SMCO_BR,Rosenbrock,100,14,-3.0618289143699196,13.848241586238146,85,1994823292
current-to-best1bin,optimNM,Griewank,100,0,-2395.6976188503218,0.5356451207771897,3000,609680722
current-to-best1bin,SMCO_BR_EVO,Rosenbrock,100,14,-96.29837764376161,12.946013062261045,160,1994823292
current-to-best1bin,BOBYQA,Rosenbrock,100,11,-1007583.7676208983,35.81670372840017,3000,693558215
current-to-best1bin,PSO,Griewank,100,0,-347.7496715345554,0.4491195445880294,300,609680722
current-to-best1bin,GA,Griewank,100,0,-45.64291743960693,1.1608572574332356,300,609680722
current-to-best1bin,SMCO_R,Rosenbrock,100,14,-2.2740208398853077,16.73578531574458,160,1994823292
current-to-best1bin,ADAM,Rosenbrock,100,14,-2320440.7671667,12.549366441555321,6000,1994823292
current-to-best1bin,SA,Rosenbrock,100,5,-6.038286750147575e-11,88.60658675804734,300,924465025
current-to-best1bin,GD,Rosenbrock,100,14,-245.05126376443988,14.504871320910752,6000,1994823292
current-to-best1bin,SignGD,Griewank,100,0,-2225.6997220174644,6.457005497999489,2008,609680722
current-to-best1bin,SMCO_R,Griewank,100,0,-0.144480443554464,12.09037200268358,160,609680722
current-to-best1bin,GenSA,Griewank,100,0,-6.163575871909188e-09,6.146514895372093,300,609680722
current-to-best1bin,SMCO_EVO,Griewank,100,0,-0.875018121824779,13.881935617886484,310,609680722
current-to-best1bin,SPSA,Griewank,100,1,-2532.566151805476,0.4516038540750742,5597,720838238
current-to-best1bin,SMCO_R_EVO,Griewank,100,0,-0.1033598505220582,13.436718357726932,310,609680722
current-to-best1bin,SMCO_BR,Griewank,100,0,-0.1520517141033092,15.807338459417224,85,609680722
current-to-best1bin,optimLBFGS,Griewank,100,1,-3.329405862118051e-09,1.4093483770266175,154,720838238
current-to-best1bin,SignGD,Griewank,100,1,-2417.4006556662707,4.215992859564722,2008,720838238
current-to-best1bin,optimNM,Griewank,100,1,-2502.9796143261055,0.5543003901839256,3000,720838238
current-to-best1bin,ADAM,Griewank,100,0,-2387.4075508463684,13.529645841568708,6000,609680722
current-to-best1bin,SMCO,Griewank,100,0,-0.8752848854242788,17.56483186315745,310,609680722
current-to-best1bin,DEoptim,Rosenbrock,100,8,-968.564731179407,70.53868054226041,300,1484065503
current-to-best1bin,PSO,Griewank,100,1,-294.80413049140896,0.4308058014139533,300,720838238
current-to-best1bin,GA,Griewank,100,1,-50.35065946680107,1.2053817072883248,300,720838238
current-to-best1bin,SA,Rosenbrock,100,6,-1.1530006044590355e-10,89.80893890652806,300,93561097
current-to-best1bin,SMCO_BR_EVO,Griewank,100,0,-0.15214580374056375,16.48955732770264,160,609680722
current-to-best1bin,SA,Rosenbrock,100,7,-9.949979580283493e-11,82.69452243857086,300,22130812
current-to-best1bin,SMCO_BR_EVO,Griewank,100,1,-0.15775239444528566,10.761091658845544,160,720838238
current-to-best1bin,SMCO_EVO,Griewank,100,1,-0.9001142874241359,11.350188699550927,310,720838238
current-to-best1bin,SMCO,Griewank,100,1,-0.8521552830018273,13.231196175329387,310,720838238
current-to-best1bin,DEoptim,Rosenbrock,100,10,-676.7076702931148,57.36132963001728,300,689242106
current-to-best1bin,GD,Griewank,100,0,-1812.1374876852242,18.987409319728613,6000,609680722
current-to-best1bin,SPSA,Griewank,100,2,-2392.519048905271,0.41765083465725183,4364,1530055040
current-to-best1bin,SA,Rosenbrock,100,8,-3.986623854690714,75.0766732962802,300,1484065503
current-to-best1bin,optimNM,Griewank,100,2,-2361.4713242632565,0.5416309274733067,3000,1530055040
current-to-best1bin,optimLBFGS,Griewank,100,2,-1.1359561069568258e-09,1.7532329401001334,194,1530055040
current-to-best1bin,GenSA,Griewank,100,1,-4.912698026160456e-10,7.637996313162148,300,720838238
current-to-best1bin,SMCO_R,Griewank,100,1,-0.14602923802431156,15.942861267365515,160,720838238
current-to-best1bin,BOBYQA,Rosenbrock,100,12,-1344320.3672519177,45.33433894626796,3000,112288612
current-to-best1bin,GA,Griewank,100,2,-49.66508117014955,0.6316957883536816,300,1530055040
current-to-best1bin,PSO,Griewank,100,2,-388.026292368192,0.46019825153052807,300,1530055040
current-to-best1bin,SignGD,Griewank,100,2,-2199.4373972143653,6.173833670094609,2008,1530055040
current-to-best1bin,SMCO_R_EVO,Griewank,100,1,-0.14211246596439608,17.846781603060663,310,720838238
current-to-best1bin,ADAM,Griewank,100,1,-2495.294287175313,14.31642247736454,6000,720838238
current-to-best1bin,SMCO_BR,Griewank,100,1,-0.13503390824034678,18.51334115769714,85,720838238
current-to-best1bin,GenSA,Griewank,100,2,-8.096577852612086e-09,4.9380915546789765,300,1530055040
current-to-best1bin,BOBYQA,Rosenbrock,100,13,-1186438.2341225026,40.619044138118625,3000,1482578746
current-to-best1bin,SMCO_BR,Griewank,100,2,-0.183278108310308,11.167445776984096,85,1530055040
current-to-best1bin,GD,Griewank,100,1,-1893.0773340842866,19.82763832807541,6000,720838238
current-to-best1bin,SPSA,Griewank,100,3,-2658.31970553588,0.3103309767320752,3542,229078681
current-to-best1bin,DEoptim,Rosenbrock,100,9,-1128.9312722827724,73.8091799505055,300,1802719382
current-to-best1bin,SMCO,Griewank,100,2,-0.8856627846518073,13.08715474512428,310,1530055040
current-to-best1bin,optimNM,Griewank,100,3,-2630.059510806482,0.3199812872335315,3000,229078681
current-to-best1bin,optimLBFGS,Griewank,100,3,-4.630073879852148e-09,1.5370575720444322,168,229078681
current-to-best1bin,SignGD,Griewank,100,3,-2488.4560056090163,4.503390908241272,1509,229078681
current-to-best1bin,SMCO_EVO,Griewank,100,2,-0.919733628681971,15.35093508195132,310,1530055040
current-to-best1bin,GD,Griewank,100,2,-1788.6732546166927,14.73668314050883,6000,1530055040
current-to-best1bin,PSO,Griewank,100,3,-515.9108530798957,0.4258399782702327,300,229078681
current-to-best1bin,GA,Griewank,100,3,-46.512151209445456,1.0977515764534473,300,229078681
current-to-best1bin,SMCO_R_EVO,Griewank,100,2,-0.15179408281901574,16.302511959336698,310,1530055040
current-to-best1bin,SMCO_R,Griewank,100,2,-0.11935182589018833,17.56589180510491,160,1530055040
current-to-best1bin,GenSA,Griewank,100,3,-3.4095571921355372e-09,5.363417482934892,300,229078681
current-to-best1bin,SMCO_BR_EVO,Griewank,100,2,-0.1693964035861203,17.05887758359313,160,1530055040
current-to-best1bin,SMCO_R_EVO,Griewank,100,3,-0.12624397810433152,10.422857787460089,310,229078681
current-to-best1bin,ADAM,Griewank,100,2,-2356.9761508317465,17.133772945031524,6000,1530055040
current-to-best1bin,SMCO_R,Griewank,100,3,-0.152636402590828,13.424272845499218,160,229078681
current-to-best1bin,BOBYQA,Rosenbrock,100,14,-1058918.2803160313,42.39099026937038,3000,1994823292
current-to-best1bin,DEoptim,Rosenbrock,100,12,-723.7286960557434,57.47450488060713,300,112288612
current-to-best1bin,SPSA,Griewank,100,4,-2436.35387486177,0.2013514507561922,4429,1627604278
current-to-best1bin,optimLBFGS,Griewank,100,4,-1.2820431383175901e-08,0.8738589063286781,173,1627604278
current-to-best1bin,optimNM,Griewank,100,4,-2403.104441063375,0.33131225779652596,3000,1627604278
current-to-best1bin,SMCO,Griewank,100,3,-0.9429651333421378,16.656710621900856,310,229078681
current-to-best1bin,SMCO_EVO,Griewank,100,3,-0.8610025505395147,15.06898575462401,310,229078681
current-to-best1bin,GD,Griewank,100,3,-1986.7316370124493,14.132946747355163,6000,229078681
current-to-best1bin,GA,Griewank,100,4,-51.69624957295971,0.6236674357205629,300,1627604278
current-to-best1bin,DEoptim,Rosenbrock,100,11,-902.264973244234,69.47880929522216,300,693558215
current-to-best1bin,PSO,Griewank,100,4,-413.6167159088981,0.3232868006452918,300,1627604278
current-to-best1bin,SMCO_BR,Griewank,100,3,-0.17191148018234714,17.131326781585813,85,229078681
current-to-best1bin,SignGD,Griewank,100,4,-2239.5030825945346,5.205452807247639,2008,1627604278
current-to-best1bin,SA,Rosenbrock,100,9,-1.2031606553203117e-10,89.10900706984103,300,1802719382
current-to-best1bin,ADAM,Griewank,100,3,-2618.6573427692356,15.85531444940716,6000,229078681
current-to-best1bin,SMCO_BR_EVO,Griewank,100,3,-0.16737523776547525,18.76730727776885,160,229078681
current-to-best1bin,GenSA,Griewank,100,4,-1.980788089106511e-09,5.83895693346858,300,1627604278
current-to-best1bin,BOBYQA,Griewank,100,0,-1165.981574175753,41.59022764675319,3000,609680722
current-to-best1bin,SMCO_R_EVO,Griewank,100,4,-0.1570839611861602,12.115203771740198,310,1627604278
current-to-best1bin,GD,Griewank,100,4,-1819.3512675988782,11.944965834729373,6000,1627604278
current-to-best1bin,SPSA,Griewank,100,5,-2689.5808610533672,0.38213870394974947,4483,620025779
current-to-best1bin,optimLBFGS,Griewank,100,5,-7.393600398586386e-09,0.692936921492219,147,620025779
current-to-best1bin,SMCO_EVO,Griewank,100,4,-0.8815733836987913,14.729773536324501,310,1627604278
current-to-best1bin,optimNM,Griewank,100,5,-2659.671974166406,0.5304790940135717,3000,620025779
current-to-best1bin,ADAM,Griewank,100,4,-2397.8883866127176,12.12715863995254,6000,1627604278
current-to-best1bin,SMCO,Griewank,100,4,-0.872374786161183,16.234049615450203,310,1627604278
current-to-best1bin,SMCO_BR,Griewank,100,4,-0.12981874482444178,16.594778285361826,85,1627604278
current-to-best1bin,SMCO_R,Griewank,100,4,-0.13174683742526672,16.710656915791333,160,1627604278
current-to-best1bin,PSO,Griewank,100,5,-599.1599608395791,0.42333762627094984,300,620025779
current-to-best1bin,GA,Griewank,100,5,-48.798097081050166,1.098582960665226,300,620025779
current-to-best1bin,SignGD,Griewank,100,5,-2620.316982576901,6.244156305678189,2008,620025779
current-to-best1bin,SMCO_BR,Griewank,100,5,-0.15858925482894481,10.792000873945653,85,620025779
current-to-best1bin,SMCO_BR_EVO,Griewank,100,4,-0.1615111445155767,18.48689024616033,160,1627604278
current-to-best1bin,GenSA,Griewank,100,5,-3.9103142945862146e-10,5.410024976357818,300,620025779
current-to-best1bin,SMCO_R,Griewank,100,5,-0.15790622928482045,13.885171419940889,160,620025779
current-to-best1bin,SA,Rosenbrock,100,10,-7.722589371736828e-11,93.6893716044724,300,689242106
current-to-best1bin,SMCO_BR_EVO,Griewank,100,5,-0.16256231697249035,12.890463630668819,160,620025779
current-to-best1bin,SPSA,Griewank,100,6,-2754.425691145427,0.20917391497641802,5120,346125290
current-to-best1bin,SMCO_EVO,Griewank,100,5,-0.8859225967047595,15.10116590000689,310,620025779
current-to-best1bin,optimLBFGS,Griewank,100,6,-1.3011862698419918e-09,0.7174867149442434,157,346125290
current-to-best1bin,BOBYQA,Griewank,100,1,-1141.4865775839821,44.389561268500984,3000,720838238
current-to-best1bin,optimNM,Griewank,100,6,-2723.300371887901,0.35453715082257986,3000,346125290
current-to-best1bin,SMCO,Griewank,100,5,-0.8338289404260261,17.402749481610954,310,620025779
current-to-best1bin,DEoptim,Rosenbrock,100,13,-603.1120088969517,70.26000485848635,300,1482578746
current-to-best1bin,SMCO_R_EVO,Griewank,100,5,-0.16204717426842397,16.483466275036335,310,620025779
current-to-best1bin,SA,Rosenbrock,100,13,-1.0835956197111308e-10,71.31024687364697,300,1482578746
current-to-best1bin,BOBYQA,Griewank,100,2,-1146.5482590930978,38.729780254885554,3000,1530055040
current-to-best1bin,ADAM,Griewank,100,5,-2651.6621153248648,13.900868376716971,6000,620025779
current-to-best1bin,PSO,Griewank,100,6,-597.1005812735484,0.42850437480956316,300,346125290
current-to-best1bin,GA,Griewank,100,6,-46.636332434964864,1.1776969488710165,300,346125290
current-to-best1bin,SignGD,Griewank,100,6,-2557.357022529129,6.203718136996031,2507,346125290
current-to-best1bin,SMCO_R_EVO,Griewank,100,6,-0.1418301117766667,9.547769547440112,310,346125290
current-to-best1bin,GenSA,Griewank,100,6,-1.04495645469882e-09,5.784422144293785,300,346125290
current-to-best1bin,GD,Griewank,100,5,-2010.8542870676667,19.396069454960525,6000,620025779
current-to-best1bin,SMCO_BR,Griewank,100,6,-0.16632351506679732,14.599763056263328,85,346125290
current-to-best1bin,SA,Rosenbrock,100,11,-1.0615468193327774e-10,94.19399919360876,300,693558215
current-to-best1bin,SPSA,Griewank,100,7,-2564.9400506950346,0.18037946056574583,4341,73486623
current-to-best1bin,SMCO_EVO,Griewank,100,6,-0.8315915268996203,14.639759205281734,310,346125290
current-to-best1bin,optimNM,Griewank,100,7,-2534.8790618922458,0.30815393198281527,3000,73486623
current-to-best1bin,optimLBFGS,Griewank,100,7,-1.20839016570784e-09,1.5392374601215124,171,73486623
current-to-best1bin,SMCO_R,Griewank,100,6,-0.1409432730647524,16.754552132450044,160,346125290
current-to-best1bin,GD,Griewank,100,6,-2058.203950952916,13.144182563759387,6000,346125290
current-to-best1bin,SMCO,Griewank,100,6,-0.8593800460387095,17.65506792627275,310,346125290
current-to-best1bin,DEoptim,Rosenbrock,100,14,-689.9030981639703,71.06695968005806,300,1994823292
current-to-best1bin,PSO,Griewank,100,7,-345.5375869787647,0.43214029259979725,300,73486623
current-to-best1bin,GA,Griewank,100,7,-40.01872310962577,1.1022701244801283,300,73486623
current-to-best1bin,SA,Rosenbrock,100,12,-6.853547062331637e-11,89.10413018520921,300,112288612
current-to-best1bin,SMCO,Griewank,100,7,-0.8879553303105009,11.698623146861792,310,73486623
current-to-best1bin,SignGD,Griewank,100,7,-2363.157399915904,8.575340699404478,3006,73486623
current-to-best1bin,GenSA,Griewank,100,7,-5.060777685805817e-09,6.229621583595872,300,73486623
current-to-best1bin,SMCO_BR_EVO,Griewank,100,6,-0.14307814754068182,18.737293153069913,160,346125290
current-to-best1bin,SMCO_R,Griewank,100,7,-0.140305711511312,14.346826829947531,160,73486623
current-to-best1bin,SMCO_BR_EVO,Griewank,100,7,-0.14646517467546616,12.434819402173162,160,73486623
current-to-best1bin,SPSA,Griewank,100,8,-2636.1609337033933,0.20805039815604687,4888,850252786
current-to-best1bin,GD,Griewank,100,7,-1917.812662579491,12.336945861577988,6000,73486623
current-to-best1bin,optimLBFGS,Griewank,100,8,-1.9920141092200083e-09,0.5499654999002814,129,850252786
current-to-best1bin,ADAM,Griewank,100,6,-2713.4111113988124,18.752756632864475,6000,346125290
current-to-best1bin,optimNM,Griewank,100,8,-2608.1099070859473,0.4312227014452219,3000,850252786
current-to-best1bin,SMCO_EVO,Griewank,100,7,-0.8998707805882009,16.415161093696952,310,73486623
current-to-best1bin,DEoptim,Griewank,100,0,-1.3451671009712016,71.0231978930533,300,609680722
current-to-best1bin,SA,Griewank,100,1,-9.782018528525782e-10,61.69692173227668,300,720838238
current-to-best1bin,SMCO_R_EVO,Griewank,100,7,-0.11806864381471138,16.796420391649008,310,73486623
current-to-best1bin,PSO,Griewank,100,8,-276.82335612233663,0.4306423608213663,300,850252786
current-to-best1bin,GA,Griewank,100,8,-51.095588256654494,1.1060959585011005,300,850252786
current-to-best1bin,SignGD,Griewank,100,8,-2556.9990504442103,5.112616456113756,1509,850252786
current-to-best1bin,BOBYQA,Griewank,100,4,-820.6876629974192,40.866142021492124,3000,1627604278
current-to-best1bin,BOBYQA,Griewank,100,3,-1410.2106049225686,49.69663479924202,3000,229078681
current-to-best1bin,SMCO_BR,Griewank,100,7,-0.14658748568526125,19.71628334466368,85,73486623
current-to-best1bin,SA,Rosenbrock,100,14,-1.4075149818341665e-10,84.14967049006373,300,1994823292
current-to-best1bin,SA,Griewank,100,0,-9.166782888314629e-10,76.29079463612288,300,609680722
current-to-best1bin,GenSA,Griewank,100,8,-3.092172740082333e-09,7.568594677373767,300,850252786
current-to-best1bin,SPSA,Griewank,100,9,-2757.976713706238,0.33667933102697134,4216,681665395
current-to-best1bin,SMCO_BR,Griewank,100,8,-0.17651091034558863,14.644268413074315,85,850252786
current-to-best1bin,SMCO_R_EVO,Griewank,100,8,-0.15326069875472048,12.880658590234816,310,850252786
current-to-best1bin,ADAM,Griewank,100,7,-2528.1849717137666,19.795028827153146,6000,73486623
current-to-best1bin,optimNM,Griewank,100,9,-2727.202866776001,0.5349485846236348,3000,681665395
current-to-best1bin,optimLBFGS,Griewank,100,9,-1.3747051275103672e-09,1.3356458600610495,157,681665395
current-to-best1bin,SMCO,Griewank,100,8,-0.8761926508132256,17.342541583813727,310,850252786
current-to-best1bin,SMCO_R,Griewank,100,8,-0.13905039051650603,18.020383888855577,160,850252786
current-to-best1bin,GA,Griewank,100,9,-48.48183052089746,1.1883944682776928,300,681665395
current-to-best1bin,PSO,Griewank,100,9,-250.2993954069414,0.5045269764959812,300,681665395
current-to-best1bin,SMCO_BR_EVO,Griewank,100,8,-0.15968513221571468,14.973000918515027,160,850252786
current-to-best1bin,SignGD,Griewank,100,9,-2545.4827130033455,6.221739293076098,2008,681665395
current-to-best1bin,SMCO_EVO,Griewank,100,8,-0.8388228389916197,17.963291024789214,310,850252786
current-to-best1bin,GD,Griewank,100,8,-1970.7340214395426,15.62107206415385,6000,850252786
current-to-best1bin,ADAM,Griewank,100,8,-2597.817976385194,15.303935166448355,6000,850252786
current-to-best1bin,SMCO_R_EVO,Griewank,100,9,-0.1432043326621637,10.144725743681192,310,681665395
current-to-best1bin,DEoptim,Griewank,100,1,-1.49454048379583,75.08361824695021,300,720838238
current-to-best1bin,SMCO_BR,Griewank,100,9,-0.1551487714117169,12.956764872185886,85,681665395
current-to-best1bin,SPSA,Griewank,100,10,-2599.7749307562212,0.2686185808852315,4030,732936179
current-to-best1bin,SMCO_R,Griewank,100,9,-0.13211616392970515,13.697975251823664,160,681665395
current-to-best1bin,optimLBFGS,Griewank,100,10,-5.655741430743433e-10,0.6337478877976537,153,732936179
current-to-best1bin,GenSA,Griewank,100,9,-5.711325967716618e-09,7.68065383285284,300,681665395
current-to-best1bin,optimNM,Griewank,100,10,-2565.8537271820774,0.49025181122124195,3000,732936179
current-to-best1bin,SignGD,Griewank,100,10,-2395.4244061239956,3.7688348283991218,2008,732936179
current-to-best1bin,DEoptim,Griewank,100,2,-1.234572911543101,71.19443910103291,300,1530055040
current-to-best1bin,SMCO,Griewank,100,9,-0.8935196141650403,17.206714837811887,310,681665395
current-to-best1bin,GA,Griewank,100,10,-45.59686206283501,1.0187039580196142,300,732936179
current-to-best1bin,PSO,Griewank,100,10,-410.4951709346849,0.43155535962432623,300,732936179
current-to-best1bin,GD,Griewank,100,9,-2060.734526436493,16.386109561659396,6000,681665395
current-to-best1bin,SMCO_EVO,Griewank,100,9,-0.9119446857698473,17.98648510314524,310,681665395
current-to-best1bin,DEoptim,Griewank,100,3,-1.7746775249471227,64.32683626376092,300,229078681
current-to-best1bin,SMCO_BR_EVO,Griewank,100,9,-0.1582323249717722,17.976747255772352,160,681665395
current-to-best1bin,BOBYQA,Griewank,100,5,-911.7617101930416,49.663634756579995,3000,620025779
current-to-best1bin,GenSA,Griewank,100,10,-9.727938454773266e-10,7.510642287321389,300,732936179
current-to-best1bin,SA,Griewank,100,2,-7.585935213327843e-10,77.08039058651775,300,1530055040
current-to-best1bin,BOBYQA,Griewank,100,6,-1420.0424483734166,41.78641748521477,3000,346125290
current-to-best1bin,SPSA,Griewank,100,11,-2808.9522573147806,0.18900814931839705,4456,2106073085
current-to-best1bin,optimLBFGS,Griewank,100,11,-1.6403755020988342e-09,0.7357313968241215,150,2106073085
current-to-best1bin,ADAM,Griewank,100,9,-2717.863372748165,19.805531893856823,6000,681665395
current-to-best1bin,SMCO_BR,Griewank,100,10,-0.15323431811925636,14.198724237270653,85,732936179
current-to-best1bin,optimNM,Griewank,100,11,-2778.943115896375,0.5648552132770419,3000,2106073085
current-to-best1bin,SMCO,Griewank,100,10,-0.8938300457503202,15.228159288875759,310,732936179
current-to-best1bin,SMCO_BR_EVO,Griewank,100,10,-0.16412035505937983,14.646145412698388,160,732936179
current-to-best1bin,GA,Griewank,100,11,-45.72332373158247,1.1211225036531687,300,2106073085
current-to-best1bin,PSO,Griewank,100,11,-356.4622480327564,0.43187014013528824,300,2106073085
current-to-best1bin,SMCO_R_EVO,Griewank,100,10,-0.13941148804812653,17.306620325893164,310,732936179
current-to-best1bin,SMCO_EVO,Griewank,100,10,-0.8927176832242558,17.338294162414968,310,732936179
current-to-best1bin,ADAM,Griewank,100,10,-2560.064847002379,14.73160169646144,6000,732936179
current-to-best1bin,SignGD,Griewank,100,11,-2597.3857417886716,6.638448772020638,2008,2106073085
current-to-best1bin,SMCO_R,Griewank,100,10,-0.1321660438582588,18.994679048657417,160,732936179
current-to-best1bin,GenSA,Griewank,100,11,-2.4127646547356107e-09,5.858309328556061,300,2106073085
current-to-best1bin,GD,Griewank,100,10,-1941.5489109191221,18.491056693717837,6000,732936179
current-to-best1bin,SMCO_BR,Griewank,100,11,-0.17693326228529516,12.253581690602005,85,2106073085
current-to-best1bin,BOBYQA,Griewank,100,7,-1384.1952231851587,42.62991976365447,3000,73486623
current-to-best1bin,SA,Griewank,100,3,-9.963994074269067e-10,78.4782026913017,300,229078681
current-to-best1bin,SPSA,Griewank,100,12,-2347.014913443614,0.25001658871769905,4549,1537214939
current-to-best1bin,SMCO,Griewank,100,11,-0.9183574659317157,14.19046505074948,310,2106073085
current-to-best1bin,optimNM,Griewank,100,12,-2318.803425427135,0.5702762510627508,3000,1537214939
current-to-best1bin,SMCO_R,Griewank,100,11,-0.14683224349813162,15.034256951883435,160,2106073085
current-to-best1bin,optimLBFGS,Griewank,100,12,-1.4435776907184561e-08,1.2988192299380898,143,1537214939
current-to-best1bin,DEoptim,Griewank,100,5,-1.6751017156428776,61.52966562192887,300,620025779
current-to-best1bin,SMCO_R_EVO,Griewank,100,11,-0.1645179863533449,14.610172800719738,310,2106073085
current-to-best1bin,BOBYQA,Griewank,100,8,-1228.3119433050697,36.49786868970841,3000,850252786
current-to-best1bin,PSO,Griewank,100,12,-438.8652109294796,0.4328497536480427,300,1537214939
current-to-best1bin,SA,Griewank,100,4,-0.009864672636843874,71.54861117247492,300,1627604278
current-to-best1bin,GA,Griewank,100,12,-46.027985618296206,1.1277833804488182,300,1537214939
current-to-best1bin,SA,Griewank,100,5,-8.282204921883363e-10,63.423839597031474,300,620025779
current-to-best1bin,DEoptim,Griewank,100,4,-1.310451378527222,72.92907028831542,300,1627604278
current-to-best1bin,SMCO_EVO,Griewank,100,11,-0.8836810916456092,17.7204902600497,310,2106073085
current-to-best1bin,SignGD,Griewank,100,12,-2157.276576048019,6.175948125310242,2507,1537214939
current-to-best1bin,SMCO_BR_EVO,Griewank,100,11,-0.18549257026666377,18.797589699737728,160,2106073085
current-to-best1bin,ADAM,Griewank,100,11,-2770.020680379366,16.820557268336415,6000,2106073085
current-to-best1bin,GenSA,Griewank,100,12,-2.3418322836477046e-10,6.973177562467754,300,1537214939
current-to-best1bin,SPSA,Griewank,100,13,-2751.0344880384473,0.32458929531276226,4017,442443674
current-to-best1bin,GD,Griewank,100,11,-2099.71795088718,19.335159591399133,6000,2106073085
current-to-best1bin,optimLBFGS,Griewank,100,13,-6.0748059915738395e-09,0.8408565372228622,152,442443674
current-to-best1bin,optimNM,Griewank,100,13,-2725.3209076357575,0.5030077463015914,3000,442443674
current-to-best1bin,SMCO_R,Griewank,100,12,-0.13530700026592235,13.300392367877066,160,1537214939
current-to-best1bin,SMCO,Griewank,100,12,-0.8880181366554706,16.29797628801316,310,1537214939
current-to-best1bin,SignGD,Griewank,100,13,-2533.0369586128513,6.881741371937096,2507,442443674
current-to-best1bin,PSO,Griewank,100,13,-407.5098680624314,0.22502149920910597,300,442443674
current-to-best1bin,SMCO_EVO,Griewank,100,12,-0.9103409500656794,16.644306760281324,310,1537214939
current-to-best1bin,SMCO_BR,Griewank,100,12,-0.18618208028492245,17.030097832903266,85,1537214939
current-to-best1bin,GA,Griewank,100,13,-50.34671361131988,1.1731826718896627,300,442443674
current-to-best1bin,GenSA,Griewank,100,13,-7.424043935166935e-09,4.830207957886159,300,442443674
current-to-best1bin,SMCO_R_EVO,Griewank,100,12,-0.13369491309739534,17.3595801172778,310,1537214939
current-to-best1bin,SMCO,Griewank,100,13,-0.8608201010140872,12.088922544382513,310,442443674
current-to-best1bin,SMCO_EVO,Griewank,100,13,-0.8581918153058667,11.240040767937899,310,442443674
current-to-best1bin,GD,Griewank,100,12,-1754.8791440480936,16.250000634230673,6000,1537214939
current-to-best1bin,SMCO_BR_EVO,Griewank,100,12,-0.15067087479184094,17.639058327302337,160,1537214939
current-to-best1bin,SPSA,Griewank,100,14,-2556.796524611717,0.263813566416502,3260,265282895
current-to-best1bin,SMCO_R,Griewank,100,13,-0.12587078603690238,12.375042733736336,160,442443674
current-to-best1bin,ADAM,Griewank,100,12,-2312.307682273547,16.283177291974425,6000,1537214939
current-to-best1bin,optimNM,Griewank,100,14,-2520.7615070423667,0.31226793583482504,3000,265282895
current-to-best1bin,optimLBFGS,Griewank,100,14,-1.0009237882968591e-09,1.191015469841659,131,265282895
current-to-best1bin,SMCO_BR,Griewank,100,13,-0.12909047595604406,13.309205158613622,85,442443674
current-to-best1bin,SMCO_R_EVO,Griewank,100,13,-0.1377905734603554,12.863652413710952,310,442443674
current-to-best1bin,GA,Griewank,100,14,-45.732890990095925,0.6373870931565762,300,265282895
current-to-best1bin,PSO,Griewank,100,14,-282.37167578839774,0.22768832556903362,300,265282895
current-to-best1bin,SA,Griewank,100,6,-9.791313315687944e-10,69.10866281948984,300,346125290
current-to-best1bin,DEoptim,Griewank,100,6,-2.0345400844920274,69.5117128668353,300,346125290
current-to-best1bin,BOBYQA,Griewank,100,10,-1076.9349462680498,39.202776364050806,3000,732936179
current-to-best1bin,SMCO_BR_EVO,Griewank,100,13,-0.13843347121666516,16.848205218091607,160,442443674
current-to-best1bin,SMCO,Griewank,100,14,-0.8555640131372755,9.860457020811737,310,265282895
current-to-best1bin,SignGD,Griewank,100,14,-2359.3532534507954,8.020677137188613,3006,265282895
current-to-best1bin,GenSA,Griewank,100,14,-5.6904019274384154e-09,6.98283741530031,300,265282895
current-to-best1bin,GD,Griewank,100,13,-2057.0092268589574,18.155022307299078,6000,442443674
current-to-best1bin,GD,Zakharov,100,0,-433909436571390.06,0.2455653427168727,70,719341717
current-to-best1bin,SPSA,Zakharov,100,0,-5320.3125,0.4516529534012079,5843,719341717
current-to-best1bin,BOBYQA,Griewank,100,9,-754.5264674620771,49.704192467965186,3000,681665395
current-to-best1bin,optimLBFGS,Zakharov,100,0,-1.190074855829034e-10,3.0916367694735527,607,719341717
current-to-best1bin,SA,Griewank,100,8,-1.038325869728851e-09,59.97272478789091,300,850252786
current-to-best1bin,optimNM,Zakharov,100,0,-394937007640251.06,0.3591407462954521,3000,719341717
current-to-best1bin,SignGD,Zakharov,100,0,-1429.6263319100904,4.559300386346877,2008,719341717
current-to-best1bin,BOBYQA,Griewank,100,11,-1119.120370247311,35.806143450550735,3000,2106073085
current-to-best1bin,ADAM,Griewank,100,13,-2711.43361313362,20.2452884754166,6000,442443674
current-to-best1bin,PSO,Zakharov,100,0,-3855.2312733891627,0.42458175774663687,300,719341717
current-to-best1bin,GA,Zakharov,100,0,-714.2384978159074,0.5814914582297206,300,719341717
current-to-best1bin,SMCO_R_EVO,Griewank,100,14,-0.14772841425900884,14.912933798506856,310,265282895
current-to-best1bin,SMCO_EVO,Griewank,100,14,-0.8980025629904889,15.565786182880402,310,265282895
current-to-best1bin,ADAM,Griewank,100,14,-2520.7932948799807,14.389535427093506,6000,265282895
current-to-best1bin,SMCO_R,Griewank,100,14,-0.14075745966966757,17.8142426116392,160,265282895
current-to-best1bin,SMCO_BR,Griewank,100,14,-0.16847675938784812,18.01320223044604,85,265282895
current-to-best1bin,SMCO,Zakharov,100,0,-1.905807076569754,13.729918600060046,310,719341717
current-to-best1bin,GD,Zakharov,100,1,-385676456562850.4,0.2517920136451721,70,466919731
current-to-best1bin,SMCO_R,Zakharov,100,0,-5.034856349968274,13.044941136613488,160,719341717
current-to-best1bin,SPSA,Zakharov,100,1,-17859975.0,0.3594352826476097,5767,466919731
current-to-best1bin,GD,Griewank,100,14,-1911.6613135878013,17.859010737389326,6000,265282895
current-to-best1bin,SMCO_BR_EVO,Zakharov,100,0,-20.002001607429765,10.518443439155817,160,719341717
current-to-best1bin,DEoptim,Griewank,100,7,-1.5452449314480683,74.18178335390985,300,73486623
current-to-best1bin,SMCO_BR_EVO,Griewank,100,14,-0.15820104400168156,18.64872942958027,160,265282895
current-to-best1bin,optimNM,Zakharov,100,1,-355944117377818.94,0.5253908485174179,3000,466919731
current-to-best1bin,GenSA,Zakharov,100,0,-2.1155720996078605e-10,7.167150707915425,300,719341717
current-to-best1bin,GA,Zakharov,100,1,-739.876368662828,1.1136931702494621,300,466919731
current-to-best1bin,SignGD,Zakharov,100,1,-1390.5915720957319,3.801735220476985,1571,466919731
current-to-best1bin,optimLBFGS,Zakharov,100,1,-1.7550366930526507e-10,3.2434760872274637,625,466919731
current-to-best1bin,SMCO_BR,Zakharov,100,0,-24.74350146959199,15.605060027912259,85,719341717
current-to-best1bin,PSO,Zakharov,100,1,-3987.611199434224,0.38125013187527657,300,466919731
current-to-best1bin,ADAM,Zakharov,100,0,-6338842861525.373,13.975998118519783,6000,719341717
current-to-best1bin,SMCO_EVO,Zakharov,100,0,-1.6253805387347946,15.580396834760904,310,719341717
current-to-best1bin,SA,Griewank,100,7,-6.715538125590115e-10,78.83814008254558,300,73486623
current-to-best1bin,SMCO_R_EVO,Zakharov,100,0,-4.617645466575597,15.947071672417223,310,719341717
current-to-best1bin,GD,Zakharov,100,2,-703317212317006.9,0.24223154317587614,70,184833355
current-to-best1bin,DEoptim,Griewank,100,8,-1.0711540671746802,71.05578685645014,300,850252786
current-to-best1bin,SPSA,Zakharov,100,2,-9158925.0,0.3648962825536728,4577,184833355
current-to-best1bin,SMCO_EVO,Zakharov,100,1,-2.1330859691935333,11.639027108438313,310,466919731
current-to-best1bin,SignGD,Zakharov,100,2,-1718.6630827781576,2.9907864537090063,1056,184833355
current-to-best1bin,GenSA,Zakharov,100,1,-2.1742847779248642e-10,7.867071717977524,300,466919731
current-to-best1bin,SA,Griewank,100,9,-8.605983703446896e-10,65.08516766037792,300,681665395
current-to-best1bin,optimNM,Zakharov,100,2,-648065927380806.1,0.5137872118502855,3000,184833355
current-to-best1bin,SMCO_R,Zakharov,100,1,-4.847353289197695,14.290997573174536,160,466919731
current-to-best1bin,optimLBFGS,Zakharov,100,2,-2.1661350095403976e-10,3.7021312098950148,627,184833355
current-to-best1bin,SMCO_R_EVO,Zakharov,100,1,-6.075653027382321,13.374803517013788,310,466919731
current-to-best1bin,PSO,Zakharov,100,2,-3201.101256069717,0.39226737152785063,300,184833355
current-to-best1bin,GA,Zakharov,100,2,-496.0595601411696,0.7881365120410919,300,184833355
current-to-best1bin,SMCO_BR,Zakharov,100,1,-23.198192551612962,16.28514305781573,85,466919731
current-to-best1bin,SMCO,Zakharov,100,1,-2.1040336581764483,17.36924383509904,310,466919731
current-to-best1bin,DEoptim,Griewank,100,10,-1.307776657397659,62.079538248479366,300,732936179
current-to-best1bin,DEoptim,Griewank,100,9,-1.7396735065177267,70.76362411864102,300,681665395
current-to-best1bin,GD,Zakharov,100,3,-401727703664401.44,0.2219516346231103,70,1314085451
current-to-best1bin,SMCO_BR_EVO,Zakharov,100,1,-21.96413942275736,16.118713729083538,160,466919731
current-to-best1bin,SMCO,Zakharov,100,2,-2.3328413594624506,12.241099745966494,310,184833355
current-to-best1bin,GenSA,Zakharov,100,2,-4.330961374540836e-10,6.515287403948605,300,184833355
current-to-best1bin,SPSA,Zakharov,100,3,-15525.0,0.255112842656672,5322,1314085451
current-to-best1bin,SMCO_R,Zakharov,100,2,-5.523048905095026,12.698248839005828,160,184833355
current-to-best1bin,optimNM,Zakharov,100,3,-371423196016681.5,0.29808296263217926,3000,1314085451
current-to-best1bin,SMCO_BR,Zakharov,100,2,-22.38911443130272,13.240471182391047,85,184833355
current-to-best1bin,ADAM,Zakharov,100,1,-5023763044342.061,18.133754923008382,6000,466919731
current-to-best1bin,optimLBFGS,Zakharov,100,3,-1.4227868327688953e-10,2.2964253779500723,622,1314085451
current-to-best1bin,BOBYQA,Griewank,100,12,-1182.2053204981755,49.82890001498163,3000,1537214939
current-to-best1bin,PSO,Zakharov,100,3,-2759.5925302041223,0.3810716550797224,300,1314085451
current-to-best1bin,GA,Zakharov,100,3,-650.039456381855,1.1049692733213305,300,1314085451
current-to-best1bin,SMCO_EVO,Zakharov,100,2,-2.698939064260354,15.778993395157158,310,184833355
current-to-best1bin,SignGD,Zakharov,100,3,-1298.6750319061177,4.312836512923241,1509,1314085451
current-to-best1bin,GenSA,Zakharov,100,3,-2.9069578018455196e-10,5.464779659174383,300,1314085451
current-to-best1bin,SA,Griewank,100,10,-7.053611028595697e-10,70.69088393449783,300,732936179
current-to-best1bin,SMCO_BR_EVO,Zakharov,100,2,-22.267321090409983,17.02887796331197,160,184833355
current-to-best1bin,GD,Zakharov,100,4,-399038806391083.4,0.24740752950310707,70,1042408591
current-to-best1bin,SMCO_R_EVO,Zakharov,100,2,-5.898591648514329,17.57365250773728,310,184833355
current-to-best1bin,BOBYQA,Griewank,100,13,-803.7149872304467,47.26359475404024,3000,442443674
current-to-best1bin,SPSA,Zakharov,100,4,-5475.0,0.4862402053549886,5981,1042408591
current-to-best1bin,BOBYQA,Griewank,100,14,-1502.5644633372099,40.27399896364659,3000,265282895
current-to-best1bin,ADAM,Zakharov,100,2,-12702430156502.424,18.18348371516913,6000,184833355
current-to-best1bin,SMCO_EVO,Zakharov,100,3,-1.7868375850802838,11.270480216480792,310,1314085451
current-to-best1bin,optimNM,Zakharov,100,4,-363398785246865.6,0.5494211250916123,3000,1042408591
current-to-best1bin,SMCO_BR,Zakharov,100,3,-21.05084227760787,13.48787051346153,85,1314085451
current-to-best1bin,SMCO,Zakharov,100,3,-1.6149163529887864,14.7034333050251,310,1314085451
current-to-best1bin,GA,Zakharov,100,4,-694.2898674214067,0.584108142182231,300,1042408591
current-to-best1bin,PSO,Zakharov,100,4,-4046.249172022871,0.19323096424341202,300,1042408591
current-to-best1bin,SignGD,Zakharov,100,4,-6397.981645230884,4.326879480853677,1509,1042408591
current-to-best1bin,optimLBFGS,Zakharov,100,4,-3.170693041878529e-10,3.7305486565455794,620,1042408591
current-to-best1bin,SMCO_BR_EVO,Zakharov,100,3,-23.068705186409538,13.408657693304121,160,1314085451
current-to-best1bin,SMCO_R,Zakharov,100,3,-5.383141843915152,16.950802294537425,160,1314085451
current-to-best1bin,GenSA,Zakharov,100,4,-2.3148762326828577e-10,5.09970817156136,300,1042408591
current-to-best1bin,SMCO_R_EVO,Zakharov,100,4,-5.829441494291923,8.696282429620624,310,1042408591
current-to-best1bin,GD,Zakharov,100,5,-918872583665395.5,0.11292039416730404,70,11201869
current-to-best1bin,SMCO_R_EVO,Zakharov,100,3,-4.844448813576976,17.354285190813243,310,1314085451
current-to-best1bin,DEoptim,Griewank,100,11,-1.4892812383476999,69.88930377084762,300,2106073085
current-to-best1bin,ADAM,Zakharov,100,3,-5715918129270.655,16.610811182297766,6000,1314085451
current-to-best1bin,SPSA,Zakharov,100,5,-15525.0,0.45215663593262434,5470,11201869
current-to-best1bin,SMCO_R,Zakharov,100,4,-4.775095335181792,13.528255828656256,160,1042408591
current-to-best1bin,optimNM,Zakharov,100,5,-860296510351721.5,0.5514182485640049,3000,11201869
current-to-best1bin,SignGD,Zakharov,100,5,-1385.5671409754684,3.707799883559346,1509,11201869
current-to-best1bin,optimLBFGS,Zakharov,100,5,-1.0867372477888958e-10,3.4438242437317967,599,11201869
current-to-best1bin,SMCO_EVO,Zakharov,100,4,-1.75241625643454,15.853241570293903,310,1042408591
current-to-best1bin,SMCO,Zakharov,100,4,-2.9460740128497456,16.960002136416733,310,1042408591
current-to-best1bin,SA,Griewank,100,11,-6.917796335770277e-10,74.1137023260817,300,2106073085
current-to-best1bin,PSO,Zakharov,100,5,-4105.708610326168,0.3977585956454277,300,11201869
current-to-best1bin,SMCO_BR,Zakharov,100,4,-18.587254964861373,16.4282605368644,85,1042408591
current-to-best1bin,GA,Zakharov,100,5,-607.2152383655266,1.264889169484377,300,11201869
current-to-best1bin,SMCO_BR_EVO,Zakharov,100,4,-17.54516906360283,16.870698757469654,160,1042408591
current-to-best1bin,SMCO_EVO,Zakharov,100,5,-1.7205873580996192,11.400840668939054,310,11201869
current-to-best1bin,ADAM,Zakharov,100,4,-5882604019014.428,17.827589048072696,6000,1042408591
current-to-best1bin,SMCO_R,Zakharov,100,5,-4.873034490083258,13.905375533737242,160,11201869
current-to-best1bin,GenSA,Zakharov,100,5,-1.76135481641654e-10,7.767070762813091,300,11201869
current-to-best1bin,GD,Zakharov,100,6,-542642156292544.44,0.2457152120769024,70,373157493
current-to-best1bin,SMCO,Zakharov,100,5,-1.5993621588735678,14.868928471580148,310,11201869
current-to-best1bin,SPSA,Zakharov,100,6,-5700.0,0.4271032977849245,5558,373157493
current-to-best1bin,SA,Griewank,100,12,-1.0030098973601298e-09,72.21697964705527,300,1537214939
current-to-best1bin,SMCO_BR_EVO,Zakharov,100,5,-19.214301819592862,12.726709528826177,160,11201869
current-to-best1bin,optimNM,Zakharov,100,6,-501114642300097.2,0.5464745350182056,3000,373157493
current-to-best1bin,SMCO_R_EVO,Zakharov,100,5,-5.824217696406989,14.489213322289288,310,11201869
current-to-best1bin,SMCO_BR,Zakharov,100,5,-23.46641679504856,15.615911390632391,85,11201869
current-to-best1bin,SignGD,Zakharov,100,6,-1478.3619576618178,2.592143854126334,1509,373157493
current-to-best1bin,PSO,Zakharov,100,6,-3530.0025697140195,0.1883842209354043,300,373157493
current-to-best1bin,optimLBFGS,Zakharov,100,6,-1.9760166075059268e-10,2.8458772972226143,619,373157493
current-to-best1bin,GA,Zakharov,100,6,-777.7426095156347,1.1792265474796295,300,373157493
current-to-best1bin,DEoptim,Griewank,100,12,-1.4864934536074739,74.9375606039539,300,1537214939
current-to-best1bin,SA,Griewank,100,13,-1.0020211327343986e-09,70.16227599792182,300,442443674
current-to-best1bin,GenSA,Zakharov,100,6,-2.703673609542402e-10,5.705224398523569,300,373157493
current-to-best1bin,ADAM,Zakharov,100,5,-19722061512667.75,17.448083345778286,6000,11201869
current-to-best1bin,GD,Zakharov,100,7,-367430392267074.44,0.2237625988200307,70,401377211
current-to-best1bin,DEoptim,Griewank,100,13,-1.0946024312606932,72.59968175087124,300,442443674
current-to-best1bin,SMCO_EVO,Zakharov,100,6,-1.6989850354162972,14.501402345485985,310,373157493
current-to-best1bin,SMCO_BR,Zakharov,100,6,-19.967553328967462,15.322616302408278,85,373157493
current-to-best1bin,SMCO_BR_EVO,Zakharov,100,6,-20.94097269929609,11.972357877530158,160,373157493
current-to-best1bin,SPSA,Zakharov,100,7,-1122070.3125,0.45551099069416523,5636,401377211
current-to-best1bin,optimNM,Zakharov,100,7,-336015917645681.9,0.4672042466700077,3000,401377211
current-to-best1bin,SMCO,Zakharov,100,6,-1.7252761373557417,16.847904016263783,310,373157493
current-to-best1bin,SMCO_R,Zakharov,100,6,-4.940848835839457,16.892626301385462,160,373157493
current-to-best1bin,SignGD,Zakharov,100,7,-5746.738842487324,4.269751384854317,1509,401377211
current-to-best1bin,SMCO_R_EVO,Zakharov,100,6,-4.966478905887602,14.313088505528867,310,373157493
current-to-best1bin,optimLBFGS,Zakharov,100,7,-1.6701360032647732e-10,2.2050428204238415,620,401377211
current-to-best1bin,PSO,Zakharov,100,7,-3128.253051432212,0.18984292168170214,300,401377211
current-to-best1bin,GA,Zakharov,100,7,-628.4451686392582,1.0590422507375479,300,401377211
current-to-best1bin,SMCO_R,Zakharov,100,7,-6.2790981074308085,12.301852946169674,160,401377211
current-to-best1bin,ADAM,Zakharov,100,6,-9121402671943.945,17.224122731015086,6000,373157493
current-to-best1bin,SMCO,Zakharov,100,7,-6.628643645825388,14.833268995396793,310,401377211
current-to-best1bin,SMCO_EVO,Zakharov,100,7,-5.234908395391291,14.643754310905933,310,401377211
current-to-best1bin,GD,Zakharov,100,8,-597619840453599.2,0.22218784876167774,70,1268822167
current-to-best1bin,GenSA,Zakharov,100,7,-6.129564461666422e-10,7.3109675431624055,300,401377211
current-to-best1bin,SA,Griewank,100,14,-8.364382519943092e-10,74.90947830863297,300,265282895
current-to-best1bin,SPSA,Zakharov,100,8,-9158775.0,0.4791703447699547,5951,1268822167
current-to-best1bin,DEoptim,Griewank,100,14,-1.2492663491358338,75.72494732216,300,265282895
current-to-best1bin,SMCO_BR_EVO,Zakharov,100,7,-22.12626426209959,14.033106560818851,160,401377211
current-to-best1bin,SMCO_BR,Zakharov,100,7,-27.41603545312972,17.593022401444614,85,401377211
current-to-best1bin,optimNM,Zakharov,100,8,-555726566513992.2,0.29545077960938215,3000,1268822167
current-to-best1bin,optimLBFGS,Zakharov,100,8,-1.7826391676574317e-10,3.3054998125880957,612,1268822167
current-to-best1bin,SMCO_R_EVO,Zakharov,100,7,-8.169677675594443,16.33422513306141,310,401377211
current-to-best1bin,DEoptim,Zakharov,100,0,-774.6492802934937,68.21254810504615,300,719341717
current-to-best1bin,SignGD,Zakharov,100,8,-1450.7186256569914,4.73191739898175,1509,1268822167
current-to-best1bin,PSO,Zakharov,100,8,-3152.207579448489,0.38321323692798615,300,1268822167
current-to-best1bin,GA,Zakharov,100,8,-539.7682280286568,1.1178303016349673,300,1268822167
current-to-best1bin,SMCO_R,Zakharov,100,8,-4.563443274363661,11.237172236666083,160,1268822167
current-to-best1bin,DEoptim,Zakharov,100,1,-752.4343337381638,64.16323728207499,300,466919731
current-to-best1bin,SMCO_EVO,Zakharov,100,8,-1.6947663686614003,10.518560638651252,310,1268822167
current-to-best1bin,SMCO,Zakharov,100,8,-2.536310310533006,15.171865414828062,310,1268822167
current-to-best1bin,ADAM,Zakharov,100,7,-4585466258581.692,18.415869656950235,6000,401377211
current-to-best1bin,GD,Zakharov,100,9,-684364145070334.4,0.24467142298817635,70,1871397980
current-to-best1bin,GenSA,Zakharov,100,8,-3.786956767443843e-10,7.816302903927863,300,1268822167
current-to-best1bin,SMCO_BR,Zakharov,100,8,-22.394419214781006,16.138596830889583,85,1268822167
current-to-best1bin,SPSA,Zakharov,100,9,-58631245.3125,0.3936279471963644,4533,1871397980
current-to-best1bin,SignGD,Zakharov,100,9,-1594.7428718982999,4.422609184868634,1509,1871397980
current-to-best1bin,optimLBFGS,Zakharov,100,9,-2.1373232326138426e-10,3.5254162214696407,604,1871397980
current-to-best1bin,SMCO_BR_EVO,Zakharov,100,8,-20.0642587746143,15.071712202392519,160,1268822167
current-to-best1bin,optimNM,Zakharov,100,9,-628162014745442.6,0.42667915392667055,3000,1871397980
current-to-best1bin,SMCO_R_EVO,Zakharov,100,8,-4.6535379784548505,16.01524158474058,310,1268822167
current-to-best1bin,GA,Zakharov,100,9,-483.77188785833334,1.1502426005899906,300,1871397980
current-to-best1bin,PSO,Zakharov,100,9,-3516.7447453408718,0.43349434342235327,300,1871397980
current-to-best1bin,SA,Zakharov,100,0,-8.895406183862075e-11,80.90911380387843,300,719341717
current-to-best1bin,SMCO_EVO,Zakharov,100,9,-2.9464448173211664,11.861222762614489,310,1871397980
current-to-best1bin,ADAM,Zakharov,100,8,-9663149985106.898,18.344517746940255,6000,1268822167
current-to-best1bin,SMCO_R,Zakharov,100,9,-5.339316289583875,14.567480587400496,160,1871397980
current-to-best1bin,SMCO_BR_EVO,Zakharov,100,9,-24.307774336798364,12.067207293584943,160,1871397980
current-to-best1bin,SMCO_R_EVO,Zakharov,100,9,-5.534917658732606,14.196529051288962,310,1871397980
current-to-best1bin,GD,Zakharov,100,10,-633041132674010.1,0.15045222826302052,70,485411439
current-to-best1bin,SMCO_BR,Zakharov,100,9,-23.00326028420716,15.780766165815294,85,1871397980
current-to-best1bin,GenSA,Zakharov,100,9,-2.009071073563778e-10,7.573634777218103,300,1871397980
current-to-best1bin,SPSA,Zakharov,100,10,-5098045.3125,0.39598821848630905,5232,485411439
current-to-best1bin,SMCO,Zakharov,100,9,-1.848085806900568,17.58566233329475,310,1871397980
current-to-best1bin,SignGD,Zakharov,100,10,-1659.4965520530213,1.8376150149852037,1124,485411439
current-to-best1bin,optimNM,Zakharov,100,10,-590103872988363.4,0.4625966949388385,3000,485411439
current-to-best1bin,optimLBFGS,Zakharov,100,10,-1.6087438975027644e-10,3.4931396702304482,623,485411439
current-to-best1bin,DEoptim,Zakharov,100,2,-641.7477093873698,76.98632001597434,300,184833355
current-to-best1bin,GenSA,Zakharov,100,10,-5.137398195873819e-10,5.635810896754265,300,485411439
current-to-best1bin,GA,Zakharov,100,10,-547.8370110203005,0.6333874585106969,300,485411439
current-to-best1bin,PSO,Zakharov,100,10,-3343.3170419164176,0.19606236834079027,300,485411439
current-to-best1bin,SA,Zakharov,100,2,-8.682757446055847e-11,79.60377608984709,300,184833355
current-to-best1bin,ADAM,Zakharov,100,9,-12679115712357.697,20.353446372784674,6000,1871397980
current-to-best1bin,SMCO_R,Zakharov,100,10,-5.454237228319452,13.179929052479565,160,485411439
current-to-best1bin,SMCO_R_EVO,Zakharov,100,10,-5.638615594688991,11.836728484369814,310,485411439
current-to-best1bin,SMCO_BR,Zakharov,100,10,-22.16000465743313,15.914329879917204,85,485411439
current-to-best1bin,SMCO_BR_EVO,Zakharov,100,10,-21.524131944965898,13.844210997223854,160,485411439
current-to-best1bin,GD,Zakharov,100,11,-362820522776028.7,0.11293648835271597,70,1053045607
current-to-best1bin,SMCO,Zakharov,100,10,-1.7521525876659592,17.718347208574414,310,485411439
current-to-best1bin,DEoptim,Zakharov,100,3,-829.5762194704027,76.36142623145133,300,1314085451
current-to-best1bin,SMCO_EVO,Zakharov,100,10,-1.6826108378076456,16.685115920379758,310,485411439
current-to-best1bin,SPSA,Zakharov,100,11,-6075.0,0.4239983353763819,5185,1053045607
current-to-best1bin,SignGD,Zakharov,100,11,-1499.6457325759059,2.432918945327401,1509,1053045607
current-to-best1bin,optimNM,Zakharov,100,11,-331758685298241.9,0.3284250861033797,3000,1053045607
current-to-best1bin,ADAM,Zakharov,100,10,-11717499614839.842,16.883631143718958,6000,485411439
current-to-best1bin,optimLBFGS,Zakharov,100,11,-2.0374012129526643e-10,3.432960217818618,613,1053045607
current-to-best1bin,SMCO_BR,Zakharov,100,11,-19.028439188099977,10.384616206400096,85,1053045607
current-to-best1bin,SMCO,Zakharov,100,11,-1.7546806380635924,11.154435727745295,310,1053045607
current-to-best1bin,PSO,Zakharov,100,11,-3526.802859257557,0.22965802531689405,300,1053045607
current-to-best1bin,GA,Zakharov,100,11,-674.1261814726058,1.115942558273673,300,1053045607
current-to-best1bin,DEoptim,Zakharov,100,4,-772.370374257563,76.29849492479116,300,1042408591
current-to-best1bin,GenSA,Zakharov,100,11,-3.0363502373686885e-10,5.419081170111895,300,1053045607
current-to-best1bin,SMCO_R,Zakharov,100,11,-4.748948578389803,12.864916029386222,160,1053045607
current-to-best1bin,SMCO_EVO,Zakharov,100,11,-1.7956969005384935,15.650725432671607,310,1053045607
current-to-best1bin,SMCO_R_EVO,Zakharov,100,11,-4.856285033312683,14.35086358897388,310,1053045607
current-to-best1bin,GD,Zakharov,100,12,-674541600492006.5,0.12272629234939814,70,1044155138
current-to-best1bin,SignGD,Zakharov,100,12,-1331.788786957804,2.298153086565435,1509,1044155138
current-to-best1bin,SMCO_BR_EVO,Zakharov,100,11,-20.29187972877175,15.888654354959726,160,1053045607
current-to-best1bin,SPSA,Zakharov,100,12,-5170.3125,0.4311897475272417,5472,1044155138
current-to-best1bin,SA,Zakharov,100,1,-8.802954466145763e-11,109.1016084421426,300,466919731
current-to-best1bin,DEoptim,Zakharov,100,5,-675.1907216980355,75.35698061063886,300,11201869
current-to-best1bin,optimNM,Zakharov,100,12,-629754112760293.9,0.5162392491474748,3000,1044155138
current-to-best1bin,ADAM,Zakharov,100,11,-4508602187878.253,17.76923355832696,6000,1053045607
current-to-best1bin,optimLBFGS,Zakharov,100,12,-1.3914291111205868e-10,3.706264603883028,601,1044155138
current-to-best1bin,SMCO,Zakharov,100,12,-1.8471525306244883,12.385660289786756,310,1044155138
current-to-best1bin,GA,Zakharov,100,12,-721.6979286766012,0.6625932389870286,300,1044155138
current-to-best1bin,PSO,Zakharov,100,12,-2931.7305730376083,0.23806356824934483,300,1044155138
current-to-best1bin,SMCO_R,Zakharov,100,12,-5.282692435985665,13.685805081389844,160,1044155138
current-to-best1bin,SMCO_BR,Zakharov,100,12,-19.69105606237585,13.72601855918765,85,1044155138
current-to-best1bin,SMCO_EVO,Zakharov,100,12,-2.097706048595039,16.031555004417896,310,1044155138
current-to-best1bin,SMCO_R_EVO,Zakharov,100,12,-5.3605120466108485,15.902328138239682,310,1044155138
current-to-best1bin,SMCO_BR_EVO,Zakharov,100,12,-33.40238958636533,12.862266887910664,160,1044155138
current-to-best1bin,DEoptim,Zakharov,100,6,-749.1167754062955,75.33455759380013,300,373157493
current-to-best1bin,GD,Zakharov,100,13,-462773356118067.94,0.25352018512785435,70,766342053
current-to-best1bin,BOBYQA,Zakharov,100,1,-4561169361877.417,117.42719187773764,3000,466919731
current-to-best1bin,SA,Zakharov,100,5,-8.366541599864246e-11,83.88261758256704,300,11201869
current-to-best1bin,GenSA,Zakharov,100,12,-2.376703532763255e-10,7.506961300969124,300,1044155138
current-to-best1bin,SPSA,Zakharov,100,13,-5545.3125,0.4075072640553117,5334,766342053
current-to-best1bin,ADAM,Zakharov,100,12,-12142581752991.652,12.75745065137744,6000,1044155138
current-to-best1bin,optimNM,Zakharov,100,13,-429514793127326.0,0.3592779655009508,3000,766342053
current-to-best1bin,SA,Zakharov,100,3,-9.355513008050537e-11,105.05047384090722,300,1314085451
current-to-best1bin,optimLBFGS,Zakharov,100,13,-1.1845874178118365e-10,3.4834089120849967,615,766342053
current-to-best1bin,SignGD,Zakharov,100,13,-1436.5631960814235,4.3580016335472465,1388,766342053
current-to-best1bin,GA,Zakharov,100,13,-585.2277331904152,1.1514767380431294,300,766342053
current-to-best1bin,SMCO,Zakharov,100,13,-2.054513794581918,10.80149595439434,310,766342053
current-to-best1bin,PSO,Zakharov,100,13,-3492.6863927166314,0.4346430702134967,300,766342053
current-to-best1bin,GenSA,Zakharov,100,13,-1.7087142935627583e-10,5.233394679613411,300,766342053
current-to-best1bin,BOBYQA,Zakharov,100,0,-7641282601757.548,133.41534658428282,3000,719341717
current-to-best1bin,SA,Zakharov,100,4,-9.673723282004914e-11,102.08931510243565,300,1042408591
current-to-best1bin,SMCO_BR,Zakharov,100,13,-21.464331787855887,11.920575874857605,85,766342053
current-to-best1bin,DEoptim,Zakharov,100,7,-753.299517229562,74.59976103156805,300,401377211
current-to-best1bin,GD,Zakharov,100,14,-277609867168771.88,0.22765562403947115,70,1070224383
current-to-best1bin,SMCO_R,Zakharov,100,13,-6.313508400806707,14.638964663259685,160,766342053
current-to-best1bin,SMCO_R_EVO,Zakharov,100,13,-5.021516529115534,12.044481694698334,310,766342053
current-to-best1bin,SMCO_EVO,Zakharov,100,13,-1.7219447974586426,12.502649990841746,310,766342053
current-to-best1bin,SPSA,Zakharov,100,14,-9158775.0,0.4665642036125064,5517,1070224383
current-to-best1bin,SignGD,Zakharov,100,14,-1572.8999205161601,4.297646849416196,1509,1070224383
current-to-best1bin,optimLBFGS,Zakharov,100,14,-1.4773972116542207e-10,2.1559283062815666,605,1070224383
current-to-best1bin,optimNM,Zakharov,100,14,-253831600787420.1,0.5235344460234046,3000,1070224383
current-to-best1bin,SMCO_BR_EVO,Zakharov,100,13,-23.941117359957918,14.59017503913492,160,766342053
current-to-best1bin,ADAM,Zakharov,100,13,-6490491842372.361,16.08596904296428,6000,766342053
current-to-best1bin,GA,Zakharov,100,14,-627.8273977668384,1.163934864103794,300,1070224383
current-to-best1bin,PSO,Zakharov,100,14,-3097.19955969007,0.40851772110909224,300,1070224383
current-to-best1bin,GenSA,Zakharov,100,14,-2.4759704332876225e-10,4.973875134252012,300,1070224383
current-to-best1bin,SMCO_BR,Zakharov,100,14,-18.809018828114578,11.257448641583323,85,1070224383
current-to-best1bin,DEoptim,Zakharov,100,8,-640.0260954041692,74.04756539966911,300,1268822167
current-to-best1bin,ADAM,Zakharov,100,14,-2813923557925.6733,10.739796211011708,6000,1070224383
current-to-best1bin,SMCO,Zakharov,100,14,-2.1928322366924453,16.675631671212614,310,1070224383
current-to-best1bin,SMCO_R,Zakharov,100,14,-4.4422086487479815,17.3395784413442,160,1070224383
current-to-best1bin,SMCO_BR_EVO,Zakharov,100,14,-18.84221838281883,14.848628274165094,160,1070224383
current-to-best1bin,BOBYQA,Zakharov,100,3,-7420252725455.424,126.4438601238653,3000,1314085451
current-to-best1bin,SMCO_EVO,Zakharov,100,14,-3.0199955006465693,16.51535220257938,310,1070224383
current-to-best1bin,BOBYQA,Zakharov,100,4,-4164140956587.83,119.70633311755955,3000,1042408591
current-to-best1bin,SMCO_R_EVO,Zakharov,100,14,-4.829566590946123,17.656762226484716,310,1070224383
current-to-best1bin,DEoptim,Zakharov,100,9,-629.3046336821619,73.4473423184827,300,1871397980
current-to-best1bin,SA,Zakharov,100,6,-8.876047905526391e-11,105.369793349877,300,373157493
current-to-best1bin,BOBYQA,Zakharov,100,2,-5442452649271.047,141.60665199067444,3000,184833355
current-to-best1bin,SA,Zakharov,100,8,-8.983032893296038e-11,89.77116924710572,300,1268822167
current-to-best1bin,BOBYQA,Zakharov,100,6,-6000439409775.922,110.93464877083898,3000,373157493
current-to-best1bin,SA,Zakharov,100,7,-8.881998783777687e-11,104.42587670776993,300,401377211
current-to-best1bin,DEoptim,Zakharov,100,10,-666.6609369328178,71.02147627435625,300,485411439
current-to-best1bin,BOBYQA,Zakharov,100,5,-1899247956654.3447,134.56686010677367,3000,11201869
current-to-best1bin,DEoptim,Zakharov,100,11,-719.764021198729,70.73032570071518,300,1053045607
current-to-best1bin,DEoptim,Zakharov,100,12,-772.7044447487909,61.037697322666645,300,1044155138
current-to-best1bin,BOBYQA,Zakharov,100,7,-4432337233632.13,123.96775042172521,3000,401377211
current-to-best1bin,SA,Zakharov,100,9,-8.571758448818057e-11,102.90013126656413,300,1871397980
current-to-best1bin,SA,Zakharov,100,10,-9.003391546518277e-11,96.07423389237374,300,485411439
current-to-best1bin,BOBYQA,Zakharov,100,8,-11092614948520.424,120.6896255966276,3000,1268822167
current-to-best1bin,DEoptim,Zakharov,100,13,-711.9140211390759,59.50033170171082,300,766342053
current-to-best1bin,SA,Zakharov,100,11,-8.741829745160586e-11,85.1354572409764,300,1053045607
current-to-best1bin,DEoptim,Zakharov,100,14,-795.293720357495,51.99987069517374,300,1070224383
current-to-best1bin,SA,Zakharov,100,12,-8.605503811690739e-11,79.19048257358372,300,1044155138
current-to-best1bin,BOBYQA,Zakharov,100,12,-7975808303430.11,88.66025631688535,3000,1044155138
current-to-best1bin,SA,Zakharov,100,13,-8.962322683612171e-11,77.27654857281595,300,766342053
current-to-best1bin,SA,Zakharov,100,14,-9.685971145907638e-11,70.4668307127431,300,1070224383
current-to-best1bin,BOBYQA,Zakharov,100,9,-7237324707803.997,132.96246520150453,3000,1871397980
current-to-best1bin,BOBYQA,Zakharov,100,13,-6087815616583.864,89.48015536088496,3000,766342053
current-to-best1bin,BOBYQA,Zakharov,100,10,-2724130876190.1304,127.25756489485502,3000,485411439
current-to-best1bin,BOBYQA,Zakharov,100,11,-1282401736529.1711,121.35145956836641,3000,1053045607
current-to-best1bin,BOBYQA,Zakharov,100,14,-2893560429181.9917,89.11260139849037,3000,1070224383
current-to-best1bin,PSO,Rastrigin,5000,1,-83846.68213339157,4.313315274193883,300,2055517493
current-to-best1bin,PSO,Rastrigin,5000,0,-84987.49262125214,5.230017781257629,300,1079569570
current-to-best1bin,PSO,Ackley,5000,0,-21.12224494516025,5.682408642023802,300,1825552273
current-to-best1bin,GA,Ackley,5000,0,-17.147158148759107,8.449349102564156,300,1825552273
current-to-best1bin,GA,Rastrigin,5000,1,-54778.208766166645,8.855041923001409,300,2055517493
current-to-best1bin,GA,Rastrigin,5000,0,-55527.47619871411,9.850878125987947,300,1079569570
current-to-best1bin,PSO,Ackley,5000,1,-21.104273509052792,5.8804538147524,300,200770670
current-to-best1bin,GA,Ackley,5000,1,-16.865054672361516,7.71808204986155,300,200770670
current-to-best1bin,SA,Rastrigin,5000,0,-89288.33887345956,1904.8985925624147,300,1079569570
current-to-best1bin,SA,Rastrigin,5000,1,-89434.14654253067,1909.9149010255933,300,2055517493
current-to-best1bin,SA,Ackley,5000,0,-21.266699121874378,2048.6784455198795,300,1825552273
current-to-best1bin,SA,Ackley,5000,1,-21.26601269302347,2343.9160704193637,300,200770670
current-to-best1bin,GenSA,Ackley,5000,1,-13.543319546441817,2889.357646235265,300,200770670
current-to-best1bin,GenSA,Ackley,5000,0,-13.127448208557231,3186.3424561489373,300,1825552273
current-to-best1bin,SA,Rosenbrock,5000,0,-53215670.00162945,678.9521970581263,300,644276710
current-to-best1bin,GenSA,Rastrigin,5000,0,-47.79720033550984,3926.6042298190296,300,1079569570
current-to-best1bin,GA,Rosenbrock,5000,0,-54841118.938040674,6.569021910429001,300,644276710
current-to-best1bin,PSO,Rosenbrock,5000,0,-550287984.0226326,2.871067094616592,300,644276710
current-to-best1bin,GenSA,Rastrigin,5000,1,-33.82860948504822,4009.398697849363,300,2055517493
current-to-best1bin,GenSA,Rosenbrock,5000,0,-86.0151736839877,2467.7113355388865,300,644276710
current-to-best1bin,SMCO,Rosenbrock,5000,0,-1611.8249701586774,9314.34133448638,371,644276710
current-to-best1bin,SMCO_R,Rosenbrock,5000,0,-2747.3117485502,9616.273622252978,221,644276710
current-to-best1bin,SMCO_EVO,Rosenbrock,5000,0,-1058.8643764227202,8407.053969271481,371,644276710
current-to-best1bin,SMCO_R_EVO,Rosenbrock,5000,0,-900.6556926076546,8301.203242945485,371,644276710
current-to-best1bin,SMCO_BR,Rosenbrock,5000,0,-77240.68892369894,8448.519105025567,146,644276710
current-to-best1bin,SA,Rosenbrock,5000,1,-54641393.02868482,592.292252605781,300,1602251749
current-to-best1bin,SMCO_BR_EVO,Rosenbrock,5000,0,-77319.68939980755,9915.143480468541,221,644276710
current-to-best1bin,GA,Rosenbrock,5000,1,-52129137.11324549,7.03673452604562,300,1602251749
current-to-best1bin,PSO,Rosenbrock,5000,1,-551161961.7874036,2.7749757394194603,300,1602251749
current-to-best1bin,GenSA,Rosenbrock,5000,1,-115.2587088370591,2396.5478198193014,300,1602251749
current-to-best1bin,SMCO,Rosenbrock,5000,1,-1608.3416718709768,9403.628587926738,371,1602251749
current-to-best1bin,SMCO_R,Rosenbrock,5000,1,-2374.7265710138354,9622.337178271264,221,1602251749
current-to-best1bin,SMCO_BR,Rosenbrock,5000,1,-75884.3285206816,9057.123944745399,146,1602251749
current-to-best1bin,SMCO_EVO,Rosenbrock,5000,1,-1072.2885475471157,9524.250407142565,371,1602251749
current-to-best1bin,SMCO_BR_EVO,Rosenbrock,5000,1,-76249.12169784032,8606.130482293665,221,1602251749
current-to-best1bin,SMCO_R_EVO,Rosenbrock,5000,1,-727.6169246634583,9545.520976795815,371,1602251749
current-to-best1bin,SMCO_BR_EVO,Rastrigin,5000,1,-42741.48891574117,28697.111257227138,221,2055517493
current-to-best1bin,SMCO_BR,Rastrigin,5000,1,-42736.7828309703,28921.370565230958,146,2055517493
current-to-best1bin,SMCO_R,Rastrigin,5000,1,-42484.96693546827,29032.164534214884,221,2055517493
current-to-best1bin,SMCO,Rastrigin,5000,0,-42818.33622432744,29101.218076821417,371,1079569570
current-to-best1bin,SMCO_EVO,Rastrigin,5000,0,-42818.71670250571,29625.094054996967,371,1079569570
current-to-best1bin,SMCO_BR_EVO,Rastrigin,5000,0,-42999.20495446766,30802.612502880394,221,1079569570
current-to-best1bin,SMCO_EVO,Rastrigin,5000,1,-42588.56620929382,33832.30801284779,371,2055517493
current-to-best1bin,SMCO,Rastrigin,5000,1,-42589.43493470436,34014.49920145515,371,2055517493
current-to-best1bin,SMCO_R,Rastrigin,5000,0,-42719.535881690696,34768.214066598564,221,1079569570
current-to-best1bin,SMCO_BR_EVO,Ackley,5000,1,-11.625627597036456,34833.11626830418,221,200770670
current-to-best1bin,SMCO_R_EVO,Rastrigin,5000,1,-42487.83043007733,34983.079688685946,371,2055517493
current-to-best1bin,SMCO_R_EVO,Rastrigin,5000,0,-42717.09288678411,35023.37598174438,371,1079569570
current-to-best1bin,SMCO_BR,Rastrigin,5000,0,-42995.39419467725,35256.86642110441,146,1079569570
current-to-best1bin,SMCO_R_EVO,Ackley,5000,1,-3.1398924586045998,37444.183304710314,371,200770670
current-to-best1bin,SMCO_BR,Ackley,5000,1,-11.656823815783053,39015.89748679288,146,200770670
current-to-best1bin,SMCO_BR,Ackley,5000,0,-11.570967566418018,40498.63801579736,146,1825552273
current-to-best1bin,SMCO_BR_EVO,Ackley,5000,0,-11.62732596417138,40706.17464843579,221,1825552273
current-to-best1bin,DEoptim,Rastrigin,5000,1,-59802.763883440566,40972.11157405935,300,2055517493
current-to-best1bin,DEoptim,Rastrigin,5000,0,-60008.96771029911,40985.41417009849,300,1079569570
current-to-best1bin,SMCO_R,Ackley,5000,0,-3.47633852640988,41035.196330972016,221,1825552273
current-to-best1bin,SMCO_R_EVO,Ackley,5000,0,-3.1548007680765626,41353.85135921743,371,1825552273
current-to-best1bin,SMCO_EVO,Ackley,5000,0,-3.5944729082489357,41365.46780789737,371,1825552273
current-to-best1bin,SMCO,Ackley,5000,0,-3.5946416007817956,41503.22689767927,371,1825552273
current-to-best1bin,SMCO_R,Ackley,5000,1,-3.480138869100504,42047.56056286581,221,200770670
current-to-best1bin,SMCO_EVO,Ackley,5000,1,-3.600554906330004,42320.383584151044,371,200770670
current-to-best1bin,SMCO,Ackley,5000,1,-3.6076409880422244,42342.87341640517,371,200770670
current-to-best1bin,DEoptim,Rosenbrock,5000,1,-80013369.8572768,35294.403408865444,300,1602251749
current-to-best1bin,DEoptim,Rosenbrock,5000,0,-84740682.84156945,44044.64328093454,300,644276710
current-to-best1bin,DEoptim,Ackley,5000,1,-18.294539467956024,48609.79712280724,300,200770670
current-to-best1bin,DEoptim,Ackley,5000,0,-18.49343036579645,48719.29978841357,300,1825552273
best1bin,PSO,Rastrigin,100,1,-839.2386301076419,0.25656572449952364,300,1677437249
best1bin,PSO,Rastrigin,100,0,-827.9340253646435,0.3469084547832608,300,647279673
best1bin,SPSA,Rastrigin,100,0,-1480.8139061637748,0.373573811724782,6000,647279673
best1bin,SPSA,Rastrigin,100,1,-1538.3410663034379,0.42674763686954975,6000,1677437249
best1bin,optimNM,Rastrigin,100,1,-1549.5623809253839,0.4319604570046067,3000,1677437249
best1bin,optimNM,Rastrigin,100,0,-1526.7436251980305,0.5342587344348431,3000,647279673
best1bin,GA,Rastrigin,100,0,-763.6228392254486,0.6539808297529817,300,647279673
best1bin,optimLBFGS,Rastrigin,100,0,-628.8102727810642,0.7243290115147829,161,647279673
best1bin,SPSA,Rastrigin,100,2,-1478.47185113991,0.193519726395607,5419,1220831571
best1bin,optimLBFGS,Rastrigin,100,1,-592.993030112428,0.924600931815803,148,1677437249
best1bin,GA,Rastrigin,100,1,-796.3295896899533,1.0606523463502526,300,1677437249
best1bin,optimLBFGS,Rastrigin,100,2,-653.6843183741635,0.7242026925086975,147,1220831571
best1bin,optimNM,Rastrigin,100,2,-1614.7410860189984,0.6267091641202569,3000,1220831571
best1bin,SignGD,Rastrigin,100,2,-814.626896486491,3.858907793648541,1509,1220831571
best1bin,SignGD,Rastrigin,100,0,-821.7715959346215,5.373554081656039,2507,647279673
best1bin,GA,Rastrigin,100,2,-757.0710122423515,1.0359029090031981,300,1220831571
best1bin,GD,Rastrigin,100,2,-1222.794130086615,5.997751305811107,2796,1220831571
best1bin,PSO,Rastrigin,100,2,-751.1873760162218,0.17854967061430216,300,1220831571
best1bin,GD,Rastrigin,100,0,-1191.960147133444,7.720872082747519,3271,647279673
best1bin,SignGD,Rastrigin,100,1,-738.555143457382,7.744918477721512,3006,1677437249
best1bin,GenSA,Rastrigin,100,0,-0.9949590570969349,9.02939589228481,300,647279673
best1bin,GenSA,Rastrigin,100,1,-4.547473508864641e-13,9.065274070948362,300,1677437249
best1bin,SMCO_R,Rastrigin,100,0,-52.84600371446345,9.121462379582226,160,647279673
best1bin,GenSA,Rastrigin,100,2,-0.9949590570952296,8.434148122556508,300,1220831571
best1bin,GD,Rastrigin,100,1,-1263.5912906260824,10.462539084255695,3977,1677437249
best1bin,ADAM,Rastrigin,100,0,-817.8507090388714,10.557881837710738,5002,647279673
best1bin,SMCO_BR_EVO,Rastrigin,100,0,-54.853207506894705,10.940453229472041,160,647279673
best1bin,SPSA,Rastrigin,100,3,-1462.5488363490128,0.39828892331570387,5443,1003278960
best1bin,ADAM,Rastrigin,100,2,-799.9419332573735,10.512964370660484,5006,1220831571
best1bin,optimNM,Rastrigin,100,3,-1612.2142924366872,0.5324994707480073,3000,1003278960
best1bin,optimLBFGS,Rastrigin,100,3,-592.9924398426822,0.8759011533111334,166,1003278960
best1bin,SMCO_BR,Rastrigin,100,0,-52.87595733567298,11.915016134269536,85,647279673
best1bin,SMCO_EVO,Rastrigin,100,0,-54.40972735897242,12.20431158784777,310,647279673
best1bin,SMCO_BR_EVO,Rastrigin,100,1,-57.82078757862382,12.277466886676848,160,1677437249
best1bin,SMCO,Rastrigin,100,1,-60.25818491195764,12.358799278736115,310,1677437249
best1bin,SMCO_R,Rastrigin,100,2,-53.847460947180366,12.48621025774628,160,1220831571
best1bin,ADAM,Rastrigin,100,1,-735.2707882860257,12.589680106379092,4994,1677437249
best1bin,PSO,Rastrigin,100,3,-768.7647968616361,0.34264728892594576,300,1003278960
best1bin,SMCO_BR,Rastrigin,100,2,-55.85118402521789,12.595317746512592,85,1220831571
best1bin,SMCO_R_EVO,Rastrigin,100,0,-54.83690111062367,12.920530448667705,310,647279673
best1bin,SMCO_BR,Rastrigin,100,1,-54.86139373790115,13.022538669407368,85,1677437249
best1bin,GA,Rastrigin,100,3,-789.6368742992286,1.0696703540161252,300,1003278960
best1bin,SMCO,Rastrigin,100,2,-59.48650941291521,13.712919217534363,310,1220831571
best1bin,SMCO_R_EVO,Rastrigin,100,1,-54.850253030429485,13.734407840296626,310,1677437249
best1bin,SMCO_EVO,Rastrigin,100,1,-59.35043688098449,13.83229342661798,310,1677437249
best1bin,SMCO_R,Rastrigin,100,1,-53.854176304184534,13.964985228143632,160,1677437249
best1bin,GD,Rastrigin,100,3,-1337.216179765025,4.928313623182476,3177,1003278960
best1bin,SMCO_R_EVO,Rastrigin,100,2,-57.82503579268234,13.741941114887595,310,1220831571
best1bin,SPSA,Rastrigin,100,4,-1392.120336703461,0.3810379058122635,5409,1596454778
best1bin,SMCO,Rastrigin,100,0,-50.512374732313106,14.195508918724954,310,647279673
best1bin,SMCO_EVO,Rastrigin,100,2,-55.492730444199424,13.899718390777707,310,1220831571
best1bin,optimNM,Rastrigin,100,4,-1538.9060316448176,0.30600008741021156,3000,1596454778
best1bin,PSO,Rastrigin,100,4,-844.7713972691678,0.21051995735615492,300,1596454778
best1bin,optimLBFGS,Rastrigin,100,4,-582.0481989848086,1.1468645706772804,152,1596454778
best1bin,SMCO_BR_EVO,Rastrigin,100,2,-55.84490016096527,14.869772659614682,160,1220831571
best1bin,GA,Rastrigin,100,4,-773.1190325647502,1.1179839363321662,300,1596454778
best1bin,SignGD,Rastrigin,100,3,-770.1406251229856,6.414523247629404,2507,1003278960
best1bin,SMCO_R,Rastrigin,100,3,-58.82353584126588,11.388412785716355,160,1003278960
best1bin,SignGD,Rastrigin,100,4,-741.3734483338849,5.742491544224322,2507,1596454778
best1bin,GD,Rastrigin,100,4,-1271.550049328922,6.630927146412432,2778,1596454778
best1bin,SMCO_EVO,Rastrigin,100,3,-56.31142074727995,12.197982443496585,310,1003278960
best1bin,SMCO_R_EVO,Rastrigin,100,3,-51.85529388384191,11.114761183038354,310,1003278960
best1bin,SMCO,Rastrigin,100,3,-49.49372006183614,13.881129859015346,310,1003278960
best1bin,SPSA,Rastrigin,100,5,-1369.2308372221694,0.4019708838313818,5403,226492486
best1bin,SMCO_BR_EVO,Rastrigin,100,3,-51.87511569946696,11.498651867732406,160,1003278960
best1bin,GenSA,Rastrigin,100,3,-5.684341886080801e-13,9.268217785283923,300,1003278960
best1bin,optimNM,Rastrigin,100,5,-1601.4935545489952,0.5105158044025302,3000,226492486
best1bin,optimLBFGS,Rastrigin,100,5,-561.1544453696545,0.9458782514557242,142,226492486
best1bin,SMCO_BR,Rastrigin,100,3,-54.861822543553444,13.887921703979373,85,1003278960
best1bin,GA,Rastrigin,100,5,-779.7520175793815,0.6868613408878446,300,226492486
best1bin,PSO,Rastrigin,100,5,-805.5552739535505,0.36829019989818335,300,226492486
best1bin,SMCO_EVO,Rastrigin,100,4,-49.51353198355537,10.214789604768157,310,1596454778
best1bin,ADAM,Rastrigin,100,3,-746.2150529505277,12.559463980607688,5008,1003278960
best1bin,SignGD,Rastrigin,100,5,-815.5477319056565,3.5906984666362405,1509,226492486
best1bin,GenSA,Rastrigin,100,4,-0.9949590570956843,9.19743388518691,300,1596454778
best1bin,SMCO,Rastrigin,100,4,-57.411779209254405,11.036292375996709,310,1596454778
best1bin,SMCO_R_EVO,Rastrigin,100,4,-55.8384048852472,11.431020556017756,310,1596454778
best1bin,SMCO_R,Rastrigin,100,4,-59.80121741477819,12.66817941237241,160,1596454778
best1bin,SA,Rastrigin,100,1,-53.727763893943916,25.328143381513655,300,1677437249
best1bin,SMCO_BR,Rastrigin,100,5,-61.815315579843286,10.263905332423747,85,226492486
best1bin,ADAM,Rastrigin,100,4,-738.2554218149453,12.132856736890972,5014,1596454778
best1bin,SPSA,Rastrigin,100,6,-1278.3729001692705,0.4326855465769768,6000,104750137
best1bin,SMCO,Rastrigin,100,5,-59.29775723861428,11.513984619639814,310,226492486
best1bin,optimNM,Rastrigin,100,6,-1528.3355477221396,0.4996039383113384,3000,104750137
best1bin,SMCO_BR_EVO,Rastrigin,100,4,-54.84375347222101,13.737702049314976,160,1596454778
best1bin,SMCO_R,Rastrigin,100,5,-57.824322124580476,11.769632572308183,160,226492486
best1bin,optimLBFGS,Rastrigin,100,6,-593.9873903698624,1.0750536108389497,145,104750137
best1bin,GD,Rastrigin,100,5,-1174.0423403739208,8.22678833361715,3981,226492486
best1bin,PSO,Rastrigin,100,6,-861.5258310912759,0.22506445180624723,300,104750137
best1bin,SMCO_BR,Rastrigin,100,4,-56.84309923524745,15.026200817897916,85,1596454778
best1bin,SMCO_EVO,Rastrigin,100,5,-58.219122094831505,12.627594702877104,310,226492486
best1bin,SA,Rastrigin,100,2,-43.77818843646935,26.36397715471685,300,1220831571
best1bin,GA,Rastrigin,100,6,-804.3803226225122,1.1324195694178343,300,104750137
best1bin,SA,Rastrigin,100,0,-41.78827032228173,28.723482869565487,300,647279673
best1bin,SMCO_R_EVO,Rastrigin,100,5,-57.82321491592552,13.033857923001051,310,226492486
best1bin,SMCO_BR_EVO,Rastrigin,100,5,-52.862463448145036,12.139565232209861,160,226492486
best1bin,GD,Rastrigin,100,6,-1210.8582446351968,5.907608793117106,3155,104750137
best1bin,GenSA,Rastrigin,100,5,-6.821210263296962e-13,9.50455829128623,300,226492486
best1bin,SPSA,Rastrigin,100,7,-1385.427440600603,0.4349132627248764,6000,1997144833
best1bin,optimLBFGS,Rastrigin,100,7,-587.0229505588159,0.9925266476348042,143,1997144833
best1bin,ADAM,Rastrigin,100,5,-786.0128622694162,11.958038868382573,5014,226492486
best1bin,optimNM,Rastrigin,100,7,-1627.3601173143627,0.496088195592165,3000,1997144833
best1bin,BOBYQA,Rastrigin,100,0,-883.3487045971898,32.454882230609655,3000,647279673
best1bin,SignGD,Rastrigin,100,6,-709.0725064122987,7.375609554350376,3006,104750137
best1bin,SignGD,Rastrigin,100,7,-772.8797635323651,2.6450268113985658,1509,1997144833
best1bin,GA,Rastrigin,100,7,-704.9651178505119,0.5734779499471188,300,1997144833
best1bin,PSO,Rastrigin,100,7,-835.2136250375286,0.17543513234704733,300,1997144833
best1bin,GenSA,Rastrigin,100,6,-1.0231815394945443e-12,6.973831032402813,300,104750137
best1bin,SMCO_BR_EVO,Rastrigin,100,6,-53.86915475159856,10.946021204814315,160,104750137
best1bin,SMCO,Rastrigin,100,6,-52.18453095283917,12.005166107788682,310,104750137
best1bin,SMCO_R_EVO,Rastrigin,100,6,-53.837317249831244,12.299189043231308,310,104750137
best1bin,SMCO_EVO,Rastrigin,100,6,-51.36715092553936,12.474762842059135,310,104750137
best1bin,ADAM,Rastrigin,100,6,-705.4218317244445,10.515338596887887,5008,104750137
best1bin,GD,Rastrigin,100,7,-1174.0463611242758,6.9413650361821055,2784,1997144833
best1bin,SMCO_BR,Rastrigin,100,6,-47.86650081987398,13.477070190012455,85,104750137
best1bin,SMCO_R,Rastrigin,100,6,-48.86628050913248,14.298822237178683,160,104750137
best1bin,SA,Rastrigin,100,3,-55.71766684923614,25.704485272057354,300,1003278960
best1bin,SPSA,Rastrigin,100,8,-1466.7509677745463,0.4593570288270712,6000,1129679180
best1bin,SMCO_BR_EVO,Rastrigin,100,7,-55.84895590436054,9.384953981265426,160,1997144833
best1bin,optimLBFGS,Rastrigin,100,8,-588.0181365466627,1.0566094275563955,153,1129679180
best1bin,optimNM,Rastrigin,100,8,-1618.1017953642008,0.5451149800792336,3000,1129679180
best1bin,SMCO,Rastrigin,100,7,-61.44971340996858,11.743658644147217,310,1997144833
best1bin,BOBYQA,Rastrigin,100,1,-805.1115884259666,39.3527095336467,3000,1677437249
best1bin,SMCO_R_EVO,Rastrigin,100,7,-57.83072024093099,11.365725710988045,310,1997144833
best1bin,PSO,Rastrigin,100,8,-946.3502776241373,0.3448242610320449,300,1129679180
best1bin,SignGD,Rastrigin,100,8,-747.2367163333706,3.9723190246149898,1509,1129679180
best1bin,GA,Rastrigin,100,8,-741.091943959595,1.2406807849183679,300,1129679180
best1bin,SMCO_EVO,Rastrigin,100,7,-61.21720299190724,12.905301332473755,310,1997144833
best1bin,SA,Rastrigin,100,4,-60.692477293597904,27.274115348234773,300,1596454778
best1bin,SMCO_R,Rastrigin,100,7,-55.843791419436,13.860817384906113,160,1997144833
best1bin,SMCO_BR,Rastrigin,100,7,-52.878128715837306,13.548159021884203,85,1997144833
best1bin,BOBYQA,Rastrigin,100,2,-876.0846691387746,40.74660670384765,3000,1220831571
best1bin,SMCO_R,Rastrigin,100,8,-54.83225740625346,9.14177979156375,160,1129679180
best1bin,ADAM,Rastrigin,100,7,-769.098949231827,12.533594963140786,5004,1997144833
best1bin,GenSA,Rastrigin,100,7,-0.9949590570965938,10.457491123117507,300,1997144833
best1bin,SPSA,Rastrigin,100,9,-1415.4650930973107,0.2274232329800725,5457,191318044
best1bin,SMCO_EVO,Rastrigin,100,8,-62.19101822528273,9.068934506736696,310,1129679180
best1bin,optimLBFGS,Rastrigin,100,9,-536.2803249275621,1.1282934444025159,156,191318044
best1bin,optimNM,Rastrigin,100,9,-1603.814973206533,0.4953107237815857,3000,191318044
best1bin,SMCO,Rastrigin,100,8,-57.330331513421584,11.349836726672947,310,1129679180
best1bin,GD,Rastrigin,100,8,-1256.5668341057997,9.051004426553845,3828,1129679180
best1bin,GA,Rastrigin,100,9,-799.13159493002,0.6801240500062704,300,191318044
best1bin,PSO,Rastrigin,100,9,-874.248514385844,0.1915273116901517,300,191318044
best1bin,BOBYQA,Rastrigin,100,3,-850.9006163236711,34.89673688262701,3000,1003278960
best1bin,SMCO_BR,Rastrigin,100,8,-51.851832684592864,11.78628403507173,85,1129679180
best1bin,SignGD,Rastrigin,100,9,-744.2312452241032,5.3351116525009274,2008,191318044
best1bin,GenSA,Rastrigin,100,8,-0.9949590570945475,9.576970239169896,300,1129679180
best1bin,SMCO_R_EVO,Rastrigin,100,8,-57.825234178251094,12.789629177190363,310,1129679180
best1bin,ADAM,Rastrigin,100,8,-743.2306589577067,11.987914742901921,5008,1129679180
best1bin,GD,Rastrigin,100,9,-1248.7751529493617,7.833522628061473,3157,191318044
best1bin,SMCO_BR_EVO,Rastrigin,100,8,-55.85304735261661,13.73312937375158,160,1129679180
best1bin,ADAM,Rastrigin,100,9,-740.2453747273025,7.922903511673212,4998,191318044
best1bin,SPSA,Rastrigin,100,10,-1460.575157437329,0.5090059163048863,6000,2069075111
best1bin,SA,Rastrigin,100,5,-48.7529786841161,30.68867676332593,300,226492486
best1bin,optimLBFGS,Rastrigin,100,10,-505.43714332378505,0.7998645585030317,141,2069075111
best1bin,optimNM,Rastrigin,100,10,-1602.1319726050956,0.550059006549418,3000,2069075111
best1bin,BOBYQA,Rastrigin,100,4,-810.8041844410026,38.82564532291144,3000,1596454778
best1bin,SMCO_R,Rastrigin,100,9,-55.82689874038283,12.787875041365623,160,191318044
best1bin,SMCO,Rastrigin,100,9,-54.41962871153339,13.48069368954748,310,191318044
best1bin,SMCO_EVO,Rastrigin,100,9,-57.25028435628883,12.542342615313828,310,191318044
best1bin,SMCO_R_EVO,Rastrigin,100,9,-58.80960349586337,12.147902925498784,310,191318044
best1bin,PSO,Rastrigin,100,10,-842.9481638035661,0.3331124344840646,300,2069075111
best1bin,GenSA,Rastrigin,100,9,-1.9899181141936424,10.094906285405159,300,191318044
best1bin,GA,Rastrigin,100,10,-816.1187591222618,1.1390158999711275,300,2069075111
best1bin,SignGD,Rastrigin,100,10,-671.3202690947805,5.51571455784142,2008,2069075111
best1bin,SA,Rastrigin,100,6,-47.75802466484697,28.983829455450177,300,104750137
best1bin,SMCO_BR_EVO,Rastrigin,100,9,-57.831192272145586,14.40592478401959,160,191318044
best1bin,SMCO_BR,Rastrigin,100,9,-56.85825861923263,15.474587241187692,85,191318044
best1bin,BOBYQA,Rastrigin,100,5,-853.3993517065289,35.55008814204484,3000,226492486
best1bin,SMCO,Rastrigin,100,10,-57.55716918525252,11.008910769596696,310,2069075111
best1bin,SPSA,Rastrigin,100,11,-1461.7146281266787,0.44265512842684984,6000,963391754
best1bin,SMCO_BR_EVO,Rastrigin,100,10,-50.87474075006298,9.081954140216112,160,2069075111
best1bin,GD,Rastrigin,100,10,-1312.34412146809,9.322458202950656,4001,2069075111
best1bin,optimLBFGS,Rastrigin,100,11,-536.2799961097963,1.0490902494639158,140,963391754
best1bin,optimNM,Rastrigin,100,11,-1598.1537361666706,0.5030208202078938,3000,963391754
best1bin,SMCO_EVO,Rastrigin,100,10,-53.16361354658795,11.332611799240112,310,2069075111
best1bin,BOBYQA,Rastrigin,100,6,-781.5045712738395,33.63629822898656,3000,104750137
best1bin,SignGD,Rastrigin,100,11,-774.0445128571471,3.8834431348368526,1509,963391754
best1bin,ADAM,Rastrigin,100,10,-668.6091442342959,10.601891736499965,4996,2069075111
best1bin,SMCO_R,Rastrigin,100,10,-55.8360022617461,14.250812999904156,160,2069075111
best1bin,SMCO_BR,Rastrigin,100,10,-58.84022496033924,14.025161848403513,85,2069075111
best1bin,PSO,Rastrigin,100,11,-697.7237685863022,0.3501390814781189,300,963391754
best1bin,GA,Rastrigin,100,11,-718.7461938547594,0.7171864928677678,300,963391754
best1bin,SMCO_R_EVO,Rastrigin,100,10,-47.873105353246615,12.33950207568705,310,2069075111
best1bin,SA,Rastrigin,100,7,-44.77315253307654,29.698100277222693,300,1997144833
best1bin,GenSA,Rastrigin,100,10,-1.2505552149377763e-12,9.75142919830978,300,2069075111
best1bin,GD,Rastrigin,100,11,-1194.9400178210183,8.045030063949525,3568,963391754
best1bin,SMCO_BR_EVO,Rastrigin,100,11,-54.860819164983354,8.95484705734998,160,963391754
best1bin,SPSA,Rastrigin,100,12,-1430.7167567793722,0.3434600280597806,6000,1451594738
best1bin,SignGD,Rastrigin,100,12,-788.3543136201104,3.076859979890287,2008,1451594738
best1bin,optimLBFGS,Rastrigin,100,12,-624.8308877752622,0.6179300984367728,148,1451594738
best1bin,optimNM,Rastrigin,100,12,-1598.4450632350072,0.30630002822726965,3000,1451594738
best1bin,SMCO_BR,Rastrigin,100,11,-53.865693686197005,12.386044857092202,85,963391754
best1bin,ADAM,Rastrigin,100,11,-770.0933486270995,11.624263955280185,5018,963391754
best1bin,SMCO_R,Rastrigin,100,11,-53.83852749007019,14.000129097141325,160,963391754
best1bin,SMCO,Rastrigin,100,11,-56.47699215013017,14.810999522916973,310,963391754
best1bin,SMCO_EVO,Rastrigin,100,11,-56.35711443938578,14.056242493912578,310,963391754
best1bin,GenSA,Rastrigin,100,11,-1.8189894035458565e-12,10.213191391900182,300,963391754
best1bin,SA,Rastrigin,100,8,-52.73280987466967,30.02595823444426,300,1129679180
best1bin,PSO,Rastrigin,100,12,-753.669312527716,0.3634032029658556,300,1451594738
best1bin,GA,Rastrigin,100,12,-793.2715473044464,1.1296784542500973,300,1451594738
best1bin,SMCO_R_EVO,Rastrigin,100,11,-54.82786751309561,14.463285651057959,310,963391754
best1bin,DEoptim,Rastrigin,100,0,-972.6589619598396,70.01534791383892,300,647279673
best1bin,BOBYQA,Rastrigin,100,7,-829.7674212016352,38.395078940317035,3000,1997144833
best1bin,DEoptim,Rastrigin,100,1,-932.9413130244818,70.66267899610102,300,1677437249
best1bin,SMCO_R_EVO,Rastrigin,100,12,-58.8250552865843,10.357607254758477,310,1451594738
best1bin,SPSA,Rastrigin,100,13,-1376.0697760577018,0.3864021208137274,5405,1438758648
best1bin,SMCO,Rastrigin,100,12,-57.392818679860966,11.056168086826801,310,1451594738
best1bin,ADAM,Rastrigin,100,12,-785.0179845020355,7.620468467473984,4996,1451594738
best1bin,BOBYQA,Rastrigin,100,8,-812.6021358406866,34.17989700380713,3000,1129679180
best1bin,optimNM,Rastrigin,100,13,-1666.5336111705176,0.3063457617536187,3000,1438758648
best1bin,optimLBFGS,Rastrigin,100,13,-583.0429262464758,1.096393134444952,161,1438758648
best1bin,SMCO_EVO,Rastrigin,100,12,-59.372829916412115,13.182781971991062,310,1451594738
best1bin,SMCO_BR,Rastrigin,100,12,-53.87001502208955,13.705303961411119,85,1451594738
best1bin,GA,Rastrigin,100,13,-763.8791399672823,0.5974854109808803,300,1438758648
best1bin,SMCO_BR_EVO,Rastrigin,100,12,-59.82529648012394,13.610577028244734,160,1451594738
best1bin,GD,Rastrigin,100,12,-1228.7695604150254,12.02466163225472,4775,1451594738
best1bin,PSO,Rastrigin,100,13,-785.9631402377659,0.35303696524351835,300,1438758648
best1bin,GenSA,Rastrigin,100,12,-6.821210263296962e-13,8.360346158966422,300,1451594738
best1bin,BOBYQA,Rastrigin,100,9,-815.327864269237,31.43602770473808,3000,191318044
best1bin,SMCO_R,Rastrigin,100,12,-52.83340024053018,14.719505302608013,160,1451594738
best1bin,SA,Rastrigin,100,9,-55.717682008134716,30.60995352640748,300,191318044
best1bin,DEoptim,Rastrigin,100,2,-917.7826175250788,70.50886284466833,300,1220831571
best1bin,SignGD,Rastrigin,100,13,-704.2567534997734,6.5150493904948235,2507,1438758648
best1bin,GD,Rastrigin,100,13,-1307.3682346444152,6.831528220325708,2653,1438758648
best1bin,SPSA,Rastrigin,100,14,-1263.3811741966233,0.4301292169839144,6000,516633470
best1bin,SignGD,Rastrigin,100,14,-771.6441815942073,2.96663011983037,2008,516633470
best1bin,optimLBFGS,Rastrigin,100,14,-621.8464602986796,1.0810412988066673,156,516633470
best1bin,optimNM,Rastrigin,100,14,-1601.5466556279084,0.29056396801024675,3000,516633470
best1bin,GenSA,Rastrigin,100,13,-1.1368683772161603e-12,6.9243731983006,300,1438758648
best1bin,DEoptim,Rastrigin,100,3,-928.5698870400959,67.85143379680812,300,1003278960
best1bin,SA,Rastrigin,100,10,-53.727773969582245,27.350368110463023,300,2069075111
best1bin,SMCO_BR_EVO,Rastrigin,100,13,-57.82510304354764,10.972807666286826,160,1438758648
best1bin,PSO,Rastrigin,100,14,-699.5645539299098,0.2022077115252614,300,516633470
best1bin,GA,Rastrigin,100,14,-783.3730811377101,0.6135748689994216,300,516633470
best1bin,SMCO_BR,Rastrigin,100,13,-57.83831801778979,12.172642179764807,85,1438758648
best1bin,SMCO,Rastrigin,100,13,-59.33902369634711,12.650197220034897,310,1438758648
best1bin,SMCO_R,Rastrigin,100,13,-53.8511846172031,12.84905167389661,160,1438758648
best1bin,ADAM,Rastrigin,100,13,-700.4473064654264,11.345074434764683,5006,1438758648
best1bin,SMCO_EVO,Rastrigin,100,13,-59.27453568663611,13.77387928776443,310,1438758648
best1bin,SMCO_R_EVO,Rastrigin,100,13,-53.83546623831921,15.217096623033285,310,1438758648
best1bin,DEoptim,Rastrigin,100,4,-923.0225893969853,70.00873068161309,300,1596454778
best1bin,SMCO_BR_EVO,Rastrigin,100,14,-57.831351005103784,9.910688693635166,160,516633470
best1bin,SPSA,Ackley,100,0,-20.86084958951837,0.19251180998981,1960,1054679880
best1bin,SMCO_BR,Rastrigin,100,14,-55.85206455176183,10.413118877448142,85,516633470
best1bin,optimNM,Ackley,100,0,-20.761909355958387,0.7577696973457932,3000,1054679880
best1bin,GD,Rastrigin,100,14,-1279.508625088646,10.599123431369662,3880,516633470
best1bin,optimLBFGS,Ackley,100,0,-19.406362061979127,1.1874526422470808,115,1054679880
best1bin,SMCO_R_EVO,Rastrigin,100,14,-60.807367362363834,11.293591980822384,310,516633470
best1bin,SMCO,Rastrigin,100,14,-55.491332250212054,11.966385643929243,310,516633470
best1bin,ADAM,Rastrigin,100,14,-756.1649236753588,11.391491319984198,5010,516633470
best1bin,GA,Ackley,100,0,-9.076860799389074,0.82104760594666,300,1054679880
best1bin,GenSA,Rastrigin,100,14,-2.9848771712811413,8.527950592339039,300,516633470
best1bin,PSO,Ackley,100,0,-19.184378763313322,0.48392445128411055,300,1054679880
best1bin,BOBYQA,Rastrigin,100,11,-832.957563420354,30.073377830907702,3000,963391754
best1bin,SMCO_EVO,Rastrigin,100,14,-59.3113610373689,13.510186173953116,310,516633470
best1bin,SMCO_R,Rastrigin,100,14,-53.85067561907863,14.124817842617631,160,516633470
best1bin,SA,Rastrigin,100,11,-53.72777396959168,30.36505466606468,300,963391754
best1bin,BOBYQA,Rastrigin,100,10,-718.7850371852187,38.03986973594874,3000,2069075111
best1bin,SignGD,Ackley,100,0,-19.417741292019485,8.215985436923802,2008,1054679880
best1bin,SPSA,Ackley,100,1,-20.739291271195345,0.28931488655507565,2966,917264540
best1bin,optimLBFGS,Ackley,100,1,-19.42708581838677,1.0765815898776054,124,917264540
best1bin,DEoptim,Rastrigin,100,5,-960.8915621309055,72.82830288633704,300,226492486
best1bin,optimNM,Ackley,100,1,-20.92769175868784,0.704119042493403,3000,917264540
best1bin,BOBYQA,Rastrigin,100,12,-862.9975233814913,30.52473265118897,3000,1451594738
best1bin,SignGD,Ackley,100,1,-19.494952275683676,7.730139254592359,2008,917264540
best1bin,DEoptim,Rastrigin,100,7,-918.5855726034622,64.57569210231304,300,1997144833
best1bin,GenSA,Ackley,100,0,-1.981726116540017e-08,11.846817537210882,300,1054679880
best1bin,PSO,Ackley,100,1,-19.31632780242243,0.5354827651754022,300,917264540
best1bin,SA,Rastrigin,100,12,-47.758014589205345,31.27420012280345,300,1451594738
best1bin,DEoptim,Rastrigin,100,6,-979.006223717554,71.5241535846144,300,104750137
best1bin,GA,Ackley,100,1,-9.290886949156675,1.3450032155960798,300,917264540
best1bin,SMCO_EVO,Ackley,100,0,-0.3690267563763965,18.16202087700367,310,1054679880
best1bin,SMCO_R_EVO,Ackley,100,0,-0.06899308967521067,18.866731476970017,310,1054679880
best1bin,GD,Ackley,100,0,-19.406374768139884,20.116316134110093,5233,1054679880
best1bin,SMCO,Ackley,100,0,-0.3715224844656899,22.202584699727595,310,1054679880
best1bin,SMCO_BR,Ackley,100,0,-0.07761676261799311,22.276663228869438,85,1054679880
best1bin,SMCO_BR_EVO,Ackley,100,0,-0.07711914778009588,21.751951918937266,160,1054679880
best1bin,SMCO_R,Ackley,100,0,-0.06917490848442442,22.78944215271622,160,1054679880
best1bin,SPSA,Ackley,100,2,-20.65515210498746,0.2608403982594609,2673,1154829938
best1bin,SA,Rastrigin,100,13,-49.747932703390006,31.750047486275434,300,1438758648
best1bin,optimLBFGS,Ackley,100,2,-19.444066148236075,1.01348462048918,117,1154829938
best1bin,optimNM,Ackley,100,2,-20.88839487323706,0.7529114410281181,3000,1154829938
best1bin,SMCO_R_EVO,Ackley,100,1,-0.07019976414572726,17.975761434994638,310,917264540
best1bin,SMCO_EVO,Ackley,100,1,-0.38945036179845305,19.20147647615522,310,917264540
best1bin,DEoptim,Rastrigin,100,8,-916.5399930184124,67.20857257395983,300,1129679180
best1bin,SMCO_R,Ackley,100,1,-0.0735253633272781,20.62470127735287,160,917264540
best1bin,PSO,Ackley,100,2,-18.505091816439894,0.5814580991864204,300,1154829938
best1bin,GA,Ackley,100,2,-8.95955471545265,1.2747301431372762,300,1154829938
best1bin,SMCO,Ackley,100,1,-0.39215495153138535,20.94759928714484,310,917264540
best1bin,ADAM,Ackley,100,0,-19.406362024111658,23.502844748087227,5250,1054679880
best1bin,GenSA,Ackley,100,1,-1.9837032017022693e-08,13.573884228244424,300,917264540
best1bin,SignGD,Ackley,100,2,-19.45569705924578,6.287127358838916,1509,1154829938
best1bin,SA,Rastrigin,100,14,-62.68237521106914,30.807575873099267,300,516633470
best1bin,BOBYQA,Rastrigin,100,13,-810.040240370538,38.676016407087445,3000,1438758648
best1bin,GD,Ackley,100,1,-19.427179414633073,21.744012093171477,5395,917264540
best1bin,SPSA,Ackley,100,3,-20.644131802639762,0.3560397205874324,3497,697109676
best1bin,SMCO_BR_EVO,Ackley,100,1,-0.07508875279830862,22.768595817498863,160,917264540
best1bin,SMCO_BR,Ackley,100,1,-0.07865961514352948,24.258786913007498,85,917264540
best1bin,optimLBFGS,Ackley,100,3,-19.44270877833678,1.0517285699024796,112,697109676
best1bin,optimNM,Ackley,100,3,-20.82997309201327,0.7443226035684347,3000,697109676
best1bin,ADAM,Ackley,100,1,-19.42708559232351,23.07344425562769,5281,917264540
best1bin,BOBYQA,Rastrigin,100,14,-825.3143008487698,36.66617813240737,3000,516633470
best1bin,DEoptim,Rastrigin,100,9,-892.2982490748108,69.19369512610137,300,191318044
best1bin,PSO,Ackley,100,3,-20.167404745714027,0.3409120384603739,300,697109676
best1bin,GenSA,Ackley,100,2,-1.9860504796298528e-08,10.756647608242929,300,1154829938
best1bin,GA,Ackley,100,3,-8.940709532257571,1.3571574334055185,300,697109676
best1bin,SignGD,Ackley,100,3,-19.503509124897555,6.854958141222596,1509,697109676
best1bin,SMCO_R_EVO,Ackley,100,2,-0.07024126046273738,18.985633619129658,310,1154829938
best1bin,SMCO_R,Ackley,100,2,-0.07168647557912111,20.449166339822114,160,1154829938
best1bin,SMCO_BR,Ackley,100,2,-0.07784428233936014,20.378804525360465,85,1154829938
best1bin,SMCO_EVO,Ackley,100,2,-0.39682144599279257,20.225473573431373,310,1154829938
best1bin,ADAM,Ackley,100,2,-19.444065568096605,16.50408955477178,5136,1154829938
best1bin,SMCO_BR_EVO,Ackley,100,2,-0.07738199221264042,20.187857502140105,160,1154829938
best1bin,SMCO,Ackley,100,2,-0.3947312724325518,22.523858751170337,310,1154829938
best1bin,SPSA,Ackley,100,4,-20.756177131381534,0.21543289814144373,2685,548148216
best1bin,DEoptim,Rastrigin,100,11,-894.5760701551235,62.474946435540915,300,963391754
best1bin,optimLBFGS,Ackley,100,4,-19.44905064122985,1.295628440566361,134,548148216
best1bin,optimNM,Ackley,100,4,-20.91705785883651,0.734511629678309,3000,548148216
best1bin,GD,Ackley,100,2,-19.44406558811262,19.474060151726007,5087,1154829938
best1bin,BOBYQA,Ackley,100,0,-19.621003413668006,39.53361004963517,3000,1054679880
best1bin,GenSA,Ackley,100,3,-1.9849168086949476e-08,12.784671850502491,300,697109676
best1bin,GA,Ackley,100,4,-9.368127942425332,0.7610649820417166,300,548148216
best1bin,PSO,Ackley,100,4,-19.62167837095749,0.5370832812041044,300,548148216
best1bin,DEoptim,Rastrigin,100,10,-887.883678181415,71.55246245861053,300,2069075111
best1bin,SA,Ackley,100,0,-19.32874668772047,39.72562420461327,300,1054679880
best1bin,SignGD,Ackley,100,4,-19.459144556145883,6.867217305116355,2008,548148216
best1bin,SMCO_BR,Ackley,100,3,-0.07690501689419493,21.1981879780069,85,697109676
best1bin,SMCO,Ackley,100,3,-0.36713462937429897,22.298406863585114,310,697109676
best1bin,SMCO_R_EVO,Ackley,100,3,-0.06670736238173847,21.613643925637007,310,697109676
best1bin,GD,Ackley,100,3,-19.442708376392208,20.761380105279386,5238,697109676
best1bin,SMCO_R,Ackley,100,3,-0.07354922701514655,22.888502120040357,160,697109676
best1bin,SPSA,Ackley,100,5,-20.897359737956137,0.1027053901925683,2184,190826693
best1bin,ADAM,Ackley,100,3,-19.44270837638839,20.257867647334933,5204,697109676
best1bin,optimLBFGS,Ackley,100,5,-19.39208677717365,0.5698347967118025,119,190826693
best1bin,BOBYQA,Ackley,100,1,-19.59462534306922,38.673418934457004,3000,917264540
best1bin,optimNM,Ackley,100,5,-20.932335011536388,0.6712035546079278,3000,190826693
best1bin,SMCO_BR_EVO,Ackley,100,3,-0.07932368918574939,22.88180346880108,160,697109676
best1bin,SMCO_EVO,Ackley,100,3,-0.37119267263430133,24.430716011673212,310,697109676
best1bin,DEoptim,Rastrigin,100,12,-919.9843920598644,65.68998327758163,300,1451594738
best1bin,GA,Ackley,100,5,-9.350289013189418,1.7717419667169452,300,190826693
best1bin,PSO,Ackley,100,5,-19.10904666694115,0.5565651506185532,300,190826693
best1bin,SMCO_BR,Ackley,100,4,-0.07772711032218327,19.303246719762683,85,548148216
best1bin,SMCO_EVO,Ackley,100,4,-0.34736728507212833,18.815935004502535,310,548148216
best1bin,GenSA,Ackley,100,4,-2.0428644109671268e-08,13.542555316351354,300,548148216
best1bin,SA,Ackley,100,1,-19.314309092843086,41.28678770083934,300,917264540
best1bin,SMCO_R,Ackley,100,4,-0.07135591432065214,22.31807640567422,160,548148216
best1bin,SMCO,Ackley,100,4,-0.385386658569598,23.172524707391858,310,548148216
best1bin,GD,Ackley,100,4,-19.449050559066013,19.30300456378609,5290,548148216
best1bin,ADAM,Ackley,100,4,-19.449050558415674,19.841762498021126,5194,548148216
best1bin,SPSA,Ackley,100,6,-21.05095707458421,0.16611299011856318,2709,265932811
best1bin,SignGD,Ackley,100,5,-19.445094736440517,10.323923148214817,2507,190826693
best1bin,optimLBFGS,Ackley,100,6,-19.450544810611166,0.9649793431162834,120,265932811
best1bin,SA,Ackley,100,2,-19.389764558533994,36.34044706262648,300,1154829938
best1bin,SMCO_BR_EVO,Ackley,100,4,-0.07450004512247377,22.637981860898435,160,548148216
best1bin,optimNM,Ackley,100,6,-21.036876893949604,0.7549929544329643,3000,265932811
best1bin,SMCO_R_EVO,Ackley,100,4,-0.07170187110214998,22.99102591536939,310,548148216
best1bin,GA,Ackley,100,6,-9.174536237914582,1.1214278331026435,300,265932811
best1bin,PSO,Ackley,100,6,-19.679207884076785,0.5337993931025267,300,265932811
best1bin,GenSA,Ackley,100,5,-1.9762528058464568e-08,12.733114565722644,300,190826693
best1bin,SMCO_EVO,Ackley,100,5,-0.39579533997494964,19.354544441215694,310,190826693
best1bin,DEoptim,Rastrigin,100,13,-948.2002864361999,72.35723865032196,300,1438758648
best1bin,SMCO_R_EVO,Ackley,100,5,-0.07158582517342582,19.633517204783857,310,190826693
best1bin,SMCO_R,Ackley,100,5,-0.07104543086567405,20.63871644344181,160,190826693
best1bin,BOBYQA,Ackley,100,3,-19.64990275832019,35.130811714567244,3000,697109676
best1bin,SignGD,Ackley,100,6,-19.46187864048413,8.344154843129218,2008,265932811
best1bin,BOBYQA,Ackley,100,2,-19.646069645493753,42.71379776485264,3000,1154829938
best1bin,SMCO,Ackley,100,5,-0.39363871661698413,22.98757723905146,310,190826693
best1bin,SMCO_BR,Ackley,100,5,-0.0780702805750697,23.050568320788443,85,190826693
best1bin,SPSA,Ackley,100,7,-21.01797754916033,0.16003058943897486,1592,2076224509
best1bin,GD,Ackley,100,5,-19.39216055102832,18.761753440834582,5820,190826693
best1bin,optimNM,Ackley,100,7,-20.814038379433956,0.7243049647659063,3000,2076224509
best1bin,optimLBFGS,Ackley,100,7,-19.40522518468351,1.036615926772356,117,2076224509
best1bin,DEoptim,Rastrigin,100,14,-947.544447522517,71.36995725426823,300,516633470
best1bin,SMCO_BR_EVO,Ackley,100,5,-0.08217259410042077,23.009484628215432,160,190826693
best1bin,SignGD,Ackley,100,7,-19.437554608628073,5.5599372098222375,2008,2076224509
best1bin,ADAM,Ackley,100,5,-19.392086776718134,22.421544645912945,5164,190826693
best1bin,PSO,Ackley,100,7,-19.036014048739325,0.6088276272639632,300,2076224509
best1bin,GA,Ackley,100,7,-9.15115450206553,0.8834092859178782,300,2076224509
best1bin,GenSA,Ackley,100,6,-1.9936273520926306e-08,11.706614944152534,300,265932811
best1bin,SA,Ackley,100,3,-19.42898455585832,44.46785191167146,300,697109676
best1bin,SMCO_EVO,Ackley,100,6,-0.3605204670626674,21.477516164071858,310,265932811
best1bin,SMCO_R,Ackley,100,6,-0.07244316657811867,22.30640486255288,160,265932811
best1bin,SA,Ackley,100,4,-19.40855114669561,34.84847313910723,300,548148216
best1bin,SMCO_BR_EVO,Ackley,100,6,-0.07449370499458441,20.8143121721223,160,265932811
best1bin,ADAM,Ackley,100,6,-19.450544794867444,20.22166777588427,5232,265932811
best1bin,SMCO,Ackley,100,6,-0.38222703293565674,24.759455205872655,310,265932811
best1bin,SMCO_BR,Ackley,100,6,-0.07953131878865749,23.6692329691723,85,265932811
best1bin,SPSA,Ackley,100,8,-20.699882595309248,0.279190537519753,2772,1286469255
best1bin,optimLBFGS,Ackley,100,8,-19.41829163016303,0.5130302421748638,116,1286469255
best1bin,SMCO_R_EVO,Ackley,100,6,-0.07268157955278243,23.99876284878701,310,265932811
best1bin,optimNM,Ackley,100,8,-20.887528813488625,0.7646131385117769,3000,1286469255
best1bin,GD,Ackley,100,6,-19.45054479487248,22.255897493101656,5640,265932811
best1bin,DEoptim,Ackley,100,0,-2.678747201425168,74.74640723969787,300,1054679880
best1bin,BOBYQA,Ackley,100,4,-19.597429507170865,40.018841470591724,3000,548148216
best1bin,GA,Ackley,100,8,-8.884581497545984,0.9474877333268523,300,1286469255
best1bin,PSO,Ackley,100,8,-19.504641814738342,0.28766253776848316,300,1286469255
best1bin,GenSA,Ackley,100,7,-1.9816856156040785e-08,12.868756060488522,300,2076224509
best1bin,SMCO,Ackley,100,7,-0.3620808933619384,20.061562271788716,310,2076224509
best1bin,GD,Ackley,100,7,-19.405355667128216,18.79984351620078,4661,2076224509
best1bin,SMCO_R,Ackley,100,7,-0.07244296068342182,21.001823839731514,160,2076224509
best1bin,SignGD,Ackley,100,8,-19.505960299920577,9.044220712967217,2008,1286469255
best1bin,SMCO_R_EVO,Ackley,100,7,-0.06775151164360027,20.803570884279907,310,2076224509
best1bin,SMCO_EVO,Ackley,100,7,-0.3892798032930398,23.487016123719513,310,2076224509
best1bin,SPSA,Ackley,100,9,-20.73465411323391,0.14387637935578823,2632,13756995
best1bin,ADAM,Ackley,100,7,-19.405225177397355,22.119862778112292,5202,2076224509
best1bin,SMCO_BR,Ackley,100,7,-0.07434552349375467,23.714266925118864,85,2076224509
best1bin,SMCO_BR_EVO,Ackley,100,7,-0.07685666597109675,23.2861593561247,160,2076224509
best1bin,optimNM,Ackley,100,9,-20.85966855854173,0.7683907076716423,3000,13756995
best1bin,optimLBFGS,Ackley,100,9,-19.419012993879253,0.8624734301120043,113,13756995
best1bin,GenSA,Ackley,100,8,-2.118635977765848e-08,10.398560328409076,300,1286469255
best1bin,BOBYQA,Ackley,100,5,-19.54031039230756,39.27244619932026,3000,190826693
best1bin,PSO,Ackley,100,9,-19.03445175720608,0.5696831000968814,300,13756995
best1bin,GA,Ackley,100,9,-9.223805731804354,1.0971755776554346,300,13756995
best1bin,SMCO_EVO,Ackley,100,8,-0.38172208027490173,19.174481972120702,310,1286469255
best1bin,SignGD,Ackley,100,9,-19.507290477088844,6.841365625150502,1509,13756995
best1bin,GD,Ackley,100,8,-19.418361559942223,16.147912244312465,5292,1286469255
best1bin,SA,Ackley,100,5,-19.528542276836102,42.117268786765635,300,190826693
best1bin,SMCO,Ackley,100,8,-0.37031747731522247,21.54235551133752,310,1286469255
best1bin,SMCO_R,Ackley,100,8,-0.07405302003326542,21.89275385159999,160,1286469255
best1bin,SMCO_BR,Ackley,100,8,-0.07720413270221771,22.24132415652275,85,1286469255
best1bin,SMCO_BR_EVO,Ackley,100,8,-0.07473117504106286,19.35416101384908,160,1286469255
best1bin,BOBYQA,Ackley,100,6,-19.671706049660298,35.849008118733764,3000,265932811
best1bin,SPSA,Ackley,100,10,-20.75479198145517,0.24728538375347853,2393,247356067
best1bin,optimLBFGS,Ackley,100,10,-19.33955005489712,1.214285328052938,118,247356067
best1bin,DEoptim,Ackley,100,1,-3.305156069688302,80.52080772351474,300,917264540
best1bin,optimNM,Ackley,100,10,-20.705954432090277,0.7639824682846665,3000,247356067
best1bin,SMCO_R_EVO,Ackley,100,8,-0.07059984014915033,21.7728163395077,310,1286469255
best1bin,ADAM,Ackley,100,8,-19.418291390965447,20.56757922284305,5208,1286469255
best1bin,GA,Ackley,100,10,-9.222178134007507,0.686113340780139,300,247356067
best1bin,GenSA,Ackley,100,9,-2.021109368754992e-08,10.680403803475201,300,13756995
best1bin,PSO,Ackley,100,10,-19.740424803332562,0.26758105400949717,300,247356067
best1bin,GD,Ackley,100,9,-19.419012127761174,17.009365431033075,5733,13756995
best1bin,DEoptim,Ackley,100,2,-3.7464224917844295,76.38456342928112,300,1154829938
best1bin,SMCO_R,Ackley,100,9,-0.0695095548896103,21.738187223672867,160,13756995
best1bin,BOBYQA,Ackley,100,7,-19.657400500130834,34.34848939161748,3000,2076224509
best1bin,SMCO,Ackley,100,9,-0.3814562333955789,22.20112450607121,310,13756995
best1bin,ADAM,Ackley,100,9,-19.419012127771584,16.814452541060746,5176,13756995
best1bin,SMCO_EVO,Ackley,100,9,-0.3875208183450707,21.352739276364446,310,13756995
best1bin,SignGD,Ackley,100,10,-19.350996340093122,9.632477601058781,2507,247356067
best1bin,SPSA,Ackley,100,11,-20.852311256365407,0.28432376123964787,2787,10318862
best1bin,SMCO_BR,Ackley,100,9,-0.08092288651880652,24.517823863774538,85,13756995
best1bin,optimLBFGS,Ackley,100,11,-19.313250928196933,1.2202475955709815,131,10318862
best1bin,optimNM,Ackley,100,11,-20.92298821618698,0.7662197621539235,3000,10318862
best1bin,SA,Ackley,100,6,-19.26704435366874,46.05694200191647,300,265932811
best1bin,SMCO_R_EVO,Ackley,100,9,-0.07233632474303109,24.496054330840707,310,13756995
best1bin,SA,Ackley,100,7,-19.2737438436179,39.39619039464742,300,2076224509
best1bin,SMCO_R,Ackley,100,10,-0.0751217767018848,18.578994040377438,160,247356067
best1bin,SMCO_BR_EVO,Ackley,100,9,-0.07730138722850599,24.371720833703876,160,13756995
best1bin,PSO,Ackley,100,11,-19.48703464069264,0.39620447903871536,300,10318862
best1bin,GA,Ackley,100,11,-9.041385562928037,1.3552566254511476,300,10318862
best1bin,DEoptim,Ackley,100,3,-3.711532309298495,76.90995810460299,300,697109676
best1bin,SignGD,Ackley,100,11,-19.322898852780938,7.478127488866448,2008,10318862
best1bin,ADAM,Ackley,100,10,-19.33954990064668,16.28241816163063,5186,247356067
best1bin,GenSA,Ackley,100,10,-2.0203888784209312e-08,13.950096879154444,300,247356067
best1bin,SMCO_BR,Ackley,100,10,-0.07883650099010397,20.66955324728042,85,247356067
best1bin,SMCO,Ackley,100,10,-0.3748668188168378,23.94276366941631,310,247356067
best1bin,SMCO_R_EVO,Ackley,100,10,-0.06384999915418321,22.15993782132864,310,247356067
best1bin,SPSA,Ackley,100,12,-20.730546773781064,0.154225273989141,3225,196940543
best1bin,DEoptim,Ackley,100,4,-3.0197525317591922,73.15117764752358,300,548148216
best1bin,SMCO_EVO,Ackley,100,10,-0.351058738556127,23.123084380291402,310,247356067
best1bin,optimLBFGS,Ackley,100,12,-19.37858669031849,0.8053013645112514,113,196940543
best1bin,GD,Ackley,100,10,-19.339568873222376,22.057254227809608,5412,247356067
best1bin,optimNM,Ackley,100,12,-20.774287137806162,0.7358982665464282,3000,196940543
best1bin,SMCO_BR_EVO,Ackley,100,10,-0.07865614995398973,24.64806624315679,160,247356067
best1bin,GD,Ackley,100,11,-19.348812140363975,15.839924803934991,4814,10318862
best1bin,PSO,Ackley,100,12,-18.891690050200534,0.572029204107821,300,196940543
best1bin,SA,Ackley,100,8,-19.40334769980722,40.173687853850424,300,1286469255
best1bin,GenSA,Ackley,100,11,-2.0869933781142436e-08,13.406439016573131,300,10318862
best1bin,GA,Ackley,100,12,-8.78614768076323,1.364139687269926,300,196940543
best1bin,BOBYQA,Ackley,100,8,-19.633324486971453,41.44478383194655,3000,1286469255
best1bin,SMCO_R_EVO,Ackley,100,11,-0.07223816079070788,17.927822100929916,310,10318862
best1bin,SMCO,Ackley,100,11,-0.385074537881668,21.23535754159093,310,10318862
best1bin,SignGD,Ackley,100,12,-19.45683079583546,8.674613231793046,2008,196940543
best1bin,SMCO_R,Ackley,100,11,-0.07426617198587993,22.381833110935986,160,10318862
best1bin,ADAM,Ackley,100,11,-19.3115778035616,20.45135080907494,5220,10318862
best1bin,SPSA,Ackley,100,13,-20.71639571697202,0.1915392465889454,1864,1846968539
best1bin,SMCO_BR_EVO,Ackley,100,11,-0.06953190033091206,21.862691168673337,160,10318862
best1bin,optimLBFGS,Ackley,100,13,-19.400850899357884,1.1784685449674726,121,1846968539
best1bin,SMCO_BR,Ackley,100,11,-0.07872888601274086,23.58018761035055,85,10318862
best1bin,optimNM,Ackley,100,13,-20.827536653670847,0.7401582822203636,3000,1846968539
best1bin,SMCO_R,Ackley,100,12,-0.0648567786006855,17.49373199325055,160,196940543
best1bin,BOBYQA,Ackley,100,9,-19.55779483979495,38.79619767982513,3000,13756995
best1bin,SignGD,Ackley,100,13,-19.38487796622811,6.744226556271315,2008,1846968539
best1bin,GenSA,Ackley,100,12,-1.9692898423073757e-08,12.398675971664488,300,196940543
best1bin,PSO,Ackley,100,13,-18.647651495034054,0.44003969989717007,300,1846968539
best1bin,GA,Ackley,100,13,-9.077129397746871,1.3979655941948295,300,1846968539
best1bin,SMCO_EVO,Ackley,100,11,-0.36210143996871524,28.04814712703228,310,10318862
best1bin,SMCO_EVO,Ackley,100,12,-0.36981042750590065,20.181891545653343,310,196940543
best1bin,GD,Ackley,100,12,-19.378586423183638,19.690402138978243,4976,196940543
best1bin,SMCO_BR_EVO,Ackley,100,12,-0.0731925304699641,20.689270574599504,160,196940543
best1bin,SMCO_R_EVO,Ackley,100,12,-0.07165093432623992,21.070940188132226,310,196940543
best1bin,ADAM,Ackley,100,12,-19.378586423182288,17.94678879994899,5164,196940543
best1bin,SMCO,Ackley,100,12,-0.3733926545616204,23.316611071117222,310,196940543
best1bin,SPSA,Ackley,100,14,-20.762570230601934,0.2253462364897132,2205,208438674
best1bin,DEoptim,Ackley,100,5,-3.337285854152118,81.1589983785525,300,190826693
best1bin,DEoptim,Ackley,100,6,-2.7851243735797984,72.01094337925315,300,265932811
best1bin,optimNM,Ackley,100,14,-20.91155661545726,0.4076104210689664,3000,208438674
best1bin,optimLBFGS,Ackley,100,14,-19.45589242797065,1.1248594028875232,116,208438674
best1bin,SMCO_EVO,Ackley,100,13,-0.3828418590688192,14.293384752236307,310,1846968539
best1bin,SA,Ackley,100,9,-19.513448097269517,45.24916676338762,300,13756995
best1bin,SMCO_BR,Ackley,100,12,-0.07660683252779821,24.894540939480066,85,196940543
best1bin,GA,Ackley,100,14,-8.92241110870862,0.6761420015245676,300,208438674
best1bin,PSO,Ackley,100,14,-19.399189346756835,0.6173368711024523,300,208438674
best1bin,BOBYQA,Ackley,100,10,-19.480345953949207,40.48124429769814,3000,247356067
best1bin,SignGD,Ackley,100,14,-19.467979373946278,6.35311296954751,2008,208438674
best1bin,GenSA,Ackley,100,13,-1.9979339516140726e-08,13.39476936031133,300,1846968539
best1bin,SMCO_BR,Ackley,100,13,-0.07689707010349922,20.99592643789947,85,1846968539
best1bin,BOBYQA,Ackley,100,11,-19.540461453414082,35.31670141965151,3000,10318862
best1bin,SMCO_BR_EVO,Ackley,100,13,-0.07562752328425804,21.14127609413117,160,1846968539
best1bin,GD,Ackley,100,13,-19.373659104420963,21.215913532301784,5913,1846968539
best1bin,SMCO,Ackley,100,13,-0.3740105697020053,23.065459191799164,310,1846968539
best1bin,SMCO_R,Ackley,100,13,-0.07299503996415568,22.966732507571578,160,1846968539
best1bin,SPSA,Rosenbrock,100,0,-7743729.640604332,0.3116622883826494,3886,1175199937
best1bin,GenSA,Ackley,100,14,-1.9695548747478142e-08,9.08869487605989,300,208438674
best1bin,optimNM,Rosenbrock,100,0,-7295924.360477853,0.5107641154900193,3000,1175199937
best1bin,SMCO_R_EVO,Ackley,100,13,-0.07142043715511948,23.85245829541236,310,1846968539
best1bin,SA,Ackley,100,10,-19.396467355482482,46.269261023029685,300,247356067
best1bin,ADAM,Ackley,100,13,-19.37340888280621,22.121884651482105,5214,1846968539
best1bin,GA,Rosenbrock,100,0,-6498.299206522292,0.7290362613275647,300,1175199937
best1bin,PSO,Rosenbrock,100,0,-1712521.9502439348,0.19049718417227268,300,1175199937
best1bin,SignGD,Rosenbrock,100,0,-297.72834244052075,3.9192963503301144,1509,1175199937
best1bin,BOBYQA,Ackley,100,12,-19.571301160110878,30.574163098819554,3000,196940543
best1bin,DEoptim,Ackley,100,7,-3.374276100063032,76.67889020964503,300,2076224509
best1bin,SMCO,Rosenbrock,100,0,-22.22717545372446,12.194754153490067,310,1175199937
best1bin,SMCO_R,Ackley,100,14,-0.07360860398450741,19.502850401215255,160,208438674
best1bin,optimLBFGS,Rosenbrock,100,0,-1.7718004550825996e-07,6.305238095112145,1198,1175199937
best1bin,GD,Ackley,100,14,-19.455892358992656,17.755678013898432,4942,208438674
best1bin,SMCO_BR,Rosenbrock,100,0,-30.01718729258512,13.194407427683473,85,1175199937
best1bin,SMCO_EVO,Ackley,100,14,-0.36158830086819593,20.099756602197886,310,208438674
best1bin,GenSA,Rosenbrock,100,0,-104.62484775288941,7.365834532305598,300,1175199937
best1bin,SPSA,Rosenbrock,100,1,-8843471.101422826,0.3916929941624403,5142,397371031
best1bin,SMCO_EVO,Rosenbrock,100,0,-23.9251413833189,13.134833481162786,310,1175199937
best1bin,SMCO_R,Rosenbrock,100,0,-2.503882842231831,15.788466105237603,160,1175199937
best1bin,SMCO_R_EVO,Ackley,100,14,-0.07031084340919636,21.049435413442552,310,208438674
best1bin,SMCO,Ackley,100,14,-0.38548635084026417,23.41819263715297,310,208438674
best1bin,optimNM,Rosenbrock,100,1,-8398029.349808678,0.5392891662195325,3000,397371031
best1bin,SA,Ackley,100,11,-19.56028103181766,44.703518501482904,300,10318862
best1bin,PSO,Rosenbrock,100,1,-708321.5458062947,0.3474233513697982,300,397371031
best1bin,GA,Rosenbrock,100,1,-5510.791345531674,1.0690584238618612,300,397371031
best1bin,SMCO_R_EVO,Rosenbrock,100,0,-2.8106666276207646,14.563726807013154,310,1175199937
best1bin,SignGD,Rosenbrock,100,1,-371.2399206487857,4.087355222553015,1509,397371031
best1bin,GD,Rosenbrock,100,0,-247.05854692621145,12.806322537362576,6000,1175199937
best1bin,SMCO_BR,Ackley,100,14,-0.07918048369814956,25.542546089738607,85,208438674
best1bin,SMCO,Rosenbrock,100,1,-24.623415676562903,9.172775458544493,310,397371031
best1bin,ADAM,Ackley,100,14,-19.455892270044323,22.923840313218534,5258,208438674
best1bin,SMCO_BR_EVO,Rosenbrock,100,0,-76.98717178351747,14.837794945575297,160,1175199937
best1bin,optimLBFGS,Rosenbrock,100,1,-1.614876098537126e-07,5.495914108119905,1231,397371031
best1bin,SPSA,Rosenbrock,100,2,-11011713.363814337,0.25346942618489265,4637,1686737729
best1bin,SMCO_BR_EVO,Ackley,100,14,-0.07991229646357967,25.497128444723785,160,208438674
best1bin,DEoptim,Ackley,100,8,-2.2172050825145573,77.77091858070344,300,1286469255
best1bin,ADAM,Rosenbrock,100,0,-1756569.0382311621,15.552473749034107,6000,1175199937
best1bin,optimNM,Rosenbrock,100,2,-10469895.744717637,0.5520169641822577,3000,1686737729
best1bin,SMCO_BR,Rosenbrock,100,1,-3.1539546591703527,12.96704437583685,85,397371031
best1bin,SMCO_R,Rosenbrock,100,1,-2.4295159896932077,13.25847167801112,160,397371031
best1bin,GA,Rosenbrock,100,2,-5587.156051029317,0.5585499638691545,300,1686737729
best1bin,GenSA,Rosenbrock,100,1,-107.61469632216111,8.098430554382503,300,397371031
best1bin,PSO,Rosenbrock,100,2,-890082.2467381206,0.20415925607085228,300,1686737729
best1bin,SignGD,Rosenbrock,100,2,-511.27363964757546,4.664718118496239,1509,1686737729
best1bin,SMCO_R_EVO,Rosenbrock,100,1,-1.963849775702029,12.99526001792401,310,397371031
best1bin,SMCO_BR_EVO,Rosenbrock,100,1,-100.92443707513955,12.790293662808836,160,397371031
best1bin,BOBYQA,Ackley,100,13,-19.554711594455316,37.2044920520857,3000,1846968539
best1bin,SMCO_EVO,Rosenbrock,100,1,-24.11264492382043,14.521313302218914,310,397371031
best1bin,DEoptim,Ackley,100,9,-3.2420257579346488,73.70315539836884,300,13756995
best1bin,SA,Ackley,100,12,-19.253538189029378,47.443816877901554,300,196940543
best1bin,ADAM,Rosenbrock,100,1,-2118471.2272880943,13.788152866996825,6000,397371031
best1bin,optimLBFGS,Rosenbrock,100,2,-1.5907406937919637e-07,7.185926530510187,1285,1686737729
best1bin,SPSA,Rosenbrock,100,3,-9821931.42494184,0.1563549917191267,3004,2113481472
best1bin,SMCO_BR,Rosenbrock,100,2,-78.69237228780543,10.315921221859753,85,1686737729
best1bin,SMCO,Rosenbrock,100,2,-25.117660297823246,11.50406366493553,310,1686737729
best1bin,GD,Rosenbrock,100,1,-196.2952859887048,14.912367180921137,6000,397371031
best1bin,optimNM,Rosenbrock,100,3,-9341816.170275902,0.2753255646675825,3000,2113481472
best1bin,GenSA,Rosenbrock,100,2,-20.49526186050325,8.023811454884708,300,1686737729
best1bin,SMCO_EVO,Rosenbrock,100,2,-21.23345070748016,12.82922007329762,310,1686737729
best1bin,SMCO_R,Rosenbrock,100,2,-2.3739733015802122,13.706463608890772,160,1686737729
best1bin,PSO,Rosenbrock,100,3,-1040677.9269458511,0.34893494471907616,300,2113481472
best1bin,GA,Rosenbrock,100,3,-5258.719744829723,1.1130578741431236,300,2113481472
best1bin,SignGD,Rosenbrock,100,3,-328.09214325371187,4.0520678563043475,1509,2113481472
best1bin,SMCO_R_EVO,Rosenbrock,100,2,-2.465325519995498,13.968739658594131,310,1686737729
best1bin,SMCO_BR_EVO,Rosenbrock,100,2,-69.71699407719176,13.267174441367388,160,1686737729
best1bin,ADAM,Rosenbrock,100,2,-2524721.0416726717,12.590505043044686,6000,1686737729
best1bin,BOBYQA,Ackley,100,14,-19.645822767881068,36.05863665789366,3000,208438674
best1bin,GD,Rosenbrock,100,2,-342.7503830723786,14.572683200240135,6000,1686737729
best1bin,SMCO,Rosenbrock,100,3,-23.49093331102098,10.390294040553272,310,2113481472
best1bin,SPSA,Rosenbrock,100,4,-8451310.169650728,0.20205212477594614,4102,113742616
best1bin,SA,Ackley,100,13,-19.46266182052793,44.42426751740277,300,1846968539
best1bin,optimLBFGS,Rosenbrock,100,3,-6.612434802342124e-08,6.925762113183737,1187,2113481472
best1bin,GenSA,Rosenbrock,100,3,-106.98869640928817,7.06040751375258,300,2113481472
best1bin,optimNM,Rosenbrock,100,4,-7978606.3077409165,0.5659068496897817,3000,113742616
best1bin,SignGD,Rosenbrock,100,4,-290.85384333563337,4.072491293773055,1509,113742616
best1bin,SMCO_R,Rosenbrock,100,3,-2.8328177011126625,14.604622279293835,160,2113481472
best1bin,SMCO_EVO,Rosenbrock,100,3,-24.532084636061576,13.867284997366369,310,2113481472
best1bin,SMCO_BR_EVO,Rosenbrock,100,3,-73.99102839805364,12.818772964179516,160,2113481472
best1bin,PSO,Rosenbrock,100,4,-769707.5820570345,0.360218339599669,300,113742616
best1bin,SMCO_R_EVO,Rosenbrock,100,3,-2.668070836640719,13.989635870791972,310,2113481472
best1bin,DEoptim,Ackley,100,10,-3.5611597095526055,76.94990467373282,300,247356067
best1bin,GA,Rosenbrock,100,4,-6070.860622287045,1.0968504771590233,300,113742616
best1bin,SMCO_BR,Rosenbrock,100,3,-76.69010258699764,15.748154080472887,85,2113481472
best1bin,GD,Rosenbrock,100,3,-299.68686685978065,14.369186728261411,6000,2113481472
best1bin,optimLBFGS,Rosenbrock,100,4,-6.030024743867063e-08,6.214819706976414,1159,113742616
best1bin,GenSA,Rosenbrock,100,4,-124.50008240695493,7.091144655831158,300,113742616
best1bin,SMCO,Rosenbrock,100,4,-21.341970924703237,11.69108563568443,310,113742616
best1bin,SPSA,Rosenbrock,100,5,-9977171.57154484,0.2889797044917941,3705,924465025
best1bin,SMCO_R_EVO,Rosenbrock,100,4,-2.53730196512664,11.015740680508316,310,113742616
best1bin,SMCO_EVO,Rosenbrock,100,4,-24.56730722858921,11.430174206383526,310,113742616
best1bin,SA,Ackley,100,14,-19.48852223456544,44.93988950364292,300,208438674
best1bin,SMCO_BR,Rosenbrock,100,4,-25.119811705515495,12.122080474160612,85,113742616
best1bin,optimNM,Rosenbrock,100,5,-9452463.292350123,0.538115824572742,3000,924465025
best1bin,SMCO_BR_EVO,Rosenbrock,100,4,-102.82962463474156,11.641457749530673,160,113742616
best1bin,SMCO_R,Rosenbrock,100,4,-1.8618444260441938,13.28911815956235,160,113742616
best1bin,GA,Rosenbrock,100,5,-5687.775659693795,1.0848530922085047,300,924465025
best1bin,PSO,Rosenbrock,100,5,-933312.7594207878,0.3082419391721487,300,924465025
best1bin,SignGD,Rosenbrock,100,5,-220.51170896442997,4.139311233535409,1509,924465025
best1bin,DEoptim,Ackley,100,11,-2.8819082195345946,73.17973067983985,300,10318862
best1bin,ADAM,Rosenbrock,100,3,-2400152.1309102625,17.844689323566854,6000,2113481472
best1bin,GD,Rosenbrock,100,4,-293.60021656939375,15.817764937877655,6000,113742616
best1bin,SMCO,Rosenbrock,100,5,-22.194591424251374,9.836391739547253,310,924465025
best1bin,ADAM,Rosenbrock,100,4,-1902347.0266349271,16.098057080991566,6000,113742616
best1bin,SMCO_R_EVO,Rosenbrock,100,5,-5.821127060703722,10.624461811035872,310,924465025
best1bin,optimLBFGS,Rosenbrock,100,5,-1.7951443028274362e-07,7.423737392760813,1211,924465025
best1bin,SPSA,Rosenbrock,100,6,-9780016.116003817,0.25675386749207973,3602,93561097
best1bin,GenSA,Rosenbrock,100,5,-96.31343680507459,7.62624270748347,300,924465025
best1bin,BOBYQA,Rosenbrock,100,0,-1798251.6511501444,44.796825021505356,3000,1175199937
best1bin,optimNM,Rosenbrock,100,6,-9211971.702461127,0.5215571727603674,3000,93561097
best1bin,SMCO_BR_EVO,Rosenbrock,100,5,-117.9164994363181,13.10321525670588,160,924465025
best1bin,SignGD,Rosenbrock,100,6,-584.9495313763176,3.9739753575995564,1509,93561097
best1bin,SMCO_R,Rosenbrock,100,5,-1.9881522088122867,14.571080655790865,160,924465025
best1bin,SMCO_BR,Rosenbrock,100,5,-2.1047895372514613,14.72069391515106,85,924465025
best1bin,PSO,Rosenbrock,100,6,-821873.2709832155,0.24013155326247215,300,93561097
best1bin,GA,Rosenbrock,100,6,-7301.297491694718,1.0248480131849647,300,93561097
best1bin,SMCO_EVO,Rosenbrock,100,5,-22.181236952379372,15.992413201369345,310,924465025
best1bin,optimLBFGS,Rosenbrock,100,6,-3.018420561016016e-07,5.775013745762408,1193,93561097
best1bin,GD,Rosenbrock,100,5,-236.2848418506893,16.670583978295326,6000,924465025
best1bin,BOBYQA,Rosenbrock,100,1,-1408663.4240722721,42.251817719079554,3000,397371031
best1bin,SMCO_BR_EVO,Rosenbrock,100,6,-88.88928182929257,9.525050515308976,160,93561097
best1bin,ADAM,Rosenbrock,100,5,-2327735.9106411845,16.097563519142568,6000,924465025
best1bin,SMCO_BR,Rosenbrock,100,6,-70.95494613718152,13.996874389238656,85,93561097
best1bin,GenSA,Rosenbrock,100,6,-113.52487456346743,6.304838307201862,300,93561097
best1bin,SMCO_R,Rosenbrock,100,6,-2.1791441304855037,14.299712888896465,160,93561097
best1bin,SPSA,Rosenbrock,100,7,-9122163.508814208,0.2615118706598878,3402,22130812
best1bin,SMCO,Rosenbrock,100,6,-24.906350085152596,14.525225702673197,310,93561097
best1bin,optimNM,Rosenbrock,100,7,-8675788.705551622,0.5378903662785888,3000,22130812
best1bin,SMCO_R_EVO,Rosenbrock,100,6,-2.455361792928925,14.240402626805007,310,93561097
best1bin,SMCO_EVO,Rosenbrock,100,6,-22.92368793107012,16.136928994208574,310,93561097
best1bin,ADAM,Rosenbrock,100,6,-2142676.160558551,12.039885530248284,6000,93561097
best1bin,GD,Rosenbrock,100,6,-313.5172998060981,13.670627815648913,6000,93561097
best1bin,SignGD,Rosenbrock,100,7,-214.85894520516518,4.005023968406022,1509,22130812
best1bin,PSO,Rosenbrock,100,7,-667598.2175346975,0.451177810318768,300,22130812
best1bin,DEoptim,Ackley,100,12,-2.5529758740821333,82.2231136970222,300,196940543
best1bin,GA,Rosenbrock,100,7,-6270.236332518782,1.109748457558453,300,22130812
best1bin,SMCO,Rosenbrock,100,7,-24.034090709452716,11.806812069378793,310,22130812
best1bin,optimLBFGS,Rosenbrock,100,7,-1.6521780368193438e-07,7.467578646726906,1224,22130812
best1bin,BOBYQA,Rosenbrock,100,2,-1226510.4608354308,46.20788766629994,3000,1686737729
best1bin,GenSA,Rosenbrock,100,7,-59.956568772566136,8.453283354640007,300,22130812
best1bin,SMCO_BR_EVO,Rosenbrock,100,7,-125.4909165410357,10.930680971592665,160,22130812
best1bin,DEoptim,Ackley,100,13,-2.986512387222579,77.24559243582189,300,1846968539
best1bin,SMCO_R,Rosenbrock,100,7,-2.3436286076917963,14.060825591906905,160,22130812
best1bin,BOBYQA,Rosenbrock,100,3,-2270119.9632800217,40.75069926586002,3000,2113481472
best1bin,SPSA,Rosenbrock,100,8,-9938228.65170828,0.27968215476721525,3519,1484065503
best1bin,optimNM,Rosenbrock,100,8,-9481060.942054247,0.5507730348035693,3000,1484065503
best1bin,SMCO_EVO,Rosenbrock,100,7,-24.323475848973647,14.071370800957084,310,22130812
best1bin,SMCO_BR,Rosenbrock,100,7,-69.92714102015394,15.715388328768313,85,22130812
best1bin,SMCO_EVO,Rosenbrock,100,8,-24.5274658354527,8.081364579498768,310,1484065503
best1bin,SMCO_R_EVO,Rosenbrock,100,7,-39.3615019030105,14.514721499755979,310,22130812
best1bin,PSO,Rosenbrock,100,8,-1774429.2922436153,0.3469611890614033,300,1484065503
best1bin,GA,Rosenbrock,100,8,-5685.108277432793,0.5628707557916641,300,1484065503
best1bin,SignGD,Rosenbrock,100,8,-356.4924771095885,4.059293533675373,1509,1484065503
best1bin,SMCO_BR,Rosenbrock,100,8,-2.527816864843761,10.534628381952643,85,1484065503
best1bin,GD,Rosenbrock,100,7,-254.77195191442547,16.181304601952434,6000,22130812
best1bin,SA,Rosenbrock,100,0,-1.0474002100066614e-10,66.08434564433992,300,1175199937
best1bin,DEoptim,Ackley,100,14,-2.124132095021132,76.4206697512418,300,208438674
best1bin,optimLBFGS,Rosenbrock,100,8,-8.500596858553727e-08,6.1619240520522,1174,1484065503
best1bin,SMCO_R,Rosenbrock,100,8,-2.2328379032161023,12.630968825891614,160,1484065503
best1bin,DEoptim,Rosenbrock,100,0,-997.859467701639,67.51687540113926,300,1175199937
best1bin,SPSA,Rosenbrock,100,9,-11272922.016543511,0.1576235108077526,4298,1802719382
best1bin,ADAM,Rosenbrock,100,7,-2077102.2921734892,17.508269854821265,6000,22130812
best1bin,BOBYQA,Rosenbrock,100,4,-996335.736990817,41.931145276874304,3000,113742616
best1bin,SMCO,Rosenbrock,100,8,-22.300172316381058,14.449323313310742,310,1484065503
best1bin,optimNM,Rosenbrock,100,9,-10733207.940275619,0.29394091852009296,3000,1802719382
best1bin,GenSA,Rosenbrock,100,8,-93.1240244587771,7.97243208438158,300,1484065503
best1bin,ADAM,Rosenbrock,100,8,-2323636.6589107146,10.611721356399357,6000,1484065503
best1bin,SignGD,Rosenbrock,100,9,-269.830100865506,4.501064681448042,1509,1802719382
best1bin,PSO,Rosenbrock,100,9,-991922.8802304172,0.4150741519406438,300,1802719382
best1bin,GA,Rosenbrock,100,9,-5534.010605491552,1.0245015639811754,300,1802719382
best1bin,SMCO_R_EVO,Rosenbrock,100,8,-2.700505702860695,14.907796175219119,310,1484065503
best1bin,optimLBFGS,Rosenbrock,100,9,-9.687244709343341e-08,5.078608335927129,1171,1802719382
best1bin,GD,Rosenbrock,100,8,-281.96182472058274,15.759990976192057,6000,1484065503
best1bin,SMCO_BR_EVO,Rosenbrock,100,8,-74.02805055103711,16.436761546880007,160,1484065503
best1bin,SMCO_R,Rosenbrock,100,9,-2.450411329122541,11.969859074801207,160,1802719382
best1bin,DEoptim,Rosenbrock,100,1,-1029.049053334474,68.20800606999546,300,397371031
best1bin,GenSA,Rosenbrock,100,9,-4.150496141837147e-10,8.064422603696585,300,1802719382
best1bin,SMCO,Rosenbrock,100,9,-22.6400629417867,14.499220984987915,310,1802719382
best1bin,SMCO_BR_EVO,Rosenbrock,100,9,-100.23735156885563,12.18662355095148,160,1802719382
best1bin,DEoptim,Rosenbrock,100,3,-877.9537723165748,58.24153984058648,300,2113481472
best1bin,SPSA,Rosenbrock,100,10,-6772225.579642158,0.373873190023005,5177,689242106
best1bin,optimNM,Rosenbrock,100,10,-6449662.685132118,0.5378948552533984,3000,689242106
best1bin,SignGD,Rosenbrock,100,10,-304.4109452906748,3.0436915550380945,1509,689242106
best1bin,SMCO_EVO,Rosenbrock,100,9,-22.155550727001366,13.818585375323892,310,1802719382
best1bin,SMCO_BR,Rosenbrock,100,9,-25.00321663289224,15.295547805726528,85,1802719382
best1bin,GA,Rosenbrock,100,10,-5324.424519735698,1.107729327864945,300,689242106
best1bin,GD,Rosenbrock,100,9,-295.55023249460163,13.936487683095038,6000,1802719382
best1bin,DEoptim,Rosenbrock,100,2,-1176.9526918355773,65.82916630711406,300,1686737729
best1bin,BOBYQA,Rosenbrock,100,5,-1546092.9380215253,45.99960065446794,3000,924465025
best1bin,PSO,Rosenbrock,100,10,-667064.7847804624,0.3764122175052762,300,689242106
best1bin,SMCO_R_EVO,Rosenbrock,100,9,-2.774919936563296,15.592146730050445,310,1802719382
best1bin,ADAM,Rosenbrock,100,9,-2658831.6932595517,15.764723282307386,6000,1802719382
best1bin,optimLBFGS,Rosenbrock,100,10,-1.1041504791028693e-07,4.752326731570065,1154,689242106
best1bin,SMCO_R,Rosenbrock,100,10,-2.3812195567867787,11.945200950838625,160,689242106
best1bin,SMCO,Rosenbrock,100,10,-25.917828828537118,13.503348809666932,310,689242106
best1bin,SMCO_EVO,Rosenbrock,100,10,-22.686684134234675,12.81577699445188,310,689242106
best1bin,SPSA,Rosenbrock,100,11,-8961338.65744655,0.28471090365201235,3984,693558215
best1bin,SignGD,Rosenbrock,100,11,-426.6418230021747,3.1839495711028576,1509,693558215
best1bin,GenSA,Rosenbrock,100,10,-97.15206063496066,8.369634292088449,300,689242106
best1bin,optimNM,Rosenbrock,100,11,-8489611.051977975,0.542947307229042,3000,693558215
best1bin,GD,Rosenbrock,100,10,-240.36189793547726,12.68478920031339,6000,689242106
best1bin,SA,Rosenbrock,100,1,-3.98662385470432,81.18604946229607,300,397371031
best1bin,SMCO_BR,Rosenbrock,100,10,-70.22242815755699,16.376462035812438,85,689242106
best1bin,SMCO_R_EVO,Rosenbrock,100,10,-69.67718370446447,14.458851508796215,310,689242106
best1bin,SMCO_BR_EVO,Rosenbrock,100,10,-134.4211700095567,14.62152639683336,160,689242106
best1bin,PSO,Rosenbrock,100,11,-1738596.1069954906,0.3507458074018359,300,693558215
best1bin,BOBYQA,Rosenbrock,100,6,-1430009.829201091,47.25885085761547,3000,93561097
best1bin,GA,Rosenbrock,100,11,-7287.773602001758,1.2448974112048745,300,693558215
best1bin,GD,Rosenbrock,100,11,-265.8619484415164,9.178829348646104,6000,693558215
best1bin,ADAM,Rosenbrock,100,10,-1264970.5922010236,16.037979492917657,6000,689242106
best1bin,SMCO_R_EVO,Rosenbrock,100,11,-6.203088451728041,11.53738636802882,310,693558215
best1bin,optimLBFGS,Rosenbrock,100,11,-4.1674289166148865e-05,7.481471864506602,1291,693558215
best1bin,SMCO,Rosenbrock,100,11,-23.425890260747238,13.749163873493671,310,693558215
best1bin,SMCO_R,Rosenbrock,100,11,-2.5236625130975865,13.63727776799351,160,693558215
best1bin,SMCO_BR,Rosenbrock,100,11,-3.616043388670776,13.682455419562757,85,693558215
best1bin,SPSA,Rosenbrock,100,12,-9401677.266450113,0.3333354014903307,4132,112288612
best1bin,DEoptim,Rosenbrock,100,4,-781.7702156991977,66.06642022449523,300,113742616
best1bin,optimNM,Rosenbrock,100,12,-8925750.541011013,0.5379794426262379,3000,112288612
best1bin,SMCO_EVO,Rosenbrock,100,11,-22.00331406066528,15.399536591023207,310,693558215
best1bin,GenSA,Rosenbrock,100,11,-143.21200744238888,8.331207227893174,300,693558215
best1bin,SA,Rosenbrock,100,2,-3.986623854686657,82.54156896937639,300,1686737729
best1bin,SMCO_BR_EVO,Rosenbrock,100,11,-113.66056277210131,13.734673344530165,160,693558215
best1bin,SA,Rosenbrock,100,3,-1.244099269014401e-10,77.0226736869663,300,2113481472
best1bin,PSO,Rosenbrock,100,12,-890167.350783645,0.3577586356550455,300,112288612
best1bin,SignGD,Rosenbrock,100,12,-246.16469624007283,4.0531753776595,1509,112288612
best1bin,GA,Rosenbrock,100,12,-6508.410140210352,1.069040896371007,300,112288612
best1bin,BOBYQA,Rosenbrock,100,8,-977964.0446432208,39.66515280213207,3000,1484065503
best1bin,ADAM,Rosenbrock,100,11,-2039919.7177018085,15.340079952962697,6000,693558215
best1bin,SMCO_R_EVO,Rosenbrock,100,12,-2.276444865169346,8.881674094125628,310,112288612
best1bin,optimLBFGS,Rosenbrock,100,12,-1.1384501077026114e-07,6.866753377951682,1167,112288612
best1bin,BOBYQA,Rosenbrock,100,7,-1596891.054532122,51.17278447095305,3000,22130812
best1bin,GenSA,Rosenbrock,100,12,-89.47334031363332,6.322147790342569,300,112288612
best1bin,SPSA,Rosenbrock,100,13,-9129208.237186756,0.4008454270660877,5009,1482578746
best1bin,SMCO_R,Rosenbrock,100,12,-2.3591952384734416,14.2778540244326,160,112288612
best1bin,SMCO,Rosenbrock,100,12,-21.74161890407818,14.451230606995523,310,112288612
best1bin,optimNM,Rosenbrock,100,13,-8726973.985591583,0.49189380183815956,3000,1482578746
best1bin,SMCO_BR,Rosenbrock,100,12,-3.4573144229959114,14.665816841647029,85,112288612
best1bin,SignGD,Rosenbrock,100,13,-557.3844372045584,4.098594486713409,1509,1482578746
best1bin,ADAM,Rosenbrock,100,12,-2093209.64556601,11.257950411178172,6000,112288612
best1bin,GD,Rosenbrock,100,12,-245.0297078727581,12.813751622103155,6000,112288612
best1bin,SMCO_EVO,Rosenbrock,100,12,-22.168640664580185,15.57088719587773,310,112288612
best1bin,PSO,Rosenbrock,100,13,-593387.1562795588,0.16928735096007586,300,1482578746
best1bin,GA,Rosenbrock,100,13,-5966.805355530587,0.6488340338692069,300,1482578746
best1bin,SMCO,Rosenbrock,100,13,-23.27412630661988,9.739074321463704,310,1482578746
best1bin,SMCO_EVO,Rosenbrock,100,13,-20.340662793998163,10.152277434244752,310,1482578746
best1bin,SMCO_BR_EVO,Rosenbrock,100,12,-98.32893596062713,15.320044961757958,160,112288612
best1bin,DEoptim,Rosenbrock,100,5,-732.4090250223426,72.98202220536768,300,924465025
best1bin,optimLBFGS,Rosenbrock,100,13,-1.0674430611064347e-07,7.620652754791081,1247,1482578746
best1bin,SA,Rosenbrock,100,4,-9.707280563046509e-11,83.5927023133263,300,113742616
best1bin,SMCO_R,Rosenbrock,100,13,-2.5108866286247458,14.113168584182858,160,1482578746
best1bin,SPSA,Rosenbrock,100,14,-9991983.757992841,0.28876339457929134,4027,1994823292
best1bin,SMCO_BR,Rosenbrock,100,13,-15.406385659849335,14.002524180337787,85,1482578746
best1bin,GD,Rosenbrock,100,13,-144.6634742840396,10.866385200992227,6000,1482578746
best1bin,GenSA,Rosenbrock,100,13,-88.45889936431378,7.937365433201194,300,1482578746
best1bin,SMCO_BR_EVO,Rosenbrock,100,13,-41.53989214156597,12.088207902386785,160,1482578746
best1bin,optimNM,Rosenbrock,100,14,-9492712.905529927,0.5436458848416805,3000,1994823292
best1bin,SMCO_R_EVO,Rosenbrock,100,13,-2.675274778574818,13.420897596515715,310,1482578746
best1bin,SignGD,Rosenbrock,100,14,-305.3394774782478,4.4505515564233065,1509,1994823292
best1bin,GA,Rosenbrock,100,14,-5757.932635617986,0.9423402631655335,300,1994823292
best1bin,DEoptim,Rosenbrock,100,6,-747.6092680900875,69.45053601451218,300,93561097
best1bin,PSO,Rosenbrock,100,14,-788428.9464544419,0.4121281821280718,300,1994823292
best1bin,BOBYQA,Rosenbrock,100,10,-906184.8298502221,37.15305154025555,3000,689242106
best1bin,DEoptim,Rosenbrock,100,7,-559.6663580586395,64.07486157119274,300,22130812
best1bin,ADAM,Rosenbrock,100,13,-2124954.33528465,15.410501047037542,6000,1482578746
best1bin,SMCO_R_EVO,Rosenbrock,100,14,-2.459005511735094,10.386532089672983,310,1994823292
best1bin,SMCO_BR,Rosenbrock,100,14,-3.0618289143699196,12.553947964683175,85,1994823292
best1bin,optimLBFGS,Rosenbrock,100,14,-9.091756852911884e-08,7.350889798253775,1250,1994823292
best1bin,GenSA,Rosenbrock,100,14,-76.1357074234917,7.926006460562348,300,1994823292
best1bin,SA,Rosenbrock,100,5,-6.038286750147575e-11,85.10501934029162,300,924465025
best1bin,BOBYQA,Rosenbrock,100,9,-1452964.6189330465,52.211324686184525,3000,1802719382
best1bin,SMCO,Rosenbrock,100,14,-25.290342515780765,14.513550399802625,310,1994823292
best1bin,SPSA,Griewank,100,0,-2423.6210072462222,0.377991690300405,4617,609680722
best1bin,SMCO_R,Rosenbrock,100,14,-2.2740208398853077,14.709983309730887,160,1994823292
best1bin,optimNM,Griewank,100,0,-2395.6976188503218,0.5531048504635692,3000,609680722
best1bin,optimLBFGS,Griewank,100,0,-7.504061172447507e-08,0.8526815315708518,177,609680722
best1bin,GA,Griewank,100,0,-45.64291743960693,0.8030046978965402,300,609680722
best1bin,PSO,Griewank,100,0,-347.7496715345554,0.31792750116437674,300,609680722
best1bin,SMCO_EVO,Rosenbrock,100,14,-20.144963646723024,15.655448290519416,310,1994823292
best1bin,SMCO_BR_EVO,Rosenbrock,100,14,-92.30730554294055,15.884421911090612,160,1994823292
best1bin,GD,Rosenbrock,100,14,-245.05126376443988,16.36803048569709,6000,1994823292
best1bin,SignGD,Griewank,100,0,-2225.6997220174644,6.625463532283902,2008,609680722
best1bin,GenSA,Griewank,100,0,-6.163575871909188e-09,6.193547686561942,300,609680722
best1bin,ADAM,Rosenbrock,100,14,-2320440.7671667,16.019984828308225,6000,1994823292
best1bin,SMCO,Griewank,100,0,-0.8752848854242788,12.291345892474055,310,609680722
best1bin,SMCO_EVO,Griewank,100,0,-0.8546396109254256,11.871976094320416,310,609680722
best1bin,SMCO_R_EVO,Griewank,100,0,-0.1033598505220582,12.469597761519253,310,609680722
best1bin,SPSA,Griewank,100,1,-2532.566151805476,0.4562669117003679,5597,720838238
best1bin,BOBYQA,Rosenbrock,100,11,-1007583.7676208983,44.061923270113766,3000,693558215
best1bin,optimLBFGS,Griewank,100,1,-3.329405862118051e-09,1.4152752365916967,154,720838238
best1bin,SMCO_R,Griewank,100,0,-0.144480443554464,17.09802315197885,160,609680722
best1bin,optimNM,Griewank,100,1,-2502.9796143261055,0.538182127289474,3000,720838238
best1bin,BOBYQA,Rosenbrock,100,12,-1344320.3672519177,37.55160135496408,3000,112288612
best1bin,DEoptim,Rosenbrock,100,8,-968.564731179407,69.57063985429704,300,1484065503
best1bin,SignGD,Griewank,100,1,-2417.4006556662707,6.3680783174932,2008,720838238
best1bin,SMCO_BR,Griewank,100,0,-0.1520517141033092,18.468894872814417,85,609680722
best1bin,GA,Griewank,100,1,-50.35065946680107,1.1605801088735461,300,720838238
best1bin,ADAM,Griewank,100,0,-2387.4075508463684,14.833350437693298,6000,609680722
best1bin,PSO,Griewank,100,1,-294.80413049140896,0.42380442656576633,300,720838238
best1bin,SMCO_BR_EVO,Griewank,100,0,-0.1716518394671699,16.686967622488737,160,609680722
best1bin,SA,Rosenbrock,100,6,-1.1530006044590355e-10,89.43047899659723,300,93561097
best1bin,GD,Griewank,100,0,-1812.1374876852242,16.25467824563384,6000,609680722
best1bin,SA,Rosenbrock,100,7,-9.949979580283493e-11,83.47214677929878,300,22130812
best1bin,DEoptim,Rosenbrock,100,9,-1128.9312722827724,67.28136059362441,300,1802719382
best1bin,GenSA,Griewank,100,1,-4.912698026160456e-10,5.4438915913924575,300,720838238
best1bin,SA,Rosenbrock,100,8,-3.986623854690714,75.15442444011569,300,1484065503
best1bin,SPSA,Griewank,100,2,-2392.519048905271,0.36340196430683136,4364,1530055040
best1bin,SMCO_R,Griewank,100,1,-0.14602923802431156,15.89350286591798,160,720838238
best1bin,optimNM,Griewank,100,2,-2361.4713242632565,0.30853996984660625,3000,1530055040
best1bin,optimLBFGS,Griewank,100,2,-1.1359561069568258e-09,1.7673247596248984,194,1530055040
best1bin,SMCO,Griewank,100,1,-0.8521552830018273,17.281784401275218,310,720838238
best1bin,SMCO_R_EVO,Griewank,100,1,-0.15269814188434394,15.130157101899385,310,720838238
best1bin,SMCO_EVO,Griewank,100,1,-0.8858260764098107,16.57405887544155,310,720838238
best1bin,SignGD,Griewank,100,2,-2199.4373972143653,6.112123431637883,2008,1530055040
best1bin,GA,Griewank,100,2,-49.66508117014955,0.9716996029019356,300,1530055040
best1bin,SMCO_BR,Griewank,100,1,-0.13503390824034678,17.531802567653358,85,720838238
best1bin,PSO,Griewank,100,2,-388.026292368192,0.4361158423125744,300,1530055040
best1bin,SMCO_BR_EVO,Griewank,100,1,-0.16434173837240396,16.586438396014273,160,720838238
best1bin,SMCO_EVO,Griewank,100,2,-0.8917111308745826,10.276668190024793,310,1530055040
best1bin,ADAM,Griewank,100,1,-2495.294287175313,17.999597111716866,6000,720838238
best1bin,GenSA,Griewank,100,2,-8.096577852612086e-09,6.890738794580102,300,1530055040
best1bin,SA,Rosenbrock,100,9,-1.2031606553203117e-10,77.00492044258863,300,1802719382
best1bin,GD,Griewank,100,1,-1893.0773340842866,19.148466636426747,6000,720838238
best1bin,SPSA,Griewank,100,3,-2658.31970553588,0.1687158541753888,3542,229078681
best1bin,SMCO_R,Griewank,100,2,-0.11935182589018833,12.571396516636014,160,1530055040
best1bin,optimLBFGS,Griewank,100,3,-4.630073879852148e-09,0.7774585299193859,168,229078681
best1bin,optimNM,Griewank,100,3,-2630.059510806482,0.47469902131706476,3000,229078681
best1bin,BOBYQA,Rosenbrock,100,13,-1186438.2341225026,45.372291148640215,3000,1482578746
best1bin,SMCO,Griewank,100,2,-0.8856627846518073,15.967986132018268,310,1530055040
best1bin,SMCO_BR,Griewank,100,2,-0.183278108310308,15.845839583314955,85,1530055040
best1bin,DEoptim,Rosenbrock,100,10,-676.7076702931148,70.27525899652392,300,689242106
best1bin,SA,Rosenbrock,100,10,-7.722589371736828e-11,70.5188702987507,300,689242106
best1bin,PSO,Griewank,100,3,-515.9108530798957,0.4306861786171794,300,229078681
best1bin,SignGD,Griewank,100,3,-2488.4560056090163,4.927579808048904,1509,229078681
best1bin,GA,Griewank,100,3,-46.512151209445456,1.036520004272461,300,229078681
best1bin,SMCO_R_EVO,Griewank,100,2,-0.15587292421406773,16.7708895560354,310,1530055040
best1bin,SMCO_BR_EVO,Griewank,100,2,-0.19123178000780272,17.515463137999177,160,1530055040
best1bin,ADAM,Griewank,100,2,-2356.9761508317465,15.669237345457077,6000,1530055040
best1bin,GD,Griewank,100,2,-1788.6732546166927,18.94750881753862,6000,1530055040
best1bin,GenSA,Griewank,100,3,-3.4095571921355372e-09,6.38093739002943,300,229078681
best1bin,SMCO_BR_EVO,Griewank,100,3,-0.16837623335242224,11.595078455284238,160,229078681
best1bin,SPSA,Griewank,100,4,-2436.35387486177,0.360537925735116,4429,1627604278
best1bin,DEoptim,Rosenbrock,100,11,-902.264973244234,68.18357852380723,300,693558215
best1bin,optimLBFGS,Griewank,100,4,-1.2820431383175901e-08,1.565978298895061,173,1627604278
best1bin,optimNM,Griewank,100,4,-2403.104441063375,0.5405506091192365,3000,1627604278
best1bin,SMCO,Griewank,100,3,-0.9429651333421378,17.158314586617053,310,229078681
best1bin,SMCO_BR,Griewank,100,3,-0.17191148018234714,16.978782678954303,85,229078681
best1bin,SMCO_EVO,Griewank,100,3,-0.8767888157084082,17.003626813180745,310,229078681
best1bin,SMCO_R,Griewank,100,3,-0.152636402590828,17.423335480503738,160,229078681
best1bin,PSO,Griewank,100,4,-413.6167159088981,0.42787149362266064,300,1627604278
best1bin,SignGD,Griewank,100,4,-2239.5030825945346,6.129362352192402,2008,1627604278
best1bin,SMCO_R_EVO,Griewank,100,3,-0.13406374076963612,16.345372119918466,310,229078681
best1bin,GA,Griewank,100,4,-51.69624957295971,1.1798272216692567,300,1627604278
best1bin,BOBYQA,Rosenbrock,100,14,-1058918.2803160313,48.26365257333964,3000,1994823292
best1bin,ADAM,Griewank,100,3,-2618.6573427692356,14.895449467934668,6000,229078681
best1bin,SA,Rosenbrock,100,11,-1.0615468193327774e-10,72.79736427310854,300,693558215
best1bin,SMCO_BR,Griewank,100,4,-0.12981874482444178,12.411483673378825,85,1627604278
best1bin,GD,Griewank,100,3,-1986.7316370124493,18.38963697757572,6000,229078681
best1bin,SMCO_EVO,Griewank,100,4,-0.8755161217269006,13.313060259446502,310,1627604278
best1bin,GenSA,Griewank,100,4,-1.980788089106511e-09,5.873969042673707,300,1627604278
best1bin,SPSA,Griewank,100,5,-2689.5808610533672,0.19448638707399368,4483,620025779
best1bin,optimLBFGS,Griewank,100,5,-7.393600398586386e-09,1.3250243831425905,147,620025779
best1bin,SMCO,Griewank,100,4,-0.872374786161183,15.872977585531771,310,1627604278
best1bin,BOBYQA,Griewank,100,1,-1141.4865775839821,34.72609560843557,3000,720838238
best1bin,optimNM,Griewank,100,5,-2659.671974166406,0.5384395848959684,3000,620025779
best1bin,GD,Griewank,100,4,-1819.3512675988782,13.6195238372311,6000,1627604278
best1bin,GA,Griewank,100,5,-48.798097081050166,0.6717897979542613,300,620025779
best1bin,SMCO_R,Griewank,100,4,-0.13174683742526672,16.708618075586855,160,1627604278
best1bin,PSO,Griewank,100,5,-599.1599608395791,0.22231589164584875,300,620025779
best1bin,DEoptim,Rosenbrock,100,12,-723.7286960557434,70.582707952708,300,112288612
best1bin,SMCO_R_EVO,Griewank,100,4,-0.13573068382250364,16.87397243268788,310,1627604278
best1bin,SignGD,Griewank,100,5,-2620.316982576901,6.594757252372801,2008,620025779
best1bin,SMCO_BR_EVO,Griewank,100,4,-0.1615111445155767,18.388590346090496,160,1627604278
best1bin,BOBYQA,Griewank,100,0,-1165.981574175753,49.9153696782887,3000,609680722
best1bin,SMCO,Griewank,100,5,-0.8338289404260261,11.322226878255606,310,620025779
best1bin,GenSA,Griewank,100,5,-3.9103142945862146e-10,5.407165480777621,300,620025779
best1bin,ADAM,Griewank,100,4,-2397.8883866127176,17.582189094275236,6000,1627604278
best1bin,SPSA,Griewank,100,6,-2754.425691145427,0.41200900729745626,5120,346125290
best1bin,SMCO_R,Griewank,100,5,-0.15790622928482045,13.26133310701698,160,620025779
best1bin,optimLBFGS,Griewank,100,6,-1.3011862698419918e-09,1.377751954831183,157,346125290
best1bin,DEoptim,Rosenbrock,100,14,-689.9030981639703,60.631432767026126,300,1994823292
best1bin,optimNM,Griewank,100,6,-2723.300371887901,0.5233214534819126,3000,346125290
best1bin,GD,Griewank,100,5,-2010.8542870676667,13.741159989498556,6000,620025779
best1bin,DEoptim,Rosenbrock,100,13,-603.1120088969517,69.71094222553074,300,1482578746
best1bin,SMCO_EVO,Griewank,100,5,-0.8910598794875497,16.09779290948063,310,620025779
best1bin,GA,Griewank,100,6,-46.636332434964864,1.1808657320216298,300,346125290
best1bin,PSO,Griewank,100,6,-597.1005812735484,0.4203388411551714,300,346125290
best1bin,SMCO_BR_EVO,Griewank,100,5,-0.1766298760740359,15.839600663632154,160,620025779
best1bin,SMCO_R_EVO,Griewank,100,5,-0.15429223730919295,17.410581717267632,310,620025779
best1bin,ADAM,Griewank,100,5,-2651.6621153248648,13.828131024725735,6000,620025779
best1bin,SMCO_BR,Griewank,100,5,-0.15858925482894481,18.08421075064689,85,620025779
best1bin,SignGD,Griewank,100,6,-2557.357022529129,8.336267588660121,2507,346125290
best1bin,GenSA,Griewank,100,6,-1.04495645469882e-09,7.547557348385453,300,346125290
best1bin,SMCO_EVO,Griewank,100,6,-0.8156117599281411,13.359643598087132,310,346125290
best1bin,SMCO_R,Griewank,100,6,-0.1409432730647524,15.065128865651786,160,346125290
best1bin,SMCO_BR,Griewank,100,6,-0.16632351506679732,14.995042278431356,85,346125290
best1bin,SPSA,Griewank,100,7,-2564.9400506950346,0.1925306860357523,4341,73486623
best1bin,optimLBFGS,Griewank,100,7,-1.20839016570784e-09,1.0390149420127273,171,73486623
best1bin,SA,Rosenbrock,100,12,-6.853547062331637e-11,87.0056234234944,300,112288612
best1bin,optimNM,Griewank,100,7,-2534.8790618922458,0.33655278105288744,3000,73486623
best1bin,BOBYQA,Griewank,100,2,-1146.5482590930978,46.92646791879088,3000,1530055040
best1bin,SMCO,Griewank,100,6,-0.8593800460387095,17.901104919612408,310,346125290
best1bin,SMCO_R_EVO,Griewank,100,6,-0.1418301117766667,15.161562426947057,310,346125290
best1bin,PSO,Griewank,100,7,-345.5375869787647,0.30164462979882956,300,73486623
best1bin,ADAM,Griewank,100,6,-2713.4111113988124,14.723034813068807,6000,346125290
best1bin,GA,Griewank,100,7,-40.01872310962577,1.192065553739667,300,73486623
best1bin,SMCO_R_EVO,Griewank,100,7,-0.1666762824264062,8.818649952299893,310,73486623
best1bin,SMCO_BR_EVO,Griewank,100,6,-0.14307814754068182,18.785249506123364,160,346125290
best1bin,GD,Griewank,100,6,-2058.203950952916,19.449348110705614,6000,346125290
best1bin,SignGD,Griewank,100,7,-2363.157399915904,9.305176392197609,3006,73486623
best1bin,GenSA,Griewank,100,7,-5.060777685805817e-09,7.658834693953395,300,73486623
best1bin,DEoptim,Griewank,100,0,-1.3451671009712016,70.6557487808168,300,609680722
best1bin,SA,Griewank,100,0,-9.166782888314629e-10,71.14348348323256,300,609680722
best1bin,SPSA,Griewank,100,8,-2636.1609337033933,0.3408193485811353,4888,850252786
best1bin,SA,Rosenbrock,100,13,-1.0835956197111308e-10,87.84656559117138,300,1482578746
best1bin,SMCO_BR,Griewank,100,7,-0.14658748568526125,15.8819923652336,85,73486623
best1bin,SMCO_R,Griewank,100,7,-0.140305711511312,16.378759804181755,160,73486623
best1bin,optimNM,Griewank,100,8,-2608.1099070859473,0.5475266091525555,3000,850252786
best1bin,optimLBFGS,Griewank,100,8,-1.9920141092200083e-09,0.8767159646376967,129,850252786
best1bin,BOBYQA,Griewank,100,3,-1410.2106049225686,47.626861210912466,3000,229078681
best1bin,SMCO,Griewank,100,7,-0.8879553303105009,17.61335415299982,310,73486623
best1bin,SA,Rosenbrock,100,14,-1.4075149818341665e-10,81.38899627607316,300,1994823292
best1bin,GD,Griewank,100,7,-1917.812662579491,15.068440557457507,6000,73486623
best1bin,PSO,Griewank,100,8,-276.82335612233663,0.3769417069852352,300,850252786
best1bin,SMCO_EVO,Griewank,100,7,-0.8981406318609121,17.1234145257622,310,73486623
best1bin,GA,Griewank,100,8,-51.095588256654494,1.1600557835772634,300,850252786
best1bin,SignGD,Griewank,100,8,-2556.9990504442103,5.042232872918248,1509,850252786
best1bin,SMCO_BR_EVO,Griewank,100,7,-0.16418531702974748,19.09451120905578,160,73486623
best1bin,SMCO,Griewank,100,8,-0.8761926508132256,11.973814876750112,310,850252786
best1bin,SMCO_EVO,Griewank,100,8,-0.9216138278984478,10.873746811412275,310,850252786
best1bin,DEoptim,Griewank,100,1,-1.49454048379583,65.45225964859128,300,720838238
best1bin,SPSA,Griewank,100,9,-2757.976713706238,0.21072500757873058,4216,681665395
best1bin,optimLBFGS,Griewank,100,9,-1.3747051275103672e-09,0.833271567709744,157,681665395
best1bin,ADAM,Griewank,100,7,-2528.1849717137666,18.44888494256884,6000,73486623
best1bin,SA,Griewank,100,1,-9.782018528525782e-10,67.60314735583961,300,720838238
best1bin,SMCO_R,Griewank,100,8,-0.13905039051650603,14.030847252346575,160,850252786
best1bin,optimNM,Griewank,100,9,-2727.202866776001,0.3387925885617733,3000,681665395
best1bin,GenSA,Griewank,100,8,-3.092172740082333e-09,7.729452921077609,300,850252786
best1bin,SignGD,Griewank,100,9,-2545.4827130033455,3.886155366897583,2008,681665395
best1bin,PSO,Griewank,100,9,-250.2993954069414,0.37718551233410835,300,681665395
best1bin,GA,Griewank,100,9,-48.48183052089746,1.2039525546133518,300,681665395
best1bin,SMCO_BR,Griewank,100,8,-0.17651091034558863,17.554260038770735,85,850252786
best1bin,BOBYQA,Griewank,100,5,-911.7617101930416,39.96216903440654,3000,620025779
best1bin,SA,Griewank,100,2,-7.585935213327843e-10,65.74414336588234,300,1530055040
best1bin,SMCO_BR_EVO,Griewank,100,8,-0.15968513221571468,15.539282085373998,160,850252786
best1bin,BOBYQA,Griewank,100,4,-820.6876629974192,48.244510726071894,3000,1627604278
best1bin,GD,Griewank,100,8,-1970.7340214395426,15.49292671494186,6000,850252786
best1bin,GenSA,Griewank,100,9,-5.711325967716618e-09,6.564423207193613,300,681665395
best1bin,SMCO_R_EVO,Griewank,100,8,-0.13946954518110455,17.606218404136598,310,850252786
best1bin,SPSA,Griewank,100,10,-2599.7749307562212,0.3223044564947486,4030,732936179
best1bin,optimLBFGS,Griewank,100,10,-5.655741430743433e-10,1.3392825555056334,153,732936179
best1bin,SMCO_R,Griewank,100,9,-0.13211616392970515,16.237884225323796,160,681665395
best1bin,ADAM,Griewank,100,8,-2597.817976385194,19.006175043061376,6000,850252786
best1bin,SMCO,Griewank,100,9,-0.8935196141650403,16.70360340271145,310,681665395
best1bin,optimNM,Griewank,100,10,-2565.8537271820774,0.33036369550973177,3000,732936179
best1bin,DEoptim,Griewank,100,2,-1.234572911543101,71.30588121153414,300,1530055040
best1bin,SMCO_BR,Griewank,100,9,-0.1551487714117169,16.58052735030651,85,681665395
best1bin,SignGD,Griewank,100,10,-2395.4244061239956,5.662470157258213,2008,732936179
best1bin,PSO,Griewank,100,10,-410.4951709346849,0.47683451883494854,300,732936179
best1bin,SMCO_R_EVO,Griewank,100,9,-0.1227480507602765,16.773068949580193,310,681665395
best1bin,SMCO_EVO,Griewank,100,9,-0.9208043486676776,17.384348447434604,310,681665395
best1bin,GA,Griewank,100,10,-45.59686206283501,1.0984296966344118,300,732936179
best1bin,ADAM,Griewank,100,9,-2717.863372748165,16.07234101742506,6000,681665395
best1bin,SMCO_BR_EVO,Griewank,100,9,-0.177976899404095,18.601331419311464,160,681665395
best1bin,SMCO,Griewank,100,10,-0.8938300457503202,14.046142583712935,310,732936179
best1bin,GD,Griewank,100,9,-2060.734526436493,19.847161543555558,6000,681665395
best1bin,SMCO_R_EVO,Griewank,100,10,-0.15184187103460411,12.04116046987474,310,732936179
best1bin,SPSA,Griewank,100,11,-2808.9522573147806,0.3235265286639333,4456,2106073085
best1bin,GenSA,Griewank,100,10,-9.727938454773266e-10,7.309645589441061,300,732936179
best1bin,optimLBFGS,Griewank,100,11,-1.6403755020988342e-09,1.2481973161920905,150,2106073085
best1bin,BOBYQA,Griewank,100,6,-1420.0424483734166,45.73531998693943,3000,346125290
best1bin,SMCO_EVO,Griewank,100,10,-0.892193502237864,14.720742644742131,310,732936179
best1bin,optimNM,Griewank,100,11,-2778.943115896375,0.3078810032457113,3000,2106073085
best1bin,SA,Griewank,100,3,-9.963994074269067e-10,70.07065527141094,300,229078681
best1bin,SMCO_R,Griewank,100,10,-0.1321660438582588,17.733739502727985,160,732936179
best1bin,PSO,Griewank,100,11,-356.4622480327564,0.4521304564550519,300,2106073085
best1bin,SMCO_BR,Griewank,100,10,-0.15323431811925636,16.975961030460894,85,732936179
best1bin,GA,Griewank,100,11,-45.72332373158247,1.204183447174728,300,2106073085
best1bin,SignGD,Griewank,100,11,-2597.3857417886716,5.200398828834295,2008,2106073085
best1bin,DEoptim,Griewank,100,3,-1.7746775249471227,71.6492994921282,300,229078681
best1bin,ADAM,Griewank,100,10,-2560.064847002379,15.5610062610358,6000,732936179
best1bin,BOBYQA,Griewank,100,7,-1384.1952231851587,39.95612256973982,3000,73486623
best1bin,SMCO,Griewank,100,11,-0.9183574659317157,11.354710838757455,310,2106073085
best1bin,GD,Griewank,100,10,-1941.5489109191221,17.753580532968044,6000,732936179
best1bin,SA,Griewank,100,5,-8.282204921883363e-10,57.56840658094734,300,620025779
best1bin,SPSA,Griewank,100,12,-2347.014913443614,0.43951799999922514,4549,1537214939
best1bin,SMCO_BR_EVO,Griewank,100,10,-0.17350195132346946,18.633053109049797,160,732936179
best1bin,optimLBFGS,Griewank,100,12,-1.4435776907184561e-08,1.094657527282834,143,1537214939
best1bin,optimNM,Griewank,100,12,-2318.803425427135,0.3105572834610939,3000,1537214939
best1bin,SMCO_BR_EVO,Griewank,100,11,-0.18549257026666377,12.222463068552315,160,2106073085
best1bin,GenSA,Griewank,100,11,-2.4127646547356107e-09,7.530754710547626,300,2106073085
best1bin,SMCO_R,Griewank,100,11,-0.14683224349813162,15.929879313334823,160,2106073085
best1bin,SMCO_R_EVO,Griewank,100,11,-0.1337175754080353,16.060699788853526,310,2106073085
best1bin,PSO,Griewank,100,12,-438.8652109294796,0.42661395389586687,300,1537214939
best1bin,GA,Griewank,100,12,-46.027985618296206,1.174679926596582,300,1537214939
best1bin,SMCO_BR,Griewank,100,11,-0.17693326228529516,16.69564227759838,85,2106073085
best1bin,DEoptim,Griewank,100,5,-1.6751017156428776,63.70530106499791,300,620025779
best1bin,SignGD,Griewank,100,12,-2157.276576048019,7.311579161323607,2507,1537214939
best1bin,SMCO_EVO,Griewank,100,11,-0.8836810916456092,18.192086616531014,310,2106073085
best1bin,GenSA,Griewank,100,12,-2.3418322836477046e-10,5.1538491398096085,300,1537214939
best1bin,DEoptim,Griewank,100,4,-1.310451378527222,72.01913668215275,300,1627604278
best1bin,SA,Griewank,100,4,-0.009864672636843874,73.08522167894989,300,1627604278
best1bin,BOBYQA,Griewank,100,8,-1228.3119433050697,39.68141116108745,3000,850252786
best1bin,SPSA,Griewank,100,13,-2751.0344880384473,0.34426327887922525,4017,442443674
best1bin,optimLBFGS,Griewank,100,13,-6.0748059915738395e-09,0.8334916653111577,152,442443674
best1bin,GD,Griewank,100,12,-1754.8791440480936,11.792770774103701,6000,1537214939
best1bin,optimNM,Griewank,100,13,-2725.3209076357575,0.29941474460065365,3000,442443674
best1bin,GD,Griewank,100,11,-2099.71795088718,19.57463609147817,6000,2106073085
best1bin,SMCO_EVO,Griewank,100,12,-0.9004764968386948,15.148327192291617,310,1537214939
best1bin,ADAM,Griewank,100,11,-2770.020680379366,18.96164214424789,6000,2106073085
best1bin,SMCO_BR_EVO,Griewank,100,12,-0.15106553806411793,14.694266758859158,160,1537214939
best1bin,GA,Griewank,100,13,-50.34671361131988,1.1844518948346376,300,442443674
best1bin,PSO,Griewank,100,13,-407.5098680624314,0.47286218870431185,300,442443674
best1bin,BOBYQA,Griewank,100,9,-754.5264674620771,38.31106606312096,3000,681665395
best1bin,SMCO_R_EVO,Griewank,100,12,-0.13369491309739534,16.036541341803968,310,1537214939
best1bin,SMCO,Griewank,100,12,-0.8880181366554706,17.476627107709646,310,1537214939
best1bin,SMCO_R,Griewank,100,12,-0.13530700026592235,17.467170035466552,160,1537214939
best1bin,SignGD,Griewank,100,13,-2533.0369586128513,7.849214847199619,2507,442443674
best1bin,SMCO_BR,Griewank,100,12,-0.18618208028492245,18.670855283737183,85,1537214939
best1bin,GenSA,Griewank,100,13,-7.424043935166935e-09,6.299291011877358,300,442443674
best1bin,DEoptim,Griewank,100,6,-2.0345400844920274,66.6551820077002,300,346125290
best1bin,SPSA,Griewank,100,14,-2556.796524611717,0.16133908089250326,3260,265282895
best1bin,SMCO_EVO,Griewank,100,13,-0.9091514368404796,12.425322319380939,310,442443674
best1bin,ADAM,Griewank,100,12,-2312.307682273547,19.24838803894818,6000,1537214939
best1bin,optimNM,Griewank,100,14,-2520.7615070423667,0.5353646883741021,3000,265282895
best1bin,optimLBFGS,Griewank,100,14,-1.0009237882968591e-09,1.20366854313761,131,265282895
best1bin,SMCO_R_EVO,Griewank,100,13,-0.14498834312940956,13.499312262050807,310,442443674
best1bin,GD,Griewank,100,13,-2057.0092268589574,14.490335050038993,6000,442443674
best1bin,SMCO,Griewank,100,13,-0.8608201010140872,17.219205915927887,310,442443674
best1bin,SMCO_R,Griewank,100,13,-0.12587078603690238,17.23401109687984,160,442443674
best1bin,GA,Griewank,100,14,-45.732890990095925,1.0282491724938154,300,265282895
best1bin,PSO,Griewank,100,14,-282.37167578839774,0.4271882949396968,300,265282895
best1bin,SMCO_BR,Griewank,100,13,-0.12909047595604406,17.71367657650262,85,442443674
best1bin,SignGD,Griewank,100,14,-2359.3532534507954,8.637969775125384,3006,265282895
best1bin,SMCO_BR_EVO,Griewank,100,13,-0.1814596353752319,18.65693829022348,160,442443674
best1bin,SMCO_BR,Griewank,100,14,-0.16847675938784812,12.05811426602304,85,265282895
best1bin,GD,Zakharov,100,0,-433909436571390.06,0.14099823869764805,70,719341717
best1bin,SA,Griewank,100,6,-9.791313315687944e-10,76.50373848713934,300,346125290
best1bin,GenSA,Griewank,100,14,-5.6904019274384154e-09,7.578759714029729,300,265282895
best1bin,SPSA,Zakharov,100,0,-5320.3125,0.43601180892437696,5843,719341717
best1bin,ADAM,Griewank,100,13,-2711.43361313362,19.707930530421436,6000,442443674
best1bin,SignGD,Zakharov,100,0,-1429.6263319100904,4.278810288757086,2008,719341717
best1bin,BOBYQA,Griewank,100,10,-1076.9349462680498,45.49749793391675,3000,732936179
best1bin,SMCO_EVO,Griewank,100,14,-0.8980025629904889,16.685616434551775,310,265282895
best1bin,optimNM,Zakharov,100,0,-394937007640251.06,0.3723757667466998,3000,719341717
best1bin,optimLBFGS,Zakharov,100,0,-1.190074855829034e-10,3.558571197092533,607,719341717
best1bin,SMCO,Griewank,100,14,-0.8555640131372755,17.49948038905859,310,265282895
best1bin,SMCO_R,Griewank,100,14,-0.14075745966966757,17.74900119844824,160,265282895
best1bin,PSO,Zakharov,100,0,-3855.2312733891627,0.38353508058935404,300,719341717
best1bin,SMCO_R_EVO,Griewank,100,14,-0.11941917698433402,17.82940487843007,310,265282895
best1bin,SA,Griewank,100,8,-1.038325869728851e-09,62.30196780525148,300,850252786
best1bin,GA,Zakharov,100,0,-714.2384978159074,1.1125030368566513,300,719341717
best1bin,DEoptim,Griewank,100,7,-1.5452449314480683,71.36792226880789,300,73486623
best1bin,SMCO_BR_EVO,Griewank,100,14,-0.1664513626835653,18.22391970641911,160,265282895
best1bin,GD,Zakharov,100,1,-385676456562850.4,0.17799010779708624,70,466919731
best1bin,ADAM,Griewank,100,14,-2520.7932948799807,16.013642898760736,6000,265282895
best1bin,GD,Griewank,100,14,-1911.6613135878013,18.856834596022964,6000,265282895
best1bin,SA,Griewank,100,7,-6.715538125590115e-10,73.9780477648601,300,73486623
best1bin,SPSA,Zakharov,100,1,-17859975.0,0.4955526404082775,5767,466919731
best1bin,SMCO,Zakharov,100,0,-1.905807076569754,13.252786704339087,310,719341717
best1bin,SignGD,Zakharov,100,1,-1390.5915720957319,3.089425826445222,1571,466919731
best1bin,optimNM,Zakharov,100,1,-355944117377818.94,0.5619714753702283,3000,466919731
best1bin,BOBYQA,Griewank,100,11,-1119.120370247311,42.217300437390804,3000,2106073085
best1bin,optimLBFGS,Zakharov,100,1,-1.7550366930526507e-10,3.696145448833704,625,466919731
best1bin,GenSA,Zakharov,100,0,-2.1155720996078605e-10,7.47165042348206,300,719341717
best1bin,SMCO_R,Zakharov,100,0,-5.034856349968274,15.552854614332318,160,719341717
best1bin,PSO,Zakharov,100,1,-3987.611199434224,0.4158256147056818,300,466919731
best1bin,DEoptim,Griewank,100,8,-1.0711540671746802,69.00701835751534,300,850252786
best1bin,GA,Zakharov,100,1,-739.876368662828,1.1208373811095953,300,466919731
best1bin,SMCO_R_EVO,Zakharov,100,0,-4.617645466575597,14.667924718931317,310,719341717
best1bin,SMCO_BR,Zakharov,100,0,-24.74350146959199,16.863735451363027,85,719341717
best1bin,SMCO_EVO,Zakharov,100,0,-1.6253805387347946,17.098498140461743,310,719341717
best1bin,GD,Zakharov,100,2,-703317212317006.9,0.24519767425954342,70,184833355
best1bin,GenSA,Zakharov,100,1,-2.1742847779248642e-10,5.725700929760933,300,466919731
best1bin,SA,Griewank,100,9,-8.605983703446896e-10,65.81946774292737,300,681665395
best1bin,SignGD,Zakharov,100,2,-1718.6630827781576,2.1083662658929825,1056,184833355
best1bin,SPSA,Zakharov,100,2,-9158925.0,0.3483056668192148,4577,184833355
best1bin,SMCO_BR_EVO,Zakharov,100,0,-20.002001607429765,17.412542128004134,160,719341717
best1bin,optimNM,Zakharov,100,2,-648065927380806.1,0.5688416184857488,3000,184833355
best1bin,ADAM,Zakharov,100,0,-6338842861525.373,17.859499205835164,6000,719341717
best1bin,SMCO,Zakharov,100,1,-2.1040336581764483,13.55371980369091,310,466919731
best1bin,optimLBFGS,Zakharov,100,2,-2.1661350095403976e-10,3.817265464924276,627,184833355
best1bin,SMCO_BR_EVO,Zakharov,100,1,-24.253845304805584,13.881764491088688,160,466919731
best1bin,PSO,Zakharov,100,2,-3201.101256069717,0.3722463669255376,300,184833355
best1bin,GA,Zakharov,100,2,-496.0595601411696,0.9043003842234612,300,184833355
best1bin,SMCO_R,Zakharov,100,1,-4.847353289197695,16.04906622879207,160,466919731
best1bin,SMCO_EVO,Zakharov,100,1,-2.1330859691935333,15.935756938531995,310,466919731
best1bin,SMCO_BR,Zakharov,100,1,-23.198192551612962,16.29582718387246,85,466919731
best1bin,ADAM,Zakharov,100,1,-5023763044342.061,15.216636251658201,6000,466919731
best1bin,DEoptim,Griewank,100,9,-1.7396735065177267,71.70719356369227,300,681665395
best1bin,GD,Zakharov,100,3,-401727703664401.44,0.24169452767819166,70,1314085451
best1bin,SMCO_R_EVO,Zakharov,100,1,-6.075653027382321,17.274226481094956,310,466919731
best1bin,GenSA,Zakharov,100,2,-4.330961374540836e-10,7.7388314083218575,300,184833355
best1bin,BOBYQA,Griewank,100,12,-1182.2053204981755,50.70414159912616,3000,1537214939
best1bin,SPSA,Zakharov,100,3,-15525.0,0.4221957055851817,5322,1314085451
best1bin,SMCO_EVO,Zakharov,100,2,-1.9810949803342832,13.523328675888479,310,184833355
best1bin,optimNM,Zakharov,100,3,-371423196016681.5,0.31415336579084396,3000,1314085451
best1bin,DEoptim,Griewank,100,10,-1.307776657397659,65.37650249991566,300,732936179
best1bin,SignGD,Zakharov,100,3,-1298.6750319061177,4.548501682467759,1509,1314085451
best1bin,SMCO_R_EVO,Zakharov,100,2,-5.898591648514329,14.190404036082327,310,184833355
best1bin,BOBYQA,Griewank,100,14,-1502.5644633372099,35.63512110989541,3000,265282895
best1bin,GA,Zakharov,100,3,-650.039456381855,1.1272423826158047,300,1314085451
best1bin,PSO,Zakharov,100,3,-2759.5925302041223,0.18470922391861677,300,1314085451
best1bin,SMCO,Zakharov,100,2,-2.3328413594624506,16.37794038373977,310,184833355
best1bin,SMCO_BR,Zakharov,100,2,-22.38911443130272,16.01136492099613,85,184833355
best1bin,optimLBFGS,Zakharov,100,3,-1.4227868327688953e-10,3.723937422968447,622,1314085451
best1bin,SMCO_BR_EVO,Zakharov,100,2,-22.267321090409983,15.391872953623533,160,184833355
best1bin,DEoptim,Griewank,100,11,-1.4892812383476999,59.653892622329295,300,2106073085
best1bin,GD,Zakharov,100,4,-399038806391083.4,0.11361297126859426,70,1042408591
best1bin,SMCO_R,Zakharov,100,2,-5.523048905095026,17.28324514068663,160,184833355
best1bin,BOBYQA,Griewank,100,13,-803.7149872304467,47.39663150720298,3000,442443674
best1bin,SPSA,Zakharov,100,4,-5475.0,0.4503182526677847,5981,1042408591
best1bin,SignGD,Zakharov,100,4,-6397.981645230884,3.1904404927045107,1509,1042408591
best1bin,SA,Griewank,100,11,-6.917796335770277e-10,63.07330177165568,300,2106073085
best1bin,ADAM,Zakharov,100,2,-12702430156502.424,17.087891617789865,6000,184833355
best1bin,optimNM,Zakharov,100,4,-363398785246865.6,0.5083156209439039,3000,1042408591
best1bin,GenSA,Zakharov,100,3,-2.9069578018455196e-10,7.1190147483721375,300,1314085451
best1bin,SMCO_R,Zakharov,100,3,-5.383141843915152,13.142353348433971,160,1314085451
best1bin,SA,Griewank,100,12,-1.0030098973601298e-09,58.05557217169553,300,1537214939
best1bin,SMCO_BR_EVO,Zakharov,100,3,-23.068705186409538,12.174111464060843,160,1314085451
best1bin,PSO,Zakharov,100,4,-4046.249172022871,0.4195628920570016,300,1042408591
best1bin,optimLBFGS,Zakharov,100,4,-3.170693041878529e-10,3.452298717573285,620,1042408591
best1bin,GA,Zakharov,100,4,-694.2898674214067,1.1631488027051091,300,1042408591
best1bin,SMCO,Zakharov,100,3,-1.6149163529887864,17.288362419232726,310,1314085451
best1bin,SMCO_EVO,Zakharov,100,3,-1.7868375850802838,16.802163623273373,310,1314085451
best1bin,SMCO_BR,Zakharov,100,3,-21.05084227760787,17.295652388595045,85,1314085451
best1bin,GD,Zakharov,100,5,-918872583665395.5,0.24216792080551386,70,11201869
best1bin,SMCO_R_EVO,Zakharov,100,3,-4.844448813576976,16.98676225543022,310,1314085451
best1bin,SMCO_R,Zakharov,100,4,-4.775095335181792,11.245794042944908,160,1042408591
best1bin,SPSA,Zakharov,100,5,-15525.0,0.41570578794926405,5470,11201869
best1bin,GenSA,Zakharov,100,4,-2.3148762326828577e-10,7.916285082697868,300,1042408591
best1bin,ADAM,Zakharov,100,3,-5715918129270.655,17.38034361600876,6000,1314085451
best1bin,optimNM,Zakharov,100,5,-860296510351721.5,0.580559054389596,3000,11201869
best1bin,SA,Griewank,100,10,-7.053611028595697e-10,80.26945162471384,300,732936179
best1bin,DEoptim,Griewank,100,12,-1.4864934536074739,65.34433029405773,300,1537214939
best1bin,optimLBFGS,Zakharov,100,5,-1.0867372477888958e-10,3.3076678244397044,599,11201869
best1bin,SignGD,Zakharov,100,5,-1385.5671409754684,4.569522254168987,1509,11201869
best1bin,SMCO_EVO,Zakharov,100,4,-1.75241625643454,15.128009110689163,310,1042408591
best1bin,PSO,Zakharov,100,5,-4105.708610326168,0.38351718708872795,300,11201869
best1bin,GA,Zakharov,100,5,-607.2152383655266,1.0506254862993956,300,11201869
best1bin,SMCO_BR,Zakharov,100,4,-18.587254964861373,16.154805846512318,85,1042408591
best1bin,SMCO,Zakharov,100,5,-1.5993621588735678,10.841659819707274,310,11201869
best1bin,SMCO,Zakharov,100,4,-2.9460740128497456,17.003169117495418,310,1042408591
best1bin,SMCO_R,Zakharov,100,5,-4.873034490083258,11.346043233759701,160,11201869
best1bin,SMCO_R_EVO,Zakharov,100,4,-5.829441494291923,17.296301988884807,310,1042408591
best1bin,GD,Zakharov,100,6,-542642156292544.44,0.135896697640419,70,373157493
best1bin,SMCO_BR_EVO,Zakharov,100,4,-41.836613477003624,17.942745028994977,160,1042408591
best1bin,SPSA,Zakharov,100,6,-5700.0,0.4362849909812212,5558,373157493
best1bin,ADAM,Zakharov,100,4,-5882604019014.428,18.351209871470928,6000,1042408591
best1bin,SMCO_BR,Zakharov,100,5,-23.46641679504856,13.690138041973114,85,11201869
best1bin,GenSA,Zakharov,100,5,-1.76135481641654e-10,7.828688295558095,300,11201869
best1bin,optimNM,Zakharov,100,6,-501114642300097.2,0.5507408222183585,3000,373157493
best1bin,SMCO_R_EVO,Zakharov,100,5,-4.725130827346586,12.67661167588085,310,11201869
best1bin,SignGD,Zakharov,100,6,-1478.3619576618178,4.678968138061464,1509,373157493
best1bin,optimLBFGS,Zakharov,100,6,-1.9760166075059268e-10,3.533832795917988,619,373157493
best1bin,PSO,Zakharov,100,6,-3530.0025697140195,0.3794759679585695,300,373157493
best1bin,GA,Zakharov,100,6,-777.7426095156347,1.1335559571161866,300,373157493
best1bin,SMCO_BR_EVO,Zakharov,100,5,-19.214301819592862,14.127066018991172,160,11201869
best1bin,SMCO_EVO,Zakharov,100,5,-1.7205873580996192,17.78897385764867,310,11201869
best1bin,DEoptim,Griewank,100,13,-1.0946024312606932,68.63799303863198,300,442443674
best1bin,SMCO_EVO,Zakharov,100,6,-1.6989850354162972,10.99815667513758,310,373157493
best1bin,GenSA,Zakharov,100,6,-2.703673609542402e-10,6.730315102264285,300,373157493
best1bin,GD,Zakharov,100,7,-367430392267074.44,0.24080770462751389,70,401377211
best1bin,SMCO_R_EVO,Zakharov,100,6,-4.966478905887602,11.707059586420655,310,373157493
best1bin,ADAM,Zakharov,100,5,-19722061512667.75,18.211913500912488,6000,11201869
best1bin,SPSA,Zakharov,100,7,-1122070.3125,0.42669631727039814,5636,401377211
best1bin,SMCO_BR,Zakharov,100,6,-19.967553328967462,14.602176861837506,85,373157493
best1bin,SignGD,Zakharov,100,7,-5746.738842487324,3.3030212111771107,1509,401377211
best1bin,SA,Griewank,100,13,-1.0020211327343986e-09,74.8957639792934,300,442443674
best1bin,optimNM,Zakharov,100,7,-336015917645681.9,0.5183866079896688,3000,401377211
best1bin,SMCO_R,Zakharov,100,6,-4.940848835839457,16.32530468609184,160,373157493
best1bin,SMCO,Zakharov,100,6,-1.7252761373557417,16.739800636656582,310,373157493
best1bin,optimLBFGS,Zakharov,100,7,-1.6701360032647732e-10,3.6485044546425343,620,401377211
best1bin,GA,Zakharov,100,7,-628.4451686392582,1.116433466784656,300,401377211
best1bin,SA,Griewank,100,14,-8.364382519943092e-10,67.96662618685514,300,265282895
best1bin,PSO,Zakharov,100,7,-3128.253051432212,0.3840357791632414,300,401377211
best1bin,DEoptim,Griewank,100,14,-1.2492663491358338,68.23082055244595,300,265282895
best1bin,SMCO_BR_EVO,Zakharov,100,6,-20.94097269929609,17.114046183414757,160,373157493
best1bin,ADAM,Zakharov,100,6,-9121402671943.945,16.292421984486282,6000,373157493
best1bin,SMCO_R_EVO,Zakharov,100,7,-13.642999591689508,9.278931876644492,310,401377211
best1bin,GD,Zakharov,100,8,-597619840453599.2,0.12299877218902111,70,1268822167
best1bin,SMCO_BR_EVO,Zakharov,100,7,-21.70822837874767,10.891388515010476,160,401377211
best1bin,SignGD,Zakharov,100,8,-1450.7186256569914,3.203728317283094,1509,1268822167
best1bin,SMCO,Zakharov,100,7,-6.628643645825388,16.390268481336534,310,401377211
best1bin,GenSA,Zakharov,100,7,-6.129564461666422e-10,7.9483173629269,300,401377211
best1bin,SPSA,Zakharov,100,8,-9158775.0,0.36040176544338465,5951,1268822167
best1bin,optimNM,Zakharov,100,8,-555726566513992.2,0.35929029528051615,3000,1268822167
best1bin,SMCO_R,Zakharov,100,7,-6.2790981074308085,16.953812800347805,160,401377211
best1bin,SMCO_BR,Zakharov,100,7,-27.41603545312972,16.64283180050552,85,401377211
best1bin,ADAM,Zakharov,100,7,-4585466258581.692,13.106773457489908,6000,401377211
best1bin,SMCO_EVO,Zakharov,100,7,-5.328105021719468,17.676265115849674,310,401377211
best1bin,SMCO_R,Zakharov,100,8,-4.563443274363661,9.249063242226839,160,1268822167
best1bin,optimLBFGS,Zakharov,100,8,-1.7826391676574317e-10,3.4843070935457945,612,1268822167
best1bin,GA,Zakharov,100,8,-539.7682280286568,1.1259120823815465,300,1268822167
best1bin,PSO,Zakharov,100,8,-3152.207579448489,0.4260956011712551,300,1268822167
best1bin,SMCO_EVO,Zakharov,100,8,-1.6947663686614003,10.385043394751847,310,1268822167
best1bin,DEoptim,Zakharov,100,0,-774.6492802934937,69.07993504591286,300,719341717
best1bin,GenSA,Zakharov,100,8,-3.786956767443843e-10,7.549343642778695,300,1268822167
best1bin,GD,Zakharov,100,9,-684364145070334.4,0.31369756162166595,70,1871397980
best1bin,SMCO_BR_EVO,Zakharov,100,8,-20.0642587746143,13.974282654002309,160,1268822167
best1bin,SMCO_R_EVO,Zakharov,100,8,-4.6535379784548505,14.863187158480287,310,1268822167
best1bin,SPSA,Zakharov,100,9,-58631245.3125,0.38069972302764654,4533,1871397980
best1bin,SMCO_BR,Zakharov,100,8,-22.394419214781006,16.696405990049243,85,1268822167
best1bin,SMCO,Zakharov,100,8,-2.536310310533006,17.275363700464368,310,1268822167
best1bin,optimNM,Zakharov,100,9,-628162014745442.6,0.5638423785567284,3000,1871397980
best1bin,SignGD,Zakharov,100,9,-1594.7428718982999,4.388031041249633,1509,1871397980
best1bin,optimLBFGS,Zakharov,100,9,-2.1373232326138426e-10,3.7257930943742394,604,1871397980
best1bin,ADAM,Zakharov,100,8,-9663149985106.898,15.547493784688413,6000,1268822167
best1bin,SMCO_R_EVO,Zakharov,100,9,-5.534917658732606,9.660306512378156,310,1871397980
best1bin,PSO,Zakharov,100,9,-3516.7447453408718,0.18389110919088125,300,1871397980
best1bin,SMCO,Zakharov,100,9,-1.848085806900568,11.587160609662533,310,1871397980
best1bin,GA,Zakharov,100,9,-483.77188785833334,1.1234015189111233,300,1871397980
best1bin,SMCO_BR_EVO,Zakharov,100,9,-24.307774336798364,9.625275165773928,160,1871397980
best1bin,SMCO_BR,Zakharov,100,9,-23.00326028420716,14.126732035540044,85,1871397980
best1bin,GenSA,Zakharov,100,9,-2.009071073563778e-10,7.62956621684134,300,1871397980
best1bin,DEoptim,Zakharov,100,1,-752.4343337381638,76.61030791606754,300,466919731
best1bin,SMCO_R,Zakharov,100,9,-5.339316289583875,16.234897658228874,160,1871397980
best1bin,GD,Zakharov,100,10,-633041132674010.1,0.21166371647268534,70,485411439
best1bin,DEoptim,Zakharov,100,2,-641.7477093873698,69.58140793535858,300,184833355
best1bin,SMCO_EVO,Zakharov,100,9,-2.9464448173211664,17.50665574427694,310,1871397980
best1bin,SPSA,Zakharov,100,10,-5098045.3125,0.42439297679811716,5232,485411439
best1bin,SignGD,Zakharov,100,10,-1659.4965520530213,3.534084958024323,1124,485411439
best1bin,ADAM,Zakharov,100,9,-12679115712357.697,14.675213500857353,6000,1871397980
best1bin,optimNM,Zakharov,100,10,-590103872988363.4,0.5678886072710156,3000,485411439
best1bin,optimLBFGS,Zakharov,100,10,-1.6087438975027644e-10,3.787293553352356,623,485411439
best1bin,SMCO_EVO,Zakharov,100,10,-1.6826108378076456,12.017377583310008,310,485411439
best1bin,SMCO,Zakharov,100,10,-1.7521525876659592,12.847577611915767,310,485411439
best1bin,PSO,Zakharov,100,10,-3343.3170419164176,0.19334184750914574,300,485411439
best1bin,SMCO_BR,Zakharov,100,10,-22.16000465743313,12.54577188193798,85,485411439
best1bin,GA,Zakharov,100,10,-547.8370110203005,1.1463958881795406,300,485411439
best1bin,SMCO_R_EVO,Zakharov,100,10,-5.638615594688991,11.91937156766653,310,485411439
best1bin,SMCO_R,Zakharov,100,10,-5.454237228319452,14.902889722026885,160,485411439
best1bin,GenSA,Zakharov,100,10,-5.137398195873819e-10,7.238103243522346,300,485411439
best1bin,DEoptim,Zakharov,100,3,-829.5762194704027,75.06653963588178,300,1314085451
best1bin,GD,Zakharov,100,11,-362820522776028.7,0.25105504132807255,70,1053045607
best1bin,SMCO_BR_EVO,Zakharov,100,10,-18.529592049998282,16.727261086925864,160,485411439
best1bin,SMCO,Zakharov,100,11,-1.7546806380635924,9.706568552181125,310,1053045607
best1bin,SPSA,Zakharov,100,11,-6075.0,0.44034734833985567,5185,1053045607
best1bin,SA,Zakharov,100,0,-8.895406183862075e-11,101.40662312880158,300,719341717
best1bin,ADAM,Zakharov,100,10,-11717499614839.842,18.801960580982268,6000,485411439
best1bin,optimNM,Zakharov,100,11,-331758685298241.9,0.5502754021435976,3000,1053045607
best1bin,SignGD,Zakharov,100,11,-1499.6457325759059,4.736557123251259,1509,1053045607
best1bin,SMCO_EVO,Zakharov,100,11,-1.7956969005384935,10.091550461016595,310,1053045607
best1bin,SMCO_R,Zakharov,100,11,-4.748948578389803,11.658203953877091,160,1053045607
best1bin,GA,Zakharov,100,11,-674.1261814726058,0.6189259653910995,300,1053045607
best1bin,PSO,Zakharov,100,11,-3526.802859257557,0.1859162338078022,300,1053045607
best1bin,optimLBFGS,Zakharov,100,11,-2.0374012129526643e-10,2.8120684223249555,613,1053045607
best1bin,SMCO_R_EVO,Zakharov,100,11,-4.856285033312683,11.706679010763764,310,1053045607
best1bin,DEoptim,Zakharov,100,4,-772.370374257563,76.52603487297893,300,1042408591
best1bin,SMCO_BR,Zakharov,100,11,-19.028439188099977,15.58705559372902,85,1053045607
best1bin,DEoptim,Zakharov,100,5,-675.1907216980355,71.31811303738505,300,11201869
best1bin,SMCO_BR_EVO,Zakharov,100,11,-20.29187972877175,16.18964507896453,160,1053045607
best1bin,GenSA,Zakharov,100,11,-3.0363502373686885e-10,7.8559605944901705,300,1053045607
best1bin,GD,Zakharov,100,12,-674541600492006.5,0.24282130505889654,70,1044155138
best1bin,DEoptim,Zakharov,100,6,-749.1167754062955,64.35631435923278,300,373157493
best1bin,SPSA,Zakharov,100,12,-5170.3125,0.4727667411789298,5472,1044155138
best1bin,SMCO_R,Zakharov,100,12,-5.282692435985665,9.439379509538412,160,1044155138
best1bin,optimLBFGS,Zakharov,100,12,-1.3914291111205868e-10,2.6029038224369287,601,1044155138
best1bin,optimNM,Zakharov,100,12,-629754112760293.9,0.3303700163960457,3000,1044155138
best1bin,SignGD,Zakharov,100,12,-1331.788786957804,4.454334584996104,1509,1044155138
best1bin,SA,Zakharov,100,1,-8.802954466145763e-11,110.43235930148512,300,466919731
best1bin,ADAM,Zakharov,100,11,-4508602187878.253,16.826800821349025,6000,1053045607
best1bin,GA,Zakharov,100,12,-721.6979286766012,1.1505951872095466,300,1044155138
best1bin,PSO,Zakharov,100,12,-2931.7305730376083,0.4115764871239662,300,1044155138
best1bin,SA,Zakharov,100,3,-9.355513008050537e-11,95.59536930453032,300,1314085451
best1bin,SMCO,Zakharov,100,12,-1.8471525306244883,14.627436814829707,310,1044155138
best1bin,GenSA,Zakharov,100,12,-2.376703532763255e-10,4.628699291497469,300,1044155138
best1bin,SMCO_BR_EVO,Zakharov,100,12,-33.40238958636533,10.479668932966888,160,1044155138
best1bin,SMCO_BR,Zakharov,100,12,-19.69105606237585,15.813624812290072,85,1044155138
best1bin,SMCO_R_EVO,Zakharov,100,12,-5.3605120466108485,13.088425599038601,310,1044155138
best1bin,GD,Zakharov,100,13,-462773356118067.94,0.24349575210362673,70,766342053
best1bin,SMCO_EVO,Zakharov,100,12,-2.097706048595039,15.06802957970649,310,1044155138
best1bin,BOBYQA,Zakharov,100,0,-7641282601757.548,125.6221768911928,3000,719341717
best1bin,SPSA,Zakharov,100,13,-5545.3125,0.4182132864370942,5334,766342053
best1bin,SignGD,Zakharov,100,13,-1436.5631960814235,2.679003857076168,1388,766342053
best1bin,SA,Zakharov,100,4,-9.673723282004914e-11,95.5042076651007,300,1042408591
best1bin,optimNM,Zakharov,100,13,-429514793127326.0,0.5520599763840437,3000,766342053
best1bin,ADAM,Zakharov,100,12,-12142581752991.652,15.64693177305162,6000,1044155138
best1bin,optimLBFGS,Zakharov,100,13,-1.1845874178118365e-10,2.757628140039742,615,766342053
best1bin,SA,Zakharov,100,2,-8.682757446055847e-11,112.38897641841322,300,184833355
best1bin,GA,Zakharov,100,13,-585.2277331904152,1.1541671371087432,300,766342053
best1bin,PSO,Zakharov,100,13,-3492.6863927166314,0.4165925495326519,300,766342053
best1bin,SMCO_R_EVO,Zakharov,100,13,-5.044034302855808,9.944137493148446,310,766342053
best1bin,SMCO_R,Zakharov,100,13,-6.313508400806707,12.069245898164809,160,766342053
best1bin,GenSA,Zakharov,100,13,-1.7087142935627583e-10,5.788206581957638,300,766342053
best1bin,SMCO_BR,Zakharov,100,13,-21.464331787855887,12.222569794394076,85,766342053
best1bin,DEoptim,Zakharov,100,7,-753.299517229562,74.83968613669276,300,401377211
best1bin,SMCO_EVO,Zakharov,100,13,-1.7219447974586426,12.514565784484148,310,766342053
best1bin,GD,Zakharov,100,14,-277609867168771.88,0.2425987720489502,70,1070224383
best1bin,SMCO,Zakharov,100,13,-2.054513794581918,15.183302598074079,310,766342053
best1bin,SignGD,Zakharov,100,14,-1572.8999205161601,4.603275943547487,1509,1070224383
best1bin,SPSA,Zakharov,100,14,-9158775.0,0.4417705778032541,5517,1070224383
best1bin,SMCO_BR_EVO,Zakharov,100,13,-23.941117359957918,16.647497423924506,160,766342053
best1bin,SA,Zakharov,100,5,-8.366541599864246e-11,100.10806114505976,300,11201869
best1bin,optimNM,Zakharov,100,14,-253831600787420.1,0.5091563099995255,3000,1070224383
best1bin,optimLBFGS,Zakharov,100,14,-1.4773972116542207e-10,2.6450392566621304,605,1070224383
best1bin,ADAM,Zakharov,100,13,-6490491842372.361,18.828463618643582,6000,766342053
best1bin,SMCO_R,Zakharov,100,14,-4.4422086487479815,10.467170482501388,160,1070224383
best1bin,DEoptim,Zakharov,100,8,-640.0260954041692,75.11836199462414,300,1268822167
best1bin,PSO,Zakharov,100,14,-3097.19955969007,0.42712041176855564,300,1070224383
best1bin,GA,Zakharov,100,14,-627.8273977668384,1.1273282570764422,300,1070224383
best1bin,BOBYQA,Zakharov,100,4,-4164140956587.83,115.12985538318753,3000,1042408591
best1bin,SMCO_R_EVO,Zakharov,100,14,-4.829566590946123,13.215720648877323,310,1070224383
best1bin,SMCO_BR,Zakharov,100,14,-18.809018828114578,14.264427141286433,85,1070224383
best1bin,SMCO,Zakharov,100,14,-2.1928322366924453,16.174688149243593,310,1070224383
best1bin,GenSA,Zakharov,100,14,-2.4759704332876225e-10,7.645900049246848,300,1070224383
best1bin,SMCO_EVO,Zakharov,100,14,-3.0199955006465693,15.197536372579634,310,1070224383
best1bin,BOBYQA,Zakharov,100,1,-4561169361877.417,142.46838866733015,3000,466919731
best1bin,SMCO_BR_EVO,Zakharov,100,14,-18.84221838281883,16.09130624588579,160,1070224383
best1bin,DEoptim,Zakharov,100,9,-629.3046336821619,74.01505726575851,300,1871397980
best1bin,ADAM,Zakharov,100,14,-2813923557925.6733,18.828841294161975,6000,1070224383
best1bin,SA,Zakharov,100,6,-8.876047905526391e-11,107.17533241212368,300,373157493
best1bin,SA,Zakharov,100,7,-8.881998783777687e-11,101.03705632034689,300,401377211
best1bin,BOBYQA,Zakharov,100,2,-5442452649271.047,145.01281016413122,3000,184833355
best1bin,SA,Zakharov,100,8,-8.983032893296038e-11,93.24410579074174,300,1268822167
best1bin,DEoptim,Zakharov,100,10,-666.6609369328178,74.35840821638703,300,485411439
best1bin,DEoptim,Zakharov,100,11,-719.764021198729,60.50046834629029,300,1053045607
best1bin,SA,Zakharov,100,9,-8.571758448818057e-11,87.8100881781429,300,1871397980
best1bin,BOBYQA,Zakharov,100,6,-6000439409775.922,121.94497522432357,3000,373157493
best1bin,BOBYQA,Zakharov,100,5,-1899247956654.3447,131.38060784619302,3000,11201869
best1bin,BOBYQA,Zakharov,100,3,-7420252725455.424,146.96312717627734,3000,1314085451
best1bin,SA,Zakharov,100,10,-9.003391546518277e-11,88.70240562967956,300,485411439
best1bin,DEoptim,Zakharov,100,12,-772.7044447487909,62.959472072310746,300,1044155138
best1bin,BOBYQA,Zakharov,100,7,-4432337233632.13,126.42416234407574,3000,401377211
best1bin,SA,Zakharov,100,11,-8.741829745160586e-11,79.84750612080097,300,1053045607
best1bin,DEoptim,Zakharov,100,13,-711.9140211390759,57.45405753515661,300,766342053
best1bin,BOBYQA,Zakharov,100,8,-11092614948520.424,121.0188686857,3000,1268822167
best1bin,SA,Zakharov,100,13,-8.962322683612171e-11,62.924422775395215,300,766342053
best1bin,SA,Zakharov,100,12,-8.605503811690739e-11,75.14331690128893,300,1044155138
best1bin,DEoptim,Zakharov,100,14,-795.293720357495,52.42658157926053,300,1070224383
best1bin,BOBYQA,Zakharov,100,12,-7975808303430.11,82.37774325814098,3000,1044155138
best1bin,SA,Zakharov,100,14,-9.685971145907638e-11,58.06672724429518,300,1070224383
best1bin,BOBYQA,Zakharov,100,10,-2724130876190.1304,115.4493379034102,3000,485411439
best1bin,BOBYQA,Zakharov,100,9,-7237324707803.997,132.1884101163596,3000,1871397980
best1bin,BOBYQA,Zakharov,100,11,-1282401736529.1711,110.58094219304621,3000,1053045607
best1bin,BOBYQA,Zakharov,100,13,-6087815616583.864,89.36894606612623,3000,766342053
best1bin,BOBYQA,Zakharov,100,14,-2893560429181.9917,92.35820924956352,3000,1070224383
best1bin,PSO,Rastrigin,5000,0,-84987.49262125214,5.486511026509106,300,1079569570
best1bin,PSO,Ackley,5000,0,-21.12224494516025,5.916664816439152,300,1825552273
best1bin,PSO,Rastrigin,5000,1,-83846.68213339157,6.0747885992750525,300,2055517493
best1bin,GA,Rastrigin,5000,1,-54778.208766166645,7.946373138576746,300,2055517493
best1bin,GA,Rastrigin,5000,0,-55527.47619871411,9.669521451927722,300,1079569570
best1bin,GA,Ackley,5000,0,-17.147158148759107,10.62034045625478,300,1825552273
best1bin,PSO,Ackley,5000,1,-21.104273509052792,5.94421209115535,300,200770670
best1bin,GA,Ackley,5000,1,-16.865054672361516,10.220477035269141,300,200770670
best1bin,SA,Rastrigin,5000,0,-89288.33887345956,2062.5513279223815,300,1079569570
best1bin,SA,Rastrigin,5000,1,-89434.14654253067,2127.98300012853,300,2055517493
best1bin,SA,Ackley,5000,1,-21.26601269302347,2250.821451130323,300,200770670
best1bin,SA,Ackley,5000,0,-21.266699121874378,2276.321585197933,300,1825552273
best1bin,GenSA,Ackley,5000,1,-13.543319546441817,2950.044814126566,300,200770670
best1bin,GenSA,Ackley,5000,0,-13.127448208557231,3146.726889383979,300,1825552273
best1bin,GenSA,Rastrigin,5000,0,-47.79720033550984,3579.65127565898,300,1079569570
best1bin,SA,Rosenbrock,5000,0,-53215670.00162945,678.8484555808827,300,644276710
best1bin,GA,Rosenbrock,5000,0,-54841118.938040674,6.856949876993895,300,644276710
best1bin,PSO,Rosenbrock,5000,0,-550287984.0226326,2.8685195092111826,300,644276710
best1bin,GenSA,Rastrigin,5000,1,-33.82860948504822,3911.150583518669,300,2055517493
best1bin,GenSA,Rosenbrock,5000,0,-86.0151736839877,2478.857098719105,300,644276710
best1bin,SMCO_R,Rosenbrock,5000,0,-2747.3117485502,9013.337177387439,221,644276710
best1bin,SMCO,Rosenbrock,5000,0,-1611.8249701586774,9557.85127128195,371,644276710
best1bin,SMCO_EVO,Rosenbrock,5000,0,-1052.8922545860557,9422.410169596784,371,644276710
best1bin,SMCO_BR,Rosenbrock,5000,0,-77240.68892369894,9680.303586886264,146,644276710
best1bin,SMCO_R_EVO,Rosenbrock,5000,0,-1435.8504037120429,9622.446117565036,371,644276710
best1bin,SMCO_BR_EVO,Rosenbrock,5000,0,-77319.68939980755,9785.55793720577,221,644276710
best1bin,SA,Rosenbrock,5000,1,-54641393.02868482,651.5319610331208,300,1602251749
best1bin,GA,Rosenbrock,5000,1,-52129137.11324549,6.58630814217031,300,1602251749
best1bin,PSO,Rosenbrock,5000,1,-551161961.7874036,2.8286873502656817,300,1602251749
best1bin,SMCO_R,Rosenbrock,5000,1,-2374.7265710138354,9651.659206842072,221,1602251749
best1bin,SMCO,Rosenbrock,5000,1,-1608.3416718709768,9745.284843790345,371,1602251749
best1bin,SMCO_BR,Rosenbrock,5000,1,-75884.3285206816,8262.747004590929,146,1602251749
best1bin,GenSA,Rosenbrock,5000,1,-115.2587088370591,2651.396461439319,300,1602251749
best1bin,SMCO_EVO,Rosenbrock,5000,1,-1128.1230738264032,9361.273745250888,371,1602251749
best1bin,SMCO_R_EVO,Rosenbrock,5000,1,-1194.5780591439257,9194.188318332657,371,1602251749
best1bin,SMCO_BR_EVO,Rosenbrock,5000,1,-76249.12169784032,9226.956591417082,221,1602251749
best1bin,SMCO_R_EVO,Rastrigin,5000,1,-42487.83043007733,26707.759336144663,371,2055517493
best1bin,SMCO_BR_EVO,Rastrigin,5000,1,-42741.48891574117,29334.913138677366,221,2055517493
best1bin,SMCO_R,Rastrigin,5000,0,-42719.535881690696,31133.36728379503,221,1079569570
best1bin,SMCO_BR_EVO,Rastrigin,5000,0,-42999.20495446766,33125.611332001165,221,1079569570
best1bin,SMCO_BR,Rastrigin,5000,0,-42995.39419467725,33188.16147560254,146,1079569570
best1bin,SMCO_BR,Ackley,5000,0,-11.570967566418018,33821.78937560599,146,1825552273
best1bin,SMCO_EVO,Rastrigin,5000,1,-42588.56620929382,34735.30998098664,371,2055517493
best1bin,SMCO_BR_EVO,Ackley,5000,0,-11.62732596417138,34816.26779313106,221,1825552273
best1bin,SMCO_R_EVO,Ackley,5000,1,-3.273703281774186,34979.67842372693,371,200770670
best1bin,SMCO,Rastrigin,5000,1,-42589.43493470436,35003.30101018492,371,2055517493
best1bin,SMCO_R,Ackley,5000,1,-3.480138869100504,35026.70115823299,221,200770670
best1bin,SMCO_EVO,Rastrigin,5000,0,-42818.71670250571,35050.63463402912,371,1079569570
best1bin,SMCO_R,Rastrigin,5000,1,-42484.96693546827,35134.37075959705,221,2055517493
best1bin,SMCO,Rastrigin,5000,0,-42818.33622432744,35257.7850028323,371,1079569570
best1bin,SMCO_R_EVO,Rastrigin,5000,0,-42717.09288678411,35320.502656386234,371,1079569570
best1bin,SMCO_BR,Rastrigin,5000,1,-42736.7828309703,36661.16691684909,146,2055517493
best1bin,SMCO_R,Ackley,5000,0,-3.47633852640988,39761.47610997874,221,1825552273
best1bin,SMCO,Ackley,5000,0,-3.5946416007817956,40252.01491070073,371,1825552273
best1bin,SMCO_R_EVO,Ackley,5000,0,-3.2746791053092434,40408.96910953708,371,1825552273
best1bin,SMCO_BR,Ackley,5000,1,-11.656823815783053,40944.69125009794,146,200770670
best1bin,DEoptim,Rosenbrock,5000,0,-84740682.84156945,37376.654044319876,300,644276710
best1bin,SMCO_EVO,Ackley,5000,1,-3.600554906330004,41124.28065268695,371,200770670
best1bin,SMCO_BR_EVO,Ackley,5000,1,-11.625627597036456,41392.17261123285,221,200770670
best1bin,SMCO_EVO,Ackley,5000,0,-3.5944729082489357,41614.29676634725,371,1825552273
best1bin,SMCO,Ackley,5000,1,-3.6076409880422244,42450.01579154376,371,200770670
best1bin,DEoptim,Rastrigin,5000,1,-59802.763883440566,48378.27658953983,300,2055517493
best1bin,DEoptim,Rastrigin,5000,0,-60008.96771029911,48380.962269089185,300,1079569570
best1bin,DEoptim,Ackley,5000,0,-18.49343036579645,48975.71173539199,300,1825552273
best1bin,DEoptim,Ackley,5000,1,-18.294539467956024,49235.39540405944,300,200770670
best1bin,DEoptim,Rosenbrock,5000,1,-80013369.8572768,41440.00335859042,300,1602251749
sobol,PSO,Rastrigin,100,1,-839.2386301076419,0.3040772592648864,300,1677437249
sobol,SPSA,Rastrigin,100,0,-1480.8139061637748,0.32563161104917526,6000,647279673
sobol,PSO,Rastrigin,100,0,-827.9340253646435,0.34224094077944756,300,647279673
sobol,optimNM,Rastrigin,100,0,-1526.7436251980305,0.35067399963736534,3000,647279673
sobol,SPSA,Rastrigin,100,1,-1538.3410663034379,0.4351204987615347,6000,1677437249
sobol,optimNM,Rastrigin,100,1,-1549.5623809253839,0.5427139587700367,3000,1677437249
sobol,optimLBFGS,Rastrigin,100,0,-628.8102727810642,0.7727877832949162,161,647279673
sobol,GA,Rastrigin,100,0,-763.6228392254486,1.034062648192048,300,647279673
sobol,optimLBFGS,Rastrigin,100,1,-592.993030112428,1.1881454037502408,148,1677437249
sobol,GA,Rastrigin,100,1,-796.3295896899533,1.2221416486427188,300,1677437249
sobol,SPSA,Rastrigin,100,2,-1478.47185113991,0.3926257900893688,5419,1220831571
sobol,optimNM,Rastrigin,100,2,-1614.7410860189984,0.5102679934352636,3000,1220831571
sobol,optimLBFGS,Rastrigin,100,2,-653.6843183741635,1.168405300937593,147,1220831571
sobol,SignGD,Rastrigin,100,2,-814.626896486491,3.978930551558733,1509,1220831571
sobol,GD,Rastrigin,100,2,-1222.794130086615,4.472076739184558,2796,1220831571
sobol,GA,Rastrigin,100,2,-757.0710122423515,0.834700332954526,300,1220831571
sobol,PSO,Rastrigin,100,2,-751.1873760162218,0.22958509530872107,300,1220831571
sobol,SignGD,Rastrigin,100,0,-821.7715959346215,6.277918200939894,2507,647279673
sobol,GD,Rastrigin,100,0,-1191.960147133444,7.592338535003364,3271,647279673
sobol,SMCO_R,Rastrigin,100,0,-52.84600371446345,9.328491536900401,160,647279673
sobol,SignGD,Rastrigin,100,1,-738.555143457382,9.386339206248522,3006,1677437249
sobol,SMCO_BR_EVO,Rastrigin,100,2,-55.86841067971932,9.194320315495133,160,1220831571
sobol,GenSA,Rastrigin,100,0,-0.9949590570969349,9.721748837269843,300,647279673
sobol,GenSA,Rastrigin,100,1,-4.547473508864641e-13,10.00995995476842,300,1677437249
sobol,SMCO,Rastrigin,100,1,-60.25818491195764,10.130818330682814,310,1677437249
sobol,GD,Rastrigin,100,1,-1263.5912906260824,10.466617053374648,3977,1677437249
sobol,SMCO,Rastrigin,100,2,-59.48650941291521,10.652971496805549,310,1220831571
sobol,SMCO_BR,Rastrigin,100,2,-55.85118402521789,10.463845265097916,85,1220831571
sobol,SPSA,Rastrigin,100,3,-1462.5488363490128,0.385314186103642,5443,1003278960
sobol,SMCO_BR_EVO,Rastrigin,100,1,-57.840963493480444,10.897560366429389,160,1677437249
sobol,SMCO_BR,Rastrigin,100,0,-52.87595733567298,11.073844927363098,85,647279673
sobol,SMCO_EVO,Rastrigin,100,2,-55.4646892153047,10.790086097083986,310,1220831571
sobol,optimNM,Rastrigin,100,3,-1612.2142924366872,0.5162841901183128,3000,1003278960
sobol,optimLBFGS,Rastrigin,100,3,-592.9924398426822,0.7504705600440502,166,1003278960
sobol,SMCO_R_EVO,Rastrigin,100,2,-57.82598416267706,11.177882744930685,310,1220831571
sobol,PSO,Rastrigin,100,3,-768.7647968616361,0.18595306854695082,300,1003278960
sobol,SMCO,Rastrigin,100,0,-50.512374732313106,11.748675607144833,310,647279673
sobol,SMCO_R_EVO,Rastrigin,100,0,-54.84634127310642,11.96127145178616,310,647279673
sobol,GA,Rastrigin,100,3,-789.6368742992286,0.6193704009056091,300,1003278960
sobol,SMCO_R,Rastrigin,100,2,-53.847460947180366,12.052661527879536,160,1220831571
sobol,SMCO_EVO,Rastrigin,100,0,-54.39909824264612,12.184409383684397,310,647279673
sobol,ADAM,Rastrigin,100,1,-735.2707882860257,12.529037119820714,4994,1677437249
sobol,SMCO_EVO,Rastrigin,100,1,-59.35004849728534,12.60926797427237,310,1677437249
sobol,GenSA,Rastrigin,100,2,-0.9949590570952296,10.762767862528563,300,1220831571
sobol,SMCO_R,Rastrigin,100,1,-53.854176304184534,12.748648321256042,160,1677437249
sobol,ADAM,Rastrigin,100,0,-817.8507090388714,12.997477443888783,5002,647279673
sobol,SPSA,Rastrigin,100,4,-1392.120336703461,0.3931311424821615,5409,1596454778
sobol,SMCO_BR,Rastrigin,100,1,-54.86139373790115,13.44860827922821,85,1677437249
sobol,ADAM,Rastrigin,100,2,-799.9419332573735,12.78972477093339,5006,1220831571
sobol,optimNM,Rastrigin,100,4,-1538.9060316448176,0.5392964296042919,3000,1596454778
sobol,optimLBFGS,Rastrigin,100,4,-582.0481989848086,1.0705555966123939,152,1596454778
sobol,SMCO_BR_EVO,Rastrigin,100,0,-54.85659721414595,13.989199834875762,160,647279673
sobol,PSO,Rastrigin,100,4,-844.7713972691678,0.3444094993174076,300,1596454778
sobol,SMCO_R_EVO,Rastrigin,100,1,-54.84292352324201,14.500392608344555,310,1677437249
sobol,GA,Rastrigin,100,4,-773.1190325647502,1.0724212089553475,300,1596454778
sobol,SignGD,Rastrigin,100,3,-770.1406251229856,6.329335464164615,2507,1003278960
sobol,GD,Rastrigin,100,4,-1271.550049328922,5.244958091527224,2778,1596454778
sobol,SMCO_R,Rastrigin,100,3,-58.82353584126588,11.540551251731813,160,1003278960
sobol,SMCO,Rastrigin,100,3,-49.49372006183614,12.343152134679258,310,1003278960
sobol,GD,Rastrigin,100,3,-1337.216179765025,8.602377739734948,3177,1003278960
sobol,SMCO_EVO,Rastrigin,100,3,-56.36109273082798,9.165852556936443,310,1003278960
sobol,SignGD,Rastrigin,100,4,-741.3734483338849,6.20281480345875,2507,1596454778
sobol,SPSA,Rastrigin,100,5,-1369.2308372221694,0.38560364209115505,5403,226492486
sobol,GenSA,Rastrigin,100,3,-5.684341886080801e-13,9.085854748263955,300,1003278960
sobol,optimLBFGS,Rastrigin,100,5,-561.1544453696545,0.9532161531969905,142,226492486
sobol,optimNM,Rastrigin,100,5,-1601.4935545489952,0.5398854054510593,3000,226492486
sobol,SMCO_R_EVO,Rastrigin,100,4,-55.841166135472804,8.902029656805098,310,1596454778
sobol,SMCO_BR,Rastrigin,100,3,-54.861822543553444,13.728592509403825,85,1003278960
sobol,SMCO_BR_EVO,Rastrigin,100,3,-51.877666074582294,12.227616877295077,160,1003278960
sobol,SignGD,Rastrigin,100,5,-815.5477319056565,3.755570518784225,1509,226492486
sobol,SMCO_R,Rastrigin,100,4,-59.80121741477819,10.664561233483255,160,1596454778
sobol,PSO,Rastrigin,100,5,-805.5552739535505,0.3479285445064306,300,226492486
sobol,GA,Rastrigin,100,5,-779.7520175793815,0.6855309121310711,300,226492486
sobol,SMCO,Rastrigin,100,4,-57.411779209254405,11.188454912044108,310,1596454778
sobol,SMCO_BR_EVO,Rastrigin,100,4,-54.858435519473915,11.141967554576695,160,1596454778
sobol,GenSA,Rastrigin,100,4,-0.9949590570956843,9.836376412771642,300,1596454778
sobol,ADAM,Rastrigin,100,3,-746.2150529505277,13.27801133878529,5008,1003278960
sobol,SMCO_EVO,Rastrigin,100,4,-49.464795076625705,11.788014031946659,310,1596454778
sobol,SMCO_R_EVO,Rastrigin,100,3,-51.85868045247969,15.13416071049869,310,1003278960
sobol,SMCO_BR,Rastrigin,100,4,-56.84309923524745,13.007795052602887,85,1596454778
sobol,ADAM,Rastrigin,100,4,-738.2554218149453,12.183231370523572,5014,1596454778
sobol,SPSA,Rastrigin,100,6,-1278.3729001692705,0.42538657784461975,6000,104750137
sobol,ADAM,Rastrigin,100,5,-786.0128622694162,6.939317597076297,5014,226492486
sobol,SMCO_R,Rastrigin,100,5,-57.824322124580476,11.078693000599742,160,226492486
sobol,optimNM,Rastrigin,100,6,-1528.3355477221396,0.29361549858003855,3000,104750137
sobol,optimLBFGS,Rastrigin,100,6,-593.9873903698624,1.0133664291352034,145,104750137
sobol,GD,Rastrigin,100,5,-1174.0423403739208,8.689424109645188,3981,226492486
sobol,SMCO,Rastrigin,100,5,-59.29775723861428,13.671847281046212,310,226492486
sobol,GA,Rastrigin,100,6,-804.3803226225122,1.0246378118172288,300,104750137
sobol,PSO,Rastrigin,100,6,-861.5258310912759,0.345538642257452,300,104750137
sobol,SMCO_BR,Rastrigin,100,5,-61.815315579843286,13.651872701011598,85,226492486
sobol,SMCO_BR_EVO,Rastrigin,100,5,-52.869679413111385,11.026888981461525,160,226492486
sobol,SA,Rastrigin,100,0,-41.78827032228173,28.85992849804461,300,647279673
sobol,SMCO_EVO,Rastrigin,100,5,-58.39240442325661,12.828572362661362,310,226492486
sobol,GenSA,Rastrigin,100,5,-6.821210263296962e-13,8.932373772375286,300,226492486
sobol,SMCO_R_EVO,Rastrigin,100,5,-57.8287074851371,12.859831815585494,310,226492486
sobol,SA,Rastrigin,100,1,-53.727763893943916,31.191835320554674,300,1677437249
sobol,SA,Rastrigin,100,2,-43.77818843646935,29.28602406103164,300,1220831571
sobol,BOBYQA,Rastrigin,100,2,-876.0846691387746,30.56415844708681,3000,1220831571
sobol,SignGD,Rastrigin,100,6,-709.0725064122987,8.098534321412444,3006,104750137
sobol,GD,Rastrigin,100,6,-1210.8582446351968,8.491896150633693,3155,104750137
sobol,SPSA,Rastrigin,100,7,-1385.427440600603,0.4338395604863763,6000,1997144833
sobol,optimNM,Rastrigin,100,7,-1627.3601173143627,0.4071742966771126,3000,1997144833
sobol,optimLBFGS,Rastrigin,100,7,-587.0229505588159,0.5825157575309277,143,1997144833
sobol,GenSA,Rastrigin,100,6,-1.0231815394945443e-12,8.07323191035539,300,104750137
sobol,SignGD,Rastrigin,100,7,-772.8797635323651,4.012296248227358,1509,1997144833
sobol,GA,Rastrigin,100,7,-704.9651178505119,0.6965100076049566,300,1997144833
sobol,SMCO_BR,Rastrigin,100,6,-47.86650081987398,11.916599634103477,85,104750137
sobol,PSO,Rastrigin,100,7,-835.2136250375286,0.2446147995069623,300,1997144833
sobol,ADAM,Rastrigin,100,6,-705.4218317244445,10.230501561425626,5008,104750137
sobol,SA,Rastrigin,100,3,-55.71766684923614,23.822101585566998,300,1003278960
sobol,SMCO_EVO,Rastrigin,100,6,-51.25279188597051,12.736938970163465,310,104750137
sobol,SMCO_R,Rastrigin,100,6,-48.86628050913248,13.453199608251452,160,104750137
sobol,SMCO_R_EVO,Rastrigin,100,6,-53.84046013201237,13.110837583430111,310,104750137
sobol,GD,Rastrigin,100,7,-1174.0463611242758,7.0879929177463055,2784,1997144833
sobol,SMCO,Rastrigin,100,6,-52.18453095283917,14.409576025791466,310,104750137
sobol,SPSA,Rastrigin,100,8,-1466.7509677745463,0.5336643615737557,6000,1129679180
sobol,BOBYQA,Rastrigin,100,1,-805.1115884259666,38.20933583378792,3000,1677437249
sobol,optimLBFGS,Rastrigin,100,8,-588.0181365466627,1.072500916197896,153,1129679180
sobol,SMCO_BR,Rastrigin,100,7,-52.878128715837306,9.853723539039493,85,1997144833
sobol,SMCO_BR_EVO,Rastrigin,100,6,-53.851931416603406,15.203642413951457,160,104750137
sobol,SignGD,Rastrigin,100,8,-747.2367163333706,2.4448337890207767,1509,1129679180
sobol,optimNM,Rastrigin,100,8,-1618.1017953642008,0.49425236973911524,3000,1129679180
sobol,SMCO_R,Rastrigin,100,7,-55.843791419436,10.78167492710054,160,1997144833
sobol,PSO,Rastrigin,100,8,-946.3502776241373,0.1771929869428277,300,1129679180
sobol,BOBYQA,Rastrigin,100,0,-883.3487045971898,39.60547615401447,3000,647279673
sobol,GA,Rastrigin,100,8,-741.091943959595,1.1218920964747667,300,1129679180
sobol,SMCO_R_EVO,Rastrigin,100,7,-57.82115296708048,12.282883828505874,310,1997144833
sobol,SMCO_EVO,Rastrigin,100,7,-61.48096373994463,13.147688773460686,310,1997144833
sobol,GenSA,Rastrigin,100,7,-0.9949590570965938,10.31601249333471,300,1997144833
sobol,SMCO,Rastrigin,100,7,-61.44971340996858,14.377371453680098,310,1997144833
sobol,GD,Rastrigin,100,8,-1256.5668341057997,6.785206357948482,3828,1129679180
sobol,SA,Rastrigin,100,5,-48.7529786841161,22.267141228541732,300,226492486
sobol,ADAM,Rastrigin,100,7,-769.098949231827,11.967004111036658,5004,1997144833
sobol,SPSA,Rastrigin,100,9,-1415.4650930973107,0.2013349635526538,5457,191318044
sobol,SMCO_BR_EVO,Rastrigin,100,7,-55.85680518921731,14.56133225094527,160,1997144833
sobol,optimLBFGS,Rastrigin,100,9,-536.2803249275621,1.0904743345454335,156,191318044
sobol,GenSA,Rastrigin,100,8,-0.9949590570945475,6.254380479454994,300,1129679180
sobol,optimNM,Rastrigin,100,9,-1603.814973206533,0.49418244417756796,3000,191318044
sobol,SMCO_BR,Rastrigin,100,8,-51.851832684592864,10.52280586771667,85,1129679180
sobol,SA,Rastrigin,100,4,-60.692477293597904,32.95477311499417,300,1596454778
sobol,BOBYQA,Rastrigin,100,3,-850.9006163236711,36.47499619051814,3000,1003278960
sobol,PSO,Rastrigin,100,9,-874.248514385844,0.35447943583130836,300,191318044
sobol,GA,Rastrigin,100,9,-799.13159493002,1.1143246795982122,300,191318044
sobol,SignGD,Rastrigin,100,9,-744.2312452241032,5.261760625056922,2008,191318044
sobol,SA,Rastrigin,100,6,-47.75802466484697,22.534632162190974,300,104750137
sobol,SMCO_R,Rastrigin,100,8,-54.83225740625346,13.971048317849636,160,1129679180
sobol,SMCO,Rastrigin,100,8,-57.330331513421584,14.407191704027355,310,1129679180
sobol,SMCO_BR_EVO,Rastrigin,100,8,-55.84966424967547,13.331255126744509,160,1129679180
sobol,SMCO_R_EVO,Rastrigin,100,8,-57.83283760379254,14.141648896038532,310,1129679180
sobol,SMCO_EVO,Rastrigin,100,8,-62.253481518827584,14.599618093110621,310,1129679180
sobol,ADAM,Rastrigin,100,8,-743.2306589577067,12.875730505213141,5008,1129679180
sobol,SMCO_R,Rastrigin,100,9,-55.82689874038283,10.123207826167345,160,191318044
sobol,SPSA,Rastrigin,100,10,-1460.575157437329,0.4335317723453045,6000,2069075111
sobol,GD,Rastrigin,100,9,-1248.7751529493617,7.66521689388901,3157,191318044
sobol,SMCO,Rastrigin,100,9,-54.41962871153339,10.89682838972658,310,191318044
sobol,optimLBFGS,Rastrigin,100,10,-505.43714332378505,0.5697401333600283,141,2069075111
sobol,optimNM,Rastrigin,100,10,-1602.1319726050956,0.5081912698224187,3000,2069075111
sobol,BOBYQA,Rastrigin,100,4,-810.8041844410026,39.27125585451722,3000,1596454778
sobol,GenSA,Rastrigin,100,9,-1.9899181141936424,8.14464078657329,300,191318044
sobol,PSO,Rastrigin,100,10,-842.9481638035661,0.3506429921835661,300,2069075111
sobol,ADAM,Rastrigin,100,9,-740.2453747273025,10.243773590773344,4998,191318044
sobol,GA,Rastrigin,100,10,-816.1187591222618,1.140076364390552,300,2069075111
sobol,SMCO_R_EVO,Rastrigin,100,9,-58.81837940605112,11.690806466154754,310,191318044
sobol,SMCO_EVO,Rastrigin,100,9,-57.16535678480216,13.037159350700676,310,191318044
sobol,SignGD,Rastrigin,100,10,-671.3202690947805,5.188965435139835,2008,2069075111
sobol,SMCO_BR,Rastrigin,100,9,-56.85825861923263,15.039866765961051,85,191318044
sobol,SMCO_BR_EVO,Rastrigin,100,9,-57.83838831919229,13.18690565507859,160,191318044
sobol,SMCO_EVO,Rastrigin,100,10,-53.49128302676695,7.74562640208751,310,2069075111
sobol,BOBYQA,Rastrigin,100,5,-853.3993517065289,36.437481484375894,3000,226492486
sobol,SPSA,Rastrigin,100,11,-1461.7146281266787,0.44292022101581097,6000,963391754
sobol,SMCO,Rastrigin,100,10,-57.55716918525252,9.38585270382464,310,2069075111
sobol,optimLBFGS,Rastrigin,100,11,-536.2799961097963,0.9399882024154067,140,963391754
sobol,optimNM,Rastrigin,100,11,-1598.1537361666706,0.5052963979542255,3000,963391754
sobol,SignGD,Rastrigin,100,11,-774.0445128571471,3.4227048475295305,1509,963391754
sobol,GD,Rastrigin,100,10,-1312.34412146809,10.266528402455151,4001,2069075111
sobol,SMCO_BR_EVO,Rastrigin,100,10,-50.87751318036658,10.419578864239156,160,2069075111
sobol,SMCO_R_EVO,Rastrigin,100,10,-47.878855221609456,11.416371075436473,310,2069075111
sobol,GA,Rastrigin,100,11,-718.7461938547594,0.6033008256927133,300,963391754
sobol,PSO,Rastrigin,100,11,-697.7237685863022,0.3352934876456857,300,963391754
sobol,GenSA,Rastrigin,100,10,-1.2505552149377763e-12,9.950888202525675,300,2069075111
sobol,SMCO_R,Rastrigin,100,10,-55.8360022617461,14.124634045176208,160,2069075111
sobol,SMCO_BR_EVO,Rastrigin,100,11,-54.84458672104131,7.960177378728986,160,963391754
sobol,SA,Rastrigin,100,7,-44.77315253307654,29.964525241404772,300,1997144833
sobol,ADAM,Rastrigin,100,10,-668.6091442342959,12.919124135747552,4996,2069075111
sobol,SMCO_BR,Rastrigin,100,10,-58.84022496033924,14.859026661142707,85,2069075111
sobol,SMCO_R,Rastrigin,100,11,-53.83852749007019,10.131029397249222,160,963391754
sobol,SMCO,Rastrigin,100,11,-56.47699215013017,11.44657671265304,310,963391754
sobol,GD,Rastrigin,100,11,-1194.9400178210183,9.857829036191106,3568,963391754
sobol,SPSA,Rastrigin,100,12,-1430.7167567793722,0.2855162285268307,6000,1451594738
sobol,optimLBFGS,Rastrigin,100,12,-624.8308877752622,1.0719914175570011,148,1451594738
sobol,SMCO_EVO,Rastrigin,100,11,-56.401696168075205,12.249363685958087,310,963391754
sobol,ADAM,Rastrigin,100,11,-770.0933486270995,10.270918505266309,5018,963391754
sobol,optimNM,Rastrigin,100,12,-1598.4450632350072,0.5082096736878157,3000,1451594738
sobol,BOBYQA,Rastrigin,100,6,-781.5045712738395,41.26965832337737,3000,104750137
sobol,SMCO_BR,Rastrigin,100,11,-53.865693686197005,13.705336533486843,85,963391754
sobol,PSO,Rastrigin,100,12,-753.669312527716,0.3411379363387823,300,1451594738
sobol,GA,Rastrigin,100,12,-793.2715473044464,1.0268156314268708,300,1451594738
sobol,SMCO_R_EVO,Rastrigin,100,11,-54.83613175763719,13.316499221138656,310,963391754
sobol,DEoptim,Rastrigin,100,0,-972.6589619598396,67.49996291846037,300,647279673
sobol,SignGD,Rastrigin,100,12,-788.3543136201104,5.407886845991015,2008,1451594738
sobol,GenSA,Rastrigin,100,11,-1.8189894035458565e-12,10.35736412461847,300,963391754
sobol,SA,Rastrigin,100,8,-52.73280987466967,31.057867197319865,300,1129679180
sobol,SMCO_R,Rastrigin,100,12,-52.83340024053018,10.374121198430657,160,1451594738
sobol,BOBYQA,Rastrigin,100,7,-829.7674212016352,38.7650835365057,3000,1997144833
sobol,SMCO,Rastrigin,100,12,-57.392818679860966,10.893388945609331,310,1451594738
sobol,SMCO_BR_EVO,Rastrigin,100,12,-59.824470902530265,8.539839836768806,160,1451594738
sobol,SPSA,Rastrigin,100,13,-1376.0697760577018,0.39577251113951206,5405,1438758648
sobol,SMCO_R_EVO,Rastrigin,100,12,-58.81262223857891,8.984739639796317,310,1451594738
sobol,optimNM,Rastrigin,100,13,-1666.5336111705176,0.3518496649339795,3000,1438758648
sobol,optimLBFGS,Rastrigin,100,13,-583.0429262464758,0.7756221974268556,161,1438758648
sobol,ADAM,Rastrigin,100,12,-785.0179845020355,8.631278988905251,4996,1451594738
sobol,DEoptim,Rastrigin,100,1,-932.9413130244818,72.56476157624274,300,1677437249
sobol,GA,Rastrigin,100,13,-763.8791399672823,1.1390714207664132,300,1438758648
sobol,SMCO_BR,Rastrigin,100,12,-53.87001502208955,13.821222694590688,85,1451594738
sobol,PSO,Rastrigin,100,13,-785.9631402377659,0.40165285486727953,300,1438758648
sobol,GD,Rastrigin,100,12,-1228.7695604150254,12.51115675456822,4775,1451594738
sobol,SignGD,Rastrigin,100,13,-704.2567534997734,4.341879439540207,2507,1438758648
sobol,GenSA,Rastrigin,100,12,-6.821210263296962e-13,9.556285615079105,300,1451594738
sobol,GD,Rastrigin,100,13,-1307.3682346444152,6.075542502105236,2653,1438758648
sobol,SMCO_EVO,Rastrigin,100,12,-59.45633286253451,14.112530668266118,310,1451594738
sobol,BOBYQA,Rastrigin,100,8,-812.6021358406866,38.52202475629747,3000,1129679180
sobol,SA,Rastrigin,100,9,-55.717682008134716,34.06856520753354,300,191318044
sobol,GenSA,Rastrigin,100,13,-1.1368683772161603e-12,8.244961480610073,300,1438758648
sobol,DEoptim,Rastrigin,100,2,-917.7826175250788,75.3712771916762,300,1220831571
sobol,SPSA,Rastrigin,100,14,-1263.3811741966233,0.23285773769021034,6000,516633470
sobol,SMCO,Rastrigin,100,13,-59.33902369634711,12.612341914325953,310,1438758648
sobol,SA,Rastrigin,100,10,-53.727773969582245,29.958943715319037,300,2069075111
sobol,SMCO_EVO,Rastrigin,100,13,-59.157681113137755,12.94706164766103,310,1438758648
sobol,optimNM,Rastrigin,100,14,-1601.5466556279084,0.5014813654124737,3000,516633470
sobol,SMCO_R,Rastrigin,100,13,-53.8511846172031,13.248037077486515,160,1438758648
sobol,SMCO_BR,Rastrigin,100,13,-57.83831801778979,13.235481315292418,85,1438758648
sobol,optimLBFGS,Rastrigin,100,14,-621.8464602986796,1.074707048945129,156,516633470
sobol,PSO,Rastrigin,100,14,-699.5645539299098,0.3566748248413205,300,516633470
sobol,BOBYQA,Rastrigin,100,9,-815.327864269237,37.562122255563736,3000,191318044
sobol,GA,Rastrigin,100,14,-783.3730811377101,1.1135250553488731,300,516633470
sobol,ADAM,Rastrigin,100,13,-700.4473064654264,11.629457891918719,5006,1438758648
sobol,SignGD,Rastrigin,100,14,-771.6441815942073,5.52892895322293,2008,516633470
sobol,SMCO_R,Rastrigin,100,14,-53.85067561907863,8.844806371256709,160,516633470
sobol,SMCO_R_EVO,Rastrigin,100,13,-53.840815881771505,14.983240046538413,310,1438758648
sobol,DEoptim,Rastrigin,100,3,-928.5698870400959,72.10862405784428,300,1003278960
sobol,SMCO_BR_EVO,Rastrigin,100,13,-57.84542809036304,15.391306704841554,160,1438758648
sobol,SPSA,Ackley,100,0,-20.86084958951837,0.1950890962034464,1960,1054679880
sobol,DEoptim,Rastrigin,100,4,-923.0225893969853,71.19632906746119,300,1596454778
sobol,optimLBFGS,Ackley,100,0,-19.406362061979127,1.058515254408121,115,1054679880
sobol,GD,Rastrigin,100,14,-1279.508625088646,10.061911766417325,3880,516633470
sobol,optimNM,Ackley,100,0,-20.761909355958387,0.7607304668053985,3000,1054679880
sobol,SMCO_EVO,Rastrigin,100,14,-59.43853875969512,11.973344321362674,310,516633470
sobol,SMCO,Rastrigin,100,14,-55.491332250212054,13.044203725643456,310,516633470
sobol,GA,Ackley,100,0,-9.076860799389074,1.405762419104576,300,1054679880
sobol,SMCO_BR_EVO,Rastrigin,100,14,-57.832337543850485,12.864860382862389,160,516633470
sobol,GenSA,Rastrigin,100,14,-2.9848771712811413,8.299762982875109,300,516633470
sobol,PSO,Ackley,100,0,-19.184378763313322,0.6235359506681561,300,1054679880
sobol,SMCO_BR,Rastrigin,100,14,-55.85206455176183,14.418662047944963,85,516633470
sobol,DEoptim,Rastrigin,100,6,-979.006223717554,63.59005948342383,300,104750137
sobol,SMCO_R_EVO,Rastrigin,100,14,-60.80227062119843,14.07975899334997,310,516633470
sobol,SA,Rastrigin,100,11,-53.72777396959168,30.565088184550405,300,963391754
sobol,BOBYQA,Rastrigin,100,10,-718.7850371852187,40.40783338062465,3000,2069075111
sobol,SignGD,Ackley,100,0,-19.417741292019485,8.310679928399622,2008,1054679880
sobol,ADAM,Rastrigin,100,14,-756.1649236753588,13.652725974097848,5010,516633470
sobol,SPSA,Ackley,100,1,-20.739291271195345,0.2994093522429466,2966,917264540
sobol,BOBYQA,Rastrigin,100,11,-832.957563420354,36.495335849933326,3000,963391754
sobol,BOBYQA,Rastrigin,100,12,-862.9975233814913,28.90795004926622,3000,1451594738
sobol,optimLBFGS,Ackley,100,1,-19.42708581838677,1.145951822400093,124,917264540
sobol,optimNM,Ackley,100,1,-20.92769175868784,0.39434864837676287,3000,917264540
sobol,SA,Rastrigin,100,13,-49.747932703390006,23.359731757082045,300,1438758648
sobol,DEoptim,Rastrigin,100,7,-918.5855726034622,63.369916138239205,300,1997144833
sobol,DEoptim,Rastrigin,100,5,-960.8915621309055,74.51487441640347,300,226492486
sobol,PSO,Ackley,100,1,-19.31632780242243,0.538467544130981,300,917264540
sobol,GA,Ackley,100,1,-9.290886949156675,1.3613126734271646,300,917264540
sobol,SA,Rastrigin,100,12,-47.758014589205345,31.37650414183736,300,1451594738
sobol,SignGD,Ackley,100,1,-19.494952275683676,7.46713971812278,2008,917264540
sobol,GenSA,Ackley,100,0,-1.981726116540017e-08,13.378300314769149,300,1054679880
sobol,GD,Ackley,100,0,-19.406374768139884,18.101480609737337,5233,1054679880
sobol,BOBYQA,Rastrigin,100,13,-810.040240370538,31.51308757159859,3000,1438758648
sobol,DEoptim,Rastrigin,100,8,-916.5399930184124,63.877127753570676,300,1129679180
sobol,SMCO_R,Ackley,100,0,-0.06917490848442442,21.76223476231098,160,1054679880
sobol,SMCO_BR,Ackley,100,0,-0.07761676261799311,23.336836419068277,85,1054679880
sobol,SMCO,Ackley,100,0,-0.3715224844656899,23.690987270325422,310,1054679880
sobol,SPSA,Ackley,100,2,-20.65515210498746,0.12528445292264223,2673,1154829938
sobol,SMCO_R_EVO,Ackley,100,0,-0.06716242407775797,23.00424445886165,310,1054679880
sobol,ADAM,Ackley,100,0,-19.406362024111658,22.251047001220286,5250,1054679880
sobol,optimLBFGS,Ackley,100,2,-19.444066148236075,1.0780788632109761,117,1154829938
sobol,optimNM,Ackley,100,2,-20.88839487323706,0.7348639946430922,3000,1154829938
sobol,SignGD,Ackley,100,2,-19.45569705924578,3.420874630101025,1509,1154829938
sobol,SMCO_EVO,Ackley,100,0,-0.39014605937329394,24.448361363261938,310,1054679880
sobol,SMCO_BR_EVO,Ackley,100,0,-0.08207549104629708,24.175493055023253,160,1054679880
sobol,GenSA,Ackley,100,1,-1.9837032017022693e-08,12.599571917206049,300,917264540
sobol,GA,Ackley,100,2,-8.95955471545265,0.7067829202860594,300,1154829938
sobol,PSO,Ackley,100,2,-18.505091816439894,0.6029951116070151,300,1154829938
sobol,SA,Rastrigin,100,14,-62.68237521106914,27.627912850119174,300,516633470
sobol,SMCO_BR_EVO,Ackley,100,1,-0.07828692289652439,20.21290314849466,160,917264540
sobol,SMCO_R_EVO,Ackley,100,1,-0.07180292687452594,20.77227630931884,310,917264540
sobol,BOBYQA,Rastrigin,100,14,-825.3143008487698,30.848882804624736,3000,516633470
sobol,GD,Ackley,100,1,-19.427179414633073,21.838678968138993,5395,917264540
sobol,SMCO_EVO,Ackley,100,1,-0.3739875472197878,22.835030617192388,310,917264540
sobol,SPSA,Ackley,100,3,-20.644131802639762,0.35505982488393784,3497,697109676
sobol,optimLBFGS,Ackley,100,3,-19.44270877833678,1.0554481064900756,112,697109676
sobol,ADAM,Ackley,100,1,-19.42708559232351,22.221069953404367,5281,917264540
sobol,SMCO_BR,Ackley,100,1,-0.07865961514352948,24.700652753934264,85,917264540
sobol,SMCO,Ackley,100,1,-0.39215495153138535,25.43464502505958,310,917264540
sobol,SMCO_R,Ackley,100,1,-0.0735253633272781,25.51881149224937,160,917264540
sobol,optimNM,Ackley,100,3,-20.82997309201327,0.7021890180185437,3000,697109676
sobol,SMCO_R,Ackley,100,2,-0.07168647557912111,17.910668584518135,160,1154829938
sobol,SMCO,Ackley,100,2,-0.3947312724325518,18.87374550756067,310,1154829938
sobol,PSO,Ackley,100,3,-20.167404745714027,0.3823941797018051,300,697109676
sobol,GA,Ackley,100,3,-8.940709532257571,1.2495669526979327,300,697109676
sobol,SMCO_BR,Ackley,100,2,-0.07784428233936014,18.490898890420794,85,1154829938
sobol,DEoptim,Rastrigin,100,9,-892.2982490748108,71.43889560271055,300,191318044
sobol,SignGD,Ackley,100,3,-19.503509124897555,6.27540703304112,1509,697109676
sobol,GenSA,Ackley,100,2,-1.9860504796298528e-08,12.849722032435238,300,1154829938
sobol,GD,Ackley,100,2,-19.44406558811262,17.727284329012036,5087,1154829938
sobol,SMCO_R_EVO,Ackley,100,2,-0.07584688667313388,21.012978091835976,310,1154829938
sobol,DEoptim,Rastrigin,100,10,-887.883678181415,70.68226084765047,300,2069075111
sobol,SPSA,Ackley,100,4,-20.756177131381534,0.3127476470544934,2685,548148216
sobol,SMCO_EVO,Ackley,100,2,-0.380069517718987,23.83179810550064,310,1154829938
sobol,optimLBFGS,Ackley,100,4,-19.44905064122985,1.473231615498662,134,548148216
sobol,optimNM,Ackley,100,4,-20.91705785883651,0.7620201725512743,3000,548148216
sobol,ADAM,Ackley,100,2,-19.444065568096605,21.75049193110317,5136,1154829938
sobol,GD,Ackley,100,3,-19.442708376392208,14.513561136089265,5238,697109676
sobol,SMCO_BR_EVO,Ackley,100,2,-0.07835352253119554,23.93398662377149,160,1154829938
sobol,GA,Ackley,100,4,-9.368127942425332,0.682219129987061,300,548148216
sobol,PSO,Ackley,100,4,-19.62167837095749,0.2632965762168169,300,548148216
sobol,BOBYQA,Ackley,100,1,-19.59462534306922,33.48619571328163,3000,917264540
sobol,SMCO_BR_EVO,Ackley,100,3,-0.07755661183901497,17.55303886719048,160,697109676
sobol,GenSA,Ackley,100,3,-1.9849168086949476e-08,13.78431474044919,300,697109676
sobol,SMCO_BR,Ackley,100,3,-0.07690501689419493,22.13478465564549,85,697109676
sobol,SignGD,Ackley,100,4,-19.459144556145883,8.605927916243672,2008,548148216
sobol,BOBYQA,Ackley,100,0,-19.621003413668006,45.63868721295148,3000,1054679880
sobol,SMCO,Ackley,100,3,-0.36713462937429897,24.335714248009026,310,697109676
sobol,SMCO_EVO,Ackley,100,3,-0.3798771730772903,24.33911405596882,310,697109676
sobol,SMCO_R,Ackley,100,3,-0.07354922701514655,24.845863254740834,160,697109676
sobol,SPSA,Ackley,100,5,-20.897359737956137,0.11243055760860443,2184,190826693
sobol,SA,Ackley,100,0,-19.32874668772047,45.82889800146222,300,1054679880
sobol,DEoptim,Rastrigin,100,12,-919.9843920598644,65.85483281221241,300,1451594738
sobol,ADAM,Ackley,100,3,-19.44270837638839,20.826259578578174,5204,697109676
sobol,SMCO_R_EVO,Ackley,100,3,-0.06974651399196974,24.206240226514637,310,697109676
sobol,optimLBFGS,Ackley,100,5,-19.39208677717365,0.6600896259769797,119,190826693
sobol,DEoptim,Rastrigin,100,11,-894.5760701551235,73.48247492406517,300,963391754
sobol,SMCO_R,Ackley,100,4,-0.07135591432065214,17.414956614375114,160,548148216
sobol,optimNM,Ackley,100,5,-20.932335011536388,0.7466747304424644,3000,190826693
sobol,SA,Ackley,100,1,-19.314309092843086,38.96261004824191,300,917264540
sobol,PSO,Ackley,100,5,-19.10904666694115,0.6315391194075346,300,190826693
sobol,SMCO_R_EVO,Ackley,100,4,-0.07192044549668042,17.102113069035113,310,548148216
sobol,GA,Ackley,100,5,-9.350289013189418,1.2594977766275406,300,190826693
sobol,GD,Ackley,100,4,-19.449050559066013,16.440038009546697,5290,548148216
sobol,GenSA,Ackley,100,4,-2.0428644109671268e-08,13.328036149032414,300,548148216
sobol,SMCO_BR_EVO,Ackley,100,4,-0.07571580878430284,20.680292177014053,160,548148216
sobol,SMCO_EVO,Ackley,100,4,-0.3974425600013949,22.25284412689507,310,548148216
sobol,SMCO_BR,Ackley,100,4,-0.07772711032218327,23.283808790147305,85,548148216
sobol,SPSA,Ackley,100,6,-21.05095707458421,0.27543152682483196,2709,265932811
sobol,DEoptim,Rastrigin,100,13,-948.2002864361999,67.11030576378107,300,1438758648
sobol,SMCO,Ackley,100,4,-0.385386658569598,24.24869698099792,310,548148216
sobol,optimNM,Ackley,100,6,-21.036876893949604,0.7687013829126954,3000,265932811
sobol,optimLBFGS,Ackley,100,6,-19.450544810611166,1.1271805092692375,120,265932811
sobol,SignGD,Ackley,100,5,-19.445094736440517,10.095716291107237,2507,190826693
sobol,ADAM,Ackley,100,4,-19.449050558415674,20.709591726772487,5194,548148216
sobol,GA,Ackley,100,6,-9.174536237914582,1.2516319956630468,300,265932811
sobol,PSO,Ackley,100,6,-19.679207884076785,0.3846117630600929,300,265932811
sobol,SMCO_R_EVO,Ackley,100,5,-0.07173084818698472,15.399490860290825,310,190826693
sobol,SignGD,Ackley,100,6,-19.46187864048413,6.806923596188426,2008,265932811
sobol,SMCO,Ackley,100,5,-0.39363871661698413,18.78059766255319,310,190826693
sobol,BOBYQA,Ackley,100,2,-19.646069645493753,40.93011816777289,3000,1154829938
sobol,GenSA,Ackley,100,5,-1.9762528058464568e-08,14.218637681566179,300,190826693
sobol,SMCO_EVO,Ackley,100,5,-0.38565598641414,20.160510077141225,310,190826693
sobol,SMCO_BR,Ackley,100,5,-0.0780702805750697,21.816462169401348,85,190826693
sobol,SMCO_R,Ackley,100,5,-0.07104543086567405,22.279304285533726,160,190826693
sobol,SMCO_BR_EVO,Ackley,100,5,-0.0800802090518613,20.557516071014106,160,190826693
sobol,SPSA,Ackley,100,7,-21.01797754916033,0.16206374019384384,1592,2076224509
sobol,optimLBFGS,Ackley,100,7,-19.40522518468351,1.1076492285355926,117,2076224509
sobol,SMCO,Ackley,100,6,-0.38222703293565674,18.655773027800024,310,265932811
sobol,SMCO_BR,Ackley,100,6,-0.07953131878865749,18.59205214306712,85,265932811
sobol,optimNM,Ackley,100,7,-20.814038379433956,0.4021176751703024,3000,2076224509
sobol,DEoptim,Rastrigin,100,14,-947.544447522517,72.21029196958989,300,516633470
sobol,SMCO_EVO,Ackley,100,6,-0.3700278589200292,19.254966023378074,310,265932811
sobol,SA,Ackley,100,2,-19.389764558533994,47.1596314413473,300,1154829938
sobol,GenSA,Ackley,100,6,-1.9936273520926306e-08,13.178663581609726,300,265932811
sobol,PSO,Ackley,100,7,-19.036014048739325,0.6240388322621584,300,2076224509
sobol,SMCO_R,Ackley,100,6,-0.07244316657811867,20.75040557514876,160,265932811
sobol,ADAM,Ackley,100,5,-19.392086776718134,22.72379890270531,5164,190826693
sobol,GA,Ackley,100,7,-9.15115450206553,1.3667673403397202,300,2076224509
sobol,BOBYQA,Ackley,100,3,-19.64990275832019,41.170896080322564,3000,697109676
sobol,GD,Ackley,100,5,-19.39216055102832,25.01585608627647,5820,190826693
sobol,GD,Ackley,100,6,-19.45054479487248,18.899605703540146,5640,265932811
sobol,DEoptim,Ackley,100,0,-2.678747201425168,70.04396592546254,300,1054679880
sobol,SMCO_R_EVO,Ackley,100,6,-0.071886233448343,23.672819445841014,310,265932811
sobol,SignGD,Ackley,100,7,-19.437554608628073,8.369822852313519,2008,2076224509
sobol,SPSA,Ackley,100,8,-20.699882595309248,0.28707796428352594,2772,1286469255
sobol,optimLBFGS,Ackley,100,8,-19.41829163016303,1.0687325056642294,116,1286469255
sobol,optimNM,Ackley,100,8,-20.887528813488625,0.7060577105730772,3000,1286469255
sobol,SA,Ackley,100,3,-19.42898455585832,45.621036290191114,300,697109676
sobol,SMCO_BR_EVO,Ackley,100,6,-0.08106874033884326,25.25614085420966,160,265932811
sobol,ADAM,Ackley,100,6,-19.450544794867444,21.96299657225609,5232,265932811
sobol,GA,Ackley,100,8,-8.884581497545984,1.3752588080242276,300,1286469255
sobol,PSO,Ackley,100,8,-19.504641814738342,0.5746274683624506,300,1286469255
sobol,BOBYQA,Ackley,100,4,-19.597429507170865,40.89527598861605,3000,548148216
sobol,SMCO_EVO,Ackley,100,7,-0.37110464610282223,18.168684493750334,310,2076224509
sobol,SignGD,Ackley,100,8,-19.505960299920577,8.356698158197105,2008,1286469255
sobol,GenSA,Ackley,100,7,-1.9816856156040785e-08,12.854712507687509,300,2076224509
sobol,SMCO_R,Ackley,100,7,-0.07244296068342182,20.74365423154086,160,2076224509
sobol,SMCO,Ackley,100,7,-0.3620808933619384,22.796848765574396,310,2076224509
sobol,DEoptim,Ackley,100,1,-3.305156069688302,71.56164170522243,300,917264540
sobol,SMCO_BR,Ackley,100,7,-0.07434552349375467,22.156959059648216,85,2076224509
sobol,SA,Ackley,100,4,-19.40855114669561,42.22237270697951,300,548148216
sobol,SPSA,Ackley,100,9,-20.73465411323391,0.2622338468208909,2632,13756995
sobol,GD,Ackley,100,7,-19.405355667128216,20.3088944517076,4661,2076224509
sobol,optimLBFGS,Ackley,100,9,-19.419012993879253,1.000205903314054,113,13756995
sobol,optimNM,Ackley,100,9,-20.85966855854173,0.7407289212569594,3000,13756995
sobol,GenSA,Ackley,100,8,-2.118635977765848e-08,9.682214232161641,300,1286469255
sobol,SMCO_R_EVO,Ackley,100,7,-0.07849953942889742,23.403059413656592,310,2076224509
sobol,ADAM,Ackley,100,7,-19.405225177397355,20.249137230217457,5202,2076224509
sobol,GA,Ackley,100,9,-9.223805731804354,1.3736002752557397,300,13756995
sobol,SMCO_BR_EVO,Ackley,100,7,-0.07936042683951472,24.50910911615938,160,2076224509
sobol,BOBYQA,Ackley,100,6,-19.671706049660298,31.8889878410846,3000,265932811
sobol,PSO,Ackley,100,9,-19.03445175720608,0.6025788746774197,300,13756995
sobol,ADAM,Ackley,100,8,-19.418291390965447,16.0539281796664,5208,1286469255
sobol,SignGD,Ackley,100,9,-19.507290477088844,6.638758236542344,1509,13756995
sobol,BOBYQA,Ackley,100,5,-19.54031039230756,42.57057097926736,3000,190826693
sobol,SA,Ackley,100,5,-19.528542276836102,42.614280545152724,300,190826693
sobol,SMCO_BR,Ackley,100,8,-0.07720413270221771,21.215301178395748,85,1286469255
sobol,SMCO_R_EVO,Ackley,100,8,-0.07357433835230553,21.36925267521292,310,1286469255
sobol,SMCO,Ackley,100,8,-0.37031747731522247,22.5766631513834,310,1286469255
sobol,SMCO_R,Ackley,100,8,-0.07405302003326542,22.628182677552104,160,1286469255
sobol,SPSA,Ackley,100,10,-20.75479198145517,0.24025231879204512,2393,247356067
sobol,SMCO_BR_EVO,Ackley,100,8,-0.07463281000390198,22.400884470902383,160,1286469255
sobol,optimLBFGS,Ackley,100,10,-19.33955005489712,1.0739288907498121,118,247356067
sobol,optimNM,Ackley,100,10,-20.705954432090277,0.7623771568760276,3000,247356067
sobol,GD,Ackley,100,8,-19.418361559942223,22.481028262525797,5292,1286469255
sobol,SMCO_EVO,Ackley,100,8,-0.3963428747760074,24.661602538079023,310,1286469255
sobol,GA,Ackley,100,10,-9.222178134007507,1.266565422527492,300,247356067
sobol,SMCO_BR,Ackley,100,9,-0.08092288651880652,17.126683452166617,85,13756995
sobol,PSO,Ackley,100,10,-19.740424803332562,0.5473322439938784,300,247356067
sobol,SMCO_R_EVO,Ackley,100,9,-0.07067834374003867,15.983513712882996,310,13756995
sobol,SMCO,Ackley,100,9,-0.3814562333955789,18.880984593182802,310,13756995
sobol,GenSA,Ackley,100,9,-2.021109368754992e-08,13.270914155989885,300,13756995
sobol,BOBYQA,Ackley,100,7,-19.657400500130834,31.538183642551303,3000,2076224509
sobol,SMCO_R,Ackley,100,9,-0.0695095548896103,21.428287311457098,160,13756995
sobol,DEoptim,Ackley,100,2,-3.7464224917844295,78.10445589479059,300,1154829938
sobol,SMCO_BR_EVO,Ackley,100,9,-0.0844811640559553,20.07200844399631,160,13756995
sobol,ADAM,Ackley,100,9,-19.419012127771584,19.21633148752153,5176,13756995
sobol,SPSA,Ackley,100,11,-20.852311256365407,0.2881278498098254,2787,10318862
sobol,SignGD,Ackley,100,10,-19.350996340093122,11.429445950314403,2507,247356067
sobol,SA,Ackley,100,6,-19.26704435366874,46.89141433220357,300,265932811
sobol,optimLBFGS,Ackley,100,11,-19.313250928196933,1.1566101582720876,131,10318862
sobol,optimNM,Ackley,100,11,-20.92298821618698,0.7507452694699168,3000,10318862
sobol,SMCO_EVO,Ackley,100,9,-0.3908940641395273,24.29346319567412,310,13756995
sobol,SMCO_EVO,Ackley,100,10,-0.3646779778196536,16.439646725542843,310,247356067
sobol,SA,Ackley,100,7,-19.2737438436179,37.82178982719779,300,2076224509
sobol,GA,Ackley,100,11,-9.041385562928037,1.0542193222790956,300,10318862
sobol,GenSA,Ackley,100,10,-2.0203888784209312e-08,13.150367493741214,300,247356067
sobol,PSO,Ackley,100,11,-19.48703464069264,0.6855920841917396,300,10318862
sobol,GD,Ackley,100,9,-19.419012127761174,26.233063850551844,5733,13756995
sobol,SignGD,Ackley,100,11,-19.322898852780938,8.880852969363332,2008,10318862
sobol,SMCO,Ackley,100,10,-0.3748668188168378,22.348707063123584,310,247356067
sobol,ADAM,Ackley,100,10,-19.33954990064668,18.377438356168568,5186,247356067
sobol,SMCO_R,Ackley,100,10,-0.0751217767018848,23.101792053319514,160,247356067
sobol,SMCO_BR,Ackley,100,10,-0.07883650099010397,22.997962064109743,85,247356067
sobol,SMCO_R_EVO,Ackley,100,10,-0.07472461225116378,21.64469253178686,310,247356067
sobol,SPSA,Ackley,100,12,-20.730546773781064,0.32194256875663996,3225,196940543
sobol,optimLBFGS,Ackley,100,12,-19.37858669031849,1.1131469188258052,113,196940543
sobol,DEoptim,Ackley,100,3,-3.711532309298495,82.15889466926455,300,697109676
sobol,optimNM,Ackley,100,12,-20.774287137806162,0.550574948079884,3000,196940543
sobol,BOBYQA,Ackley,100,8,-19.633324486971453,39.63810177240521,3000,1286469255
sobol,SMCO_EVO,Ackley,100,11,-0.39324413901286137,16.402296676300466,310,10318862
sobol,DEoptim,Ackley,100,4,-3.0197525317591922,73.13271803874522,300,548148216
sobol,SMCO,Ackley,100,11,-0.385074537881668,18.41611162107438,310,10318862
sobol,SMCO_BR,Ackley,100,11,-0.07872888601274086,17.73852158896625,85,10318862
sobol,PSO,Ackley,100,12,-18.891690050200534,0.600537802092731,300,196940543
sobol,GA,Ackley,100,12,-8.78614768076323,1.3583936337381601,300,196940543
sobol,GD,Ackley,100,10,-19.339568873222376,24.316984896548092,5412,247356067
sobol,SMCO_BR_EVO,Ackley,100,10,-0.07633907610956969,25.274507716298103,160,247356067
sobol,GenSA,Ackley,100,11,-2.0869933781142436e-08,13.732383530586958,300,10318862
sobol,SA,Ackley,100,8,-19.40334769980722,42.893393917009234,300,1286469255
sobol,SignGD,Ackley,100,12,-19.45683079583546,8.524540594778955,2008,196940543
sobol,SMCO_R,Ackley,100,11,-0.07426617198587993,22.66066657472402,160,10318862
sobol,ADAM,Ackley,100,11,-19.3115778035616,18.002339463680983,5220,10318862
sobol,SPSA,Ackley,100,13,-20.71639571697202,0.198905685916543,1864,1846968539
sobol,SMCO_R_EVO,Ackley,100,11,-0.07096776569696361,21.818567951209843,310,10318862
sobol,GD,Ackley,100,11,-19.348812140363975,20.282895332202315,4814,10318862
sobol,SMCO_BR_EVO,Ackley,100,11,-0.07841418888830676,22.14791152998805,160,10318862
sobol,optimLBFGS,Ackley,100,13,-19.400850899357884,1.1802690802142024,121,1846968539
sobol,optimNM,Ackley,100,13,-20.827536653670847,0.6900869030505419,3000,1846968539
sobol,SMCO_BR,Ackley,100,12,-0.07660683252779821,17.322360729798675,85,196940543
sobol,GenSA,Ackley,100,12,-1.9692898423073757e-08,11.515467598102987,300,196940543
sobol,PSO,Ackley,100,13,-18.647651495034054,0.40520898904651403,300,1846968539
sobol,GA,Ackley,100,13,-9.077129397746871,1.3918534945696592,300,1846968539
sobol,DEoptim,Ackley,100,5,-3.337285854152118,77.55175785254687,300,190826693
sobol,SignGD,Ackley,100,13,-19.38487796622811,7.25001261010766,2008,1846968539
sobol,BOBYQA,Ackley,100,9,-19.55779483979495,42.78661533165723,3000,13756995
sobol,SA,Ackley,100,9,-19.513448097269517,42.07865528576076,300,13756995
sobol,SMCO,Ackley,100,12,-0.3733926545616204,20.723973905667663,310,196940543
sobol,ADAM,Ackley,100,12,-19.378586423182288,17.666742366738617,5164,196940543
sobol,SMCO_R,Ackley,100,12,-0.0648567786006855,23.765310212038457,160,196940543
sobol,SMCO_EVO,Ackley,100,12,-0.3956274851776418,23.479042439721525,310,196940543
sobol,SPSA,Ackley,100,14,-20.762570230601934,0.2241066275164485,2205,208438674
sobol,GD,Ackley,100,12,-19.378586423183638,21.980391054414213,4976,196940543
sobol,SMCO_BR_EVO,Ackley,100,12,-0.07689829538463444,22.944673583842814,160,196940543
sobol,GenSA,Ackley,100,13,-1.9979339516140726e-08,11.932727385312319,300,1846968539
sobol,optimLBFGS,Ackley,100,14,-19.45589242797065,1.1550116734579206,116,208438674
sobol,optimNM,Ackley,100,14,-20.91155661545726,0.7787483632564545,3000,208438674
sobol,SMCO_R_EVO,Ackley,100,12,-0.07031959124438858,24.3208274487406,310,196940543
sobol,SMCO,Ackley,100,13,-0.3740105697020053,18.7114436365664,310,1846968539
sobol,PSO,Ackley,100,14,-19.399189346756835,0.2672301549464464,300,208438674
sobol,GA,Ackley,100,14,-8.92241110870862,1.3924145800992846,300,208438674
sobol,SMCO_R,Ackley,100,13,-0.07299503996415568,19.912442341446877,160,1846968539
sobol,SMCO_BR_EVO,Ackley,100,13,-0.08205604920804577,17.795033203437924,160,1846968539
sobol,SignGD,Ackley,100,14,-19.467979373946278,6.882018166594207,2008,208438674
sobol,BOBYQA,Ackley,100,10,-19.480345953949207,43.10233412962407,3000,247356067
sobol,SA,Ackley,100,10,-19.396467355482482,42.61816623713821,300,247356067
sobol,DEoptim,Ackley,100,6,-2.7851243735797984,79.71580863185227,300,265932811
sobol,SMCO_BR,Ackley,100,13,-0.07689707010349922,22.860458596609533,85,1846968539
sobol,SMCO_EVO,Ackley,100,13,-0.37086117845296274,24.20913268532604,310,1846968539
sobol,SPSA,Rosenbrock,100,0,-7743729.640604332,0.3032485209405422,3886,1175199937
sobol,GD,Ackley,100,13,-19.373659104420963,21.38202620949596,5913,1846968539
sobol,SMCO_R_EVO,Ackley,100,13,-0.07632066704031049,24.608565903268754,310,1846968539
sobol,SignGD,Rosenbrock,100,0,-297.72834244052075,3.9125132001936436,1509,1175199937
sobol,ADAM,Ackley,100,13,-19.37340888280621,21.437253865413368,5214,1846968539
sobol,optimNM,Rosenbrock,100,0,-7295924.360477853,0.5427648769691586,3000,1175199937
sobol,BOBYQA,Ackley,100,11,-19.540461453414082,41.232216163538396,3000,10318862
sobol,GenSA,Ackley,100,14,-1.9695548747478142e-08,11.443705865181983,300,208438674
sobol,PSO,Rosenbrock,100,0,-1712521.9502439348,0.1747005684301257,300,1175199937
sobol,SA,Ackley,100,11,-19.56028103181766,40.100339230149984,300,10318862
sobol,SMCO,Rosenbrock,100,0,-22.22717545372446,10.50288243405521,310,1175199937
sobol,BOBYQA,Ackley,100,12,-19.571301160110878,32.08245344646275,3000,196940543
sobol,GD,Ackley,100,14,-19.455892358992656,17.649848119355738,4942,208438674
sobol,GA,Rosenbrock,100,0,-6498.299206522292,1.0754531528800726,300,1175199937
sobol,SMCO_EVO,Rosenbrock,100,0,-23.951141303050388,10.57525842729956,310,1175199937
sobol,SMCO_R,Ackley,100,14,-0.07360860398450741,20.932494868524373,160,208438674
sobol,optimLBFGS,Rosenbrock,100,0,-1.7718004550825996e-07,6.751615731045604,1198,1175199937
sobol,SMCO_R_EVO,Rosenbrock,100,0,-3.2989415411507825,11.490503414534032,310,1175199937
sobol,SPSA,Rosenbrock,100,1,-8843471.101422826,0.3959865728393197,5142,397371031
sobol,SMCO,Ackley,100,14,-0.38548635084026417,23.046919234097004,310,208438674
sobol,SMCO_BR,Rosenbrock,100,0,-30.01718729258512,12.972859057597816,85,1175199937
sobol,SMCO_EVO,Ackley,100,14,-0.39654841947745867,21.91829519160092,310,208438674
sobol,optimNM,Rosenbrock,100,1,-8398029.349808678,0.34292216319590807,3000,397371031
sobol,GenSA,Rosenbrock,100,0,-104.62484775288941,7.918463028036058,300,1175199937
sobol,SignGD,Rosenbrock,100,1,-371.2399206487857,2.3912550304085016,1509,397371031
sobol,SMCO_BR_EVO,Ackley,100,14,-0.07694877494329733,22.111336758360267,160,208438674
sobol,SMCO_R,Rosenbrock,100,0,-2.503882842231831,14.598277114331722,160,1175199937
sobol,SMCO_R_EVO,Ackley,100,14,-0.0763287623730915,22.52295606210828,310,208438674
sobol,PSO,Rosenbrock,100,1,-708321.5458062947,0.19491557963192463,300,397371031
sobol,SMCO_BR_EVO,Rosenbrock,100,0,-77.9403279522698,14.059003132395446,160,1175199937
sobol,GA,Rosenbrock,100,1,-5510.791345531674,1.0800097472965717,300,397371031
sobol,SA,Ackley,100,12,-19.253538189029378,37.17216283734888,300,196940543
sobol,SMCO_BR,Ackley,100,14,-0.07918048369814956,24.74371311441064,85,208438674
sobol,DEoptim,Ackley,100,7,-3.374276100063032,82.28439577203244,300,2076224509
sobol,GD,Rosenbrock,100,0,-247.05854692621145,15.246311385184526,6000,1175199937
sobol,ADAM,Ackley,100,14,-19.455892270044323,22.14459550473839,5258,208438674
sobol,SPSA,Rosenbrock,100,2,-11011713.363814337,0.17064688634127378,4637,1686737729
sobol,DEoptim,Ackley,100,8,-2.2172050825145573,77.0595609229058,300,1286469255
sobol,ADAM,Rosenbrock,100,0,-1756569.0382311621,15.642460750415921,6000,1175199937
sobol,GenSA,Rosenbrock,100,1,-107.61469632216111,5.725533767603338,300,397371031
sobol,optimLBFGS,Rosenbrock,100,1,-1.614876098537126e-07,7.253682631067932,1231,397371031
sobol,optimNM,Rosenbrock,100,2,-10469895.744717637,0.49894047249108553,3000,1686737729
sobol,DEoptim,Ackley,100,9,-3.2420257579346488,69.83649876806885,300,13756995
sobol,SMCO_BR_EVO,Rosenbrock,100,1,-98.17517468193523,10.13409993890673,160,397371031
sobol,SMCO_R_EVO,Rosenbrock,100,1,-7.431608441121245,10.316104819066823,310,397371031
sobol,PSO,Rosenbrock,100,2,-890082.2467381206,0.17344976216554642,300,1686737729
sobol,SMCO_EVO,Rosenbrock,100,1,-23.426183103097145,10.893099013715982,310,397371031
sobol,SignGD,Rosenbrock,100,2,-511.27363964757546,4.3553359266370535,1509,1686737729
sobol,GA,Rosenbrock,100,2,-5587.156051029317,0.7716907421126962,300,1686737729
sobol,GD,Rosenbrock,100,1,-196.2952859887048,10.590419897809625,6000,397371031
sobol,SMCO,Rosenbrock,100,1,-24.623415676562903,12.170017024502158,310,397371031
sobol,SMCO_R,Rosenbrock,100,1,-2.4295159896932077,13.666070148348808,160,397371031
sobol,BOBYQA,Ackley,100,13,-19.554711594455316,37.874834010377526,3000,1846968539
sobol,SMCO_BR,Rosenbrock,100,2,-78.69237228780543,9.314058518968523,85,1686737729
sobol,SPSA,Rosenbrock,100,3,-9821931.42494184,0.251714208163321,3004,2113481472
sobol,optimLBFGS,Rosenbrock,100,2,-1.5907406937919637e-07,7.113072378560901,1285,1686737729
sobol,SMCO_BR,Rosenbrock,100,1,-3.1539546591703527,15.481718197464943,85,397371031
sobol,optimNM,Rosenbrock,100,3,-9341816.170275902,0.5421099988743663,3000,2113481472
sobol,GenSA,Rosenbrock,100,2,-20.49526186050325,7.227389222942293,300,1686737729
sobol,SMCO_R_EVO,Rosenbrock,100,2,-2.3452689027529443,11.33448350429535,310,1686737729
sobol,SignGD,Rosenbrock,100,3,-328.09214325371187,3.7959074787795544,1509,2113481472
sobol,SMCO_EVO,Rosenbrock,100,2,-21.660961843169385,12.36769816186279,310,1686737729
sobol,PSO,Rosenbrock,100,3,-1040677.9269458511,0.34666318353265524,300,2113481472
sobol,SMCO,Rosenbrock,100,2,-25.117660297823246,13.095552963204682,310,1686737729
sobol,GA,Rosenbrock,100,3,-5258.719744829723,0.8413514737039804,300,2113481472
sobol,optimLBFGS,Rosenbrock,100,3,-6.612434802342124e-08,3.740703192539513,1187,2113481472
sobol,SA,Ackley,100,13,-19.46266182052793,42.724883270449936,300,1846968539
sobol,SMCO_R,Rosenbrock,100,2,-2.3739733015802122,14.272635263390839,160,1686737729
sobol,SMCO_BR_EVO,Rosenbrock,100,2,-91.65513586725659,13.188338052481413,160,1686737729
sobol,SMCO,Rosenbrock,100,3,-23.49093331102098,8.736555914394557,310,2113481472
sobol,ADAM,Rosenbrock,100,2,-2524721.0416726717,13.421647181734443,6000,1686737729
sobol,SMCO_R,Rosenbrock,100,3,-2.8328177011126625,10.27239590883255,160,2113481472
sobol,ADAM,Rosenbrock,100,1,-2118471.2272880943,19.11058174725622,6000,397371031
sobol,SPSA,Rosenbrock,100,4,-8451310.169650728,0.300296981818974,4102,113742616
sobol,SignGD,Rosenbrock,100,4,-290.85384333563337,1.9390794755890965,1509,113742616
sobol,SMCO_R_EVO,Rosenbrock,100,3,-2.8859511230469375,10.11771858856082,310,2113481472
sobol,optimNM,Rosenbrock,100,4,-7978606.3077409165,0.28693863190710545,3000,113742616
sobol,SMCO_BR,Rosenbrock,100,3,-76.69010258699764,11.699746171943843,85,2113481472
sobol,GD,Rosenbrock,100,2,-342.7503830723786,16.47954086959362,6000,1686737729
sobol,SMCO_BR_EVO,Rosenbrock,100,3,-73.41025638835758,11.096538349986076,160,2113481472
sobol,PSO,Rosenbrock,100,4,-769707.5820570345,0.20710934232920408,300,113742616
sobol,GA,Rosenbrock,100,4,-6070.860622287045,1.0461740978062153,300,113742616
sobol,GenSA,Rosenbrock,100,3,-106.98869640928817,8.209597926586866,300,2113481472
sobol,GD,Rosenbrock,100,3,-299.68686685978065,14.25959125161171,6000,2113481472
sobol,DEoptim,Ackley,100,10,-3.5611597095526055,77.08023845870048,300,247356067
sobol,BOBYQA,Ackley,100,14,-19.645822767881068,39.1312447860837,3000,208438674
sobol,SMCO_EVO,Rosenbrock,100,3,-20.33683134751676,15.71792011987418,310,2113481472
sobol,SMCO_BR,Rosenbrock,100,4,-25.119811705515495,10.27756224013865,85,113742616
sobol,ADAM,Rosenbrock,100,3,-2400152.1309102625,14.922663218341768,6000,2113481472
sobol,SMCO_R,Rosenbrock,100,4,-1.8618444260441938,10.401541043072939,160,113742616
sobol,SMCO_R_EVO,Rosenbrock,100,4,-3.2523666876540633,9.732232438400388,310,113742616
sobol,SPSA,Rosenbrock,100,5,-9977171.57154484,0.26965111307799816,3705,924465025
sobol,GenSA,Rosenbrock,100,4,-124.50008240695493,7.869422974064946,300,113742616
sobol,optimLBFGS,Rosenbrock,100,4,-6.030024743867063e-08,8.20770947728306,1159,113742616
sobol,optimNM,Rosenbrock,100,5,-9452463.292350123,0.5310075283050537,3000,924465025
sobol,SignGD,Rosenbrock,100,5,-220.51170896442997,3.900610321201384,1509,924465025
sobol,SMCO,Rosenbrock,100,4,-21.341970924703237,14.532287418842316,310,113742616
sobol,GD,Rosenbrock,100,4,-293.60021656939375,12.9317084280774,6000,113742616
sobol,PSO,Rosenbrock,100,5,-933312.7594207878,0.1844456810504198,300,924465025
sobol,ADAM,Rosenbrock,100,4,-1902347.0266349271,12.40719769988209,6000,113742616
sobol,SA,Ackley,100,14,-19.48852223456544,45.05112315621227,300,208438674
sobol,SMCO_EVO,Rosenbrock,100,4,-26.454652334482542,14.954765064641833,310,113742616
sobol,GA,Rosenbrock,100,5,-5687.775659693795,1.0223100213333964,300,924465025
sobol,SMCO_BR_EVO,Rosenbrock,100,4,-101.09707754164343,14.253372215665877,160,113742616
sobol,optimLBFGS,Rosenbrock,100,5,-1.7951443028274362e-07,5.280246582813561,1211,924465025
sobol,SMCO_R,Rosenbrock,100,5,-1.9881522088122867,11.0082296570763,160,924465025
sobol,SMCO,Rosenbrock,100,5,-22.194591424251374,12.11941150855273,310,924465025
sobol,SMCO_BR_EVO,Rosenbrock,100,5,-25.13005489161277,8.54478351213038,160,924465025
sobol,SMCO_EVO,Rosenbrock,100,5,-22.939691312163124,9.252335320226848,310,924465025
sobol,SPSA,Rosenbrock,100,6,-9780016.116003817,0.29740945901721716,3602,93561097
sobol,SMCO_BR,Rosenbrock,100,5,-2.1047895372514613,12.510831166058779,85,924465025
sobol,optimNM,Rosenbrock,100,6,-9211971.702461127,0.3036483349278569,3000,93561097
sobol,GenSA,Rosenbrock,100,5,-96.31343680507459,8.574919827282429,300,924465025
sobol,SignGD,Rosenbrock,100,6,-584.9495313763176,3.989697610028088,1509,93561097
sobol,SMCO_R_EVO,Rosenbrock,100,5,-2.721941897459197,14.215441955253482,310,924465025
sobol,BOBYQA,Rosenbrock,100,0,-1798251.6511501444,45.497366562485695,3000,1175199937
sobol,optimLBFGS,Rosenbrock,100,6,-3.018420561016016e-07,5.981264592148364,1193,93561097
sobol,PSO,Rosenbrock,100,6,-821873.2709832155,0.3472870187833905,300,93561097
sobol,DEoptim,Ackley,100,12,-2.5529758740821333,72.27214104216546,300,196940543
sobol,GA,Rosenbrock,100,6,-7301.297491694718,1.0002394374459982,300,93561097
sobol,GD,Rosenbrock,100,5,-236.2848418506893,15.16839054506272,6000,924465025
sobol,ADAM,Rosenbrock,100,5,-2327735.9106411845,13.648312957957387,6000,924465025
sobol,SMCO_BR,Rosenbrock,100,6,-70.95494613718152,9.743427550420165,85,93561097
sobol,GenSA,Rosenbrock,100,6,-113.52487456346743,6.86819654610008,300,93561097
sobol,DEoptim,Ackley,100,11,-2.8819082195345946,83.38088643737137,300,10318862
sobol,SMCO,Rosenbrock,100,6,-24.906350085152596,12.134436490945518,310,93561097
sobol,SPSA,Rosenbrock,100,7,-9122163.508814208,0.12344433832913637,3402,22130812
sobol,SMCO_R,Rosenbrock,100,6,-2.1791441304855037,13.163841467350721,160,93561097
sobol,SMCO_EVO,Rosenbrock,100,6,-22.462218634927854,13.532153737731278,310,93561097
sobol,GD,Rosenbrock,100,6,-313.5172998060981,13.27389003150165,6000,93561097
sobol,optimNM,Rosenbrock,100,7,-8675788.705551622,0.4187675127759576,3000,22130812
sobol,SignGD,Rosenbrock,100,7,-214.85894520516518,3.567940091714263,1509,22130812
sobol,SMCO_BR_EVO,Rosenbrock,100,6,-91.01813604842187,14.126739738509059,160,93561097
sobol,GA,Rosenbrock,100,7,-6270.236332518782,0.6519362377002835,300,22130812
sobol,PSO,Rosenbrock,100,7,-667598.2175346975,0.24138388875871897,300,22130812
sobol,ADAM,Rosenbrock,100,6,-2142676.160558551,14.372305690310895,6000,93561097
sobol,optimLBFGS,Rosenbrock,100,7,-1.6521780368193438e-07,5.085450193844736,1224,22130812
sobol,SMCO_R_EVO,Rosenbrock,100,6,-2.976436951823679,16.77227729000151,310,93561097
sobol,BOBYQA,Rosenbrock,100,1,-1408663.4240722721,46.76906803343445,3000,397371031
sobol,BOBYQA,Rosenbrock,100,2,-1226510.4608354308,42.18641016073525,3000,1686737729
sobol,GenSA,Rosenbrock,100,7,-59.956568772566136,5.2951496336609125,300,22130812
sobol,SMCO_R,Rosenbrock,100,7,-2.3436286076917963,12.058360634371638,160,22130812
sobol,SMCO_BR_EVO,Rosenbrock,100,7,-104.47307888984415,11.731799872592092,160,22130812
sobol,GD,Rosenbrock,100,7,-254.77195191442547,10.78875660803169,6000,22130812
sobol,SPSA,Rosenbrock,100,8,-9938228.65170828,0.16458127368241549,3519,1484065503
sobol,SMCO,Rosenbrock,100,7,-24.034090709452716,12.99401272367686,310,22130812
sobol,SMCO_BR,Rosenbrock,100,7,-69.92714102015394,13.796658948995173,85,22130812
sobol,optimNM,Rosenbrock,100,8,-9481060.942054247,0.3319959146901965,3000,1484065503
sobol,SignGD,Rosenbrock,100,8,-356.4924771095885,2.3547873562201858,1509,1484065503
sobol,DEoptim,Ackley,100,13,-2.986512387222579,79.73430437408388,300,1846968539
sobol,SMCO_EVO,Rosenbrock,100,7,-27.0606834333861,14.623145280405879,310,22130812
sobol,SMCO_R_EVO,Rosenbrock,100,7,-6.075256133305537,15.263913658447564,310,22130812
sobol,PSO,Rosenbrock,100,8,-1774429.2922436153,0.34304648265242577,300,1484065503
sobol,GA,Rosenbrock,100,8,-5685.108277432793,1.1331850299611688,300,1484065503
sobol,ADAM,Rosenbrock,100,7,-2077102.2921734892,13.945938522927463,6000,22130812
sobol,optimLBFGS,Rosenbrock,100,8,-8.500596858553727e-08,5.475928295403719,1174,1484065503
sobol,SMCO_BR,Rosenbrock,100,8,-2.527816864843761,10.811688963323832,85,1484065503
sobol,SMCO,Rosenbrock,100,8,-22.300172316381058,12.27425822801888,310,1484065503
sobol,SMCO_BR_EVO,Rosenbrock,100,8,-85.8171564171576,10.802994851022959,160,1484065503
sobol,GenSA,Rosenbrock,100,8,-93.1240244587771,7.625489360652864,300,1484065503
sobol,SMCO_R,Rosenbrock,100,8,-2.2328379032161023,15.019267682917416,160,1484065503
sobol,SMCO_R_EVO,Rosenbrock,100,8,-2.53349672381698,15.155196378938854,310,1484065503
sobol,BOBYQA,Rosenbrock,100,4,-996335.736990817,44.065651771612465,3000,113742616
sobol,SPSA,Rosenbrock,100,9,-11272922.016543511,0.33617256209254265,4298,1802719382
sobol,SignGD,Rosenbrock,100,9,-269.830100865506,2.9461230570450425,1509,1802719382
sobol,GD,Rosenbrock,100,8,-281.96182472058274,13.994912771508098,6000,1484065503
sobol,DEoptim,Rosenbrock,100,0,-997.859467701639,69.96221025008708,300,1175199937
sobol,optimNM,Rosenbrock,100,9,-10733207.940275619,0.3308920534327626,3000,1802719382
sobol,DEoptim,Ackley,100,14,-2.124132095021132,78.23701087664813,300,208438674
sobol,BOBYQA,Rosenbrock,100,3,-2270119.9632800217,52.05615366157144,3000,2113481472
sobol,PSO,Rosenbrock,100,9,-991922.8802304172,0.3572208173573017,300,1802719382
sobol,GA,Rosenbrock,100,9,-5534.010605491552,1.1328503722324967,300,1802719382
sobol,SMCO_EVO,Rosenbrock,100,8,-24.738498479679045,17.97400226071477,310,1484065503
sobol,ADAM,Rosenbrock,100,8,-2323636.6589107146,14.763508068397641,6000,1484065503
sobol,BOBYQA,Rosenbrock,100,5,-1546092.9380215253,40.11238292045891,3000,924465025
sobol,SMCO,Rosenbrock,100,9,-22.6400629417867,13.423403464257717,310,1802719382
sobol,optimLBFGS,Rosenbrock,100,9,-9.687244709343341e-08,5.626829373650253,1171,1802719382
sobol,GenSA,Rosenbrock,100,9,-4.150496141837147e-10,5.3687731912359595,300,1802719382
sobol,SMCO_BR_EVO,Rosenbrock,100,9,-74.7869944947362,11.33112640492618,160,1802719382
sobol,SMCO_EVO,Rosenbrock,100,9,-24.44382911768148,12.985640139319003,310,1802719382
sobol,SMCO_BR,Rosenbrock,100,9,-25.00321663289224,14.779217096045613,85,1802719382
sobol,SPSA,Rosenbrock,100,10,-6772225.579642158,0.377383423037827,5177,689242106
sobol,SMCO_R,Rosenbrock,100,9,-2.450411329122541,16.18161060474813,160,1802719382
sobol,SMCO_R_EVO,Rosenbrock,100,9,-2.391123591929043,13.602841545827687,310,1802719382
sobol,optimNM,Rosenbrock,100,10,-6449662.685132118,0.545190179720521,3000,689242106
sobol,GD,Rosenbrock,100,9,-295.55023249460163,13.201596478000283,6000,1802719382
sobol,SignGD,Rosenbrock,100,10,-304.4109452906748,3.809834866784513,1509,689242106
sobol,DEoptim,Rosenbrock,100,1,-1029.049053334474,72.23162085842341,300,397371031
sobol,PSO,Rosenbrock,100,10,-667064.7847804624,0.344781375490129,300,689242106
sobol,GA,Rosenbrock,100,10,-5324.424519735698,1.074811965227127,300,689242106
sobol,SMCO_EVO,Rosenbrock,100,10,-27.556483944642366,8.337251796387136,310,689242106
sobol,ADAM,Rosenbrock,100,9,-2658831.6932595517,13.556827008724213,6000,1802719382
sobol,SMCO,Rosenbrock,100,10,-25.917828828537118,10.631992018781602,310,689242106
sobol,SA,Rosenbrock,100,1,-3.98662385470432,74.59596317633986,300,397371031
sobol,BOBYQA,Rosenbrock,100,6,-1430009.829201091,43.18287981953472,3000,93561097
sobol,SMCO_R,Rosenbrock,100,10,-2.3812195567867787,11.400352515280247,160,689242106
sobol,optimLBFGS,Rosenbrock,100,10,-1.1041504791028693e-07,7.1186707355082035,1154,689242106
sobol,SA,Rosenbrock,100,0,-1.0474002100066614e-10,83.8952884413302,300,1175199937
sobol,SPSA,Rosenbrock,100,11,-8961338.65744655,0.2805114472284913,3984,693558215
sobol,DEoptim,Rosenbrock,100,2,-1176.9526918355773,70.96330162603408,300,1686737729
sobol,DEoptim,Rosenbrock,100,3,-877.9537723165748,64.41893740277737,300,2113481472
sobol,optimNM,Rosenbrock,100,11,-8489611.051977975,0.2882075337693095,3000,693558215
sobol,SMCO_BR,Rosenbrock,100,10,-70.22242815755699,13.455784386955202,85,689242106
sobol,GenSA,Rosenbrock,100,10,-97.15206063496066,7.552022741176188,300,689242106
sobol,GD,Rosenbrock,100,10,-240.36189793547726,11.46222484856844,6000,689242106
sobol,SignGD,Rosenbrock,100,11,-426.6418230021747,3.8886619433760643,1509,693558215
sobol,SMCO_BR_EVO,Rosenbrock,100,10,-82.67607129138406,12.650298641994596,160,689242106
sobol,GA,Rosenbrock,100,11,-7287.773602001758,1.1107271183282137,300,693558215
sobol,PSO,Rosenbrock,100,11,-1738596.1069954906,0.3528148541226983,300,693558215
sobol,SMCO_R_EVO,Rosenbrock,100,10,-2.647865049663155,16.220573735423386,310,689242106
sobol,ADAM,Rosenbrock,100,10,-1264970.5922010236,13.67984249163419,6000,689242106
sobol,optimLBFGS,Rosenbrock,100,11,-4.1674289166148865e-05,6.560665698722005,1291,693558215
sobol,SA,Rosenbrock,100,2,-3.986623854686657,77.29627150576562,300,1686737729
sobol,GenSA,Rosenbrock,100,11,-143.21200744238888,6.226660151034594,300,693558215
sobol,SMCO_BR_EVO,Rosenbrock,100,11,-96.61894906505731,10.122473603114486,160,693558215
sobol,SMCO_R,Rosenbrock,100,11,-2.5236625130975865,12.540354501456022,160,693558215
sobol,SMCO_EVO,Rosenbrock,100,11,-23.396879119009487,11.275618656538427,310,693558215
sobol,SPSA,Rosenbrock,100,12,-9401677.266450113,0.323172215372324,4132,112288612
sobol,SMCO_BR,Rosenbrock,100,11,-3.616043388670776,13.134022352285683,85,693558215
sobol,optimNM,Rosenbrock,100,12,-8925750.541011013,0.29065758921206,3000,112288612
sobol,SMCO,Rosenbrock,100,11,-23.425890260747238,13.863244036212564,310,693558215
sobol,SMCO_R_EVO,Rosenbrock,100,11,-35.55429111850246,12.566120223142207,310,693558215
sobol,SignGD,Rosenbrock,100,12,-246.16469624007283,3.708627133630216,1509,112288612
sobol,SA,Rosenbrock,100,3,-1.244099269014401e-10,75.56692474987358,300,2113481472
sobol,PSO,Rosenbrock,100,12,-890167.350783645,0.16924369800835848,300,112288612
sobol,GA,Rosenbrock,100,12,-6508.410140210352,1.0307379700243473,300,112288612
sobol,SMCO_R,Rosenbrock,100,12,-2.3591952384734416,9.595020219683647,160,112288612
sobol,optimLBFGS,Rosenbrock,100,12,-1.1384501077026114e-07,4.483235790394247,1167,112288612
sobol,BOBYQA,Rosenbrock,100,7,-1596891.054532122,47.655332935974,3000,22130812
sobol,GD,Rosenbrock,100,11,-265.8619484415164,16.169528209604323,6000,693558215
sobol,DEoptim,Rosenbrock,100,4,-781.7702156991977,72.3931565405801,300,113742616
sobol,GenSA,Rosenbrock,100,12,-89.47334031363332,5.03683312330395,300,112288612
sobol,ADAM,Rosenbrock,100,11,-2039919.7177018085,16.56503089517355,6000,693558215
sobol,SMCO,Rosenbrock,100,12,-21.74161890407818,12.72070599347353,310,112288612
sobol,SPSA,Rosenbrock,100,13,-9129208.237186756,0.36181629821658134,5009,1482578746
sobol,SMCO_BR,Rosenbrock,100,12,-3.4573144229959114,13.848063927143812,85,112288612
sobol,DEoptim,Rosenbrock,100,5,-732.4090250223426,65.82378216832876,300,924465025
sobol,optimNM,Rosenbrock,100,13,-8726973.985591583,0.5744600845500827,3000,1482578746
sobol,SA,Rosenbrock,100,4,-9.707280563046509e-11,77.405801567249,300,113742616
sobol,SignGD,Rosenbrock,100,13,-557.3844372045584,4.075936384499073,1509,1482578746
sobol,GD,Rosenbrock,100,12,-245.0297078727581,12.657418878749013,6000,112288612
sobol,BOBYQA,Rosenbrock,100,8,-977964.0446432208,46.14479392487556,3000,1484065503
sobol,GA,Rosenbrock,100,13,-5966.805355530587,0.6702897138893604,300,1482578746
sobol,SMCO_EVO,Rosenbrock,100,12,-24.570735062561027,15.702262063510716,310,112288612
sobol,PSO,Rosenbrock,100,13,-593387.1562795588,0.3564651031047106,300,1482578746
sobol,SMCO_R_EVO,Rosenbrock,100,12,-2.62043192407421,15.383238583803177,310,112288612
sobol,SMCO,Rosenbrock,100,13,-23.27412630661988,10.094425906427205,310,1482578746
sobol,SMCO_BR_EVO,Rosenbrock,100,12,-85.8508563282006,16.134603670798242,160,112288612
sobol,ADAM,Rosenbrock,100,12,-2093209.64556601,14.426397719420493,6000,112288612
sobol,optimLBFGS,Rosenbrock,100,13,-1.0674430611064347e-07,6.392613651230931,1247,1482578746
sobol,SMCO_EVO,Rosenbrock,100,13,-22.762036806057754,9.952583322301507,310,1482578746
sobol,SMCO_BR,Rosenbrock,100,13,-15.406385659849335,11.568318915553391,85,1482578746
sobol,SPSA,Rosenbrock,100,14,-9991983.757992841,0.2820331435650587,4027,1994823292
sobol,SMCO_R,Rosenbrock,100,13,-2.5108866286247458,13.335289131850004,160,1482578746
sobol,DEoptim,Rosenbrock,100,6,-747.6092680900875,67.69997398927808,300,93561097
sobol,SignGD,Rosenbrock,100,14,-305.3394774782478,3.40680858399719,1509,1994823292
sobol,SMCO_R_EVO,Rosenbrock,100,13,-6.907902982392802,12.72751343715936,310,1482578746
sobol,GenSA,Rosenbrock,100,13,-88.45889936431378,8.238519708625972,300,1482578746
sobol,optimNM,Rosenbrock,100,14,-9492712.905529927,0.5501384362578392,3000,1994823292
sobol,GA,Rosenbrock,100,14,-5757.932635617986,1.1374384965747595,300,1994823292
sobol,PSO,Rosenbrock,100,14,-788428.9464544419,0.4140469618141651,300,1994823292
sobol,GD,Rosenbrock,100,13,-144.6634742840396,14.07439345587045,6000,1482578746
sobol,SMCO,Rosenbrock,100,14,-25.290342515780765,9.610780274495482,310,1994823292
sobol,SMCO_BR_EVO,Rosenbrock,100,13,-72.39646030200234,15.80731622222811,160,1482578746
sobol,optimLBFGS,Rosenbrock,100,14,-9.091756852911884e-08,6.149259925819933,1250,1994823292
sobol,BOBYQA,Rosenbrock,100,9,-1452964.6189330465,45.6361191207543,3000,1802719382
sobol,DEoptim,Rosenbrock,100,7,-559.6663580586395,64.55717990826815,300,22130812
sobol,GenSA,Rosenbrock,100,14,-76.1357074234917,6.594798734411597,300,1994823292
sobol,ADAM,Rosenbrock,100,13,-2124954.33528465,16.995990169234574,6000,1482578746
sobol,BOBYQA,Rosenbrock,100,10,-906184.8298502221,40.63516758196056,3000,689242106
sobol,SMCO_BR,Rosenbrock,100,14,-3.0618289143699196,12.69898157287389,85,1994823292
sobol,SPSA,Griewank,100,0,-2423.6210072462222,0.23592589888721704,4617,609680722
sobol,optimLBFGS,Griewank,100,0,-7.504061172447507e-08,0.9463688563555479,177,609680722
sobol,ADAM,Rosenbrock,100,14,-2320440.7671667,10.86321609467268,6000,1994823292
sobol,optimNM,Griewank,100,0,-2395.6976188503218,0.3117166291922331,3000,609680722
sobol,SMCO_R_EVO,Rosenbrock,100,14,-3.096371687345835,12.408843621611595,310,1994823292
sobol,SMCO_R,Rosenbrock,100,14,-2.2740208398853077,14.354170197620988,160,1994823292
sobol,SA,Rosenbrock,100,5,-6.038286750147575e-11,85.35924023203552,300,924465025
sobol,PSO,Griewank,100,0,-347.7496715345554,0.23709655366837978,300,609680722
sobol,SMCO_EVO,Rosenbrock,100,14,-24.969198986473803,14.867876318283379,310,1994823292
sobol,GA,Griewank,100,0,-45.64291743960693,1.1033554561436176,300,609680722
sobol,SMCO_BR_EVO,Rosenbrock,100,14,-88.29678192667485,13.793053192086518,160,1994823292
sobol,GD,Rosenbrock,100,14,-245.05126376443988,15.396696283482015,6000,1994823292
sobol,SignGD,Griewank,100,0,-2225.6997220174644,6.6302896942943335,2008,609680722
sobol,GenSA,Griewank,100,0,-6.163575871909188e-09,7.8055025059729815,300,609680722
sobol,SMCO_BR,Griewank,100,0,-0.1520517141033092,13.241501693613827,85,609680722
sobol,SMCO_EVO,Griewank,100,0,-0.9095543839647799,13.164447335526347,310,609680722
sobol,SMCO_R,Griewank,100,0,-0.144480443554464,15.009247615933418,160,609680722
sobol,DEoptim,Rosenbrock,100,8,-968.564731179407,67.78300175443292,300,1484065503
sobol,SPSA,Griewank,100,1,-2532.566151805476,0.4762627072632313,5597,720838238
sobol,SMCO,Griewank,100,0,-0.8752848854242788,17.080880706198514,310,609680722
sobol,BOBYQA,Rosenbrock,100,11,-1007583.7676208983,44.953495379537344,3000,693558215
sobol,optimLBFGS,Griewank,100,1,-3.329405862118051e-09,1.6789029818028212,154,720838238
sobol,SMCO_BR_EVO,Griewank,100,0,-0.18592789935739085,14.671810447238386,160,609680722
sobol,optimNM,Griewank,100,1,-2502.9796143261055,0.5886934716254473,3000,720838238
sobol,GA,Griewank,100,1,-50.35065946680107,1.2060948004946113,300,720838238
sobol,PSO,Griewank,100,1,-294.80413049140896,0.2603237237781286,300,720838238
sobol,SA,Rosenbrock,100,7,-9.949979580283493e-11,80.82193804066628,300,22130812
sobol,SA,Rosenbrock,100,6,-1.1530006044590355e-10,90.273093492724,300,93561097
sobol,SMCO_R_EVO,Griewank,100,0,-0.14673311763680486,17.26813956629485,310,609680722
sobol,SignGD,Griewank,100,1,-2417.4006556662707,5.593298647552729,2008,720838238
sobol,GD,Griewank,100,0,-1812.1374876852242,17.12003364507109,6000,609680722
sobol,BOBYQA,Rosenbrock,100,12,-1344320.3672519177,40.500964743085206,3000,112288612
sobol,SMCO,Griewank,100,1,-0.8521552830018273,15.124441899359226,310,720838238
sobol,SMCO_R_EVO,Griewank,100,1,-0.12667866484635493,13.03563685156405,310,720838238
sobol,SMCO_EVO,Griewank,100,1,-0.8435527482379432,14.872424924746156,310,720838238
sobol,DEoptim,Rosenbrock,100,9,-1128.9312722827724,65.27739291265607,300,1802719382
sobol,ADAM,Griewank,100,0,-2387.4075508463684,18.742989407852292,6000,609680722
sobol,SPSA,Griewank,100,2,-2392.519048905271,0.31502836383879185,4364,1530055040
sobol,optimNM,Griewank,100,2,-2361.4713242632565,0.3481052815914154,3000,1530055040
sobol,optimLBFGS,Griewank,100,2,-1.1359561069568258e-09,0.9007864035665989,194,1530055040
sobol,SMCO_BR,Griewank,100,1,-0.13503390824034678,16.61759370751679,85,720838238
sobol,SMCO_R,Griewank,100,1,-0.14602923802431156,16.81191189493984,160,720838238
sobol,GenSA,Griewank,100,1,-4.912698026160456e-10,7.544611825607717,300,720838238
sobol,PSO,Griewank,100,2,-388.026292368192,0.446974023245275,300,1530055040
sobol,GA,Griewank,100,2,-49.66508117014955,1.1553518930450082,300,1530055040
sobol,SA,Rosenbrock,100,8,-3.986623854690714,78.81184493470937,300,1484065503
sobol,SignGD,Griewank,100,2,-2199.4373972143653,6.478781457059085,2008,1530055040
sobol,SMCO_BR_EVO,Griewank,100,1,-0.19510278862766184,17.81637675408274,160,720838238
sobol,ADAM,Griewank,100,1,-2495.294287175313,13.8562953742221,6000,720838238
sobol,GD,Griewank,100,1,-1893.0773340842866,16.322129806503654,6000,720838238
sobol,BOBYQA,Rosenbrock,100,13,-1186438.2341225026,41.8364421101287,3000,1482578746
sobol,GenSA,Griewank,100,2,-8.096577852612086e-09,7.624088023789227,300,1530055040
sobol,SMCO_EVO,Griewank,100,2,-0.8911529204167971,13.67118404712528,310,1530055040
sobol,SMCO_BR,Griewank,100,2,-0.183278108310308,13.926692695356905,85,1530055040
sobol,SPSA,Griewank,100,3,-2658.31970553588,0.2860863050445914,3542,229078681
sobol,SMCO_BR_EVO,Griewank,100,2,-0.174868117737485,13.804545491933823,160,1530055040
sobol,SMCO_R,Griewank,100,2,-0.11935182589018833,14.75217492133379,160,1530055040
sobol,optimNM,Griewank,100,3,-2630.059510806482,0.44780553691089153,3000,229078681
sobol,optimLBFGS,Griewank,100,3,-4.630073879852148e-09,1.3095153365284204,168,229078681
sobol,SMCO_R_EVO,Griewank,100,2,-0.14876233644051784,14.756876159459352,310,1530055040
sobol,SignGD,Griewank,100,3,-2488.4560056090163,4.977306880988181,1509,229078681
sobol,PSO,Griewank,100,3,-515.9108530798957,0.3695926032960415,300,229078681
sobol,GA,Griewank,100,3,-46.512151209445456,1.1409237198531628,300,229078681
sobol,SMCO,Griewank,100,2,-0.8856627846518073,17.28372559696436,310,1530055040
sobol,BOBYQA,Rosenbrock,100,14,-1058918.2803160313,39.426341033540666,3000,1994823292
sobol,DEoptim,Rosenbrock,100,10,-676.7076702931148,70.86156157031655,300,689242106
sobol,DEoptim,Rosenbrock,100,11,-902.264973244234,65.84388365130872,300,693558215
sobol,ADAM,Griewank,100,2,-2356.9761508317465,16.371080484241247,6000,1530055040
sobol,GD,Griewank,100,2,-1788.6732546166927,18.95645002182573,6000,1530055040
sobol,SMCO,Griewank,100,3,-0.9429651333421378,16.66239677462727,310,229078681
sobol,GenSA,Griewank,100,3,-3.4095571921355372e-09,7.920169720426202,300,229078681
sobol,SPSA,Griewank,100,4,-2436.35387486177,0.3826617915183306,4429,1627604278
sobol,SMCO_R,Griewank,100,3,-0.152636402590828,17.245593938045204,160,229078681
sobol,SA,Rosenbrock,100,9,-1.2031606553203117e-10,84.80511463806033,300,1802719382
sobol,SMCO_EVO,Griewank,100,3,-0.8241649547572479,14.741642051376402,310,229078681
sobol,optimNM,Griewank,100,4,-2403.104441063375,0.5302445013076067,3000,1627604278
sobol,BOBYQA,Griewank,100,0,-1165.981574175753,38.301984475925565,3000,609680722
sobol,SMCO_BR,Griewank,100,3,-0.17191148018234714,17.465387431904674,85,229078681
sobol,GD,Griewank,100,3,-1986.7316370124493,13.181450246833265,6000,229078681
sobol,PSO,Griewank,100,4,-413.6167159088981,0.44570651836693287,300,1627604278
sobol,SMCO_BR_EVO,Griewank,100,3,-0.19033005184956076,14.874829260632396,160,229078681
sobol,optimLBFGS,Griewank,100,4,-1.2820431383175901e-08,1.5968402177095413,173,1627604278
sobol,GA,Griewank,100,4,-51.69624957295971,1.193684526719153,300,1627604278
sobol,SMCO_R_EVO,Griewank,100,3,-0.15545041106610658,17.183223477564752,310,229078681
sobol,SignGD,Griewank,100,4,-2239.5030825945346,6.512777809984982,2008,1627604278
sobol,ADAM,Griewank,100,3,-2618.6573427692356,15.760970481671393,6000,229078681
sobol,DEoptim,Rosenbrock,100,12,-723.7286960557434,65.11357872746885,300,112288612
sobol,SMCO_R,Griewank,100,4,-0.13174683742526672,11.926385969854891,160,1627604278
sobol,GenSA,Griewank,100,4,-1.980788089106511e-09,6.906766091473401,300,1627604278
sobol,SPSA,Griewank,100,5,-2689.5808610533672,0.250311098061502,4483,620025779
sobol,SA,Rosenbrock,100,10,-7.722589371736828e-11,85.05077029298991,300,689242106
sobol,optimLBFGS,Griewank,100,5,-7.393600398586386e-09,0.7803803104907274,147,620025779
sobol,SMCO_R_EVO,Griewank,100,4,-0.14336557506570613,14.10305818170309,310,1627604278
sobol,SMCO,Griewank,100,4,-0.872374786161183,15.56567711289972,310,1627604278
sobol,optimNM,Griewank,100,5,-2659.671974166406,0.5798102710396051,3000,620025779
sobol,SMCO_EVO,Griewank,100,4,-0.9158967087270244,16.882081841118634,310,1627604278
sobol,SignGD,Griewank,100,5,-2620.316982576901,6.479322291910648,2008,620025779
sobol,PSO,Griewank,100,5,-599.1599608395791,0.5012520551681519,300,620025779
sobol,GA,Griewank,100,5,-48.798097081050166,1.1720979986712337,300,620025779
sobol,SMCO_BR,Griewank,100,4,-0.12981874482444178,18.417000665329397,85,1627604278
sobol,SMCO_BR_EVO,Griewank,100,4,-0.18369430774771656,17.015631296671927,160,1627604278
sobol,BOBYQA,Griewank,100,1,-1141.4865775839821,40.772301780059934,3000,720838238
sobol,SMCO_R,Griewank,100,5,-0.15790622928482045,13.23847780097276,160,620025779
sobol,SMCO,Griewank,100,5,-0.8338289404260261,14.007892047986388,310,620025779
sobol,GenSA,Griewank,100,5,-3.9103142945862146e-10,6.735940181650221,300,620025779
sobol,DEoptim,Rosenbrock,100,13,-603.1120088969517,67.67344274930656,300,1482578746
sobol,GD,Griewank,100,4,-1819.3512675988782,19.771397196687758,6000,1627604278
sobol,SPSA,Griewank,100,6,-2754.425691145427,0.4161067521199584,5120,346125290
sobol,optimLBFGS,Griewank,100,6,-1.3011862698419918e-09,1.3804559409618378,157,346125290
sobol,SMCO_BR_EVO,Griewank,100,5,-0.16966000653765334,14.094308870844543,160,620025779
sobol,ADAM,Griewank,100,4,-2397.8883866127176,19.292824941687286,6000,1627604278
sobol,SMCO_EVO,Griewank,100,5,-0.8914445991265448,16.769609179347754,310,620025779
sobol,optimNM,Griewank,100,6,-2723.300371887901,0.43606512527912855,3000,346125290
sobol,SMCO_BR,Griewank,100,5,-0.15858925482894481,17.902543550357223,85,620025779
sobol,SMCO_R_EVO,Griewank,100,5,-0.16079310304530714,16.078635051846504,310,620025779
sobol,GA,Griewank,100,6,-46.636332434964864,0.6813769219443202,300,346125290
sobol,PSO,Griewank,100,6,-597.1005812735484,0.4832331985235214,300,346125290
sobol,SA,Rosenbrock,100,11,-1.0615468193327774e-10,91.3518593646586,300,693558215
sobol,SignGD,Griewank,100,6,-2557.357022529129,6.998487135395408,2507,346125290
sobol,ADAM,Griewank,100,5,-2651.6621153248648,17.215315488167107,6000,620025779
sobol,GD,Griewank,100,5,-2010.8542870676667,19.226671408861876,6000,620025779
sobol,SMCO_BR_EVO,Griewank,100,6,-0.15040081857348842,9.522115566767752,160,346125290
sobol,SMCO_EVO,Griewank,100,6,-0.9026410499843287,11.051919491961598,310,346125290
sobol,DEoptim,Rosenbrock,100,14,-689.9030981639703,69.87367003876716,300,1994823292
sobol,BOBYQA,Griewank,100,2,-1146.5482590930978,44.955982939340174,3000,1530055040
sobol,GenSA,Griewank,100,6,-1.04495645469882e-09,7.435092528350651,300,346125290
sobol,SPSA,Griewank,100,7,-2564.9400506950346,0.3543891394510865,4341,73486623
sobol,SA,Rosenbrock,100,12,-6.853547062331637e-11,87.39779187832028,300,112288612
sobol,SMCO_R,Griewank,100,6,-0.1409432730647524,15.297228058800101,160,346125290
sobol,optimNM,Griewank,100,7,-2534.8790618922458,0.5824914993718266,3000,73486623
sobol,SMCO_R_EVO,Griewank,100,6,-0.1792999284246476,13.304255282506347,310,346125290
sobol,optimLBFGS,Griewank,100,7,-1.20839016570784e-09,1.5488645173609257,171,73486623
sobol,DEoptim,Griewank,100,0,-1.3451671009712016,65.09112436976284,300,609680722
sobol,GA,Griewank,100,7,-40.01872310962577,1.217462457716465,300,73486623
sobol,PSO,Griewank,100,7,-345.5375869787647,0.42482952401041985,300,73486623
sobol,SMCO_BR,Griewank,100,6,-0.16632351506679732,17.29596358165145,85,346125290
sobol,SignGD,Griewank,100,7,-2363.157399915904,5.211607873439789,3006,73486623
sobol,ADAM,Griewank,100,6,-2713.4111113988124,14.277235669083893,6000,346125290
sobol,SMCO,Griewank,100,6,-0.8593800460387095,18.78755403496325,310,346125290
sobol,SA,Griewank,100,0,-9.166782888314629e-10,66.98187375999987,300,609680722
sobol,SMCO_R,Griewank,100,7,-0.140305711511312,13.211434107273817,160,73486623
sobol,SMCO,Griewank,100,7,-0.8879553303105009,13.661096486262977,310,73486623
sobol,GenSA,Griewank,100,7,-5.060777685805817e-09,6.6903236815705895,300,73486623
sobol,SPSA,Griewank,100,8,-2636.1609337033933,0.4412081092596054,4888,850252786
sobol,SA,Rosenbrock,100,13,-1.0835956197111308e-10,86.84601129591465,300,1482578746
sobol,SMCO_BR,Griewank,100,7,-0.14658748568526125,13.050829223357141,85,73486623
sobol,GD,Griewank,100,6,-2058.203950952916,19.855066609568894,6000,346125290
sobol,BOBYQA,Griewank,100,3,-1410.2106049225686,43.98715249914676,3000,229078681
sobol,optimNM,Griewank,100,8,-2608.1099070859473,0.5861164443194866,3000,850252786
sobol,optimLBFGS,Griewank,100,8,-1.9920141092200083e-09,1.0667410865426064,129,850252786
sobol,GA,Griewank,100,8,-51.095588256654494,0.6421654541045427,300,850252786
sobol,PSO,Griewank,100,8,-276.82335612233663,0.3216061657294631,300,850252786
sobol,SignGD,Griewank,100,8,-2556.9990504442103,4.611945480108261,1509,850252786
sobol,SA,Rosenbrock,100,14,-1.4075149818341665e-10,82.79608581028879,300,1994823292
sobol,GD,Griewank,100,7,-1917.812662579491,15.489656646735966,6000,73486623
sobol,SMCO_R_EVO,Griewank,100,7,-0.145985223737219,17.040866069495678,310,73486623
sobol,SMCO_BR_EVO,Griewank,100,7,-0.20883529385974187,16.2571774488315,160,73486623
sobol,SMCO_EVO,Griewank,100,7,-0.8782301758658595,18.148551768623292,310,73486623
sobol,GenSA,Griewank,100,8,-3.092172740082333e-09,6.09647851344198,300,850252786
sobol,SA,Griewank,100,2,-7.585935213327843e-10,59.78997229412198,300,1530055040
sobol,SMCO_BR,Griewank,100,8,-0.17651091034558863,13.236770230345428,85,850252786
sobol,SMCO_R,Griewank,100,8,-0.13905039051650603,13.875240218825638,160,850252786
sobol,SPSA,Griewank,100,9,-2757.976713706238,0.35526827815920115,4216,681665395
sobol,ADAM,Griewank,100,7,-2528.1849717137666,17.81903414707631,6000,73486623
sobol,optimNM,Griewank,100,9,-2727.202866776001,0.5356755079701543,3000,681665395
sobol,SMCO_EVO,Griewank,100,8,-0.8855155730668094,14.503095388412476,310,850252786
sobol,optimLBFGS,Griewank,100,9,-1.3747051275103672e-09,1.3998950021341443,157,681665395
sobol,SA,Griewank,100,1,-9.782018528525782e-10,70.34381108451635,300,720838238
sobol,SMCO_R_EVO,Griewank,100,8,-0.15700474136285658,14.925736431963742,310,850252786
sobol,PSO,Griewank,100,9,-250.2993954069414,0.2290970841422677,300,681665395
sobol,SignGD,Griewank,100,9,-2545.4827130033455,4.075520137324929,2008,681665395
sobol,GA,Griewank,100,9,-48.48183052089746,0.6479006791487336,300,681665395
sobol,SMCO,Griewank,100,8,-0.8761926508132256,17.649480052292347,310,850252786
sobol,SMCO_BR_EVO,Griewank,100,8,-0.17863420660559703,17.128340183757246,160,850252786
sobol,BOBYQA,Griewank,100,4,-820.6876629974192,48.10794753488153,3000,1627604278
sobol,SMCO,Griewank,100,9,-0.8935196141650403,11.860321216285229,310,681665395
sobol,GD,Griewank,100,8,-1970.7340214395426,19.272714471444488,6000,850252786
sobol,ADAM,Griewank,100,8,-2597.817976385194,16.700647768564522,6000,850252786
sobol,DEoptim,Griewank,100,1,-1.49454048379583,75.87410651519895,300,720838238
sobol,SMCO_R_EVO,Griewank,100,9,-0.16553442485817138,10.926108034327626,310,681665395
sobol,SPSA,Griewank,100,10,-2599.7749307562212,0.3884190171957016,4030,732936179
sobol,SMCO_EVO,Griewank,100,9,-0.9252056472459055,11.415722294710577,310,681665395
sobol,GenSA,Griewank,100,9,-5.711325967716618e-09,7.3367849653586745,300,681665395
sobol,optimNM,Griewank,100,10,-2565.8537271820774,0.3224726188927889,3000,732936179
sobol,optimLBFGS,Griewank,100,10,-5.655741430743433e-10,1.3527009962126613,153,732936179
sobol,SMCO_BR,Griewank,100,9,-0.1551487714117169,14.676426234655082,85,681665395
sobol,DEoptim,Griewank,100,2,-1.234572911543101,71.76653979998082,300,1530055040
sobol,PSO,Griewank,100,10,-410.4951709346849,0.2712992411106825,300,732936179
sobol,GA,Griewank,100,10,-45.59686206283501,1.1934704929590225,300,732936179
sobol,SMCO_R,Griewank,100,9,-0.13211616392970515,16.70438837725669,160,681665395
sobol,ADAM,Griewank,100,9,-2717.863372748165,13.666372043080628,6000,681665395
sobol,BOBYQA,Griewank,100,5,-911.7617101930416,47.68174006976187,3000,620025779
sobol,SignGD,Griewank,100,10,-2395.4244061239956,6.615251352079213,2008,732936179
sobol,BOBYQA,Griewank,100,6,-1420.0424483734166,39.09440479520708,3000,346125290
sobol,SMCO_BR_EVO,Griewank,100,9,-0.17100333428024794,17.511234239675105,160,681665395
sobol,GD,Griewank,100,9,-2060.734526436493,17.354613281786442,6000,681665395
sobol,SMCO_R,Griewank,100,10,-0.1321660438582588,12.8006238238886,160,732936179
sobol,GenSA,Griewank,100,10,-9.727938454773266e-10,6.991058726795018,300,732936179
sobol,SPSA,Griewank,100,11,-2808.9522573147806,0.37996647879481316,4456,2106073085
sobol,SMCO,Griewank,100,10,-0.8938300457503202,14.164984685368836,310,732936179
sobol,optimLBFGS,Griewank,100,11,-1.6403755020988342e-09,1.3342040358111262,150,2106073085
sobol,optimNM,Griewank,100,11,-2778.943115896375,0.30034152045845985,3000,2106073085
sobol,DEoptim,Griewank,100,3,-1.7746775249471227,67.57199596893042,300,229078681
sobol,SA,Griewank,100,3,-9.963994074269067e-10,68.31007842067629,300,229078681
sobol,GA,Griewank,100,11,-45.72332373158247,1.1161413984373212,300,2106073085
sobol,PSO,Griewank,100,11,-356.4622480327564,0.42889514565467834,300,2106073085
sobol,SMCO_BR,Griewank,100,10,-0.15323431811925636,16.62271081842482,85,732936179
sobol,SMCO_R_EVO,Griewank,100,10,-0.14782128807086625,14.591609037481248,310,732936179
sobol,SMCO_EVO,Griewank,100,10,-0.9383084300212501,16.72190661262721,310,732936179
sobol,SignGD,Griewank,100,11,-2597.3857417886716,7.173890462145209,2008,2106073085
sobol,SMCO_BR_EVO,Griewank,100,10,-0.14504850175190553,17.01751737575978,160,732936179
sobol,GD,Griewank,100,10,-1941.5489109191221,18.23113141860813,6000,732936179
sobol,GenSA,Griewank,100,11,-2.4127646547356107e-09,7.464499317109585,300,2106073085
sobol,SMCO_EVO,Griewank,100,11,-0.9191950103288864,12.404985972680151,310,2106073085
sobol,SMCO,Griewank,100,11,-0.9183574659317157,15.30766551848501,310,2106073085
sobol,ADAM,Griewank,100,10,-2560.064847002379,18.51544186938554,6000,732936179
sobol,SPSA,Griewank,100,12,-2347.014913443614,0.3665691399946809,4549,1537214939
sobol,SMCO_R,Griewank,100,11,-0.14683224349813162,15.228782845661044,160,2106073085
sobol,optimNM,Griewank,100,12,-2318.803425427135,0.525073274038732,3000,1537214939
sobol,optimLBFGS,Griewank,100,12,-1.4435776907184561e-08,1.2407168000936508,143,1537214939
sobol,DEoptim,Griewank,100,4,-1.310451378527222,69.73919410537928,300,1627604278
sobol,SMCO_BR,Griewank,100,11,-0.17693326228529516,16.366370731033385,85,2106073085
sobol,SMCO_R_EVO,Griewank,100,11,-0.1568497089682499,15.53375084232539,310,2106073085
sobol,GD,Griewank,100,11,-2099.71795088718,14.294412282295525,6000,2106073085
sobol,PSO,Griewank,100,12,-438.8652109294796,0.32056724838912487,300,1537214939
sobol,BOBYQA,Griewank,100,7,-1384.1952231851587,46.1728767324239,3000,73486623
sobol,GA,Griewank,100,12,-46.027985618296206,1.174762818031013,300,1537214939
sobol,SA,Griewank,100,4,-0.009864672636843874,71.61019604839385,300,1627604278
sobol,SMCO_BR_EVO,Griewank,100,11,-0.1408922387495226,16.255078033544123,160,2106073085
sobol,ADAM,Griewank,100,11,-2770.020680379366,15.786143565550447,6000,2106073085
sobol,SignGD,Griewank,100,12,-2157.276576048019,6.8695456851273775,2507,1537214939
sobol,SMCO_R,Griewank,100,12,-0.13530700026592235,12.645370901562274,160,1537214939
sobol,SMCO_EVO,Griewank,100,12,-0.9119917776081943,13.698569878935814,310,1537214939
sobol,SPSA,Griewank,100,13,-2751.0344880384473,0.32293870113790035,4017,442443674
sobol,SMCO_R_EVO,Griewank,100,12,-0.15530004034437717,12.441950078122318,310,1537214939
sobol,BOBYQA,Griewank,100,8,-1228.3119433050697,42.99291705247015,3000,850252786
sobol,GenSA,Griewank,100,12,-2.3418322836477046e-10,7.831588041037321,300,1537214939
sobol,optimNM,Griewank,100,13,-2725.3209076357575,0.29785785265266895,3000,442443674
sobol,SMCO,Griewank,100,12,-0.8880181366554706,16.394002349115908,310,1537214939
sobol,optimLBFGS,Griewank,100,13,-6.0748059915738395e-09,1.3822995470836759,152,442443674
sobol,SMCO_BR,Griewank,100,12,-0.18618208028492245,16.7899008737877,85,1537214939
sobol,PSO,Griewank,100,13,-407.5098680624314,0.43984096590429544,300,442443674
sobol,GA,Griewank,100,13,-50.34671361131988,1.0909765986725688,300,442443674
sobol,DEoptim,Griewank,100,5,-1.6751017156428776,70.56956127844751,300,620025779
sobol,SA,Griewank,100,5,-8.282204921883363e-10,71.02850659843534,300,620025779
sobol,SMCO_BR_EVO,Griewank,100,12,-0.17995769374064918,15.412262973375618,160,1537214939
sobol,SignGD,Griewank,100,13,-2533.0369586128513,7.924312283284962,2507,442443674
sobol,ADAM,Griewank,100,12,-2312.307682273547,16.38403339870274,6000,1537214939
sobol,GD,Griewank,100,12,-1754.8791440480936,18.811108351685107,6000,1537214939
sobol,SA,Griewank,100,6,-9.791313315687944e-10,67.78822719678283,300,346125290
sobol,SMCO_EVO,Griewank,100,13,-0.9207850764239675,14.519029817543924,310,442443674
sobol,GenSA,Griewank,100,13,-7.424043935166935e-09,8.998950513079762,300,442443674
sobol,SPSA,Griewank,100,14,-2556.796524611717,0.26400862354785204,3260,265282895
sobol,BOBYQA,Griewank,100,9,-754.5264674620771,44.57407277170569,3000,681665395
sobol,SMCO_R_EVO,Griewank,100,13,-0.12271022697027811,15.778649741783738,310,442443674
sobol,optimLBFGS,Griewank,100,14,-1.0009237882968591e-09,1.4066631309688091,131,265282895
sobol,optimNM,Griewank,100,14,-2520.7615070423667,0.46946358121931553,3000,265282895
sobol,SMCO_BR,Griewank,100,13,-0.12909047595604406,16.077572147361934,85,442443674
sobol,SMCO_BR_EVO,Griewank,100,13,-0.17347638268027055,15.644708404317498,160,442443674
sobol,PSO,Griewank,100,14,-282.37167578839774,0.22048573475331068,300,265282895
sobol,SMCO,Griewank,100,13,-0.8608201010140872,17.02178700827062,310,442443674
sobol,GA,Griewank,100,14,-45.732890990095925,0.682937765493989,300,265282895
sobol,SMCO_R,Griewank,100,13,-0.12587078603690238,17.24158128257841,160,442443674
sobol,ADAM,Griewank,100,13,-2711.43361313362,14.659863555803895,6000,442443674
sobol,DEoptim,Griewank,100,6,-2.0345400844920274,70.891292325221,300,346125290
sobol,SignGD,Griewank,100,14,-2359.3532534507954,5.7084439704194665,3006,265282895
sobol,GD,Griewank,100,13,-2057.0092268589574,17.343902598135173,6000,442443674
sobol,GD,Zakharov,100,0,-433909436571390.06,0.24973834492266178,70,719341717
sobol,SMCO_R,Griewank,100,14,-0.14075745966966757,12.14009328559041,160,265282895
sobol,SPSA,Zakharov,100,0,-5320.3125,0.4437347538769245,5843,719341717
sobol,DEoptim,Griewank,100,7,-1.5452449314480683,66.06935359351337,300,73486623
sobol,SMCO_BR,Griewank,100,14,-0.16847675938784812,14.10598367266357,85,265282895
sobol,SMCO_EVO,Griewank,100,14,-0.9042911232113664,14.039816780947149,310,265282895
sobol,optimNM,Zakharov,100,0,-394937007640251.06,0.44594426918774843,3000,719341717
sobol,SMCO,Griewank,100,14,-0.8555640131372755,15.40111630037427,310,265282895
sobol,SignGD,Zakharov,100,0,-1429.6263319100904,3.8999471785500646,2008,719341717
sobol,optimLBFGS,Zakharov,100,0,-1.190074855829034e-10,3.4638740811496973,607,719341717
sobol,GenSA,Griewank,100,14,-5.6904019274384154e-09,7.572743515484035,300,265282895
sobol,SMCO_R_EVO,Griewank,100,14,-0.15561098425185238,15.353705188259482,310,265282895
sobol,PSO,Zakharov,100,0,-3855.2312733891627,0.37664820440113544,300,719341717
sobol,GA,Zakharov,100,0,-714.2384978159074,1.0566859673708677,300,719341717
sobol,GD,Griewank,100,14,-1911.6613135878013,12.392908512614667,6000,265282895
sobol,SA,Griewank,100,7,-6.715538125590115e-10,71.30927170533687,300,73486623
sobol,SMCO_BR_EVO,Griewank,100,14,-0.16565432752264797,17.59314806293696,160,265282895
sobol,GD,Zakharov,100,1,-385676456562850.4,0.24221489392220974,70,466919731
sobol,SMCO_BR,Zakharov,100,0,-24.74350146959199,10.735347599722445,85,719341717
sobol,SMCO,Zakharov,100,0,-1.905807076569754,12.435596644878387,310,719341717
sobol,SPSA,Zakharov,100,1,-17859975.0,0.4565965160727501,5767,466919731
sobol,GenSA,Zakharov,100,0,-2.1155720996078605e-10,7.478561010211706,300,719341717
sobol,BOBYQA,Griewank,100,10,-1076.9349462680498,51.293220474384725,3000,732936179
sobol,SMCO_R_EVO,Zakharov,100,0,-5.317267400806799,13.340358898974955,310,719341717
sobol,optimNM,Zakharov,100,1,-355944117377818.94,0.5522539038211107,3000,466919731
sobol,SA,Griewank,100,8,-1.038325869728851e-09,68.18622504081577,300,850252786
sobol,SMCO_EVO,Zakharov,100,0,-1.3801309800718538,14.770275814458728,310,719341717
sobol,GA,Zakharov,100,1,-739.876368662828,0.6067239064723253,300,466919731
sobol,SignGD,Zakharov,100,1,-1390.5915720957319,4.8021833691746,1571,466919731
sobol,optimLBFGS,Zakharov,100,1,-1.7550366930526507e-10,3.1319159269332886,625,466919731
sobol,PSO,Zakharov,100,1,-3987.611199434224,0.21106277965009212,300,466919731
sobol,ADAM,Zakharov,100,0,-6338842861525.373,13.814264005050063,6000,719341717
sobol,ADAM,Griewank,100,14,-2520.7932948799807,18.68792715203017,6000,265282895
sobol,BOBYQA,Griewank,100,11,-1119.120370247311,47.14078058861196,3000,2106073085
sobol,SMCO_R,Zakharov,100,0,-5.034856349968274,17.69970326218754,160,719341717
sobol,GD,Zakharov,100,2,-703317212317006.9,0.28048491943627596,70,184833355
sobol,DEoptim,Griewank,100,8,-1.0711540671746802,71.31981148570776,300,850252786
sobol,SMCO_BR_EVO,Zakharov,100,0,-18.64248926681191,16.911438995040953,160,719341717
sobol,SPSA,Zakharov,100,2,-9158925.0,0.3759654341265559,4577,184833355
sobol,SignGD,Zakharov,100,2,-1718.6630827781576,2.873735347762704,1056,184833355
sobol,SMCO_BR_EVO,Zakharov,100,1,-23.259048738189914,10.94099582452327,160,466919731
sobol,optimNM,Zakharov,100,2,-648065927380806.1,0.2975467713549733,3000,184833355
sobol,optimLBFGS,Zakharov,100,2,-2.1661350095403976e-10,3.066496444866061,627,184833355
sobol,SA,Griewank,100,9,-8.605983703446896e-10,65.86936536524445,300,681665395
sobol,SMCO_R,Zakharov,100,1,-4.847353289197695,14.367973886430264,160,466919731
sobol,SMCO,Zakharov,100,1,-2.1040336581764483,14.851061853580177,310,466919731
sobol,PSO,Zakharov,100,2,-3201.101256069717,0.19313510414212942,300,184833355
sobol,GenSA,Zakharov,100,1,-2.1742847779248642e-10,7.995207014493644,300,466919731
sobol,GA,Zakharov,100,2,-496.0595601411696,1.0832865936681628,300,184833355
sobol,SMCO_BR,Zakharov,100,1,-23.198192551612962,16.010129526257515,85,466919731
sobol,SMCO_EVO,Zakharov,100,1,-1.742514262100725,16.16987280547619,310,466919731
sobol,SMCO_R_EVO,Zakharov,100,1,-14.317119286828788,16.466890620999038,310,466919731
sobol,GenSA,Zakharov,100,2,-4.330961374540836e-10,5.223846303299069,300,184833355
sobol,GD,Zakharov,100,3,-401727703664401.44,0.2997636944055557,70,1314085451
sobol,DEoptim,Griewank,100,9,-1.7396735065177267,71.05248652864248,300,681665395
sobol,BOBYQA,Griewank,100,12,-1182.2053204981755,47.480456398800015,3000,1537214939
sobol,SPSA,Zakharov,100,3,-15525.0,0.31740478426218033,5322,1314085451
sobol,ADAM,Zakharov,100,1,-5023763044342.061,18.207136816345155,6000,466919731
sobol,SMCO,Zakharov,100,2,-2.3328413594624506,15.207286189310253,310,184833355
sobol,SMCO_BR,Zakharov,100,2,-22.38911443130272,15.273786751553416,85,184833355
sobol,SA,Griewank,100,10,-7.053611028595697e-10,68.46991230547428,300,732936179
sobol,optimNM,Zakharov,100,3,-371423196016681.5,0.5452379109337926,3000,1314085451
sobol,SMCO_R,Zakharov,100,2,-5.523048905095026,15.981524378992617,160,184833355
sobol,optimLBFGS,Zakharov,100,3,-1.4227868327688953e-10,3.6284692557528615,622,1314085451
sobol,SMCO_EVO,Zakharov,100,2,-1.9592901413272485,15.75298292003572,310,184833355
sobol,ADAM,Zakharov,100,2,-12702430156502.424,14.328812736086547,6000,184833355
sobol,SignGD,Zakharov,100,3,-1298.6750319061177,5.75142430420965,1509,1314085451
sobol,PSO,Zakharov,100,3,-2759.5925302041223,0.38037392403930426,300,1314085451
sobol,GA,Zakharov,100,3,-650.039456381855,0.5840196162462234,300,1314085451
sobol,SMCO_BR_EVO,Zakharov,100,2,-23.297358281707652,15.940485443919897,160,184833355
sobol,SMCO_R_EVO,Zakharov,100,2,-5.140082270467781,16.78777029644698,310,184833355
sobol,GD,Zakharov,100,4,-399038806391083.4,0.224521410651505,70,1042408591
sobol,SMCO,Zakharov,100,3,-1.6149163529887864,11.887509354390204,310,1314085451
sobol,SA,Griewank,100,11,-6.917796335770277e-10,62.96027981862426,300,2106073085
sobol,SPSA,Zakharov,100,4,-5475.0,0.4532810803502798,5981,1042408591
sobol,BOBYQA,Griewank,100,13,-803.7149872304467,46.35919453855604,3000,442443674
sobol,SMCO_BR,Zakharov,100,3,-21.05084227760787,13.212020119652152,85,1314085451
sobol,SMCO_R_EVO,Zakharov,100,3,-4.761244283248439,12.719886669889092,310,1314085451
sobol,optimNM,Zakharov,100,4,-363398785246865.6,0.5257685082033277,3000,1042408591
sobol,DEoptim,Griewank,100,10,-1.307776657397659,73.17987687885761,300,732936179
sobol,SignGD,Zakharov,100,4,-6397.981645230884,4.254032049328089,1509,1042408591
sobol,optimLBFGS,Zakharov,100,4,-3.170693041878529e-10,3.632450639270246,620,1042408591
sobol,SMCO_BR_EVO,Zakharov,100,3,-21.17506484131718,14.326643085107207,160,1314085451
sobol,PSO,Zakharov,100,4,-4046.249172022871,0.4085869612172246,300,1042408591
sobol,SMCO_R,Zakharov,100,3,-5.383141843915152,16.603613981045783,160,1314085451
sobol,GenSA,Zakharov,100,3,-2.9069578018455196e-10,7.64308594353497,300,1314085451
sobol,GA,Zakharov,100,4,-694.2898674214067,1.0504908189177513,300,1042408591
sobol,SMCO_EVO,Zakharov,100,3,-1.9455321605136051,16.194260970689356,310,1314085451
sobol,ADAM,Zakharov,100,3,-5715918129270.655,13.8415018459782,6000,1314085451
sobol,GD,Zakharov,100,5,-918872583665395.5,0.13937334343791008,70,11201869
sobol,SignGD,Zakharov,100,5,-1385.5671409754684,2.971807138994336,1509,11201869
sobol,GenSA,Zakharov,100,4,-2.3148762326828577e-10,7.8860715162009,300,1042408591
sobol,SPSA,Zakharov,100,5,-15525.0,0.4158891709521413,5470,11201869
sobol,BOBYQA,Griewank,100,14,-1502.5644633372099,46.3811655100435,3000,265282895
sobol,DEoptim,Griewank,100,11,-1.4892812383476999,74.04376698378474,300,2106073085
sobol,SMCO,Zakharov,100,4,-2.9460740128497456,13.183093829080462,310,1042408591
sobol,optimNM,Zakharov,100,5,-860296510351721.5,0.5458583431318402,3000,11201869
sobol,SMCO_BR,Zakharov,100,4,-18.587254964861373,14.30457810871303,85,1042408591
sobol,SMCO_BR_EVO,Zakharov,100,4,-22.39104840216476,14.037320018745959,160,1042408591
sobol,GA,Zakharov,100,5,-607.2152383655266,0.6940290853381157,300,11201869
sobol,SMCO_R_EVO,Zakharov,100,4,-6.291363824701799,15.329084207303822,310,1042408591
sobol,PSO,Zakharov,100,5,-4105.708610326168,0.25497198197990656,300,11201869
sobol,optimLBFGS,Zakharov,100,5,-1.0867372477888958e-10,3.5512974383309484,599,11201869
sobol,SMCO_EVO,Zakharov,100,4,-1.7290014916883472,16.687507580965757,310,1042408591
sobol,SMCO_R,Zakharov,100,4,-4.775095335181792,17.628221252933145,160,1042408591
sobol,ADAM,Zakharov,100,4,-5882604019014.428,16.816497734747827,6000,1042408591
sobol,SMCO,Zakharov,100,5,-1.5993621588735678,13.044492228887975,310,11201869
sobol,GD,Zakharov,100,6,-542642156292544.44,0.11344901565462351,70,373157493
sobol,SMCO_BR_EVO,Zakharov,100,5,-18.737387256955948,12.056378610432148,160,11201869
sobol,SMCO_R_EVO,Zakharov,100,5,-5.54639278379751,13.004117515869439,310,11201869
sobol,SPSA,Zakharov,100,6,-5700.0,0.4244018653407693,5558,373157493
sobol,SA,Griewank,100,12,-1.0030098973601298e-09,70.90662875492126,300,1537214939
sobol,SMCO_BR,Zakharov,100,5,-23.46641679504856,14.118431222625077,85,11201869
sobol,GenSA,Zakharov,100,5,-1.76135481641654e-10,7.790936847217381,300,11201869
sobol,optimNM,Zakharov,100,6,-501114642300097.2,0.3569306246936321,3000,373157493
sobol,DEoptim,Griewank,100,12,-1.4864934536074739,72.10719959810376,300,1537214939
sobol,SignGD,Zakharov,100,6,-1478.3619576618178,2.914456808939576,1509,373157493
sobol,SMCO_R,Zakharov,100,5,-4.873034490083258,16.748015844263136,160,11201869
sobol,GA,Zakharov,100,6,-777.7426095156347,0.9439183324575424,300,373157493
sobol,PSO,Zakharov,100,6,-3530.0025697140195,0.4028564775362611,300,373157493
sobol,optimLBFGS,Zakharov,100,6,-1.9760166075059268e-10,3.375614771619439,619,373157493
sobol,SMCO_EVO,Zakharov,100,5,-1.68121700580562,17.319539566524327,310,11201869
sobol,SA,Griewank,100,13,-1.0020211327343986e-09,68.1596258347854,300,442443674
sobol,DEoptim,Griewank,100,13,-1.0946024312606932,68.39954631123692,300,442443674
sobol,ADAM,Zakharov,100,5,-19722061512667.75,15.26161293964833,6000,11201869
sobol,GD,Zakharov,100,7,-367430392267074.44,0.243547392077744,70,401377211
sobol,GenSA,Zakharov,100,6,-2.703673609542402e-10,6.558083139359951,300,373157493
sobol,SMCO,Zakharov,100,6,-1.7252761373557417,13.27816672436893,310,373157493
sobol,SPSA,Zakharov,100,7,-1122070.3125,0.26227012276649475,5636,401377211
sobol,optimLBFGS,Zakharov,100,7,-1.6701360032647732e-10,1.9369228472933173,620,401377211
sobol,SMCO_R,Zakharov,100,6,-4.940848835839457,15.38906418159604,160,373157493
sobol,SignGD,Zakharov,100,7,-5746.738842487324,4.565830227918923,1509,401377211
sobol,optimNM,Zakharov,100,7,-336015917645681.9,0.5186654394492507,3000,401377211
sobol,SMCO_BR,Zakharov,100,6,-19.967553328967462,16.600976918824017,85,373157493
sobol,SMCO,Zakharov,100,7,-6.628643645825388,9.737088968977332,310,401377211
sobol,SMCO_EVO,Zakharov,100,6,-1.8969441896344952,15.931518667377532,310,373157493
sobol,PSO,Zakharov,100,7,-3128.253051432212,0.381480953656137,300,401377211
sobol,SMCO_R_EVO,Zakharov,100,6,-5.1980951983157135,15.983127293176949,310,373157493
sobol,GA,Zakharov,100,7,-628.4451686392582,1.044106224551797,300,401377211
sobol,ADAM,Zakharov,100,6,-9121402671943.945,15.158746869303286,6000,373157493
sobol,SMCO_BR_EVO,Zakharov,100,6,-20.422868472121817,16.603086855262518,160,373157493
sobol,SMCO_R,Zakharov,100,7,-6.2790981074308085,13.239923631772399,160,401377211
sobol,SMCO_EVO,Zakharov,100,7,-2.3021850677789844,13.496101046912372,310,401377211
sobol,GD,Zakharov,100,8,-597619840453599.2,0.173748261295259,70,1268822167
sobol,SMCO_BR,Zakharov,100,7,-27.41603545312972,14.211693398654461,85,401377211
sobol,SMCO_R_EVO,Zakharov,100,7,-8.044572852590287,12.768845648504794,310,401377211
sobol,SPSA,Zakharov,100,8,-9158775.0,0.22893856652081013,5951,1268822167
sobol,GenSA,Zakharov,100,7,-6.129564461666422e-10,7.893540104851127,300,401377211
sobol,optimLBFGS,Zakharov,100,8,-1.7826391676574317e-10,1.982031942345202,612,1268822167
sobol,optimNM,Zakharov,100,8,-555726566513992.2,0.29443154390901327,3000,1268822167
sobol,ADAM,Zakharov,100,7,-4585466258581.692,13.529455560259521,6000,401377211
sobol,DEoptim,Griewank,100,14,-1.2492663491358338,74.13790984451771,300,265282895
sobol,SignGD,Zakharov,100,8,-1450.7186256569914,4.189848684705794,1509,1268822167
sobol,SMCO_BR_EVO,Zakharov,100,7,-57.25767592051814,16.786167483776808,160,401377211
sobol,GA,Zakharov,100,8,-539.7682280286568,0.6975500648841262,300,1268822167
sobol,SA,Griewank,100,14,-8.364382519943092e-10,75.61547876615077,300,265282895
sobol,PSO,Zakharov,100,8,-3152.207579448489,0.4170387713238597,300,1268822167
sobol,DEoptim,Zakharov,100,0,-774.6492802934937,70.77233507391065,300,719341717
sobol,SMCO_BR,Zakharov,100,8,-22.394419214781006,12.438451927155256,85,1268822167
sobol,GenSA,Zakharov,100,8,-3.786956767443843e-10,5.882219825871289,300,1268822167
sobol,SMCO,Zakharov,100,8,-2.536310310533006,13.458622768521309,310,1268822167
sobol,GD,Zakharov,100,9,-684364145070334.4,0.29800994135439396,70,1871397980
sobol,SMCO_EVO,Zakharov,100,8,-1.6159821016367448,14.174179394729435,310,1268822167
sobol,SMCO_R,Zakharov,100,8,-4.563443274363661,15.110381556674838,160,1268822167
sobol,SPSA,Zakharov,100,9,-58631245.3125,0.3465996664017439,4533,1871397980
sobol,ADAM,Zakharov,100,8,-9663149985106.898,13.367721163667738,6000,1268822167
sobol,SignGD,Zakharov,100,9,-1594.7428718982999,5.543184731155634,1509,1871397980
sobol,optimLBFGS,Zakharov,100,9,-2.1373232326138426e-10,3.6031067790463567,604,1871397980
sobol,optimNM,Zakharov,100,9,-628162014745442.6,0.5821172529831529,3000,1871397980
sobol,DEoptim,Zakharov,100,1,-752.4343337381638,71.02635602094233,300,466919731
sobol,SMCO_R_EVO,Zakharov,100,8,-4.545013585008767,19.168274329975247,310,1268822167
sobol,SMCO_BR_EVO,Zakharov,100,8,-19.01335471680295,17.94625384733081,160,1268822167
sobol,GA,Zakharov,100,9,-483.77188785833334,0.6161962198093534,300,1871397980
sobol,PSO,Zakharov,100,9,-3516.7447453408718,0.4346128096804023,300,1871397980
sobol,SMCO_BR,Zakharov,100,9,-23.00326028420716,12.961475492455065,85,1871397980
sobol,SMCO_BR_EVO,Zakharov,100,9,-22.689358736811265,10.477999940514565,160,1871397980
sobol,SMCO,Zakharov,100,9,-1.848085806900568,14.999018837697804,310,1871397980
sobol,DEoptim,Zakharov,100,2,-641.7477093873698,69.09519849531353,300,184833355
sobol,SMCO_R,Zakharov,100,9,-5.339316289583875,16.66223370283842,160,1871397980
sobol,GD,Zakharov,100,10,-633041132674010.1,0.18871190305799246,70,485411439
sobol,SMCO_EVO,Zakharov,100,9,-1.6507518070026992,15.431447935290635,310,1871397980
sobol,GenSA,Zakharov,100,9,-2.009071073563778e-10,7.838626166805625,300,1871397980
sobol,SPSA,Zakharov,100,10,-5098045.3125,0.3965416634455323,5232,485411439
sobol,SignGD,Zakharov,100,10,-1659.4965520530213,3.198055519722402,1124,485411439
sobol,SMCO_R_EVO,Zakharov,100,9,-4.713339899201832,16.94530458562076,310,1871397980
sobol,optimNM,Zakharov,100,10,-590103872988363.4,0.5051189763471484,3000,485411439
sobol,optimLBFGS,Zakharov,100,10,-1.6087438975027644e-10,3.681186843663454,623,485411439
sobol,ADAM,Zakharov,100,9,-12679115712357.697,18.42104691732675,6000,1871397980
sobol,SMCO,Zakharov,100,10,-1.7521525876659592,13.233207574114203,310,485411439
sobol,GA,Zakharov,100,10,-547.8370110203005,0.6836585607379675,300,485411439
sobol,PSO,Zakharov,100,10,-3343.3170419164176,0.24782021157443523,300,485411439
sobol,SMCO_EVO,Zakharov,100,10,-1.9505057158820323,13.348573240451515,310,485411439
sobol,SMCO_R,Zakharov,100,10,-5.454237228319452,16.036866481415927,160,485411439
sobol,GenSA,Zakharov,100,10,-5.137398195873819e-10,7.492771381512284,300,485411439
sobol,SA,Zakharov,100,0,-8.895406183862075e-11,98.1594498353079,300,719341717
sobol,SMCO_R_EVO,Zakharov,100,10,-5.6542274714565774,14.388923329301178,310,485411439
sobol,SMCO_BR_EVO,Zakharov,100,10,-20.691923396443183,14.932438714429736,160,485411439
sobol,SMCO_BR,Zakharov,100,10,-22.16000465743313,17.598410624079406,85,485411439
sobol,GD,Zakharov,100,11,-362820522776028.7,0.2597641460597515,70,1053045607
sobol,DEoptim,Zakharov,100,3,-829.5762194704027,75.48987024370581,300,1314085451
sobol,SPSA,Zakharov,100,11,-6075.0,0.3974266955628991,5185,1053045607
sobol,SA,Zakharov,100,1,-8.802954466145763e-11,93.68952903617173,300,466919731
sobol,DEoptim,Zakharov,100,4,-772.370374257563,73.52287243492901,300,1042408591
sobol,SignGD,Zakharov,100,11,-1499.6457325759059,4.629168011248112,1509,1053045607
sobol,optimNM,Zakharov,100,11,-331758685298241.9,0.5680726459249854,3000,1053045607
sobol,optimLBFGS,Zakharov,100,11,-2.0374012129526643e-10,3.456612498499453,613,1053045607
sobol,ADAM,Zakharov,100,10,-11717499614839.842,18.6026057228446,6000,485411439
sobol,GA,Zakharov,100,11,-674.1261814726058,1.0746997576206923,300,1053045607
sobol,PSO,Zakharov,100,11,-3526.802859257557,0.3781258873641491,300,1053045607
sobol,SMCO_R,Zakharov,100,11,-4.748948578389803,10.435000367462635,160,1053045607
sobol,SMCO,Zakharov,100,11,-1.7546806380635924,14.658360903151333,310,1053045607
sobol,DEoptim,Zakharov,100,5,-675.1907216980355,69.5676109911874,300,11201869
sobol,SMCO_BR,Zakharov,100,11,-19.028439188099977,12.967039638198912,85,1053045607
sobol,SMCO_EVO,Zakharov,100,11,-3.4902474830114145,13.163563387468457,310,1053045607
sobol,SMCO_BR_EVO,Zakharov,100,11,-20.69374957418501,12.712793172337115,160,1053045607
sobol,GD,Zakharov,100,12,-674541600492006.5,0.11266511585563421,70,1044155138
sobol,SA,Zakharov,100,3,-9.355513008050537e-11,86.2469900008291,300,1314085451
sobol,GenSA,Zakharov,100,11,-3.0363502373686885e-10,7.577609700150788,300,1053045607
sobol,SPSA,Zakharov,100,12,-5170.3125,0.4446221338585019,5472,1044155138
sobol,SMCO_R_EVO,Zakharov,100,11,-5.460517715799867,15.148286895826459,310,1053045607
sobol,SignGD,Zakharov,100,12,-1331.788786957804,3.2010190468281507,1509,1044155138
sobol,optimNM,Zakharov,100,12,-629754112760293.9,0.5186337037011981,3000,1044155138
sobol,DEoptim,Zakharov,100,6,-749.1167754062955,67.32442714832723,300,373157493
sobol,optimLBFGS,Zakharov,100,12,-1.3914291111205868e-10,3.687359867617488,601,1044155138
sobol,ADAM,Zakharov,100,11,-4508602187878.253,16.43617914710194,6000,1053045607
sobol,SA,Zakharov,100,2,-8.682757446055847e-11,100.85382896941155,300,184833355
sobol,PSO,Zakharov,100,12,-2931.7305730376083,0.18304236978292465,300,1044155138
sobol,GA,Zakharov,100,12,-721.6979286766012,1.0633522886782885,300,1044155138
sobol,SMCO,Zakharov,100,12,-1.8471525306244883,11.467563196085393,310,1044155138
sobol,SMCO_BR,Zakharov,100,12,-19.69105606237585,12.07093911897391,85,1044155138
sobol,SMCO_BR_EVO,Zakharov,100,12,-24.16064647386347,11.840938013978302,160,1044155138
sobol,GenSA,Zakharov,100,12,-2.376703532763255e-10,8.016058762557805,300,1044155138
sobol,SMCO_R,Zakharov,100,12,-5.282692435985665,15.887441692873836,160,1044155138
sobol,GD,Zakharov,100,13,-462773356118067.94,0.22725956048816442,70,766342053
sobol,SignGD,Zakharov,100,13,-1436.5631960814235,3.9291484635323286,1388,766342053
sobol,SMCO_EVO,Zakharov,100,12,-1.7539997457304979,16.662806796841323,310,1044155138
sobol,SPSA,Zakharov,100,13,-5545.3125,0.4047040892764926,5334,766342053
sobol,SMCO_R_EVO,Zakharov,100,12,-6.01941725577156,17.16209978610277,310,1044155138
sobol,BOBYQA,Zakharov,100,0,-7641282601757.548,129.5321432892233,3000,719341717
sobol,optimNM,Zakharov,100,13,-429514793127326.0,0.3481482267379761,3000,766342053
sobol,ADAM,Zakharov,100,12,-12142581752991.652,17.21758921816945,6000,1044155138
sobol,SMCO_BR,Zakharov,100,13,-21.464331787855887,12.260568811558187,85,766342053
sobol,SMCO,Zakharov,100,13,-2.054513794581918,13.750467386096716,310,766342053
sobol,DEoptim,Zakharov,100,7,-753.299517229562,71.81488406006247,300,401377211
sobol,optimLBFGS,Zakharov,100,13,-1.1845874178118365e-10,3.4290980342775583,615,766342053
sobol,PSO,Zakharov,100,13,-3492.6863927166314,0.3786278339102864,300,766342053
sobol,GA,Zakharov,100,13,-585.2277331904152,0.6697851866483688,300,766342053
sobol,SMCO_R,Zakharov,100,13,-6.313508400806707,14.997855147346854,160,766342053
sobol,SA,Zakharov,100,4,-9.673723282004914e-11,102.23012635298073,300,1042408591
sobol,GenSA,Zakharov,100,13,-1.7087142935627583e-10,4.841513084247708,300,766342053
sobol,SA,Zakharov,100,5,-8.366541599864246e-11,96.65096490364522,300,11201869
sobol,GD,Zakharov,100,14,-277609867168771.88,0.2511781072244048,70,1070224383
sobol,SMCO_R_EVO,Zakharov,100,13,-5.690225243449253,14.942150981165469,310,766342053
sobol,SMCO_BR_EVO,Zakharov,100,13,-28.645111256076337,15.984861868433654,160,766342053
sobol,SPSA,Zakharov,100,14,-9158775.0,0.2956275325268507,5517,1070224383
sobol,SMCO_EVO,Zakharov,100,13,-1.7165222807702396,17.32436658628285,310,766342053
sobol,BOBYQA,Zakharov,100,1,-4561169361877.417,133.82426043599844,3000,466919731
sobol,DEoptim,Zakharov,100,8,-640.0260954041692,73.33676507417113,300,1268822167
sobol,optimNM,Zakharov,100,14,-253831600787420.1,0.4500156668946147,3000,1070224383
sobol,SignGD,Zakharov,100,14,-1572.8999205161601,4.705113769508898,1509,1070224383
sobol,optimLBFGS,Zakharov,100,14,-1.4773972116542207e-10,3.4515864411368966,605,1070224383
sobol,SMCO,Zakharov,100,14,-2.1928322366924453,11.686141475103796,310,1070224383
sobol,PSO,Zakharov,100,14,-3097.19955969007,0.2794580915942788,300,1070224383
sobol,SA,Zakharov,100,6,-8.876047905526391e-11,95.76408887002617,300,373157493
sobol,ADAM,Zakharov,100,13,-6490491842372.361,16.405523001216352,6000,766342053
sobol,GA,Zakharov,100,14,-627.8273977668384,1.1338104158639908,300,1070224383
sobol,SMCO_R,Zakharov,100,14,-4.4422086487479815,14.798951587639749,160,1070224383
sobol,SMCO_BR_EVO,Zakharov,100,14,-20.744740615811025,12.689714043401182,160,1070224383
sobol,SMCO_R_EVO,Zakharov,100,14,-6.184597132843677,13.555144694633782,310,1070224383
sobol,SMCO_BR,Zakharov,100,14,-18.809018828114578,15.484645502641797,85,1070224383
sobol,SMCO_EVO,Zakharov,100,14,-1.9846813183827297,14.482090391218662,310,1070224383
sobol,GenSA,Zakharov,100,14,-2.4759704332876225e-10,6.429165632463992,300,1070224383
sobol,SA,Zakharov,100,7,-8.881998783777687e-11,91.47888166084886,300,401377211
sobol,ADAM,Zakharov,100,14,-2813923557925.6733,16.05961522459984,6000,1070224383
sobol,BOBYQA,Zakharov,100,4,-4164140956587.83,124.97039811406285,3000,1042408591
sobol,DEoptim,Zakharov,100,9,-629.3046336821619,74.5123614501208,300,1871397980
sobol,SA,Zakharov,100,8,-8.983032893296038e-11,87.90667967591435,300,1268822167
sobol,DEoptim,Zakharov,100,10,-666.6609369328178,65.30582898389548,300,485411439
sobol,BOBYQA,Zakharov,100,3,-7420252725455.424,136.33507669717073,3000,1314085451
sobol,BOBYQA,Zakharov,100,6,-6000439409775.922,117.49182773567736,3000,373157493
sobol,BOBYQA,Zakharov,100,5,-1899247956654.3447,126.08793853595853,3000,11201869
sobol,BOBYQA,Zakharov,100,2,-5442452649271.047,152.59901878144592,3000,184833355
sobol,SA,Zakharov,100,9,-8.571758448818057e-11,89.5188525384292,300,1871397980
sobol,DEoptim,Zakharov,100,11,-719.764021198729,64.89018482342362,300,1053045607
sobol,SA,Zakharov,100,10,-9.003391546518277e-11,80.87134692817926,300,485411439
sobol,DEoptim,Zakharov,100,12,-772.7044447487909,60.478328539058566,300,1044155138
sobol,BOBYQA,Zakharov,100,8,-11092614948520.424,113.61560206487775,3000,1268822167
sobol,DEoptim,Zakharov,100,13,-711.9140211390759,49.52972833160311,300,766342053
sobol,SA,Zakharov,100,11,-8.741829745160586e-11,80.6251231720671,300,1053045607
sobol,BOBYQA,Zakharov,100,7,-4432337233632.13,130.6597350910306,3000,401377211
sobol,DEoptim,Zakharov,100,14,-795.293720357495,47.25465823151171,300,1070224383
sobol,SA,Zakharov,100,12,-8.605503811690739e-11,74.17226317245513,300,1044155138
sobol,SA,Zakharov,100,13,-8.962322683612171e-11,69.89345080778003,300,766342053
sobol,SA,Zakharov,100,14,-9.685971145907638e-11,60.8413290688768,300,1070224383
sobol,BOBYQA,Zakharov,100,12,-7975808303430.11,92.05746546480805,3000,1044155138
sobol,BOBYQA,Zakharov,100,10,-2724130876190.1304,118.59952192753553,3000,485411439
sobol,BOBYQA,Zakharov,100,11,-1282401736529.1711,106.63202457875013,3000,1053045607
sobol,BOBYQA,Zakharov,100,9,-7237324707803.997,135.01984387915581,3000,1871397980
sobol,BOBYQA,Zakharov,100,13,-6087815616583.864,89.1623315718025,3000,766342053
sobol,BOBYQA,Zakharov,100,14,-2893560429181.9917,89.64592664409429,3000,1070224383
sobol,PSO,Rastrigin,5000,1,-83846.68213339157,4.632659339345992,300,2055517493
sobol,PSO,Rastrigin,5000,0,-84987.49262125214,5.040574043057859,300,1079569570
sobol,PSO,Ackley,5000,0,-21.12224494516025,5.665141041390598,300,1825552273
sobol,GA,Rastrigin,5000,1,-54778.208766166645,9.742875764146447,300,2055517493
sobol,GA,Rastrigin,5000,0,-55527.47619871411,9.888434628024697,300,1079569570
sobol,GA,Ackley,5000,0,-17.147158148759107,10.10033019632101,300,1825552273
sobol,PSO,Ackley,5000,1,-21.104273509052792,5.706557654775679,300,200770670
sobol,GA,Ackley,5000,1,-16.865054672361516,10.314322426915169,300,200770670
sobol,SA,Rastrigin,5000,1,-89434.14654253067,2025.4499994842336,300,2055517493
sobol,SA,Rastrigin,5000,0,-89288.33887345956,2054.2725429916754,300,1079569570
sobol,SA,Ackley,5000,0,-21.266699121874378,2191.1102057220414,300,1825552273
sobol,SA,Ackley,5000,1,-21.26601269302347,2192.8626562198624,300,200770670
sobol,GenSA,Ackley,5000,0,-13.127448208557231,3068.671057068743,300,1825552273
sobol,GenSA,Ackley,5000,1,-13.543319546441817,3114.508619589731,300,200770670
sobol,SA,Rosenbrock,5000,0,-53215670.00162945,682.860284101218,300,644276710
sobol,GenSA,Rastrigin,5000,0,-47.79720033550984,3905.9012501491234,300,1079569570
sobol,GA,Rosenbrock,5000,0,-54841118.938040674,7.140160458162427,300,644276710
sobol,PSO,Rosenbrock,5000,0,-550287984.0226326,3.167922548018396,300,644276710
sobol,GenSA,Rastrigin,5000,1,-33.82860948504822,3984.80243423488,300,2055517493
sobol,GenSA,Rosenbrock,5000,0,-86.0151736839877,2730.2371068214998,300,644276710
sobol,SMCO,Rosenbrock,5000,0,-1611.8249701586774,8414.95529648941,371,644276710
sobol,SMCO_R,Rosenbrock,5000,0,-2747.3117485502,9638.790012991987,221,644276710
sobol,SMCO_R_EVO,Rosenbrock,5000,0,-2722.095423320371,8535.163446053863,371,644276710
sobol,SMCO_BR,Rosenbrock,5000,0,-77240.68892369894,9936.700624949299,146,644276710
sobol,SMCO_EVO,Rosenbrock,5000,0,-1716.7550917879807,9926.241652385332,371,644276710
sobol,SMCO_BR_EVO,Rosenbrock,5000,0,-77440.90614955567,10116.36967147328,221,644276710
sobol,SA,Rosenbrock,5000,1,-54641393.02868482,648.0539341038093,300,1602251749
sobol,GA,Rosenbrock,5000,1,-52129137.11324549,6.910606716759503,300,1602251749
sobol,PSO,Rosenbrock,5000,1,-551161961.7874036,3.4132214542478323,300,1602251749
sobol,SMCO_R,Rosenbrock,5000,1,-2374.7265710138354,9832.98495702073,221,1602251749
sobol,SMCO,Rosenbrock,5000,1,-1608.3416718709768,9984.683849811554,371,1602251749
sobol,GenSA,Rosenbrock,5000,1,-115.2587088370591,2696.873976331204,300,1602251749
sobol,SMCO_BR,Rosenbrock,5000,1,-75884.3285206816,9956.504488809034,146,1602251749
sobol,SMCO_EVO,Rosenbrock,5000,1,-1698.5225132221562,7724.971085016616,371,1602251749
sobol,SMCO_BR_EVO,Rosenbrock,5000,1,-76436.75709696165,7562.8575998404995,221,1602251749
sobol,SMCO_R_EVO,Rosenbrock,5000,1,-2580.0489304288394,9535.105593223125,371,1602251749
sobol,SMCO_R_EVO,Rastrigin,5000,0,-42716.951580970315,27532.057161166333,371,1079569570
sobol,SMCO_BR_EVO,Rastrigin,5000,0,-42988.27903186947,29476.158431866206,221,1079569570
sobol,SMCO_R,Rastrigin,5000,0,-42719.535881690696,29724.278342759237,221,1079569570
sobol,SMCO_EVO,Rastrigin,5000,1,-42588.173382460685,32145.526080315,371,2055517493
sobol,SMCO_BR,Rastrigin,5000,0,-42995.39419467725,32405.411146238446,146,1079569570
sobol,SMCO,Rastrigin,5000,1,-42589.43493470436,33074.36770522222,371,2055517493
sobol,SMCO_R,Rastrigin,5000,1,-42484.96693546827,33185.32228834834,221,2055517493
sobol,SMCO_BR_EVO,Ackley,5000,0,-11.61867224122961,34379.55979347043,221,1825552273
sobol,SMCO_R_EVO,Rastrigin,5000,1,-42487.25942650679,34677.36220533028,371,2055517493
sobol,SMCO,Rastrigin,5000,0,-42818.33622432744,35276.34297366999,371,1079569570
sobol,SMCO_EVO,Rastrigin,5000,0,-42819.530076356,35821.88709258009,371,1079569570
sobol,SMCO_BR_EVO,Rastrigin,5000,1,-42739.275702422194,35830.01299681794,221,2055517493
sobol,SMCO_R_EVO,Ackley,5000,1,-3.4764934816039426,36927.875488946214,371,200770670
sobol,SMCO_BR,Rastrigin,5000,1,-42736.7828309703,37079.41329272464,146,2055517493
sobol,SMCO,Ackley,5000,0,-3.5946416007817956,37548.0432021711,371,1825552273
sobol,SMCO_BR,Ackley,5000,1,-11.656823815783053,38249.533871101215,146,200770670
sobol,SMCO_R,Ackley,5000,0,-3.47633852640988,39542.5031000711,221,1825552273
sobol,DEoptim,Rastrigin,5000,0,-60008.96771029911,40855.71727322973,300,1079569570
sobol,SMCO_BR,Ackley,5000,0,-11.570967566418018,41444.02106853947,146,1825552273
sobol,DEoptim,Ackley,5000,1,-18.294539467956024,41666.253781699575,300,200770670
sobol,SMCO,Ackley,5000,1,-3.6076409880422244,42093.439902320504,371,200770670
sobol,SMCO_BR_EVO,Ackley,5000,1,-11.617042541113248,42095.56554655358,221,200770670
sobol,SMCO_R_EVO,Ackley,5000,0,-3.468215232745831,42368.0545575656,371,1825552273
sobol,SMCO_R,Ackley,5000,1,-3.480138869100504,42593.97570471931,221,200770670
sobol,SMCO_EVO,Ackley,5000,0,-3.5973361921783824,42683.56491106376,371,1825552273
sobol,SMCO_EVO,Ackley,5000,1,-3.5994544973149414,43181.36111642886,371,200770670
sobol,DEoptim,Rastrigin,5000,1,-59802.763883440566,48670.999564013444,300,2055517493
sobol,DEoptim,Rosenbrock,5000,0,-84740682.84156945,44890.090248456225,300,644276710
sobol,DEoptim,Ackley,5000,0,-18.49343036579645,49419.66990856733,300,1825552273
sobol,DEoptim,Rosenbrock,5000,1,-80013369.8572768,41860.33700016793,300,1602251749
