label,name,dim,maximize,n_replications,best_opt,algo,time_avg,rMSE,AE50,AE95,AE99,fopt_mean,fopt_sd
table1_Ackley_d2_min,Ackley,2,False,500,-5.740836894752022e-07,SMCO_EVO,0.045026484736357814,0.04106345708462575,0.022355278343177076,0.08759647869344725,0.11533667848623659,0.0315978927592606,0.02707425459358008
table1_Ackley_d2_min,Ackley,2,False,500,-5.740836894752022e-07,SMCO_R_EVO,0.04521979507163633,0.04334617224456514,0.03876534690814459,0.06889195575509496,0.07707491646481195,0.0395407934032213,0.019262724335020583
table1_Ackley_d2_min,Ackley,2,False,500,-5.740836894752022e-07,SMCO_BR_EVO,0.04556786182837095,0.04914345433119234,0.04467664652533543,0.07736668636302375,0.08913960678883692,0.045227264586411894,0.020815844817826203
