name,dim,variant,repetitions,iter_max,n_starts,seed,best_value,mean_value,std_value
Rastrigin,2,smco_r,20,300,10,2026,-2.1521077428587887e-05,-0.05043058655780417,0.22233402189495363
Ackley,2,smco_r,20,300,10,2026,-0.005906002201929272,-0.016140972655531716,0.007865476147288568
Griewank,2,smco_r,20,300,10,2026,-0.0031681368436687896,-0.00912640266522426,0.002567043419895155
Rosenbrock,10,smco_r,20,300,10,2026,-0.02451166437986146,-0.1093597031976217,0.08025595897551474
DixonPrice,10,smco_r,20,300,10,2026,-0.666853752201196,-0.6670610590653058,0.00013919175423839173
Zakharov,10,smco_r,20,300,10,2026,-0.0013979223162208254,-0.005005071281591663,0.003307343285601383
Qing,10,smco_r,20,300,10,2026,-2.1650478028768827,-5.010921808301585,1.5432060832368946
Michalewicz,10,smco_r,20,300,10,2026,9.506934035760123,8.983769841683603,0.25736235898398135
